firm_id,year,provider,e_score,e_weight,g,g_across,g_within
0001.HK,2022,walk_hard,1.96078431372549,37.72727272727273,-3.0329768270944744,-1.8863636363636365,-1.146613190730838
0001.HK,2023,walk_hard,1.6666666666666663,33.63636363636364,-2.8030303030303036,-1.681818181818182,-1.1212121212121215
0001.HK,2024,walk_hard,2.2580645161290325,37.72727272727273,-2.920821114369501,-1.8863636363636362,-1.0344574780058648
0001.HK,2025,walk_hard,1.80327868852459,31.25,-2.5614754098360657,-1.5625,-0.9989754098360657
0002.HK,2022,walk_hard,4.2105263157894735,50.0,-2.894736842105263,-2.5,-0.39473684210526283
0002.HK,2023,walk_hard,3.0000000000000004,50.0,-3.5,-2.5,-1.0
0002.HK,2024,walk_hard,3.1578947368421053,50.0,-3.4210526315789473,-2.5,-0.9210526315789473
0002.HK,2025,walk_hard,1.875,50.0,-4.0625,-2.5,-1.5625
0003.HK,2022,walk_hard,6.315789473684211,50.0,-1.8421052631578947,-2.5,0.6578947368421053
0003.HK,2023,walk_hard,5.5,50.0,-2.25,-2.5,0.25
0003.HK,2024,walk_hard,5.2631578947368425,50.0,-2.3684210526315788,-2.5,0.13157894736842124
0003.HK,2025,walk_hard,3.75,50.0,-3.125,-2.5,-0.625
0004.HK,2022,walk_hard,3.333333333333334,13.181818181818182,-0.8787878787878788,-0.6590909090909091,-0.21969696969696972
0004.HK,2023,walk_hard,3.1707317073170724,13.181818181818182,-0.9002217294900222,-0.6590909090909091,-0.24113082039911315
0004.HK,2024,walk_hard,2.3076923076923075,13.181818181818182,-1.013986013986014,-0.6590909090909091,-0.3548951048951049
0004.HK,2025,walk_hard,1.578947368421053,20.0,-1.6842105263157894,-1.0,-0.6842105263157894
0005.HK,2022,walk_hard,5.897435897435898,9.09090909090909,-0.37296037296037293,-0.4545454545454545,0.08158508158508154
0005.HK,2023,walk_hard,7.777777777777778,9.09090909090909,-0.20202020202020202,-0.4545454545454545,0.2525252525252525
0006.HK,2022,walk_hard,2.6315789473684212,50.0,-3.6842105263157894,-2.5,-1.1842105263157894
0006.HK,2023,walk_hard,1.5000000000000002,50.0,-4.25,-2.5,-1.75
0006.HK,2024,walk_hard,1.578947368421053,50.0,-4.2105263157894735,-2.5,-1.7105263157894735
0006.HK,2025,walk_hard,1.25,50.0,-4.375,-2.5,-1.875
0008.HK,2022,walk_hard,3.5,33.63636363636364,-2.1863636363636365,-1.6818181818181819,-0.5045454545454546
0008.HK,2023,walk_hard,3.6363636363636367,29.545454545454543,-1.8801652892561982,-1.4772727272727273,-0.4028925619834709
0008.HK,2024,walk_hard,3.0434782608695654,29.545454545454543,-2.0553359683794463,-1.4772727272727273,-0.578063241106719
0008.HK,2025,walk_hard,3.0434782608695654,35.0,-2.4347826086956523,-1.75,-0.6847826086956523
0010.HK,2022,walk_hard,1.1111111111111116,13.181818181818182,-1.1717171717171717,-0.6590909090909091,-0.5126262626262627
0010.HK,2023,walk_hard,1.2195121951219512,13.181818181818182,-1.1574279379157428,-0.6590909090909091,-0.49833702882483377
0010.HK,2024,walk_hard,1.7948717948717952,13.181818181818182,-1.0815850815850814,-0.6590909090909091,-0.4224941724941723
0010.HK,2025,walk_hard,1.842105263157895,20.0,-1.6315789473684208,-1.0,-0.6315789473684208
0012.HK,2022,walk_hard,5.0,13.181818181818182,-0.6590909090909091,-0.6590909090909091,0.0
0012.HK,2023,walk_hard,4.634146341463414,13.181818181818182,-0.7073170731707318,-0.6590909090909091,-0.04822616407982272
0012.HK,2024,walk_hard,5.6410256410256405,13.181818181818182,-0.5745920745920746,-0.6590909090909091,0.08449883449883444
0012.HK,2025,walk_hard,6.315789473684211,20.0,-0.7368421052631579,-1.0,0.26315789473684215
0013.HK,2022,walk_hard,8.72340425531915,17.272727272727273,-0.2205029013539651,-0.8636363636363636,0.6431334622823985
0013.HK,2023,walk_hard,8.49056603773585,17.272727272727273,-0.2607204116638078,-0.8636363636363638,0.602915951972556
0013.HK,2024,walk_hard,6.666666666666668,21.363636363636363,-0.7121212121212119,-1.0681818181818181,0.3560606060606062
0013.HK,2025,walk_hard,5.797101449275362,16.25,-0.6829710144927535,-0.8125,0.12952898550724645
0014.HK,2022,walk_hard,2.2222222222222223,13.181818181818182,-1.0252525252525253,-0.6590909090909091,-0.36616161616161624
0014.HK,2023,walk_hard,1.4634146341463417,13.181818181818182,-1.1252771618625277,-0.6590909090909091,-0.4661862527716186
0014.HK,2024,walk_hard,3.333333333333334,13.181818181818182,-0.8787878787878788,-0.6590909090909091,-0.21969696969696972
0014.HK,2025,walk_hard,4.2105263157894735,20.0,-1.1578947368421053,-1.0,-0.1578947368421053
0016.HK,2022,walk_hard,4.722222222222222,13.181818181818182,-0.6957070707070707,-0.6590909090909091,-0.03661616161616166
0016.HK,2023,walk_hard,4.390243902439024,13.181818181818182,-0.7394678492239468,-0.6590909090909091,-0.08037694013303776
0016.HK,2024,walk_hard,2.051282051282052,13.181818181818182,-1.0477855477855476,-0.6590909090909091,-0.3886946386946385
0017.HK,2023,walk_hard,6.341463414634147,13.181818181818182,-0.4822616407982261,-0.6590909090909091,0.17682926829268297
0017.HK,2025,walk_hard,5.7894736842105265,20.0,-0.8421052631578947,-1.0,0.1578947368421053
0020.HK,2022,walk_hard,4.193548387096774,25.454545454545453,-1.4780058651026393,-1.2727272727272727,-0.2052785923753666
0020.HK,2023,walk_hard,2.432432432432432,25.454545454545453,-1.9262899262899265,-1.2727272727272727,-0.6535626535626538
0020.HK,2024,walk_hard,1.875,25.454545454545453,-2.0681818181818183,-1.2727272727272727,-0.7954545454545456
0020.HK,2025,walk_hard,1.5492957746478875,27.5,-2.3239436619718306,-1.375,-0.9489436619718306
0023.HK,2022,walk_hard,2.3076923076923075,9.09090909090909,-0.6993006993006992,-0.4545454545454545,-0.24475524475524468
0023.HK,2023,walk_hard,2.8888888888888884,9.09090909090909,-0.6464646464646465,-0.4545454545454545,-0.19191919191919204
0023.HK,2024,walk_hard,2.8260869565217392,9.09090909090909,-0.6521739130434782,-0.4545454545454545,-0.19762845849802368
0023.HK,2025,walk_hard,2.291666666666666,12.5,-0.9635416666666667,-0.625,-0.33854166666666674
0027.HK,2022,walk_hard,0.5405405405405406,21.363636363636363,-2.020884520884521,-1.0681818181818183,-0.9527027027027026
0027.HK,2023,walk_hard,0.980392156862745,21.363636363636363,-1.926916221033868,-1.0681818181818181,-0.8587344028520498
0027.HK,2024,walk_hard,1.8965517241379315,17.272727272727273,-1.3996865203761755,-0.8636363636363638,-0.5360501567398117
0027.HK,2025,walk_hard,1.7460317460317465,23.75,-1.9603174603174602,-1.1875,-0.7728174603174602
0041.HK,2022,walk_hard,2.7777777777777777,13.181818181818182,-0.9520202020202021,-0.6590909090909091,-0.29292929292929304
0041.HK,2023,walk_hard,3.414634146341463,13.181818181818182,-0.8680709534368072,-0.6590909090909091,-0.20898004434589812
0041.HK,2024,walk_hard,4.102564102564102,13.181818181818182,-0.7773892773892774,-0.6590909090909091,-0.11829836829836837
0066.HK,2022,walk_hard,9.215686274509805,37.72727272727273,-0.29590017825311904,-1.8863636363636365,1.5904634581105175
0066.HK,2023,walk_hard,3.0000000000000004,33.63636363636364,-2.354545454545455,-1.681818181818182,-0.6727272727272728
0066.HK,2024,walk_hard,3.225806451612904,37.72727272727273,-2.5557184750733133,-1.8863636363636362,-0.669354838709677
0066.HK,2025,walk_hard,9.180327868852459,31.25,-0.2561475409836067,-1.5625,1.3063524590163933
0068.HK,2024,walk_hard,5.625,25.454545454545453,-1.1136363636363635,-1.2727272727272727,0.15909090909090917
0068.HK,2025,walk_hard,6.056338028169015,27.5,-1.0845070422535208,-1.375,0.2904929577464792
0081.HK,2022,walk_hard,8.055555555555555,13.181818181818182,-0.2563131313131313,-0.6590909090909091,0.40277777777777773
0081.HK,2023,walk_hard,8.048780487804878,13.181818181818182,-0.2572062084257206,-0.6590909090909091,0.40188470066518844
0081.HK,2024,walk_hard,7.948717948717949,13.181818181818182,-0.27039627039627034,-0.6590909090909091,0.3886946386946387
0081.HK,2025,walk_hard,8.68421052631579,20.0,-0.26315789473684215,-1.0,0.7368421052631579
0083.HK,2022,walk_hard,3.6111111111111116,13.181818181818182,-0.8421717171717171,-0.6590909090909091,-0.18308080808080807
0083.HK,2023,walk_hard,2.195121951219512,13.181818181818182,-1.0288248337028825,-0.6590909090909091,-0.3697339246119734
0083.HK,2024,walk_hard,1.5384615384615385,13.181818181818182,-1.1153846153846154,-0.6590909090909091,-0.45629370629370636
0083.HK,2025,walk_hard,2.1052631578947367,20.0,-1.5789473684210527,-1.0,-0.5789473684210527
0087.HK,2022,walk_hard,4.901960784313726,37.72727272727273,-1.923351158645276,-1.8863636363636365,-0.036987522281639595
0087.HK,2023,walk_hard,4.666666666666667,33.63636363636364,-1.793939393939394,-1.681818181818182,-0.11212121212121184
0087.HK,2024,walk_hard,4.838709677419355,37.72727272727273,-1.9472140762463344,-1.8863636363636362,-0.060850439882698115
0087.HK,2025,walk_hard,4.262295081967213,31.25,-1.7930327868852458,-1.5625,-0.2305327868852458
0100.HK,2025,walk_hard,6.19718309859155,27.5,-1.0457746478873238,-1.375,0.32922535211267623
0101.HK,2022,walk_hard,0.8333333333333337,13.181818181818182,-1.2083333333333333,-0.6590909090909091,-0.5492424242424242
0101.HK,2023,walk_hard,0.9756097560975607,13.181818181818182,-1.189578713968958,-0.6590909090909091,-0.5304878048780489
0101.HK,2024,walk_hard,1.0256410256410253,13.181818181818182,-1.182983682983683,-0.6590909090909091,-0.523892773892774
0101.HK,2025,walk_hard,1.3157894736842102,20.0,-1.7368421052631577,-1.0,-0.7368421052631577
0119.HK,2023,walk_hard,6.097560975609756,13.181818181818182,-0.5144124168514412,-0.6590909090909091,0.14467849223946783
0119.HK,2025,walk_hard,6.578947368421053,20.0,-0.6842105263157893,-1.0,0.31578947368421073
0123.HK,2022,walk_hard,7.222222222222222,13.181818181818182,-0.36616161616161613,-0.6590909090909091,0.29292929292929293
0123.HK,2023,walk_hard,7.073170731707316,13.181818181818182,-0.38580931263858104,-0.6590909090909091,0.273281596452328
0123.HK,2024,walk_hard,6.666666666666668,13.181818181818182,-0.4393939393939392,-0.6590909090909091,0.21969696969696983
0123.HK,2025,walk_hard,7.36842105263158,20.0,-0.5263157894736841,-1.0,0.47368421052631593
0135.HK,2022,walk_hard,8.571428571428573,41.81818181818182,-0.5974025974025968,-2.090909090909091,1.493506493506494
0135.HK,2023,walk_hard,9.285714285714286,41.81818181818182,-0.2987012987012984,-2.090909090909091,1.7922077922077924
0135.HK,2024,walk_hard,10.0,41.81818181818182,-0.0,-2.090909090909091,2.090909090909091
0135.HK,2025,walk_hard,9.166666666666666,42.5,-0.3541666666666669,-2.125,1.770833333333333
0136.HK,2022,walk_hard,9.5,33.63636363636364,-0.1681818181818182,-1.6818181818181819,1.5136363636363637
0136.HK,2023,walk_hard,9.545454545454547,29.545454545454543,-0.13429752066115663,-1.4772727272727273,1.3429752066115705
0136.HK,2024,walk_hard,9.565217391304348,29.545454545454543,-0.12845849802371545,-1.4772727272727273,1.3488142292490117
0136.HK,2025,walk_hard,9.565217391304348,35.0,-0.15217391304347833,-1.75,1.5978260869565217
0142.HK,2022,walk_hard,10.0,29.545454545454543,-0.0,-1.4772727272727273,1.4772727272727273
0144.HK,2022,walk_hard,2.549019607843137,37.72727272727273,-2.8110516934046346,-1.8863636363636365,-0.9246880570409981
0144.HK,2023,walk_hard,2.166666666666667,33.63636363636364,-2.6348484848484848,-1.681818181818182,-0.9530303030303027
0144.HK,2024,walk_hard,2.5806451612903225,37.72727272727273,-2.7991202346041058,-1.8863636363636362,-0.9127565982404695
0144.HK,2025,walk_hard,1.9672131147540983,31.25,-2.5102459016393444,-1.5625,-0.9477459016393444
0148.HK,2022,walk_hard,0.7843137254901966,37.72727272727273,-3.4768270944741526,-1.8863636363636365,-1.5904634581105161
0148.HK,2023,walk_hard,0.8333333333333337,33.63636363636364,-3.083333333333334,-1.681818181818182,-1.4015151515151518
0148.HK,2024,walk_hard,0.9677419354838712,37.72727272727273,-3.4076246334310842,-1.8863636363636362,-1.521260997067448
0148.HK,2025,walk_hard,0.8196721311475408,31.25,-2.8688524590163933,-1.5625,-1.3063524590163933
0151.HK,2023,walk_hard,2.9411764705882346,37.72727272727273,-2.663101604278075,-1.8863636363636362,-0.7767379679144386
0151.HK,2024,walk_hard,3.2352941176470584,33.63636363636364,-2.275401069518717,-1.6818181818181819,-0.5935828877005351
0151.HK,2025,walk_hard,2.1212121212121215,38.75,-3.053030303030303,-1.9375,-1.1155303030303032
0152.HK,2022,walk_hard,5.882352941176471,37.72727272727273,-1.5534759358288768,-1.8863636363636365,0.3328877005347597
0152.HK,2023,walk_hard,9.0,33.63636363636364,-0.3363636363636364,-1.681818181818182,1.3454545454545457
0152.HK,2024,walk_hard,8.548387096774194,37.72727272727273,-0.5476539589442814,-1.8863636363636362,1.338709677419355
0165.HK,2025,walk_hard,3.75,12.5,-0.78125,-0.625,-0.15625
0168.HK,2022,walk_hard,2.916666666666666,29.545454545454543,-2.0928030303030303,-1.4772727272727273,-0.615530303030303
0168.HK,2023,walk_hard,5.588235294117647,37.72727272727273,-1.6644385026737971,-1.8863636363636362,0.22192513368983913
0168.HK,2024,walk_hard,5.588235294117647,33.63636363636364,-1.4839572192513373,-1.6818181818181819,0.1978609625668446
0173.HK,2022,walk_hard,9.444444444444445,13.181818181818182,-0.0732323232323232,-0.6590909090909091,0.5858585858585859
0173.HK,2023,walk_hard,9.26829268292683,13.181818181818182,-0.09645232815964508,-0.6590909090909091,0.562638580931264
0173.HK,2024,walk_hard,8.974358974358974,13.181818181818182,-0.13519813519813517,-0.6590909090909091,0.5238927738927739
0173.HK,2025,walk_hard,8.947368421052632,20.0,-0.21052631578947362,-1.0,0.7894736842105263
0175.HK,2022,walk_hard,6.216216216216216,21.363636363636363,-0.8083538083538084,-1.0681818181818183,0.2598280098280099
0175.HK,2023,walk_hard,5.490196078431373,21.363636363636363,-0.963458110516934,-1.0681818181818181,0.10472370766488415
0175.HK,2024,walk_hard,5.862068965517242,17.272727272727273,-0.7147335423197491,-0.8636363636363638,0.1489028213166147
0175.HK,2025,walk_hard,6.190476190476191,23.75,-0.9047619047619047,-1.1875,0.28273809523809534
0177.HK,2022,walk_hard,6.862745098039216,37.72727272727273,-1.1836007130124775,-1.8863636363636365,0.702762923351159
0177.HK,2023,walk_hard,7.833333333333333,33.63636363636364,-0.728787878787879,-1.681818181818182,0.9530303030303031
0177.HK,2024,walk_hard,8.064516129032258,37.72727272727273,-0.7302052785923753,-1.8863636363636362,1.156158357771261
0177.HK,2025,walk_hard,6.885245901639344,31.25,-0.973360655737705,-1.5625,0.589139344262295
0179.HK,2023,walk_hard,2.7450980392156863,21.363636363636363,-1.5499108734402853,-1.0681818181818181,-0.4817290552584672
0179.HK,2024,walk_hard,2.4137931034482762,17.272727272727273,-1.310344827586207,-0.8636363636363638,-0.4467084639498433
0179.HK,2025,walk_hard,2.5396825396825395,23.75,-1.771825396825397,-1.1875,-0.584325396825397
0179.HK,2026,walk_hard,0.0,33.125,-3.3125,-1.65625,-1.65625
0189.HK,2022,walk_hard,4.642857142857143,45.90909090909091,-2.4594155844155843,-2.2954545454545454,-0.16396103896103886
0189.HK,2023,walk_hard,4.137931034482759,45.90909090909091,-2.691222570532915,-2.2954545454545454,-0.3957680250783695
0189.HK,2024,walk_hard,5.161290322580645,45.90909090909091,-2.221407624633431,-2.2954545454545454,0.07404692082111453
0189.HK,2025,walk_hard,4.137931034482759,46.25,-2.7112068965517238,-2.3125,-0.39870689655172376
0200.HK,2022,walk_hard,2.432432432432432,21.363636363636363,-1.6167076167076169,-1.0681818181818183,-0.5485257985257985
0200.HK,2023,walk_hard,3.333333333333334,21.363636363636363,-1.424242424242424,-1.0681818181818181,-0.35606060606060597
0200.HK,2024,walk_hard,3.275862068965517,17.272727272727273,-1.1614420062695927,-0.8636363636363638,-0.29780564263322895
0200.HK,2025,walk_hard,3.650793650793651,23.75,-1.507936507936508,-1.1875,-0.3204365079365079
0220.HK,2023,walk_hard,2.0588235294117654,37.72727272727273,-2.995989304812834,-1.8863636363636362,-1.1096256684491976
0220.HK,2024,walk_hard,2.0588235294117654,33.63636363636364,-2.6711229946524067,-1.6818181818181819,-0.9893048128342248
0220.HK,2025,walk_hard,2.727272727272727,38.75,-2.818181818181819,-1.9375,-0.8806818181818188
0241.HK,2023,walk_hard,10.0,17.272727272727273,-0.0,-0.8636363636363638,0.8636363636363638
0241.HK,2024,walk_hard,9.666666666666666,21.363636363636363,-0.07121212121212134,-1.0681818181818181,0.9969696969696968
0241.HK,2025,walk_hard,9.855072463768117,16.25,-0.023550724637680976,-0.8125,0.7889492753623191
0241.HK,2026,walk_hard,9.166666666666666,10.625,-0.08854166666666673,-0.08854166666666673,0.0
0257.HK,2022,walk_hard,0.0,37.72727272727273,-3.7727272727272725,-1.8863636363636365,-1.886363636363636
0257.HK,2023,walk_hard,0.0,33.63636363636364,-3.3636363636363638,-1.681818181818182,-1.6818181818181817
0257.HK,2024,walk_hard,0.0,37.72727272727273,-3.7727272727272725,-1.8863636363636362,-1.8863636363636362
0257.HK,2025,walk_hard,0.0,31.25,-3.125,-1.5625,-1.5625
0267.HK,2021,walk_hard,3.333333333333334,35.0,-2.333333333333333,-2.0416666666666665,-0.2916666666666665
0267.HK,2022,walk_hard,0.39215686274509776,37.72727272727273,-3.6247771836007128,-1.8863636363636365,-1.7384135472370763
0267.HK,2023,walk_hard,1.166666666666667,33.63636363636364,-2.971212121212121,-1.681818181818182,-1.289393939393939
0267.HK,2024,walk_hard,1.4516129032258063,37.72727272727273,-3.2250733137829912,-1.8863636363636362,-1.338709677419355
0268.HK,2022,walk_hard,7.419354838709678,25.454545454545453,-0.6568914956011729,-1.2727272727272727,0.6158357771260998
0268.HK,2025,walk_hard,5.633802816901409,27.5,-1.2007042253521125,-1.375,0.17429577464788748
0270.HK,2022,walk_hard,5.2631578947368425,50.0,-2.3684210526315788,-2.5,0.13157894736842124
0270.HK,2023,walk_hard,4.5,50.0,-2.75,-2.5,-0.25
0270.HK,2025,walk_hard,2.5,50.0,-3.75,-2.5,-1.25
0285.HK,2022,walk_hard,2.9032258064516125,25.454545454545453,-1.806451612903226,-1.2727272727272727,-0.5337243401759533
0285.HK,2023,walk_hard,3.513513513513513,25.454545454545453,-1.6511056511056512,-1.2727272727272727,-0.3783783783783785
0285.HK,2024,walk_hard,2.5,25.454545454545453,-1.9090909090909092,-1.2727272727272727,-0.6363636363636365
0285.HK,2025,walk_hard,1.9718309859154926,27.5,-2.2077464788732395,-1.375,-0.8327464788732395
0288.HK,2022,walk_hard,2.083333333333334,29.545454545454543,-2.3390151515151514,-1.4772727272727273,-0.8617424242424241
0288.HK,2023,walk_hard,2.3529411764705888,37.72727272727273,-2.885026737967914,-1.8863636363636362,-0.998663101604278
0288.HK,2024,walk_hard,2.3529411764705888,33.63636363636364,-2.572192513368984,-1.6818181818181819,-0.8903743315508021
0288.HK,2025,walk_hard,3.333333333333334,38.75,-2.583333333333333,-1.9375,-0.645833333333333
0290.HK,2023,walk_hard,1.1111111111111116,9.09090909090909,-0.8080808080808081,-0.4545454545454545,-0.3535353535353536
0290.HK,2024,walk_hard,0.21739130434782594,9.09090909090909,-0.8893280632411066,-0.4545454545454545,-0.4347826086956521
0290.HK,2025,walk_hard,9.791666666666666,12.5,-0.02604166666666674,-0.625,0.5989583333333333
0290.HK,2026,walk_hard,10.0,16.25,-0.0,-0.3385416666666668,0.3385416666666668
0291.HK,2022,walk_hard,2.5,29.545454545454543,-2.215909090909091,-1.4772727272727273,-0.7386363636363635
0291.HK,2023,walk_hard,2.6470588235294112,37.72727272727273,-2.774064171122995,-1.8863636363636362,-0.8877005347593587
0291.HK,2024,walk_hard,2.9411764705882346,33.63636363636364,-2.3743315508021396,-1.6818181818181819,-0.6925133689839578
0291.HK,2025,walk_hard,4.242424242424242,38.75,-2.2310606060606064,-1.9375,-0.2935606060606064
0293.HK,2022,walk_hard,0.19607843137254943,37.72727272727273,-3.6987522281639924,-1.8863636363636365,-1.812388591800356
0293.HK,2023,walk_hard,0.33333333333333326,33.63636363636364,-3.251515151515152,-1.681818181818182,-1.5696969696969698
0293.HK,2024,walk_hard,0.48387096774193505,37.72727272727273,-3.5901759530791786,-1.8863636363636362,-1.7038123167155423
0293.HK,2025,walk_hard,0.32786885245901676,31.25,-3.0225409836065573,-1.5625,-1.4600409836065573
0297.HK,2022,walk_hard,6.071428571428572,45.90909090909091,-1.803571428571428,-2.2954545454545454,0.4918831168831175
0297.HK,2023,walk_hard,5.1724137931034475,45.90909090909091,-2.2163009404388716,-2.2954545454545454,0.07915360501567381
0297.HK,2024,walk_hard,5.483870967741935,45.90909090909091,-2.0733137829912023,-2.2954545454545454,0.22214076246334313
0297.HK,2025,walk_hard,5.517241379310345,46.25,-2.0732758620689653,-2.3125,0.2392241379310347
0300.HK,2023,walk_hard,4.509803921568627,21.363636363636363,-1.1729055258467023,-1.0681818181818181,-0.10472370766488415
0300.HK,2024,walk_hard,4.310344827586206,17.272727272727273,-0.9827586206896552,-0.8636363636363638,-0.11912225705329149
0300.HK,2025,walk_hard,4.920634920634921,23.75,-1.2063492063492063,-1.1875,-0.018849206349206282
0303.HK,2023,walk_hard,5.405405405405405,25.454545454545453,-1.1695331695331697,-1.2727272727272727,0.10319410319410305
0303.HK,2024,walk_hard,4.375,25.454545454545453,-1.4318181818181819,-1.2727272727272727,-0.15909090909090917
0303.HK,2025,walk_hard,3.23943661971831,27.5,-1.8591549295774648,-1.375,-0.48415492957746475
0303.HK,2026,walk_hard,4.166666666666666,21.875,-1.276041666666667,-1.0026041666666667,-0.2734375000000002
0308.HK,2022,walk_hard,3.2432432432432434,21.363636363636363,-1.4434889434889433,-1.0681818181818183,-0.37530712530712496
0308.HK,2023,walk_hard,1.7647058823529416,21.363636363636363,-1.7593582887700532,-1.0681818181818181,-0.6911764705882351
0308.HK,2024,walk_hard,1.0344827586206895,17.272727272727273,-1.54858934169279,-0.8636363636363638,-0.6849529780564263
0308.HK,2025,walk_hard,1.2698412698412698,23.75,-2.0734126984126986,-1.1875,-0.8859126984126986
0316.HK,2022,walk_hard,1.7647058823529416,37.72727272727273,-3.1069518716577535,-1.8863636363636365,-1.220588235294117
0316.HK,2023,walk_hard,0.6666666666666665,33.63636363636364,-3.13939393939394,-1.681818181818182,-1.457575757575758
0316.HK,2024,walk_hard,1.1290322580645162,37.72727272727273,-3.346774193548387,-1.8863636363636362,-1.4604105571847508
0316.HK,2025,walk_hard,0.6557377049180324,31.25,-2.920081967213115,-1.5625,-1.357581967213115
0317.HK,2022,walk_hard,5.098039215686274,37.72727272727273,-1.8493761140819964,-1.8863636363636365,0.03698752228164004
0317.HK,2023,walk_hard,5.333333333333333,33.63636363636364,-1.56969696969697,-1.681818181818182,0.11212121212121207
0322.HK,2022,walk_hard,1.25,29.545454545454543,-2.5852272727272725,-1.4772727272727273,-1.1079545454545452
0322.HK,2023,walk_hard,1.470588235294118,37.72727272727273,-3.2179144385026732,-1.8863636363636362,-1.331550802139037
0322.HK,2024,walk_hard,1.470588235294118,33.63636363636364,-2.8689839572192515,-1.6818181818181819,-1.1871657754010696
0322.HK,2025,walk_hard,2.4242424242424243,38.75,-2.9356060606060606,-1.9375,-0.9981060606060606
0336.HK,2022,walk_hard,7.5,45.90909090909091,-1.1477272727272727,-2.2954545454545454,1.1477272727272727
0336.HK,2023,walk_hard,8.275862068965518,45.90909090909091,-0.7915360501567394,-2.2954545454545454,1.503918495297806
0336.HK,2024,walk_hard,6.451612903225806,45.90909090909091,-1.6290322580645162,-2.2954545454545454,0.6664222873900292
0336.HK,2025,walk_hard,5.862068965517242,46.25,-1.9137931034482756,-2.3125,0.3987068965517244
0340.HK,2022,walk_hard,8.214285714285714,45.90909090909091,-0.8198051948051951,-2.2954545454545454,1.4756493506493502
0340.HK,2023,walk_hard,7.931034482758621,45.90909090909091,-0.9498432601880876,-2.2954545454545454,1.345611285266458
0340.HK,2024,walk_hard,7.096774193548388,45.90909090909091,-1.3328445747800584,-2.2954545454545454,0.9626099706744871
0340.HK,2025,walk_hard,6.8965517241379315,46.25,-1.4353448275862066,-2.3125,0.8771551724137934
0345.HK,2023,walk_hard,3.5294117647058822,37.72727272727273,-2.4411764705882355,-1.8863636363636362,-0.5548128342245993
0345.HK,2024,walk_hard,3.8235294117647056,33.63636363636364,-2.0775401069518717,-1.6818181818181819,-0.39572192513368987
0345.HK,2025,walk_hard,3.6363636363636367,38.75,-2.465909090909091,-1.9375,-0.5284090909090908
0345.HK,2026,walk_hard,1.6666666666666663,44.375,-3.697916666666667,-2.4036458333333335,-1.2942708333333335
0354.HK,2022,walk_hard,8.064516129032258,25.454545454545453,-0.49266862170087977,-1.2727272727272727,0.7800586510263929
0354.HK,2023,walk_hard,7.027027027027026,25.454545454545453,-0.7567567567567569,-1.2727272727272727,0.5159705159705158
0354.HK,2024,walk_hard,7.083333333333332,25.454545454545453,-0.7424242424242427,-1.2727272727272727,0.53030303030303
0354.HK,2025,walk_hard,6.338028169014085,27.5,-1.0070422535211265,-1.375,0.36795774647887347
0358.HK,2022,walk_hard,9.285714285714286,45.90909090909091,-0.32792207792207756,-2.2954545454545454,1.967532467532468
0358.HK,2023,walk_hard,9.655172413793103,45.90909090909091,-0.15830721003134807,-2.2954545454545454,2.1371473354231973
0358.HK,2024,walk_hard,9.67741935483871,45.90909090909091,-0.1480938416422286,-2.2954545454545454,2.147360703812317
0358.HK,2025,walk_hard,9.655172413793103,46.25,-0.15948275862068978,-2.3125,2.15301724137931
0363.HK,2022,walk_hard,2.3529411764705888,37.72727272727273,-2.885026737967914,-1.8863636363636365,-0.9986631016042777
0363.HK,2023,walk_hard,1.9999999999999996,33.63636363636364,-2.6909090909090914,-1.681818181818182,-1.0090909090909093
0363.HK,2024,walk_hard,2.0967741935483875,37.72727272727273,-2.981671554252199,-1.8863636363636362,-1.095307917888563
0363.HK,2025,walk_hard,1.1475409836065575,31.25,-2.7663934426229506,-1.5625,-1.2038934426229506
0371.HK,2022,walk_hard,5.7894736842105265,50.0,-2.1052631578947367,-2.5,0.3947368421052633
0371.HK,2023,walk_hard,5.0,50.0,-2.5,-2.5,0.0
0371.HK,2024,walk_hard,4.736842105263158,50.0,-2.631578947368421,-2.5,-0.1315789473684208
0376.HK,2023,walk_hard,8.222222222222221,9.09090909090909,-0.16161616161616166,-0.4545454545454545,0.2929292929292928
0376.HK,2024,walk_hard,7.826086956521739,9.09090909090909,-0.19762845849802368,-0.4545454545454545,0.2569169960474308
0376.HK,2025,walk_hard,8.125,12.5,-0.234375,-0.625,0.390625
0384.HK,2023,walk_hard,7.5,50.0,-1.25,-2.5,1.25
0384.HK,2024,walk_hard,6.842105263157895,50.0,-1.5789473684210527,-2.5,0.9210526315789473
0384.HK,2025,walk_hard,5.625,50.0,-2.1875,-2.5,0.3125
0384.HK,2026,walk_hard,3.333333333333334,38.75,-2.583333333333333,-3.067708333333333,0.484375
0386.HK,2022,walk_hard,5.0,41.81818181818182,-2.090909090909091,-2.090909090909091,0.0
0386.HK,2023,walk_hard,5.0,41.81818181818182,-2.090909090909091,-2.090909090909091,0.0
0386.HK,2024,walk_hard,4.615384615384616,41.81818181818182,-2.2517482517482517,-2.090909090909091,-0.16083916083916083
0386.HK,2025,walk_hard,3.333333333333334,42.5,-2.833333333333333,-2.125,-0.708333333333333
0388.HK,2023,walk_hard,1.9999999999999996,9.09090909090909,-0.7272727272727272,-0.4545454545454545,-0.2727272727272727
0388.HK,2024,walk_hard,1.9565217391304346,9.09090909090909,-0.7312252964426879,-0.4545454545454545,-0.2766798418972334
0388.HK,2025,walk_hard,2.083333333333334,12.5,-0.9895833333333333,-0.625,-0.36458333333333326
0390.HK,2022,walk_hard,3.5294117647058822,37.72727272727273,-2.4411764705882355,-1.8863636363636365,-0.554812834224599
0390.HK,2023,walk_hard,4.0,33.63636363636364,-2.0181818181818185,-1.681818181818182,-0.3363636363636364
0390.HK,2025,walk_hard,2.9508196721311473,31.25,-2.2028688524590168,-1.5625,-0.6403688524590168
0392.HK,2022,walk_hard,3.333333333333334,37.72727272727273,-2.515151515151515,-1.8863636363636365,-0.6287878787878787
0392.HK,2023,walk_hard,3.5,33.63636363636364,-2.1863636363636365,-1.681818181818182,-0.5045454545454544
0392.HK,2024,walk_hard,3.709677419354839,37.72727272727273,-2.37316715542522,-1.8863636363636362,-0.4868035190615836
0392.HK,2025,walk_hard,3.278688524590164,31.25,-2.1004098360655736,-1.5625,-0.5379098360655736
0425.HK,2022,walk_hard,2.1621621621621623,21.363636363636363,-1.6744471744471745,-1.0681818181818183,-0.6062653562653562
0425.HK,2023,walk_hard,1.3725490196078427,21.363636363636363,-1.8431372549019611,-1.0681818181818181,-0.774955436720143
0425.HK,2024,walk_hard,1.2068965517241381,17.272727272727273,-1.518808777429467,-0.8636363636363638,-0.6551724137931032
0425.HK,2025,walk_hard,1.5873015873015872,23.75,-1.9980158730158732,-1.1875,-0.8105158730158732
0440.HK,2022,walk_hard,5.128205128205128,9.09090909090909,-0.44289044289044294,-0.4545454545454545,0.011655011655011538
0440.HK,2023,walk_hard,5.111111111111111,9.09090909090909,-0.4444444444444444,-0.4545454545454545,0.010101010101010055
0440.HK,2024,walk_hard,5.6521739130434785,9.09090909090909,-0.39525691699604737,-0.4545454545454545,0.059288537549407105
0440.HK,2025,walk_hard,5.625,12.5,-0.546875,-0.625,0.078125
0460.HK,2022,walk_hard,0.6382978723404253,17.272727272727273,-1.6170212765957448,-0.8636363636363636,-0.7533849129593811
0460.HK,2023,walk_hard,0.7547169811320753,17.272727272727273,-1.5969125214408235,-0.8636363636363638,-0.7332761578044598
0460.HK,2024,walk_hard,1.6666666666666663,21.363636363636363,-1.7803030303030303,-1.0681818181818181,-0.7121212121212122
0460.HK,2025,walk_hard,1.4492753623188404,16.25,-1.3894927536231885,-0.8125,-0.5769927536231885
0467.HK,2022,walk_hard,0.714285714285714,41.81818181818182,-3.883116883116884,-2.090909090909091,-1.792207792207793
0467.HK,2023,walk_hard,0.714285714285714,41.81818181818182,-3.883116883116884,-2.090909090909091,-1.792207792207793
0467.HK,2024,walk_hard,0.7692307692307687,41.81818181818182,-3.860139860139861,-2.090909090909091,-1.76923076923077
0467.HK,2025,walk_hard,1.6666666666666663,42.5,-3.541666666666667,-2.125,-1.416666666666667
0486.HK,2021,walk_hard,1.6666666666666663,42.5,-3.541666666666667,-3.541666666666667,0.0
0486.HK,2022,walk_hard,2.8571428571428568,45.90909090909091,-3.279220779220779,-2.2954545454545454,-0.9837662337662336
0486.HK,2023,walk_hard,2.7586206896551726,45.90909090909091,-3.3244514106583067,-2.2954545454545454,-1.0289968652037613
0486.HK,2024,walk_hard,2.9032258064516125,45.90909090909091,-3.2580645161290325,-2.2954545454545454,-0.9626099706744871
0506.HK,2022,walk_hard,5.416666666666668,29.545454545454543,-1.3541666666666663,-1.4772727272727273,0.123106060606061
0506.HK,2023,walk_hard,4.117647058823529,37.72727272727273,-2.2192513368983957,-1.8863636363636362,-0.33288770053475947
0512.HK,2022,walk_hard,2.978723404255319,17.272727272727273,-1.2127659574468084,-0.8636363636363636,-0.3491295938104447
0512.HK,2023,walk_hard,1.132075471698113,17.272727272727273,-1.5317324185248717,-0.8636363636363638,-0.668096054888508
0512.HK,2024,walk_hard,0.6666666666666665,21.363636363636363,-1.9939393939393941,-1.0681818181818181,-0.925757575757576
0512.HK,2025,walk_hard,1.0144927536231885,16.25,-1.460144927536232,-0.8125,-0.6476449275362319
0522.HK,2022,walk_hard,6.129032258064516,25.454545454545453,-0.9853372434017595,-1.2727272727272727,0.28739002932551316
0522.HK,2023,walk_hard,5.945945945945946,25.454545454545453,-1.0319410319410318,-1.2727272727272727,0.2407862407862409
0522.HK,2024,walk_hard,4.166666666666666,25.454545454545453,-1.484848484848485,-1.2727272727272727,-0.21212121212121238
0522.HK,2025,walk_hard,3.380281690140845,27.5,-1.8204225352112675,-1.375,-0.4454225352112675
0546.HK,2022,walk_hard,2.5,45.90909090909091,-3.4431818181818183,-2.2954545454545454,-1.147727272727273
0546.HK,2023,walk_hard,2.4137931034482762,45.90909090909091,-3.4827586206896552,-2.2954545454545454,-1.1873040752351098
0546.HK,2024,walk_hard,2.5806451612903225,45.90909090909091,-3.406158357771261,-2.2954545454545454,-1.1107038123167157
0546.HK,2025,walk_hard,2.068965517241379,46.25,-3.668103448275862,-2.3125,-1.355603448275862
0551.HK,2022,walk_hard,4.594594594594595,21.363636363636363,-1.1547911547911547,-1.0681818181818183,-0.08660933660933634
0551.HK,2023,walk_hard,2.9411764705882346,21.363636363636363,-1.5080213903743316,-1.0681818181818181,-0.43983957219251346
0551.HK,2024,walk_hard,2.5862068965517238,17.272727272727273,-1.280564263322884,-0.8636363636363638,-0.4169278996865202
0551.HK,2025,walk_hard,2.3809523809523814,23.75,-1.8095238095238093,-1.1875,-0.6220238095238093
0552.HK,2022,walk_hard,5.0,33.63636363636364,-1.6818181818181819,-1.6818181818181819,0.0
0552.HK,2023,walk_hard,4.545454545454546,29.545454545454543,-1.6115702479338843,-1.4772727272727273,-0.13429752066115697
0552.HK,2024,walk_hard,4.347826086956522,29.545454545454543,-1.6699604743083,-1.4772727272727273,-0.1926877470355728
0552.HK,2025,walk_hard,3.913043478260869,35.0,-2.130434782608696,-1.75,-0.3804347826086958
0570.HK,2022,walk_hard,2.5531914893617023,17.272727272727273,-1.286266924564797,-0.8636363636363636,-0.42263056092843343
0570.HK,2023,walk_hard,2.8301886792452837,17.272727272727273,-1.2384219554030873,-0.8636363636363638,-0.37478559176672355
0570.HK,2024,walk_hard,2.833333333333333,21.363636363636363,-1.5310606060606062,-1.0681818181818181,-0.4628787878787881
0570.HK,2025,walk_hard,3.1884057971014492,16.25,-1.1068840579710146,-0.8125,-0.29438405797101463
0576.HK,2022,walk_hard,7.254901960784314,37.72727272727273,-1.035650623885918,-1.8863636363636365,0.8507130124777185
0576.HK,2023,walk_hard,7.5,33.63636363636364,-0.8409090909090909,-1.681818181818182,0.8409090909090912
0576.HK,2025,walk_hard,5.9016393442622945,31.25,-1.2807377049180328,-1.5625,0.28176229508196715
0586.HK,2022,walk_hard,3.9215686274509807,37.72727272727273,-2.2932263814616753,-1.8863636363636365,-0.4068627450980389
0586.HK,2023,walk_hard,3.666666666666667,33.63636363636364,-2.1303030303030304,-1.681818181818182,-0.44848484848484826
0586.HK,2024,walk_hard,2.4193548387096775,37.72727272727273,-2.8599706744868034,-1.8863636363636362,-0.9736070381231672
0586.HK,2025,walk_hard,2.295081967213115,31.25,-2.4077868852459017,-1.5625,-0.8452868852459017
0590.HK,2023,walk_hard,8.235294117647058,21.363636363636363,-0.37700534759358306,-1.0681818181818181,0.6911764705882351
0590.HK,2024,walk_hard,8.275862068965518,17.272727272727273,-0.2978056426332288,-0.8636363636363638,0.565830721003135
0590.HK,2025,walk_hard,8.571428571428573,23.75,-0.33928571428571397,-1.1875,0.848214285714286
0598.HK,2022,walk_hard,7.8431372549019605,37.72727272727273,-0.8137254901960786,-1.8863636363636365,1.0726381461675578
0598.HK,2023,walk_hard,8.166666666666666,33.63636363636364,-0.6166666666666669,-1.681818181818182,1.0651515151515152
0598.HK,2024,walk_hard,8.225806451612902,37.72727272727273,-0.6693548387096778,-1.8863636363636362,1.2170087976539583
0598.HK,2025,walk_hard,7.5409836065573765,31.25,-0.7684426229508199,-1.5625,0.7940573770491801
0600.HK,2024,walk_hard,5.416666666666668,25.454545454545453,-1.1666666666666663,-1.2727272727272727,0.10606060606060641
0600.HK,2025,walk_hard,5.492957746478872,27.5,-1.2394366197183102,-1.375,0.1355633802816898
0604.HK,2022,walk_hard,6.666666666666668,13.181818181818182,-0.4393939393939392,-0.6590909090909091,0.21969696969696983
0604.HK,2023,walk_hard,5.365853658536586,13.181818181818182,-0.6108647450110865,-0.6590909090909091,0.04822616407982261
0604.HK,2024,walk_hard,5.897435897435898,13.181818181818182,-0.5407925407925407,-0.6590909090909091,0.11829836829836837
0604.HK,2025,walk_hard,6.842105263157895,20.0,-0.6315789473684211,-1.0,0.36842105263157887
0631.HK,2024,walk_hard,4.354838709677419,37.72727272727273,-2.1297653958944283,-1.8863636363636362,-0.24340175953079202
0631.HK,2025,walk_hard,4.590163934426229,31.25,-1.6905737704918034,-1.5625,-0.12807377049180335
0636.HK,2022,walk_hard,6.07843137254902,37.72727272727273,-1.4795008912655971,-1.8863636363636365,0.4068627450980393
0636.HK,2023,walk_hard,5.0,33.63636363636364,-1.6818181818181819,-1.681818181818182,2.220446049250313e-16
0636.HK,2024,walk_hard,7.903225806451612,37.72727272727273,-0.7910557184750736,-1.8863636363636362,1.0953079178885625
0636.HK,2025,walk_hard,7.377049180327868,31.25,-0.8196721311475413,-1.5625,0.7428278688524587
0639.HK,2022,walk_hard,7.142857142857143,45.90909090909091,-1.3116883116883113,-2.2954545454545454,0.9837662337662341
0639.HK,2023,walk_hard,7.586206896551724,45.90909090909091,-1.1081504702194358,-2.2954545454545454,1.1873040752351096
0639.HK,2024,walk_hard,8.064516129032258,45.90909090909091,-0.8885630498533724,-2.2954545454545454,1.4068914956011729
0639.HK,2025,walk_hard,7.931034482758621,46.25,-0.9568965517241378,-2.3125,1.355603448275862
0656.HK,2022,walk_hard,4.705882352941177,37.72727272727273,-1.997326203208556,-1.8863636363636365,-0.11096256684491945
0656.HK,2023,walk_hard,4.833333333333333,33.63636363636364,-1.737878787878788,-1.681818181818182,-0.05606060606060592
0656.HK,2024,walk_hard,5.0,37.72727272727273,-1.8863636363636362,-1.8863636363636362,0.0
0656.HK,2025,walk_hard,3.9344262295081966,31.25,-1.8954918032786887,-1.5625,-0.3329918032786887
0659.HK,2022,walk_hard,7.647058823529411,37.72727272727273,-0.8877005347593585,-1.8863636363636365,0.998663101604278
0659.HK,2023,walk_hard,7.666666666666666,33.63636363636364,-0.7848484848484851,-1.681818181818182,0.896969696969697
0659.HK,2024,walk_hard,7.580645161290322,37.72727272727273,-0.9127565982404694,-1.8863636363636362,0.9736070381231668
0666.HK,2023,walk_hard,0.5882352941176472,21.363636363636363,-2.0106951871657754,-1.0681818181818181,-0.9425133689839573
0667.HK,2021,walk_hard,6.666666666666668,27.5,-0.9166666666666663,-0.9166666666666663,0.0
0667.HK,2022,walk_hard,4.583333333333334,29.545454545454543,-1.6003787878787876,-1.4772727272727273,-0.12310606060606033
0667.HK,2023,walk_hard,3.8235294117647056,37.72727272727273,-2.3302139037433154,-1.8863636363636362,-0.44385026737967914
0667.HK,2024,walk_hard,4.411764705882353,33.63636363636364,-1.8796791443850267,-1.6818181818181819,-0.19786096256684482
0669.HK,2022,walk_hard,8.431372549019608,37.72727272727273,-0.5918003565062387,-1.8863636363636365,1.2945632798573978
0669.HK,2023,walk_hard,9.333333333333334,33.63636363636364,-0.22424242424242408,-1.681818181818182,1.457575757575758
0669.HK,2024,walk_hard,9.35483870967742,37.72727272727273,-0.24340175953079157,-1.8863636363636362,1.6429618768328447
0669.HK,2025,walk_hard,9.344262295081968,31.25,-0.20491803278688495,-1.5625,1.357581967213115
0683.HK,2022,walk_hard,4.444444444444445,13.181818181818182,-0.7323232323232323,-0.6590909090909091,-0.0732323232323232
0683.HK,2023,walk_hard,3.902439024390244,13.181818181818182,-0.8037694013303769,-0.6590909090909091,-0.14467849223946783
0683.HK,2024,walk_hard,5.384615384615384,13.181818181818182,-0.6083916083916084,-0.6590909090909091,0.05069930069930062
0683.HK,2025,walk_hard,6.052631578947368,20.0,-0.7894736842105263,-1.0,0.21052631578947367
0688.HK,2022,walk_hard,6.111111111111112,13.181818181818182,-0.5126262626262625,-0.6590909090909091,0.14646464646464652
0688.HK,2023,walk_hard,7.560975609756097,13.181818181818182,-0.3215077605321508,-0.6590909090909091,0.33758314855875826
0688.HK,2024,walk_hard,7.17948717948718,13.181818181818182,-0.37179487179487175,-0.6590909090909091,0.2872960372960373
0688.HK,2025,walk_hard,8.421052631578947,20.0,-0.3157894736842106,-1.0,0.6842105263157894
0696.HK,2022,walk_hard,2.5806451612903225,25.454545454545453,-1.8885630498533725,-1.2727272727272727,-0.6158357771260998
0696.HK,2023,walk_hard,2.7027027027027026,25.454545454545453,-1.8574938574938573,-1.2727272727272727,-0.5847665847665846
0696.HK,2024,walk_hard,2.708333333333334,25.454545454545453,-1.856060606060606,-1.2727272727272727,-0.5833333333333333
0696.HK,2025,walk_hard,2.112676056338029,27.5,-2.169014084507042,-1.375,-0.794014084507042
0697.HK,2022,walk_hard,4.509803921568627,37.72727272727273,-2.071301247771836,-1.8863636363636365,-0.18493761140819953
0697.HK,2023,walk_hard,2.666666666666667,33.63636363636364,-2.466666666666667,-1.681818181818182,-0.7848484848484847
0697.HK,2024,walk_hard,4.516129032258065,37.72727272727273,-2.06891495601173,-1.8863636363636362,-0.1825513196480939
0697.HK,2025,walk_hard,4.0983606557377055,31.25,-1.8442622950819672,-1.5625,-0.28176229508196715
0700.HK,2022,walk_hard,3.0000000000000004,33.63636363636364,-2.354545454545455,-1.6818181818181819,-0.6727272727272731
0700.HK,2023,walk_hard,2.727272727272727,29.545454545454543,-2.1487603305785123,-1.4772727272727273,-0.671487603305785
0700.HK,2024,walk_hard,2.1739130434782608,29.545454545454543,-2.312252964426877,-1.4772727272727273,-0.8349802371541497
0700.HK,2025,walk_hard,1.7391304347826086,35.0,-2.891304347826087,-1.75,-1.141304347826087
0728.HK,2022,walk_hard,0.9999999999999998,33.63636363636364,-3.0272727272727273,-1.6818181818181819,-1.3454545454545455
0728.HK,2023,walk_hard,0.9090909090909094,29.545454545454543,-2.6859504132231398,-1.4772727272727273,-1.2086776859504125
0728.HK,2024,walk_hard,1.3043478260869568,29.545454545454543,-2.569169960474308,-1.4772727272727273,-1.0918972332015808
0728.HK,2025,walk_hard,1.3043478260869568,35.0,-3.043478260869565,-1.75,-1.293478260869565
0751.HK,2022,walk_hard,6.774193548387098,25.454545454545453,-0.821114369501466,-1.2727272727272727,0.4516129032258067
0751.HK,2023,walk_hard,6.756756756756756,25.454545454545453,-0.8255528255528257,-1.2727272727272727,0.447174447174447
0751.HK,2024,walk_hard,6.666666666666668,25.454545454545453,-0.8484848484848482,-1.2727272727272727,0.42424242424242453
0751.HK,2025,walk_hard,6.619718309859155,27.5,-0.9295774647887324,-1.375,0.4454225352112676
0753.HK,2024,walk_hard,0.32258064516129004,37.72727272727273,-3.651026392961877,-1.8863636363636362,-1.764662756598241
0762.HK,2022,walk_hard,0.0,33.63636363636364,-3.3636363636363638,-1.6818181818181819,-1.6818181818181819
0762.HK,2023,walk_hard,0.0,29.545454545454543,-2.9545454545454546,-1.4772727272727273,-1.4772727272727273
0762.HK,2024,walk_hard,0.0,29.545454545454543,-2.9545454545454546,-1.4772727272727273,-1.4772727272727273
0762.HK,2025,walk_hard,0.0,35.0,-3.5,-1.75,-1.75
0763.HK,2022,walk_hard,5.806451612903225,25.454545454545453,-1.0674486803519063,-1.2727272727272727,0.2052785923753664
0763.HK,2023,walk_hard,5.675675675675675,25.454545454545453,-1.1007371007371007,-1.2727272727272727,0.17199017199017197
0763.HK,2024,walk_hard,4.583333333333334,25.454545454545453,-1.3787878787878785,-1.2727272727272727,-0.10606060606060574
0763.HK,2025,walk_hard,3.943661971830986,27.5,-1.6654929577464788,-1.375,-0.29049295774647876
0772.HK,2022,walk_hard,8.0,33.63636363636364,-0.6727272727272728,-1.6818181818181819,1.009090909090909
0772.HK,2023,walk_hard,8.636363636363637,29.545454545454543,-0.40289256198347095,-1.4772727272727273,1.0743801652892564
0772.HK,2024,walk_hard,8.695652173913043,29.545454545454543,-0.3853754940711463,-1.4772727272727273,1.091897233201581
0772.HK,2025,walk_hard,8.695652173913043,35.0,-0.456521739130435,-1.75,1.293478260869565
0778.HK,2022,walk_hard,2.5,13.181818181818182,-0.9886363636363636,-0.6590909090909091,-0.3295454545454546
0778.HK,2023,walk_hard,2.4390243902439024,13.181818181818182,-0.9966740576496673,-0.6590909090909091,-0.33758314855875826
0778.HK,2024,walk_hard,3.076923076923077,13.181818181818182,-0.9125874125874127,-0.6590909090909091,-0.25349650349650366
0778.HK,2025,walk_hard,3.1578947368421053,20.0,-1.368421052631579,-1.0,-0.368421052631579
0780.HK,2022,walk_hard,8.108108108108107,21.363636363636363,-0.4041769041769044,-1.0681818181818183,0.664004914004914
0780.HK,2023,walk_hard,8.627450980392158,21.363636363636363,-0.2932263814616753,-1.0681818181818181,0.7749554367201428
0780.HK,2024,walk_hard,9.137931034482758,17.272727272727273,-0.14890282131661453,-0.8636363636363638,0.7147335423197492
0780.HK,2025,walk_hard,8.253968253968253,23.75,-0.4146825396825399,-1.1875,0.7728174603174601
0788.HK,2022,walk_hard,1.9999999999999996,33.63636363636364,-2.6909090909090914,-1.6818181818181819,-1.0090909090909095
0788.HK,2023,walk_hard,1.3636363636363635,29.545454545454543,-2.5516528925619837,-1.4772727272727273,-1.0743801652892564
0788.HK,2024,walk_hard,0.8695652173913049,29.545454545454543,-2.697628458498023,-1.4772727272727273,-1.2203557312252957
0788.HK,2025,walk_hard,0.8695652173913049,35.0,-3.195652173913043,-1.75,-1.445652173913043
0800.HK,2025,walk_hard,4.788732394366198,27.5,-1.4330985915492958,-1.375,-0.05809859154929575
0817.HK,2022,walk_hard,5.555555555555555,13.181818181818182,-0.5858585858585859,-0.6590909090909091,0.0732323232323232
0817.HK,2023,walk_hard,5.121951219512195,13.181818181818182,-0.6430155210643015,-0.6590909090909091,0.016075388026607573
0817.HK,2024,walk_hard,4.615384615384616,13.181818181818182,-0.7097902097902097,-0.6590909090909091,-0.05069930069930062
0817.HK,2025,walk_hard,4.473684210526315,20.0,-1.105263157894737,-1.0,-0.10526315789473695
0823.HK,2023,walk_hard,3.6585365853658534,13.181818181818182,-0.835920177383592,-0.6590909090909091,-0.17682926829268297
0823.HK,2024,walk_hard,5.128205128205128,13.181818181818182,-0.6421911421911422,-0.6590909090909091,0.01689976689976691
0823.HK,2025,walk_hard,3.947368421052632,20.0,-1.2105263157894737,-1.0,-0.21052631578947367
0823.HK,2026,walk_hard,2.5,50.0,-3.75,-4.375,0.625
0826.HK,2022,walk_hard,5.7142857142857135,45.90909090909091,-1.9675324675324677,-2.2954545454545454,0.3279220779220777
0826.HK,2023,walk_hard,5.517241379310345,45.90909090909091,-2.057993730407523,-2.2954545454545454,0.23746081504702232
0826.HK,2024,walk_hard,5.806451612903225,45.90909090909091,-1.9252199413489737,-2.2954545454545454,0.37023460410557174
0826.HK,2025,walk_hard,4.482758620689655,46.25,-2.5517241379310347,-2.3125,-0.2392241379310347
0836.HK,2022,walk_hard,0.0,50.0,-5.0,-2.5,-2.5
0836.HK,2023,walk_hard,0.9999999999999998,50.0,-4.5,-2.5,-2.0
0836.HK,2024,walk_hard,0.5263157894736847,50.0,-4.7368421052631575,-2.5,-2.2368421052631575
0836.HK,2025,walk_hard,0.0,50.0,-5.0,-2.5,-2.5
0839.HK,2022,walk_hard,0.8333333333333337,29.545454545454543,-2.708333333333333,-1.4772727272727273,-1.2310606060606057
0839.HK,2023,walk_hard,1.1764705882352944,37.72727272727273,-3.3288770053475942,-1.8863636363636362,-1.442513368983958
0839.HK,2024,walk_hard,1.1764705882352944,33.63636363636364,-2.9679144385026746,-1.6818181818181819,-1.2860962566844927
0839.HK,2025,walk_hard,1.515151515151515,38.75,-3.2878787878787876,-1.9375,-1.3503787878787876
0853.HK,2022,walk_hard,5.531914893617022,17.272727272727273,-0.7717601547388782,-0.8636363636363636,0.09187620889748549
0853.HK,2023,walk_hard,6.037735849056603,17.272727272727273,-0.6843910806174958,-0.8636363636363638,0.179245283018868
0853.HK,2024,walk_hard,5.666666666666666,21.363636363636363,-0.9257575757575759,-1.0681818181818181,0.14242424242424223
0853.HK,2025,walk_hard,5.217391304347826,16.25,-0.7771739130434783,-0.8125,0.03532608695652173
0855.HK,2023,walk_hard,6.0,50.0,-2.0,-2.5,0.5
0855.HK,2024,walk_hard,5.7894736842105265,50.0,-2.1052631578947367,-2.5,0.3947368421052633
0855.HK,2026,walk_hard,0.8333333333333337,38.75,-3.552083333333333,-3.067708333333333,-0.484375
0856.HK,2022,walk_hard,10.0,25.454545454545453,-0.0,-1.2727272727272727,1.2727272727272727
0856.HK,2023,walk_hard,10.0,25.454545454545453,-0.0,-1.2727272727272727,1.2727272727272727
0856.HK,2024,walk_hard,10.0,25.454545454545453,-0.0,-1.2727272727272727,1.2727272727272727
0856.HK,2025,walk_hard,10.0,27.5,-0.0,-1.375,1.375
0857.HK,2022,walk_hard,4.2857142857142865,41.81818181818182,-2.3896103896103895,-2.090909090909091,-0.2987012987012987
0857.HK,2023,walk_hard,4.2857142857142865,41.81818181818182,-2.3896103896103895,-2.090909090909091,-0.2987012987012987
0857.HK,2024,walk_hard,3.846153846153846,41.81818181818182,-2.5734265734265738,-2.090909090909091,-0.48251748251748294
0857.HK,2025,walk_hard,4.166666666666666,42.5,-2.479166666666667,-2.125,-0.35416666666666696
0863.HK,2022,walk_hard,0.7692307692307687,9.09090909090909,-0.8391608391608392,-0.4545454545454545,-0.3846153846153847
0863.HK,2023,walk_hard,1.333333333333333,9.09090909090909,-0.787878787878788,-0.4545454545454545,-0.3333333333333335
0863.HK,2024,walk_hard,7.173913043478262,9.09090909090909,-0.25691699604743073,-0.4545454545454545,0.19762845849802374
0863.HK,2025,walk_hard,6.875,12.5,-0.390625,-0.625,0.234375
0867.HK,2022,walk_hard,9.148936170212766,17.272727272727273,-0.14700193423597685,-0.8636363636363636,0.7166344294003868
0867.HK,2023,walk_hard,8.867924528301888,17.272727272727273,-0.19554030874785572,-0.8636363636363638,0.668096054888508
0867.HK,2024,walk_hard,8.833333333333332,21.363636363636363,-0.24924242424242452,-1.0681818181818181,0.8189393939393936
0867.HK,2025,walk_hard,8.55072463768116,16.25,-0.2355072463768115,-0.8125,0.5769927536231885
0868.HK,2022,walk_hard,3.214285714285714,45.90909090909091,-3.1152597402597406,-2.2954545454545454,-0.8198051948051952
0868.HK,2023,walk_hard,3.793103448275862,45.90909090909091,-2.8495297805642634,-2.2954545454545454,-0.554075235109718
0868.HK,2024,walk_hard,3.870967741935484,45.90909090909091,-2.813782991202346,-2.2954545454545454,-0.5183284457478008
0868.HK,2025,walk_hard,2.7586206896551726,46.25,-3.3491379310344827,-2.3125,-1.0366379310344827
0880.HK,2022,walk_hard,0.8108108108108103,21.363636363636363,-1.9631449631449633,-1.0681818181818183,-0.894963144963145
0880.HK,2023,walk_hard,2.1568627450980395,21.363636363636363,-1.6755793226381461,-1.0681818181818181,-0.607397504456328
0880.HK,2024,walk_hard,2.7586206896551726,17.272727272727273,-1.250783699059561,-0.8636363636363638,-0.38714733542319735
0880.HK,2025,walk_hard,2.6984126984126986,23.75,-1.734126984126984,-1.1875,-0.546626984126984
0881.HK,2022,walk_hard,9.18918918918919,21.363636363636363,-0.17321867321867315,-1.0681818181818183,0.8949631449631452
0881.HK,2023,walk_hard,8.823529411764707,21.363636363636363,-0.25133689839572176,-1.0681818181818181,0.8168449197860963
0881.HK,2024,walk_hard,7.931034482758621,17.272727272727273,-0.35736677115987453,-0.8636363636363638,0.5062695924764893
0881.HK,2025,walk_hard,8.412698412698413,23.75,-0.37698412698412687,-1.1875,0.8105158730158731
0883.HK,2022,walk_hard,7.142857142857143,41.81818181818182,-1.1948051948051948,-2.090909090909091,0.8961038961038961
0883.HK,2023,walk_hard,6.428571428571428,41.81818181818182,-1.4935064935064937,-2.090909090909091,0.5974025974025972
0883.HK,2024,walk_hard,6.153846153846154,41.81818181818182,-1.6083916083916083,-2.090909090909091,0.4825174825174825
0883.HK,2025,walk_hard,5.833333333333332,42.5,-1.7708333333333337,-2.125,0.3541666666666663
0902.HK,2022,walk_hard,1.0526315789473684,50.0,-4.473684210526316,-2.5,-1.973684210526316
0902.HK,2023,walk_hard,0.5000000000000004,50.0,-4.75,-2.5,-2.25
0902.HK,2024,walk_hard,1.0526315789473684,50.0,-4.473684210526316,-2.5,-1.973684210526316
0902.HK,2025,walk_hard,0.625,50.0,-4.6875,-2.5,-2.1875
0914.HK,2022,walk_hard,0.357142857142857,45.90909090909091,-4.4269480519480515,-2.2954545454545454,-2.131493506493506
0914.HK,2023,walk_hard,0.34482758620689613,45.90909090909091,-4.432601880877743,-2.2954545454545454,-2.137147335423198
0914.HK,2024,walk_hard,0.0,45.90909090909091,-4.590909090909091,-2.2954545454545454,-2.2954545454545454
0914.HK,2025,walk_hard,0.0,46.25,-4.625,-2.3125,-2.3125
0916.HK,2022,walk_hard,4.736842105263158,50.0,-2.631578947368421,-2.5,-0.1315789473684208
0916.HK,2023,walk_hard,3.5,50.0,-3.25,-2.5,-0.75
0916.HK,2024,walk_hard,4.2105263157894735,50.0,-2.894736842105263,-2.5,-0.39473684210526283
0916.HK,2025,walk_hard,5.0,50.0,-2.5,-2.5,0.0
0917.HK,2024,walk_hard,3.913043478260869,29.545454545454543,-1.7984189723320159,-1.4772727272727273,-0.32114624505928857
0917.HK,2025,walk_hard,4.782608695652174,35.0,-1.826086956521739,-1.75,-0.07608695652173902
0921.HK,2022,walk_hard,9.45945945945946,21.363636363636363,-0.11547911547911544,-1.0681818181818183,0.9527027027027029
0921.HK,2023,walk_hard,6.666666666666668,21.363636363636363,-0.7121212121212119,-1.0681818181818181,0.3560606060606062
0921.HK,2024,walk_hard,6.551724137931034,17.272727272727273,-0.5956112852664578,-0.8636363636363638,0.26802507836990597
0921.HK,2025,walk_hard,4.444444444444445,23.75,-1.3194444444444442,-1.1875,-0.1319444444444442
0934.HK,2022,walk_hard,5.7142857142857135,41.81818181818182,-1.7922077922077926,-2.090909090909091,0.29870129870129825
0934.HK,2023,walk_hard,5.7142857142857135,41.81818181818182,-1.7922077922077926,-2.090909090909091,0.29870129870129825
0934.HK,2024,walk_hard,5.384615384615384,41.81818181818182,-1.9300699300699304,-2.090909090909091,0.1608391608391604
0934.HK,2025,walk_hard,5.0,42.5,-2.125,-2.125,0.0
0939.HK,2022,walk_hard,1.7948717948717952,9.09090909090909,-0.7459207459207459,-0.4545454545454545,-0.2913752913752914
0939.HK,2023,walk_hard,0.8888888888888891,9.09090909090909,-0.8282828282828281,-0.4545454545454545,-0.3737373737373736
0939.HK,2024,walk_hard,1.5217391304347827,9.09090909090909,-0.7707509881422924,-0.4545454545454545,-0.3162055335968379
0939.HK,2025,walk_hard,1.25,12.5,-1.09375,-0.625,-0.46875
0941.HK,2022,walk_hard,0.5000000000000004,33.63636363636364,-3.1954545454545458,-1.6818181818181819,-1.513636363636364
0941.HK,2023,walk_hard,0.45454545454545414,29.545454545454543,-2.8202479338842976,-1.4772727272727273,-1.3429752066115703
0941.HK,2024,walk_hard,0.4347826086956519,29.545454545454543,-2.826086956521739,-1.4772727272727273,-1.3488142292490115
0941.HK,2025,walk_hard,0.4347826086956519,35.0,-3.347826086956522,-1.75,-1.597826086956522
0956.HK,2022,walk_hard,10.0,50.0,-0.0,-2.5,2.5
0956.HK,2023,walk_hard,8.5,50.0,-0.75,-2.5,1.75
0956.HK,2024,walk_hard,7.894736842105264,50.0,-1.0526315789473681,-2.5,1.4473684210526319
0956.HK,2025,walk_hard,6.875,50.0,-1.5625,-2.5,0.9375
0960.HK,2022,walk_hard,6.388888888888888,13.181818181818182,-0.47601010101010105,-0.6590909090909091,0.183080808080808
0960.HK,2023,walk_hard,5.853658536585367,13.181818181818182,-0.5465631929046563,-0.6590909090909091,0.11252771618625279
0960.HK,2024,walk_hard,6.153846153846154,13.181818181818182,-0.506993006993007,-0.6590909090909091,0.15209790209790208
0960.HK,2025,walk_hard,5.526315789473683,20.0,-0.8947368421052633,-1.0,0.10526315789473673
0966.HK,2022,walk_hard,3.846153846153846,9.09090909090909,-0.5594405594405594,-0.4545454545454545,-0.1048951048951049
0968.HK,2022,walk_hard,0.32258064516129004,25.454545454545453,-2.463343108504399,-1.2727272727272727,-1.1906158357771262
0968.HK,2023,walk_hard,0.27027027027026973,25.454545454545453,-2.4766584766584767,-1.2727272727272727,-1.203931203931204
0968.HK,2024,walk_hard,0.2083333333333337,25.454545454545453,-2.492424242424242,-1.2727272727272727,-1.2196969696969695
0968.HK,2025,walk_hard,0.14084507042253502,27.5,-2.711267605633803,-1.375,-1.336267605633803
0975.HK,2022,walk_hard,4.2857142857142865,45.90909090909091,-2.6233766233766227,-2.2954545454545454,-0.3279220779220773
0975.HK,2023,walk_hard,4.827586206896552,45.90909090909091,-2.3746081504702192,-2.2954545454545454,-0.07915360501567381
0975.HK,2024,walk_hard,4.838709677419355,45.90909090909091,-2.3695014662756595,-2.2954545454545454,-0.07404692082111408
0975.HK,2025,walk_hard,3.793103448275862,46.25,-2.870689655172414,-2.3125,-0.5581896551724141
0981.HK,2022,walk_hard,0.9677419354838712,25.454545454545453,-2.2991202346041053,-1.2727272727272727,-1.0263929618768326
0981.HK,2023,walk_hard,1.3513513513513509,25.454545454545453,-2.2014742014742015,-1.2727272727272727,-0.9287469287469288
0981.HK,2024,walk_hard,0.8333333333333337,25.454545454545453,-2.333333333333333,-1.2727272727272727,-1.0606060606060603
0981.HK,2025,walk_hard,0.4225352112676062,27.5,-2.6338028169014085,-1.375,-1.2588028169014085
0990.HK,2022,walk_hard,10.0,45.90909090909091,-0.0,-2.2954545454545454,2.2954545454545454
0990.HK,2023,walk_hard,10.0,45.90909090909091,-0.0,-2.2954545454545454,2.2954545454545454
0990.HK,2024,walk_hard,10.0,45.90909090909091,-0.0,-2.2954545454545454,2.2954545454545454
0990.HK,2025,walk_hard,10.0,46.25,-0.0,-2.3125,2.3125
0992.HK,2023,walk_hard,8.378378378378379,25.454545454545453,-0.4127764127764126,-1.2727272727272727,0.8599508599508601
0992.HK,2024,walk_hard,8.125,25.454545454545453,-0.4772727272727273,-1.2727272727272727,0.7954545454545454
0992.HK,2025,walk_hard,8.732394366197182,27.5,-0.3485915492957749,-1.375,1.026408450704225
0992.HK,2026,walk_hard,6.666666666666668,21.875,-0.7291666666666664,-1.0026041666666667,0.27343750000000033
0998.HK,2022,walk_hard,4.102564102564102,9.09090909090909,-0.5361305361305361,-0.4545454545454545,-0.0815850815850816
0998.HK,2023,walk_hard,9.777777777777777,9.09090909090909,-0.020202020202020287,-0.4545454545454545,0.4343434343434342
0998.HK,2024,walk_hard,10.0,9.09090909090909,-0.0,-0.4545454545454545,0.4545454545454545
0998.HK,2025,walk_hard,10.0,12.5,-0.0,-0.625,0.625
0999.HK,2024,walk_hard,1.5517241379310343,17.272727272727273,-1.4592476489028214,-0.8636363636363638,-0.5956112852664577
0999.HK,2025,walk_hard,1.428571428571429,23.75,-2.0357142857142856,-1.1875,-0.8482142857142856
1021.HK,2023,walk_hard,5.666666666666666,33.63636363636364,-1.457575757575758,-1.681818181818182,0.22424242424242413
1021.HK,2024,walk_hard,7.741935483870968,37.72727272727273,-0.8519061583577711,-1.8863636363636362,1.0344574780058653
1021.HK,2025,walk_hard,6.557377049180328,31.25,-1.0758196721311475,-1.5625,0.4866803278688525
1024.HK,2022,walk_hard,1.5000000000000002,33.63636363636364,-2.8590909090909093,-1.6818181818181819,-1.1772727272727275
1024.HK,2023,walk_hard,1.8181818181818177,29.545454545454543,-2.4173553719008263,-1.4772727272727273,-0.940082644628099
1024.HK,2024,walk_hard,4.782608695652174,29.545454545454543,-1.541501976284585,-1.4772727272727273,-0.06422924901185767
1024.HK,2025,walk_hard,4.347826086956522,35.0,-1.9782608695652173,-1.75,-0.2282608695652173
1030.HK,2022,walk_hard,5.277777777777778,13.181818181818182,-0.6224747474747475,-0.6590909090909091,0.03661616161616155
1030.HK,2023,walk_hard,5.609756097560976,13.181818181818182,-0.5787139689578713,-0.6590909090909091,0.08037694013303776
1030.HK,2024,walk_hard,4.871794871794872,13.181818181818182,-0.675990675990676,-0.6590909090909091,-0.01689976689976691
1030.HK,2025,walk_hard,3.68421052631579,20.0,-1.2631578947368423,-1.0,-0.26315789473684226
1038.HK,2022,walk_hard,2.1052631578947367,50.0,-3.947368421052632,-2.5,-1.4473684210526319
1038.HK,2023,walk_hard,0.0,50.0,-5.0,-2.5,-2.5
1038.HK,2024,walk_hard,0.0,50.0,-5.0,-2.5,-2.5
1044.HK,2022,walk_hard,0.4166666666666663,29.545454545454543,-2.8314393939393936,-1.4772727272727273,-1.3541666666666663
1044.HK,2023,walk_hard,0.8823529411764708,37.72727272727273,-3.439839572192513,-1.8863636363636362,-1.5534759358288768
1044.HK,2024,walk_hard,0.8823529411764708,33.63636363636364,-3.0668449197860963,-1.6818181818181819,-1.3850267379679144
1044.HK,2025,walk_hard,0.6060606060606055,38.75,-3.6401515151515156,-1.9375,-1.7026515151515156
1052.HK,2022,walk_hard,5.686274509803921,37.72727272727273,-1.6274509803921573,-1.8863636363636365,0.25891265597147917
1052.HK,2023,walk_hard,6.833333333333334,33.63636363636364,-1.065151515151515,-1.681818181818182,0.6166666666666671
1052.HK,2024,walk_hard,7.419354838709678,37.72727272727273,-0.973607038123167,-1.8863636363636362,0.9127565982404693
1052.HK,2025,walk_hard,6.39344262295082,31.25,-1.1270491803278688,-1.5625,0.4354508196721312
1060.HK,2023,walk_hard,6.818181818181818,29.545454545454543,-0.9400826446280991,-1.4772727272727273,0.5371900826446282
1060.HK,2024,walk_hard,5.217391304347826,29.545454545454543,-1.4130434782608694,-1.4772727272727273,0.06422924901185789
1060.HK,2025,walk_hard,7.391304347826086,35.0,-0.91304347826087,-1.75,0.83695652173913
1066.HK,2022,walk_hard,5.957446808510638,17.272727272727273,-0.6982591876208899,-0.8636363636363636,0.16537717601547375
1066.HK,2023,walk_hard,5.660377358490566,17.272727272727273,-0.7495711835334479,-0.8636363636363638,0.11406518010291589
1066.HK,2024,walk_hard,4.166666666666666,21.363636363636363,-1.2462121212121213,-1.0681818181818181,-0.1780303030303032
1066.HK,2025,walk_hard,4.347826086956522,16.25,-0.9184782608695652,-0.8125,-0.10597826086956519
1070.HK,2022,walk_hard,7.741935483870968,25.454545454545453,-0.5747800586510263,-1.2727272727272727,0.6979472140762464
1070.HK,2023,walk_hard,7.297297297297297,25.454545454545453,-0.687960687960688,-1.2727272727272727,0.5847665847665847
1070.HK,2024,walk_hard,6.875,25.454545454545453,-0.7954545454545454,-1.2727272727272727,0.4772727272727273
1070.HK,2025,walk_hard,5.774647887323944,27.5,-1.1619718309859153,-1.375,0.21302816901408472
1071.HK,2022,walk_hard,0.5263157894736847,50.0,-4.7368421052631575,-2.5,-2.2368421052631575
1072.HK,2022,walk_hard,6.2745098039215685,37.72727272727273,-1.4055258467023173,-1.8863636363636365,0.4808377896613192
1072.HK,2023,walk_hard,6.666666666666668,33.63636363636364,-1.1212121212121209,-1.681818181818182,0.5606060606060612
1072.HK,2024,walk_hard,6.935483870967742,37.72727272727273,-1.1561583577712609,-1.8863636363636362,0.7302052785923754
1072.HK,2025,walk_hard,6.065573770491803,31.25,-1.2295081967213115,-1.5625,0.3329918032786885
1083.HK,2022,walk_hard,7.36842105263158,50.0,-1.3157894736842102,-2.5,1.1842105263157898
1083.HK,2023,walk_hard,7.0,50.0,-1.5,-2.5,1.0
1083.HK,2024,walk_hard,7.36842105263158,50.0,-1.3157894736842102,-2.5,1.1842105263157898
1083.HK,2025,walk_hard,6.25,50.0,-1.875,-2.5,0.625
1088.HK,2022,walk_hard,0.0,41.81818181818182,-4.181818181818182,-2.090909090909091,-2.090909090909091
1088.HK,2023,walk_hard,0.0,41.81818181818182,-4.181818181818182,-2.090909090909091,-2.090909090909091
1088.HK,2024,walk_hard,0.0,41.81818181818182,-4.181818181818182,-2.090909090909091,-2.090909090909091
1088.HK,2025,walk_hard,0.0,42.5,-4.25,-2.125,-2.125
1093.HK,2024,walk_hard,1.5000000000000002,21.363636363636363,-1.815909090909091,-1.0681818181818181,-0.7477272727272728
1093.HK,2025,walk_hard,0.8695652173913049,16.25,-1.483695652173913,-0.8125,-0.6711956521739131
1099.HK,2022,walk_hard,9.574468085106384,17.272727272727273,-0.07350096711798827,-0.8636363636363636,0.7901353965183754
1099.HK,2023,walk_hard,9.056603773584905,17.272727272727273,-0.16295025728987997,-0.8636363636363638,0.7006861063464838
1099.HK,2024,walk_hard,9.0,21.363636363636363,-0.21363636363636362,-1.0681818181818181,0.8545454545454545
1099.HK,2025,walk_hard,8.985507246376812,16.25,-0.164855072463768,-0.8125,0.647644927536232
1109.HK,2022,walk_hard,5.833333333333332,13.181818181818182,-0.5492424242424243,-0.6590909090909091,0.10984848484848475
1109.HK,2023,walk_hard,6.585365853658535,13.181818181818182,-0.4501108647450113,-0.6590909090909091,0.2089800443458978
1109.HK,2024,walk_hard,6.41025641025641,13.181818181818182,-0.47319347319347327,-0.6590909090909091,0.1858974358974358
1109.HK,2025,walk_hard,7.105263157894736,20.0,-0.5789473684210528,-1.0,0.42105263157894723
1112.HK,2022,walk_hard,9.166666666666666,29.545454545454543,-0.24621212121212135,-1.4772727272727273,1.231060606060606
1112.HK,2023,walk_hard,9.705882352941176,37.72727272727273,-0.11096256684492006,-1.8863636363636362,1.7754010695187161
1112.HK,2024,walk_hard,9.705882352941176,33.63636363636364,-0.09893048128342272,-1.6818181818181819,1.5828877005347592
1112.HK,2025,walk_hard,10.0,38.75,-0.0,-1.9375,1.9375
1113.HK,2022,walk_hard,3.055555555555556,13.181818181818182,-0.9154040404040404,-0.6590909090909091,-0.2563131313131314
1113.HK,2023,walk_hard,2.9268292682926833,13.181818181818182,-0.932372505543237,-0.6590909090909091,-0.27328159645232797
1113.HK,2024,walk_hard,2.8205128205128203,13.181818181818182,-0.9463869463869464,-0.6590909090909091,-0.28729603729603737
1113.HK,2025,walk_hard,5.0,20.0,-1.0,-1.0,0.0
1114.HK,2022,walk_hard,3.783783783783784,21.363636363636363,-1.3280098280098278,-1.0681818181818183,-0.25982800982800947
1114.HK,2023,walk_hard,2.549019607843137,21.363636363636363,-1.5918003565062389,-1.0681818181818181,-0.5236185383244207
1114.HK,2024,walk_hard,1.7241379310344829,17.272727272727273,-1.4294670846394986,-0.8636363636363638,-0.5658307210031348
1114.HK,2025,walk_hard,0.7936507936507942,23.75,-2.1865079365079363,-1.1875,-0.9990079365079363
1117.HK,2022,walk_hard,0.0,29.545454545454543,-2.9545454545454546,-1.4772727272727273,-1.4772727272727273
1117.HK,2023,walk_hard,0.0,37.72727272727273,-3.7727272727272725,-1.8863636363636362,-1.8863636363636362
1117.HK,2024,walk_hard,0.0,33.63636363636364,-3.3636363636363638,-1.6818181818181819,-1.6818181818181819
1117.HK,2025,walk_hard,0.0,38.75,-3.875,-1.9375,-1.9375
1128.HK,2022,walk_hard,1.6216216216216217,21.363636363636363,-1.78992628992629,-1.0681818181818183,-0.7217444717444716
1128.HK,2023,walk_hard,3.9215686274509807,21.363636363636363,-1.298573975044563,-1.0681818181818181,-0.23039215686274495
1128.HK,2024,walk_hard,3.9655172413793105,17.272727272727273,-1.042319749216301,-0.8636363636363638,-0.17868338557993724
1128.HK,2025,walk_hard,4.2857142857142865,23.75,-1.357142857142857,-1.1875,-0.16964285714285698
1138.HK,2022,walk_hard,2.1428571428571432,41.81818181818182,-3.2857142857142856,-2.090909090909091,-1.1948051948051948
1138.HK,2023,walk_hard,2.1428571428571432,41.81818181818182,-3.2857142857142856,-2.090909090909091,-1.1948051948051948
1138.HK,2024,walk_hard,2.3076923076923075,41.81818181818182,-3.216783216783217,-2.090909090909091,-1.1258741258741263
1157.HK,2022,walk_hard,6.666666666666668,37.72727272727273,-1.2575757575757571,-1.8863636363636365,0.6287878787878793
1157.HK,2023,walk_hard,7.0,33.63636363636364,-1.0090909090909093,-1.681818181818182,0.6727272727272728
1157.HK,2024,walk_hard,6.290322580645161,37.72727272727273,-1.3995601173020529,-1.8863636363636362,0.48680351906158337
1157.HK,2025,walk_hard,5.737704918032787,31.25,-1.3319672131147542,-1.5625,0.2305327868852458
1164.HK,2022,walk_hard,9.285714285714286,41.81818181818182,-0.2987012987012984,-2.090909090909091,1.7922077922077924
1164.HK,2023,walk_hard,8.571428571428573,41.81818181818182,-0.5974025974025968,-2.090909090909091,1.493506493506494
1164.HK,2024,walk_hard,8.461538461538462,41.81818181818182,-0.6433566433566433,-2.090909090909091,1.4475524475524475
1164.HK,2025,walk_hard,8.333333333333334,42.5,-0.7083333333333331,-2.125,1.416666666666667
1171.HK,2022,walk_hard,3.571428571428571,41.81818181818182,-2.688311688311688,-2.090909090909091,-0.5974025974025974
1171.HK,2023,walk_hard,2.8571428571428568,41.81818181818182,-2.9870129870129873,-2.090909090909091,-0.8961038961038965
1177.HK,2022,walk_hard,5.1063829787234045,17.272727272727273,-0.8452611218568665,-0.8636363636363636,0.01837524177949712
1177.HK,2023,walk_hard,4.716981132075472,17.272727272727273,-0.9125214408233276,-0.8636363636363638,-0.04888507718696389
1177.HK,2024,walk_hard,5.333333333333333,21.363636363636363,-0.9969696969696971,-1.0681818181818181,0.07121212121212106
1177.HK,2025,walk_hard,5.362318840579709,16.25,-0.7536231884057973,-0.8125,0.05887681159420266
1186.HK,2022,walk_hard,3.7254901960784315,37.72727272727273,-2.3672014260249554,-1.8863636363636365,-0.48083778966131896
1186.HK,2023,walk_hard,3.833333333333333,33.63636363636364,-2.0742424242424247,-1.681818181818182,-0.39242424242424256
1186.HK,2024,walk_hard,4.193548387096774,37.72727272727273,-2.190615835777126,-1.8863636363636362,-0.3042521994134897
1193.HK,2022,walk_hard,9.473684210526317,50.0,-0.2631578947368416,-2.5,2.2368421052631584
1193.HK,2023,walk_hard,9.0,50.0,-0.5,-2.5,2.0
1193.HK,2024,walk_hard,9.473684210526317,50.0,-0.2631578947368416,-2.5,2.2368421052631584
1193.HK,2025,walk_hard,8.125,50.0,-0.9375,-2.5,1.5625
1196.HK,2022,walk_hard,9.019607843137255,37.72727272727273,-0.36987522281639934,-1.8863636363636365,1.5164884135472372
1196.HK,2023,walk_hard,8.0,33.63636363636364,-0.6727272727272728,-1.681818181818182,1.0090909090909093
1196.HK,2024,walk_hard,7.096774193548388,37.72727272727273,-1.0953079178885627,-1.8863636363636362,0.7910557184750735
1196.HK,2025,walk_hard,8.688524590163935,31.25,-0.4098360655737704,-1.5625,1.1526639344262297
1208.HK,2022,walk_hard,6.428571428571428,45.90909090909091,-1.6396103896103897,-2.2954545454545454,0.6558441558441557
1208.HK,2023,walk_hard,6.206896551724138,45.90909090909091,-1.7413793103448276,-2.2954545454545454,0.5540752351097178
1208.HK,2024,walk_hard,7.419354838709678,45.90909090909091,-1.1847507331378295,-2.2954545454545454,1.1107038123167159
1208.HK,2025,walk_hard,6.551724137931034,46.25,-1.5948275862068968,-2.3125,0.7176724137931032
1209.HK,2022,walk_hard,6.944444444444445,13.181818181818182,-0.40277777777777773,-0.6590909090909091,0.2563131313131313
1209.HK,2023,walk_hard,7.317073170731707,13.181818181818182,-0.35365853658536595,-0.6590909090909091,0.3054323725055431
1209.HK,2024,walk_hard,7.692307692307692,13.181818181818182,-0.3041958041958043,-0.6590909090909091,0.3548951048951048
1209.HK,2025,walk_hard,7.894736842105264,20.0,-0.42105263157894723,-1.0,0.5789473684210528
1211.HK,2022,walk_hard,3.513513513513513,21.363636363636363,-1.3857493857493859,-1.0681818181818183,-0.31756756756756754
1211.HK,2023,walk_hard,1.5686274509803921,21.363636363636363,-1.8012477718360071,-1.0681818181818181,-0.733065953654189
1211.HK,2024,walk_hard,6.724137931034483,17.272727272727273,-0.5658307210031347,-0.8636363636363638,0.29780564263322906
1211.HK,2025,walk_hard,1.9047619047619047,23.75,-1.9226190476190477,-1.1875,-0.7351190476190477
1258.HK,2022,walk_hard,8.571428571428573,45.90909090909091,-0.6558441558441551,-2.2954545454545454,1.6396103896103904
1258.HK,2023,walk_hard,8.96551724137931,45.90909090909091,-0.4749216300940442,-2.2954545454545454,1.8205329153605012
1258.HK,2024,walk_hard,9.35483870967742,45.90909090909091,-0.2961876832844572,-2.2954545454545454,1.9992668621700882
1258.HK,2025,walk_hard,8.96551724137931,46.25,-0.47844827586206934,-2.3125,1.8340517241379306
1276.HK,2023,walk_hard,4.90566037735849,17.272727272727273,-0.8799313893653518,-0.8636363636363638,-0.016295025728988
1276.HK,2024,walk_hard,4.5,21.363636363636363,-1.175,-1.0681818181818181,-0.10681818181818192
1276.HK,2025,walk_hard,4.057971014492754,16.25,-0.9655797101449275,-0.8125,-0.1530797101449275
1277.HK,2022,walk_hard,7.857142857142857,41.81818181818182,-0.8961038961038963,-2.090909090909091,1.1948051948051945
1277.HK,2023,walk_hard,7.857142857142857,41.81818181818182,-0.8961038961038963,-2.090909090909091,1.1948051948051945
1277.HK,2024,walk_hard,7.692307692307692,41.81818181818182,-0.9650349650349653,-2.090909090909091,1.1258741258741254
1277.HK,2025,walk_hard,7.5,42.5,-1.0625,-2.125,1.0625
1286.HK,2022,walk_hard,1.5686274509803921,37.72727272727273,-3.180926916221034,-1.8863636363636365,-1.2945632798573976
1286.HK,2023,walk_hard,1.5000000000000002,33.63636363636364,-2.8590909090909093,-1.681818181818182,-1.1772727272727272
1286.HK,2024,walk_hard,1.9354838709677424,37.72727272727273,-3.0425219941348973,-1.8863636363636362,-1.156158357771261
1286.HK,2025,walk_hard,1.6393442622950816,31.25,-2.6127049180327875,-1.5625,-1.0502049180327875
1288.HK,2024,walk_hard,0.4347826086956519,9.09090909090909,-0.8695652173913042,-0.4545454545454545,-0.41501976284584974
1288.HK,2025,walk_hard,0.2083333333333337,12.5,-1.2239583333333333,-0.625,-0.5989583333333333
1299.HK,2024,walk_hard,8.043478260869566,9.09090909090909,-0.17786561264822123,-0.4545454545454545,0.27667984189723327
1299.HK,2025,walk_hard,7.708333333333334,12.5,-0.28645833333333326,-0.625,0.33854166666666674
1302.HK,2022,walk_hard,6.595744680851063,17.272727272727273,-0.5880077369439073,-0.8636363636363636,0.27562862669245636
1302.HK,2023,walk_hard,5.849056603773585,17.272727272727273,-0.7169811320754716,-0.8636363636363638,0.1466552315608921
1302.HK,2024,walk_hard,5.833333333333332,21.363636363636363,-0.8901515151515155,-1.0681818181818181,0.17803030303030265
1302.HK,2025,walk_hard,5.507246376811594,16.25,-0.730072463768116,-0.8125,0.08242753623188404
1308.HK,2022,walk_hard,0.980392156862745,37.72727272727273,-3.402852049910873,-1.8863636363636365,-1.5164884135472365
1308.HK,2023,walk_hard,0.9999999999999998,33.63636363636364,-3.0272727272727273,-1.681818181818182,-1.3454545454545452
1308.HK,2024,walk_hard,1.2903225806451613,37.72727272727273,-3.285923753665689,-1.8863636363636362,-1.3995601173020527
1308.HK,2025,walk_hard,0.9836065573770492,31.25,-2.817622950819672,-1.5625,-1.255122950819672
1310.HK,2022,walk_hard,4.0,33.63636363636364,-2.0181818181818185,-1.6818181818181819,-0.33636363636363664
1310.HK,2023,walk_hard,4.090909090909091,29.545454545454543,-1.7458677685950412,-1.4772727272727273,-0.26859504132231393
1310.HK,2024,walk_hard,3.4782608695652173,29.545454545454543,-1.9268774703557312,-1.4772727272727273,-0.4496047430830039
1310.HK,2025,walk_hard,3.4782608695652173,35.0,-2.282608695652174,-1.75,-0.5326086956521738
1313.HK,2022,walk_hard,0.0,45.90909090909091,-4.590909090909091,-2.2954545454545454,-2.2954545454545454
1313.HK,2023,walk_hard,0.0,45.90909090909091,-4.590909090909091,-2.2954545454545454,-2.2954545454545454
1313.HK,2024,walk_hard,0.32258064516129004,45.90909090909091,-4.442815249266862,-2.2954545454545454,-2.1473607038123164
1316.HK,2022,walk_hard,5.405405405405405,21.363636363636363,-0.9815724815724817,-1.0681818181818183,0.08660933660933667
1316.HK,2023,walk_hard,4.313725490196079,21.363636363636363,-1.2147950089126558,-1.0681818181818181,-0.14661319073083767
1316.HK,2024,walk_hard,3.793103448275862,17.272727272727273,-1.0721003134796239,-0.8636363636363638,-0.2084639498432601
1316.HK,2025,walk_hard,4.761904761904762,23.75,-1.244047619047619,-1.1875,-0.05654761904761907
1318.HK,2024,walk_hard,9.117647058823529,33.63636363636364,-0.29679144385026757,-1.6818181818181819,1.3850267379679142
1318.HK,2025,walk_hard,8.787878787878787,38.75,-0.46969696969696995,-1.9375,1.46780303030303
1333.HK,2025,walk_hard,0.0,8.75,-0.875,-0.4375,-0.4375
1336.HK,2022,walk_hard,8.205128205128204,9.09090909090909,-0.16317016317016322,-0.4545454545454545,0.2913752913752913
1336.HK,2023,walk_hard,7.111111111111112,9.09090909090909,-0.26262626262626254,-0.4545454545454545,0.19191919191919193
1336.HK,2024,walk_hard,6.956521739130435,9.09090909090909,-0.2766798418972332,-0.4545454545454545,0.17786561264822126
1336.HK,2025,walk_hard,7.5,12.5,-0.3125,-0.625,0.3125
1339.HK,2022,walk_hard,8.974358974358974,9.09090909090909,-0.09324009324009323,-0.4545454545454545,0.36130536130536123
1339.HK,2023,walk_hard,4.0,9.09090909090909,-0.5454545454545454,-0.4545454545454545,-0.09090909090909094
1339.HK,2024,walk_hard,3.695652173913043,9.09090909090909,-0.5731225296442688,-0.4545454545454545,-0.11857707509881432
1339.HK,2025,walk_hard,3.125,12.5,-0.859375,-0.625,-0.234375
1347.HK,2022,walk_hard,1.9354838709677424,25.454545454545453,-2.0527859237536656,-1.2727272727272727,-0.7800586510263929
1347.HK,2023,walk_hard,1.6216216216216217,25.454545454545453,-2.1326781326781328,-1.2727272727272727,-0.8599508599508601
1347.HK,2024,walk_hard,1.25,25.454545454545453,-2.227272727272727,-1.2727272727272727,-0.9545454545454544
1347.HK,2025,walk_hard,0.5633802816901412,27.5,-2.595070422535211,-1.375,-1.220070422535211
1357.HK,2022,walk_hard,6.5,33.63636363636364,-1.1772727272727275,-1.6818181818181819,0.5045454545454544
1357.HK,2023,walk_hard,6.363636363636363,29.545454545454543,-1.0743801652892562,-1.4772727272727273,0.4028925619834711
1357.HK,2024,walk_hard,6.521739130434783,29.545454545454543,-1.0276679841897232,-1.4772727272727273,0.44960474308300413
1357.HK,2025,walk_hard,6.956521739130435,35.0,-1.065217391304348,-1.75,0.6847826086956521
1359.HK,2022,walk_hard,4.3589743589743595,9.09090909090909,-0.5128205128205127,-0.4545454545454545,-0.05827505827505819
1359.HK,2023,walk_hard,3.333333333333334,9.09090909090909,-0.606060606060606,-0.4545454545454545,-0.1515151515151515
1359.HK,2024,walk_hard,3.2608695652173916,9.09090909090909,-0.6126482213438734,-0.4545454545454545,-0.15810276679841895
1359.HK,2025,walk_hard,0.625,12.5,-1.171875,-0.625,-0.546875
1361.HK,2022,walk_hard,7.297297297297297,21.363636363636363,-0.5773955773955773,-1.0681818181818183,0.490786240786241
1361.HK,2023,walk_hard,6.2745098039215685,21.363636363636363,-0.7959001782531194,-1.0681818181818181,0.2722816399286987
1361.HK,2024,walk_hard,5.689655172413794,17.272727272727273,-0.7445141065830722,-0.8636363636363638,0.1191222570532916
1361.HK,2025,walk_hard,5.7142857142857135,23.75,-1.017857142857143,-1.1875,0.16964285714285698
1364.HK,2024,walk_hard,6.206896551724138,17.272727272727273,-0.6551724137931035,-0.8636363636363638,0.20846394984326022
1364.HK,2025,walk_hard,2.8571428571428568,23.75,-1.6964285714285714,-1.1875,-0.5089285714285714
1368.HK,2023,walk_hard,7.450980392156863,21.363636363636363,-0.5445632798573975,-1.0681818181818181,0.5236185383244206
1368.HK,2024,walk_hard,7.068965517241379,17.272727272727273,-0.5062695924764892,-0.8636363636363638,0.3573667711598746
1368.HK,2025,walk_hard,7.301587301587302,23.75,-0.6408730158730157,-1.1875,0.5466269841269843
1378.HK,2022,walk_hard,1.785714285714286,45.90909090909091,-3.7711038961038956,-2.2954545454545454,-1.4756493506493502
1378.HK,2023,walk_hard,1.3793103448275867,45.90909090909091,-3.957680250783698,-2.2954545454545454,-1.6622257053291527
1378.HK,2024,walk_hard,1.6129032258064513,45.90909090909091,-3.850439882697947,-2.2954545454545454,-1.5549853372434015
1378.HK,2025,walk_hard,1.3793103448275867,46.25,-3.9870689655172407,-2.3125,-1.6745689655172407
1385.HK,2022,walk_hard,6.451612903225806,25.454545454545453,-0.903225806451613,-1.2727272727272727,0.3695014662756597
1385.HK,2023,walk_hard,6.216216216216216,25.454545454545453,-0.9631449631449632,-1.2727272727272727,0.3095823095823095
1385.HK,2024,walk_hard,4.791666666666666,25.454545454545453,-1.325757575757576,-1.2727272727272727,-0.053030303030303205
1385.HK,2025,walk_hard,4.366197183098591,27.5,-1.5492957746478873,-1.375,-0.17429577464788726
1398.HK,2022,walk_hard,1.282051282051282,9.09090909090909,-0.7925407925407926,-0.4545454545454545,-0.3379953379953381
1398.HK,2023,walk_hard,0.6666666666666665,9.09090909090909,-0.8484848484848484,-0.4545454545454545,-0.3939393939393939
1398.HK,2024,walk_hard,0.8695652173913049,9.09090909090909,-0.8300395256916996,-0.4545454545454545,-0.3754940711462451
1398.HK,2025,walk_hard,0.8333333333333337,12.5,-1.1458333333333333,-0.625,-0.5208333333333333
1405.HK,2022,walk_hard,2.972972972972973,21.363636363636363,-1.5012285012285012,-1.0681818181818183,-0.4330466830466828
1405.HK,2023,walk_hard,1.96078431372549,21.363636363636363,-1.7174688057040999,-1.0681818181818181,-0.6492869875222818
1405.HK,2024,walk_hard,1.3793103448275867,17.272727272727273,-1.4890282131661443,-0.8636363636363638,-0.6253918495297806
1405.HK,2025,walk_hard,1.1111111111111116,23.75,-2.111111111111111,-1.1875,-0.9236111111111112
1415.HK,2022,walk_hard,4.838709677419355,25.454545454545453,-1.313782991202346,-1.2727272727272727,-0.04105571847507328
1415.HK,2023,walk_hard,3.2432432432432434,25.454545454545453,-1.7199017199017197,-1.2727272727272727,-0.447174447174447
1415.HK,2024,walk_hard,3.958333333333334,25.454545454545453,-1.5378787878787876,-1.2727272727272727,-0.2651515151515149
1415.HK,2025,walk_hard,4.084507042253521,27.5,-1.6267605633802815,-1.375,-0.2517605633802815
1428.HK,2023,walk_hard,2.666666666666667,9.09090909090909,-0.6666666666666665,-0.4545454545454545,-0.21212121212121204
1428.HK,2024,walk_hard,3.0434782608695654,9.09090909090909,-0.6324110671936758,-0.4545454545454545,-0.17786561264822132
1428.HK,2025,walk_hard,3.541666666666666,12.5,-0.8072916666666667,-0.625,-0.18229166666666674
1428.HK,2026,walk_hard,5.833333333333332,16.25,-0.6770833333333336,-0.3385416666666668,-0.3385416666666668
1440.HK,2022,walk_hard,0.0,21.363636363636363,-2.1363636363636362,-1.0681818181818183,-1.068181818181818
1440.HK,2023,walk_hard,0.0,21.363636363636363,-2.1363636363636362,-1.0681818181818181,-1.0681818181818181
1440.HK,2024,walk_hard,0.0,17.272727272727273,-1.7272727272727275,-0.8636363636363638,-0.8636363636363638
1440.HK,2025,walk_hard,0.0,23.75,-2.375,-1.1875,-1.1875
1478.HK,2022,walk_hard,3.548387096774194,25.454545454545453,-1.6422287390029322,-1.2727272727272727,-0.3695014662756595
1478.HK,2023,walk_hard,3.783783783783784,25.454545454545453,-1.582309582309582,-1.2727272727272727,-0.30958230958230937
1478.HK,2024,walk_hard,3.541666666666666,25.454545454545453,-1.643939393939394,-1.2727272727272727,-0.3712121212121213
1478.HK,2025,walk_hard,2.676056338028169,27.5,-2.0140845070422535,-1.375,-0.6390845070422535
1513.HK,2022,walk_hard,1.4893617021276595,17.272727272727273,-1.4700193423597678,-0.8636363636363636,-0.6063829787234042
1513.HK,2023,walk_hard,0.9433962264150941,17.272727272727273,-1.5643224699828473,-0.8636363636363638,-0.7006861063464835
1513.HK,2024,walk_hard,0.8333333333333337,21.363636363636363,-1.958333333333333,-1.0681818181818181,-0.8901515151515149
1513.HK,2025,walk_hard,0.7246376811594202,16.25,-1.5072463768115945,-0.8125,-0.6947463768115945
1519.HK,2023,walk_hard,3.333333333333334,33.63636363636364,-2.2424242424242427,-1.681818181818182,-0.5606060606060606
1519.HK,2024,walk_hard,3.548387096774194,37.72727272727273,-2.4340175953079175,-1.8863636363636362,-0.5476539589442813
1519.HK,2025,walk_hard,2.4590163934426235,31.25,-2.35655737704918,-1.5625,-0.7940573770491799
1530.HK,2022,walk_hard,6.170212765957447,17.272727272727273,-0.6615087040618955,-0.8636363636363636,0.2021276595744681
1530.HK,2023,walk_hard,5.471698113207547,17.272727272727273,-0.7821612349914236,-0.8636363636363638,0.08147512864494011
1530.HK,2024,walk_hard,5.166666666666666,21.363636363636363,-1.0325757575757577,-1.0681818181818181,0.03560606060606042
1530.HK,2025,walk_hard,6.231884057971015,16.25,-0.6123188405797102,-0.8125,0.2001811594202898
1548.HK,2022,walk_hard,3.6170212765957444,17.272727272727273,-1.102514506769826,-0.8636363636363636,-0.23887814313346245
1548.HK,2023,walk_hard,1.5094339622641506,17.272727272727273,-1.4665523156089195,-0.8636363636363638,-0.6029159519725558
1548.HK,2024,walk_hard,1.166666666666667,21.363636363636363,-1.887121212121212,-1.0681818181818181,-0.8189393939393939
1548.HK,2025,walk_hard,2.1739130434782608,16.25,-1.2717391304347827,-0.8125,-0.4592391304347827
1579.HK,2022,walk_hard,7.083333333333332,29.545454545454543,-0.8617424242424245,-1.4772727272727273,0.6155303030303028
1579.HK,2023,walk_hard,5.882352941176471,37.72727272727273,-1.5534759358288768,-1.8863636363636362,0.33288770053475947
1579.HK,2024,walk_hard,5.0,33.63636363636364,-1.6818181818181819,-1.6818181818181819,0.0
1579.HK,2025,walk_hard,5.151515151515151,38.75,-1.8787878787878787,-1.9375,0.058712121212121327
1585.HK,2022,walk_hard,5.945945945945946,21.363636363636363,-0.8660933660933661,-1.0681818181818183,0.20208845208845228
1585.HK,2023,walk_hard,5.686274509803921,21.363636363636363,-0.9215686274509806,-1.0681818181818181,0.14661319073083756
1585.HK,2024,walk_hard,4.482758620689655,17.272727272727273,-0.9529780564263324,-0.8636363636363638,-0.08934169278996862
1585.HK,2025,walk_hard,7.4603174603174605,23.75,-0.6031746031746031,-1.1875,0.5843253968253969
1610.HK,2022,walk_hard,3.75,29.545454545454543,-1.8465909090909092,-1.4772727272727273,-0.3693181818181819
1610.HK,2023,walk_hard,4.705882352941177,37.72727272727273,-1.997326203208556,-1.8863636363636362,-0.11096256684491967
1610.HK,2024,walk_hard,2.6470588235294112,33.63636363636364,-2.473262032085562,-1.6818181818181819,-0.79144385026738
1610.HK,2025,walk_hard,3.03030303030303,38.75,-2.700757575757576,-1.9375,-0.7632575757575761
1651.HK,2023,walk_hard,7.166666666666667,33.63636363636364,-0.953030303030303,-1.681818181818182,0.7287878787878791
1651.HK,2024,walk_hard,6.612903225806452,37.72727272727273,-1.2778592375366566,-1.8863636363636362,0.6085043988269796
1651.HK,2025,walk_hard,5.573770491803279,31.25,-1.3831967213114753,-1.5625,0.1793032786885247
1651.HK,2026,walk_hard,5.0,27.5,-1.375,-0.9166666666666665,-0.4583333333333335
1658.HK,2023,walk_hard,6.0,9.09090909090909,-0.3636363636363636,-0.4545454545454545,0.09090909090909088
1658.HK,2025,walk_hard,1.0416666666666663,12.5,-1.1197916666666667,-0.625,-0.49479166666666674
1672.HK,2022,walk_hard,1.9148936170212771,17.272727272727273,-1.3965183752417791,-0.8636363636363636,-0.5328820116054155
1672.HK,2023,walk_hard,0.5660377358490565,17.272727272727273,-1.6295025728987995,-0.8636363636363638,-0.7658662092624358
1672.HK,2024,walk_hard,0.0,21.363636363636363,-2.1363636363636362,-1.0681818181818181,-1.0681818181818181
1672.HK,2025,walk_hard,0.0,16.25,-1.625,-0.8125,-0.8125
1675.HK,2022,walk_hard,8.387096774193548,25.454545454545453,-0.4105571847507332,-1.2727272727272727,0.8621700879765395
1675.HK,2023,walk_hard,7.837837837837838,25.454545454545453,-0.5503685503685504,-1.2727272727272727,0.7223587223587223
1675.HK,2024,walk_hard,7.291666666666668,25.454545454545453,-0.6893939393939391,-1.2727272727272727,0.5833333333333336
1675.HK,2025,walk_hard,6.901408450704225,27.5,-0.8521126760563381,-1.375,0.5228873239436619
1681.HK,2022,walk_hard,4.042553191489362,17.272727272727273,-1.0290135396518374,-0.8636363636363636,-0.16537717601547375
1681.HK,2023,walk_hard,3.2075471698113214,17.272727272727273,-1.1732418524871355,-0.8636363636363638,-0.30960548885077177
1681.HK,2024,walk_hard,3.833333333333333,21.363636363636363,-1.3174242424242424,-1.0681818181818181,-0.24924242424242427
1686.HK,2023,walk_hard,0.0,13.181818181818182,-1.3181818181818181,-0.6590909090909091,-0.6590909090909091
1686.HK,2024,walk_hard,0.0,13.181818181818182,-1.3181818181818181,-0.6590909090909091,-0.6590909090909091
1686.HK,2025,walk_hard,0.0,20.0,-2.0,-1.0,-1.0
1686.HK,2026,walk_hard,0.0,50.0,-5.0,-4.375,-0.625
1729.HK,2022,walk_hard,4.117647058823529,37.72727272727273,-2.2192513368983957,-1.8863636363636365,-0.33288770053475925
1729.HK,2023,walk_hard,6.333333333333333,33.63636363636364,-1.2333333333333336,-1.681818181818182,0.4484848484848485
1729.HK,2024,walk_hard,5.806451612903225,37.72727272727273,-1.582111436950147,-1.8863636363636362,0.30425219941348924
1729.HK,2025,walk_hard,7.049180327868853,31.25,-0.9221311475409836,-1.5625,0.6403688524590164
1735.HK,2022,walk_hard,9.411764705882353,37.72727272727273,-0.22192513368983946,-1.8863636363636365,1.664438502673797
1735.HK,2023,walk_hard,2.833333333333333,33.63636363636364,-2.410606060606061,-1.681818181818182,-0.728787878787879
1735.HK,2024,walk_hard,2.9032258064516125,37.72727272727273,-2.67741935483871,-1.8863636363636362,-0.7910557184750737
1735.HK,2025,walk_hard,3.114754098360656,31.25,-2.151639344262295,-1.5625,-0.589139344262295
1766.HK,2023,walk_hard,4.5,33.63636363636364,-1.8500000000000003,-1.681818181818182,-0.1681818181818182
1766.HK,2024,walk_hard,5.161290322580645,37.72727272727273,-1.8255131964809386,-1.8863636363636362,0.06085043988269767
1768.HK,2025,walk_hard,9.393939393939394,38.75,-0.23484848484848464,-1.9375,1.7026515151515154
1772.HK,2022,walk_hard,9.642857142857142,45.90909090909091,-0.1639610389610392,-2.2954545454545454,2.131493506493506
1772.HK,2023,walk_hard,6.551724137931034,45.90909090909091,-1.5830721003134798,-2.2954545454545454,0.7123824451410656
1772.HK,2024,walk_hard,6.774193548387098,45.90909090909091,-1.4809384164222867,-2.2954545454545454,0.8145161290322587
1772.HK,2025,walk_hard,5.1724137931034475,46.25,-2.2327586206896557,-2.3125,0.0797413793103443
1783.HK,2023,walk_hard,9.166666666666666,33.63636363636364,-0.2803030303030305,-1.681818181818182,1.4015151515151516
1783.HK,2024,walk_hard,9.516129032258064,37.72727272727273,-0.182551319648094,-1.8863636363636362,1.7038123167155423
1783.HK,2025,walk_hard,9.672131147540984,31.25,-0.10245901639344247,-1.5625,1.4600409836065575
1783.HK,2026,walk_hard,8.333333333333334,27.5,-0.45833333333333315,-0.9166666666666665,0.45833333333333337
1787.HK,2023,walk_hard,7.241379310344827,45.90909090909091,-1.2664576802507836,-2.2954545454545454,1.0289968652037618
1787.HK,2024,walk_hard,8.387096774193548,45.90909090909091,-0.7404692082111438,-2.2954545454545454,1.5549853372434015
1787.HK,2025,walk_hard,8.275862068965518,46.25,-0.797413793103448,-2.3125,1.515086206896552
1788.HK,2022,walk_hard,7.17948717948718,9.09090909090909,-0.25641025641025633,-0.4545454545454545,0.19813519813519814
1788.HK,2023,walk_hard,8.444444444444445,9.09090909090909,-0.14141414141414138,-0.4545454545454545,0.3131313131313131
1788.HK,2024,walk_hard,8.695652173913043,9.09090909090909,-0.11857707509881425,-0.4545454545454545,0.3359683794466402
1788.HK,2025,walk_hard,8.958333333333334,12.5,-0.13020833333333326,-0.625,0.49479166666666674
1789.HK,2022,walk_hard,7.659574468085106,17.272727272727273,-0.40425531914893625,-0.8636363636363636,0.4593810444874274
1789.HK,2023,walk_hard,6.415094339622643,17.272727272727273,-0.6192109777015435,-0.8636363636363638,0.24442538593482022
1789.HK,2024,walk_hard,6.333333333333333,21.363636363636363,-0.7833333333333334,-1.0681818181818181,0.2848484848484847
1789.HK,2025,walk_hard,6.086956521739131,16.25,-0.6358695652173912,-0.8125,0.17663043478260876
1797.HK,2023,walk_hard,9.411764705882353,37.72727272727273,-0.22192513368983946,-1.8863636363636362,1.664438502673797
1797.HK,2024,walk_hard,9.411764705882353,33.63636363636364,-0.19786096256684485,-1.6818181818181819,1.483957219251337
1797.HK,2025,walk_hard,9.09090909090909,38.75,-0.3522727272727276,-1.9375,1.5852272727272725
1797.HK,2026,walk_hard,7.5,44.375,-1.109375,-2.4036458333333335,1.2942708333333335
1800.HK,2023,walk_hard,6.166666666666667,33.63636363636364,-1.2893939393939393,-1.681818181818182,0.3924242424242428
1800.HK,2024,walk_hard,5.967741935483871,37.72727272727273,-1.5212609970674487,-1.8863636363636362,0.3651026392961876
1800.HK,2025,walk_hard,5.245901639344263,31.25,-1.485655737704918,-1.5625,0.07684426229508201
1801.HK,2022,walk_hard,7.446808510638299,17.272727272727273,-0.4410058027079302,-0.8636363636363636,0.42263056092843343
1801.HK,2023,walk_hard,7.358490566037736,17.272727272727273,-0.45626072041166377,-0.8636363636363638,0.4073756432247
1801.HK,2024,walk_hard,7.833333333333333,21.363636363636363,-0.46287878787878795,-1.0681818181818181,0.6053030303030302
1801.HK,2025,walk_hard,5.072463768115942,16.25,-0.8007246376811594,-0.8125,0.011775362318840576
1810.HK,2022,walk_hard,8.709677419354838,25.454545454545453,-0.32844574780058666,-1.2727272727272727,0.944281524926686
1810.HK,2023,walk_hard,8.64864864864865,25.454545454545453,-0.34398034398034383,-1.2727272727272727,0.9287469287469289
1810.HK,2024,walk_hard,7.916666666666666,25.454545454545453,-0.5303030303030305,-1.2727272727272727,0.7424242424242422
1810.HK,2025,walk_hard,7.464788732394366,27.5,-0.6971830985915493,-1.375,0.6778169014084507
1811.HK,2022,walk_hard,3.1578947368421053,50.0,-3.4210526315789473,-2.5,-0.9210526315789473
1811.HK,2023,walk_hard,4.0,50.0,-3.0,-2.5,-0.5
1811.HK,2024,walk_hard,3.68421052631579,50.0,-3.1578947368421053,-2.5,-0.6578947368421053
1811.HK,2025,walk_hard,3.125,50.0,-3.4375,-2.5,-0.9375
1816.HK,2022,walk_hard,7.894736842105264,50.0,-1.0526315789473681,-2.5,1.4473684210526319
1816.HK,2023,walk_hard,10.0,50.0,-0.0,-2.5,2.5
1816.HK,2024,walk_hard,10.0,50.0,-0.0,-2.5,2.5
1816.HK,2025,walk_hard,10.0,50.0,-0.0,-2.5,2.5
1828.HK,2024,walk_hard,8.26086956521739,9.09090909090909,-0.15810276679841903,-0.4545454545454545,0.2964426877470354
1828.HK,2025,walk_hard,7.916666666666666,12.5,-0.26041666666666674,-0.625,0.36458333333333326
1833.HK,2022,walk_hard,8.936170212765957,17.272727272727273,-0.18375241779497112,-0.8636363636363636,0.6798839458413926
1833.HK,2023,walk_hard,7.924528301886793,17.272727272727273,-0.3584905660377357,-0.8636363636363638,0.505145797598628
1833.HK,2024,walk_hard,8.0,21.363636363636363,-0.42727272727272725,-1.0681818181818181,0.6409090909090909
1833.HK,2025,walk_hard,9.420289855072463,16.25,-0.09420289855072478,-0.8125,0.7182971014492752
1836.HK,2022,walk_hard,4.864864864864865,21.363636363636363,-1.097051597051597,-1.0681818181818183,-0.028869778869778706
1836.HK,2023,walk_hard,4.117647058823529,21.363636363636363,-1.2566844919786098,-1.0681818181818181,-0.18850267379679164
1836.HK,2024,walk_hard,3.4482758620689657,17.272727272727273,-1.1316614420062694,-0.8636363636363638,-0.26802507836990563
1836.HK,2025,walk_hard,3.492063492063492,23.75,-1.5456349206349205,-1.1875,-0.3581349206349205
1860.HK,2022,walk_hard,10.0,33.63636363636364,-0.0,-1.6818181818181819,1.6818181818181819
1860.HK,2023,walk_hard,10.0,29.545454545454543,-0.0,-1.4772727272727273,1.4772727272727273
1860.HK,2024,walk_hard,10.0,29.545454545454543,-0.0,-1.4772727272727273,1.4772727272727273
1860.HK,2025,walk_hard,10.0,35.0,-0.0,-1.75,1.75
1866.HK,2022,walk_hard,1.428571428571429,45.90909090909091,-3.935064935064935,-2.2954545454545454,-1.6396103896103895
1866.HK,2023,walk_hard,1.7241379310344829,45.90909090909091,-3.799373040752351,-2.2954545454545454,-1.5039184952978055
1866.HK,2024,walk_hard,1.9354838709677424,45.90909090909091,-3.702346041055718,-2.2954545454545454,-1.4068914956011724
1866.HK,2025,walk_hard,1.7241379310344829,46.25,-3.8275862068965516,-2.3125,-1.5150862068965516
1876.HK,2022,walk_hard,5.833333333333332,29.545454545454543,-1.2310606060606064,-1.4772727272727273,0.24621212121212088
1876.HK,2023,walk_hard,6.764705882352942,37.72727272727273,-1.2205882352941173,-1.8863636363636362,0.6657754010695189
1876.HK,2024,walk_hard,6.470588235294117,33.63636363636364,-1.18716577540107,-1.6818181818181819,0.49465240641711183
1876.HK,2025,walk_hard,5.757575757575757,38.75,-1.6439393939393943,-1.9375,0.29356060606060574
1879.HK,2025,walk_hard,2.253521126760564,27.5,-2.130281690140845,-1.375,-0.755281690140845
1880.HK,2023,walk_hard,9.215686274509805,21.363636363636363,-0.16755793226381438,-1.0681818181818181,0.9006238859180038
1880.HK,2024,walk_hard,8.96551724137931,17.272727272727273,-0.17868338557993746,-0.8636363636363638,0.6849529780564263
1880.HK,2025,walk_hard,9.365079365079366,23.75,-0.15079365079365067,-1.1875,1.0367063492063493
1882.HK,2022,walk_hard,5.294117647058823,37.72727272727273,-1.7754010695187166,-1.8863636363636365,0.1109625668449199
1882.HK,2023,walk_hard,6.0,33.63636363636364,-1.3454545454545457,-1.681818181818182,0.3363636363636364
1882.HK,2024,walk_hard,6.129032258064516,37.72727272727273,-1.4604105571847505,-1.8863636363636362,0.4259530791788857
1882.HK,2025,walk_hard,5.40983606557377,31.25,-1.4344262295081969,-1.5625,0.12807377049180313
1883.HK,2022,walk_hard,4.5,33.63636363636364,-1.8500000000000003,-1.6818181818181819,-0.16818181818181843
1883.HK,2023,walk_hard,3.1818181818181825,29.545454545454543,-2.014462809917355,-1.4772727272727273,-0.5371900826446276
1883.HK,2024,walk_hard,1.7391304347826086,29.545454545454543,-2.4407114624505923,-1.4772727272727273,-0.963438735177865
1883.HK,2025,walk_hard,2.1739130434782608,35.0,-2.739130434782609,-1.75,-0.9891304347826089
1888.HK,2022,walk_hard,1.2903225806451613,25.454545454545453,-2.2170087976539588,-1.2727272727272727,-0.944281524926686
1888.HK,2023,walk_hard,1.0810810810810811,25.454545454545453,-2.27027027027027,-1.2727272727272727,-0.9975429975429975
1888.HK,2024,walk_hard,1.0416666666666663,25.454545454545453,-2.2803030303030303,-1.2727272727272727,-1.0075757575757576
1888.HK,2025,walk_hard,0.7042253521126762,27.5,-2.556338028169014,-1.375,-1.181338028169014
1896.HK,2022,walk_hard,8.5,33.63636363636364,-0.5045454545454546,-1.6818181818181819,1.1772727272727272
1896.HK,2023,walk_hard,9.09090909090909,29.545454545454543,-0.2685950413223143,-1.4772727272727273,1.208677685950413
1896.HK,2024,walk_hard,9.130434782608695,29.545454545454543,-0.2569169960474309,-1.4772727272727273,1.2203557312252964
1896.HK,2025,walk_hard,9.130434782608695,35.0,-0.30434782608695665,-1.75,1.4456521739130435
1898.HK,2022,walk_hard,1.428571428571429,41.81818181818182,-3.5844155844155847,-2.090909090909091,-1.493506493506494
1898.HK,2023,walk_hard,1.428571428571429,41.81818181818182,-3.5844155844155847,-2.090909090909091,-1.493506493506494
1898.HK,2024,walk_hard,1.5384615384615385,41.81818181818182,-3.5384615384615388,-2.090909090909091,-1.447552447552448
1898.HK,2025,walk_hard,0.8333333333333337,42.5,-3.895833333333333,-2.125,-1.770833333333333
1907.HK,2022,walk_hard,5.0,45.90909090909091,-2.2954545454545454,-2.2954545454545454,0.0
1907.HK,2023,walk_hard,4.482758620689655,45.90909090909091,-2.5329153605015673,-2.2954545454545454,-0.23746081504702188
1907.HK,2024,walk_hard,4.516129032258065,45.90909090909091,-2.517595307917888,-2.2954545454545454,-0.2221407624633427
1907.HK,2025,walk_hard,3.4482758620689657,46.25,-3.0301724137931028,-2.3125,-0.7176724137931028
1908.HK,2022,walk_hard,10.0,13.181818181818182,-0.0,-0.6590909090909091,0.6590909090909091
1908.HK,2023,walk_hard,10.0,13.181818181818182,-0.0,-0.6590909090909091,0.6590909090909091
1908.HK,2024,walk_hard,10.0,13.181818181818182,-0.0,-0.6590909090909091,0.6590909090909091
1908.HK,2025,walk_hard,10.0,20.0,-0.0,-1.0,1.0
1910.HK,2022,walk_hard,8.91891891891892,21.363636363636363,-0.23095823095823087,-1.0681818181818183,0.8372235872235875
1910.HK,2023,walk_hard,8.03921568627451,21.363636363636363,-0.41889483065953653,-1.0681818181818181,0.6492869875222815
1910.HK,2024,walk_hard,7.586206896551724,17.272727272727273,-0.4169278996865204,-0.8636363636363638,0.44670846394984337
1910.HK,2025,walk_hard,8.095238095238095,23.75,-0.4523809523809525,-1.1875,0.7351190476190474
1913.HK,2022,walk_hard,8.378378378378379,21.363636363636363,-0.3464373464373463,-1.0681818181818183,0.7217444717444721
1913.HK,2023,walk_hard,7.8431372549019605,21.363636363636363,-0.4607843137254903,-1.0681818181818181,0.6073975044563278
1913.HK,2024,walk_hard,8.103448275862068,17.272727272727273,-0.32758620689655193,-0.8636363636363638,0.5360501567398118
1913.HK,2025,walk_hard,8.730158730158731,23.75,-0.30158730158730135,-1.1875,0.8859126984126986
1918.HK,2022,walk_hard,4.166666666666666,13.181818181818182,-0.768939393939394,-0.6590909090909091,-0.10984848484848497
1918.HK,2023,walk_hard,4.878048780487805,13.181818181818182,-0.6751662971175166,-0.6590909090909091,-0.016075388026607573
1918.HK,2024,walk_hard,3.846153846153846,13.181818181818182,-0.8111888111888113,-0.6590909090909091,-0.1520979020979022
1918.HK,2025,walk_hard,2.3684210526315788,20.0,-1.5263157894736843,-1.0,-0.5263157894736843
1919.HK,2022,walk_hard,1.1764705882352944,37.72727272727273,-3.3288770053475942,-1.8863636363636365,-1.4425133689839578
1919.HK,2023,walk_hard,0.5000000000000004,33.63636363636364,-3.1954545454545458,-1.681818181818182,-1.5136363636363637
1919.HK,2024,walk_hard,0.8064516129032262,37.72727272727273,-3.468475073313783,-1.8863636363636362,-1.5821114369501466
1921.HK,2022,walk_hard,2.8571428571428568,41.81818181818182,-2.9870129870129873,-2.090909090909091,-0.8961038961038965
1921.HK,2023,walk_hard,3.571428571428571,41.81818181818182,-2.688311688311688,-2.090909090909091,-0.5974025974025974
1921.HK,2024,walk_hard,3.076923076923077,41.81818181818182,-2.8951048951048954,-2.090909090909091,-0.8041958041958046
1921.HK,2025,walk_hard,2.5,42.5,-3.1875,-2.125,-1.0625
1928.HK,2022,walk_hard,1.3513513513513509,21.363636363636363,-1.8476658476658476,-1.0681818181818183,-0.7794840294840293
1928.HK,2023,walk_hard,3.5294117647058822,21.363636363636363,-1.3823529411764708,-1.0681818181818181,-0.31417112299465266
1928.HK,2024,walk_hard,3.6206896551724133,17.272727272727273,-1.101880877742947,-0.8636363636363638,-0.2382445141065832
1928.HK,2025,walk_hard,3.8095238095238093,23.75,-1.4702380952380951,-1.1875,-0.2827380952380951
1929.HK,2023,walk_hard,8.431372549019608,21.363636363636363,-0.3351158645276292,-1.0681818181818181,0.7330659536541889
1929.HK,2024,walk_hard,8.448275862068966,17.272727272727273,-0.26802507836990586,-0.8636363636363638,0.5956112852664579
1929.HK,2025,walk_hard,8.88888888888889,23.75,-0.2638888888888888,-1.1875,0.9236111111111112
1929.HK,2026,walk_hard,8.333333333333334,33.125,-0.5520833333333331,-1.65625,1.104166666666667
1951.HK,2022,walk_hard,6.808510638297872,17.272727272727273,-0.551257253384913,-0.8636363636363636,0.3123791102514506
1951.HK,2023,walk_hard,6.7924528301886795,17.272727272727273,-0.5540308747855918,-0.8636363636363638,0.309605488850772
1952.HK,2022,walk_hard,1.2765957446808507,17.272727272727273,-1.5067698259187623,-0.8636363636363636,-0.6431334622823986
1952.HK,2023,walk_hard,9.81132075471698,17.272727272727273,-0.032590051457976055,-0.8636363636363638,0.8310463121783878
1952.HK,2024,walk_hard,6.0,21.363636363636363,-0.8545454545454545,-1.0681818181818181,0.21363636363636362
1952.HK,2025,walk_hard,6.956521739130435,16.25,-0.4945652173913044,-0.8125,0.3179347826086956
1963.HK,2022,walk_hard,10.0,9.09090909090909,-0.0,-0.4545454545454545,0.4545454545454545
1963.HK,2023,walk_hard,9.11111111111111,9.09090909090909,-0.08080808080808083,-0.4545454545454545,0.37373737373737365
1963.HK,2024,walk_hard,8.91304347826087,9.09090909090909,-0.09881422924901187,-0.4545454545454545,0.35573122529644263
1963.HK,2025,walk_hard,8.333333333333334,12.5,-0.20833333333333326,-0.625,0.41666666666666674
1972.HK,2022,walk_hard,1.6666666666666663,13.181818181818182,-1.0984848484848486,-0.6590909090909091,-0.43939393939393956
1972.HK,2023,walk_hard,1.7073170731707321,13.181818181818182,-1.0931263858093125,-0.6590909090909091,-0.4340354767184035
1972.HK,2024,walk_hard,3.5897435897435894,13.181818181818182,-0.844988344988345,-0.6590909090909091,-0.1858974358974359
1972.HK,2025,walk_hard,4.736842105263158,20.0,-1.0526315789473684,-1.0,-0.05263157894736836
1988.HK,2022,walk_hard,6.41025641025641,9.09090909090909,-0.32634032634032634,-0.4545454545454545,0.12820512820512814
1988.HK,2023,walk_hard,6.666666666666668,9.09090909090909,-0.3030303030303029,-0.4545454545454545,0.15151515151515155
1988.HK,2024,walk_hard,6.304347826086957,9.09090909090909,-0.33596837944664026,-0.4545454545454545,0.11857707509881421
1988.HK,2025,walk_hard,5.833333333333332,12.5,-0.5208333333333335,-0.625,0.10416666666666652
1997.HK,2022,walk_hard,1.9444444444444442,13.181818181818182,-1.0618686868686869,-0.6590909090909091,-0.4027777777777778
1997.HK,2023,walk_hard,1.9512195121951215,13.181818181818182,-1.0609756097560976,-0.6590909090909091,-0.40188470066518855
1997.HK,2024,walk_hard,2.564102564102564,13.181818181818182,-0.9801864801864802,-0.6590909090909091,-0.3210955710955712
1997.HK,2025,walk_hard,2.8947368421052633,20.0,-1.4210526315789473,-1.0,-0.42105263157894735
1999.HK,2024,walk_hard,5.517241379310345,17.272727272727273,-0.774294670846395,-0.8636363636363638,0.08934169278996873
1999.HK,2025,walk_hard,4.1269841269841265,23.75,-1.3948412698412698,-1.1875,-0.20734126984126977
1999.HK,2026,walk_hard,1.6666666666666663,33.125,-2.760416666666667,-1.65625,-1.104166666666667
2005.HK,2022,walk_hard,1.7021276595744683,17.272727272727273,-1.4332688588007736,-0.8636363636363636,-0.56963249516441
2005.HK,2023,walk_hard,0.18867924528301883,17.272727272727273,-1.694682675814751,-0.8636363636363638,-0.8310463121783873
2005.HK,2024,walk_hard,0.5000000000000004,21.363636363636363,-2.0295454545454543,-1.0681818181818181,-0.9613636363636362
2005.HK,2025,walk_hard,0.5797101449275366,16.25,-1.5307971014492754,-0.8125,-0.7182971014492754
2007.HK,2022,walk_hard,8.61111111111111,13.181818181818182,-0.18308080808080812,-0.6590909090909091,0.47601010101010094
2007.HK,2023,walk_hard,7.804878048780488,13.181818181818182,-0.2893569844789357,-0.6590909090909091,0.36973392461197335
2007.HK,2024,walk_hard,8.461538461538462,13.181818181818182,-0.20279720279720276,-0.6590909090909091,0.4562937062937063
2013.HK,2022,walk_hard,7.096774193548388,25.454545454545453,-0.7390029325513194,-1.2727272727272727,0.5337243401759533
2013.HK,2023,walk_hard,7.567567567567568,25.454545454545453,-0.619164619164619,-1.2727272727272727,0.6535626535626538
2013.HK,2024,walk_hard,6.458333333333332,25.454545454545453,-0.9015151515151517,-1.2727272727272727,0.371212121212121
2013.HK,2025,walk_hard,7.04225352112676,27.5,-0.813380281690141,-1.375,0.561619718309859
2015.HK,2022,walk_hard,7.567567567567568,21.363636363636363,-0.5196560196560195,-1.0681818181818183,0.5485257985257989
2015.HK,2024,walk_hard,7.413793103448276,17.272727272727273,-0.4467084639498433,-0.8636363636363638,0.41692789968652044
2015.HK,2025,walk_hard,6.825396825396826,23.75,-0.7539682539682537,-1.1875,0.43353174603174627
2016.HK,2022,walk_hard,0.5128205128205132,9.09090909090909,-0.8624708624708625,-0.4545454545454545,-0.407925407925408
2016.HK,2023,walk_hard,3.7777777777777777,9.09090909090909,-0.5656565656565656,-0.4545454545454545,-0.11111111111111116
2016.HK,2024,walk_hard,3.913043478260869,9.09090909090909,-0.5533596837944664,-0.4545454545454545,-0.09881422924901195
2016.HK,2025,walk_hard,2.916666666666666,12.5,-0.8854166666666667,-0.625,-0.26041666666666674
2018.HK,2022,walk_hard,1.6129032258064513,25.454545454545453,-2.134897360703812,-1.2727272727272727,-0.8621700879765395
2018.HK,2023,walk_hard,1.8918918918918914,25.454545454545453,-2.0638820638820636,-1.2727272727272727,-0.7911547911547909
2018.HK,2024,walk_hard,1.6666666666666663,25.454545454545453,-2.121212121212121,-1.2727272727272727,-0.8484848484848484
2018.HK,2025,walk_hard,1.4084507042253525,27.5,-2.362676056338028,-1.375,-0.987676056338028
2020.HK,2022,walk_hard,7.027027027027026,21.363636363636363,-0.6351351351351353,-1.0681818181818183,0.43304668304668303
2020.HK,2023,walk_hard,6.862745098039216,21.363636363636363,-0.6702317290552584,-1.0681818181818181,0.3979500891265597
2020.HK,2024,walk_hard,6.0344827586206895,17.272727272727273,-0.6849529780564264,-0.8636363636363638,0.17868338557993735
2020.HK,2025,walk_hard,6.0317460317460325,23.75,-0.9424603174603173,-1.1875,0.24503968253968267
2026.HK,2025,walk_hard,1.1267605633802813,27.5,-2.4401408450704225,-1.375,-1.0651408450704225
2038.HK,2022,walk_hard,5.161290322580645,25.454545454545453,-1.2316715542521994,-1.2727272727272727,0.04105571847507328
2038.HK,2023,walk_hard,4.864864864864865,25.454545454545453,-1.307125307125307,-1.2727272727272727,-0.03439803439803435
2038.HK,2024,walk_hard,3.333333333333334,25.454545454545453,-1.6969696969696966,-1.2727272727272727,-0.42424242424242387
2038.HK,2025,walk_hard,3.52112676056338,27.5,-1.7816901408450705,-1.375,-0.4066901408450705
2039.HK,2022,walk_hard,5.490196078431373,37.72727272727273,-1.7014260249554365,-1.8863636363636365,0.18493761140819998
2039.HK,2023,walk_hard,5.166666666666666,33.63636363636364,-1.6257575757575762,-1.681818181818182,0.05606060606060592
2039.HK,2024,walk_hard,5.32258064516129,37.72727272727273,-1.7646627565982405,-1.8863636363636362,0.12170087976539579
2039.HK,2025,walk_hard,4.426229508196721,31.25,-1.7418032786885247,-1.5625,-0.1793032786885247
2050.HK,2023,walk_hard,4.166666666666666,33.63636363636364,-1.9621212121212124,-1.681818181818182,-0.2803030303030303
2050.HK,2024,walk_hard,3.870967741935484,37.72727272727273,-2.3123167155425217,-1.8863636363636362,-0.4259530791788855
2050.HK,2025,walk_hard,2.7868852459016393,31.25,-2.2540983606557377,-1.5625,-0.6915983606557377
2057.HK,2022,walk_hard,1.3725490196078427,37.72727272727273,-3.2549019607843146,-1.8863636363636365,-1.3685383244206781
2057.HK,2023,walk_hard,1.333333333333333,33.63636363636364,-2.915151515151516,-1.681818181818182,-1.2333333333333338
2057.HK,2024,walk_hard,1.6129032258064513,37.72727272727273,-3.1642228739002927,-1.8863636363636362,-1.2778592375366564
2057.HK,2025,walk_hard,1.311475409836066,31.25,-2.7151639344262297,-1.5625,-1.1526639344262297
2096.HK,2022,walk_hard,4.893617021276596,17.272727272727273,-0.8820116054158607,-0.8636363636363636,-0.01837524177949701
2097.HK,2024,walk_hard,7.0588235294117645,33.63636363636364,-0.9893048128342248,-1.6818181818181819,0.6925133689839571
2128.HK,2022,walk_hard,2.7450980392156863,37.72727272727273,-2.7370766488413545,-1.8863636363636365,-0.850713012477718
2128.HK,2023,walk_hard,2.333333333333333,33.63636363636364,-2.5787878787878795,-1.681818181818182,-0.8969696969696974
2128.HK,2024,walk_hard,2.7419354838709675,37.72727272727273,-2.7382697947214076,-1.8863636363636362,-0.8519061583577714
2142.HK,2022,walk_hard,8.297872340425531,17.272727272727273,-0.2940038684719537,-0.8636363636363636,0.56963249516441
2142.HK,2023,walk_hard,8.30188679245283,17.272727272727273,-0.2933104631217839,-0.8636363636363638,0.5703259005145799
2142.HK,2024,walk_hard,6.833333333333334,21.363636363636363,-0.6765151515151514,-1.0681818181818181,0.3916666666666667
2142.HK,2025,walk_hard,8.405797101449275,16.25,-0.25905797101449274,-0.8125,0.5534420289855073
2145.HK,2022,walk_hard,7.5,29.545454545454543,-0.7386363636363636,-1.4772727272727273,0.7386363636363636
2145.HK,2023,walk_hard,7.352941176470589,37.72727272727273,-0.9986631016042778,-1.8863636363636362,0.8877005347593584
2145.HK,2024,walk_hard,7.9411764705882355,33.63636363636364,-0.6925133689839572,-1.6818181818181819,0.9893048128342247
2145.HK,2025,walk_hard,7.575757575757576,38.75,-0.9393939393939392,-1.9375,0.9981060606060608
2155.HK,2022,walk_hard,7.0588235294117645,37.72727272727273,-1.1096256684491979,-1.8863636363636365,0.7767379679144386
2155.HK,2023,walk_hard,7.333333333333334,33.63636363636364,-0.8969696969696969,-1.681818181818182,0.7848484848484852
2155.HK,2024,walk_hard,8.709677419354838,37.72727272727273,-0.4868035190615838,-1.8863636363636362,1.3995601173020524
2155.HK,2025,walk_hard,6.721311475409837,31.25,-1.024590163934426,-1.5625,0.5379098360655741
2157.HK,2022,walk_hard,0.0,17.272727272727273,-1.7272727272727275,-0.8636363636363636,-0.8636363636363639
2157.HK,2023,walk_hard,2.264150943396226,17.272727272727273,-1.3361921097770155,-0.8636363636363638,-0.47255574614065177
2157.HK,2024,walk_hard,2.5,21.363636363636363,-1.6022727272727273,-1.0681818181818181,-0.5340909090909092
2157.HK,2025,walk_hard,4.927536231884058,16.25,-0.8242753623188406,-0.8125,-0.011775362318840576
2162.HK,2022,walk_hard,1.063829787234043,17.272727272727273,-1.5435203094777563,-0.8636363636363636,-0.6798839458413927
2162.HK,2023,walk_hard,1.6981132075471694,17.272727272727273,-1.4339622641509433,-0.8636363636363638,-0.5703259005145795
2162.HK,2024,walk_hard,0.9999999999999998,21.363636363636363,-1.9227272727272728,-1.0681818181818181,-0.8545454545454547
2162.HK,2025,walk_hard,1.3043478260869568,16.25,-1.4130434782608694,-0.8125,-0.6005434782608694
2171.HK,2024,walk_hard,0.16666666666666718,21.363636363636363,-2.100757575757575,-1.0681818181818181,-1.032575757575757
2171.HK,2025,walk_hard,0.4347826086956519,16.25,-1.5543478260869565,-0.8125,-0.7418478260869565
2172.HK,2022,walk_hard,8.085106382978724,17.272727272727273,-0.3307543520309477,-0.8636363636363636,0.5328820116054159
2172.HK,2023,walk_hard,7.547169811320755,17.272727272727273,-0.42367066895368777,-0.8636363636363638,0.439965694682676
2172.HK,2024,walk_hard,7.5,21.363636363636363,-0.5340909090909091,-1.0681818181818181,0.5340909090909091
2172.HK,2025,walk_hard,6.666666666666668,16.25,-0.5416666666666665,-0.8125,0.2708333333333335
2186.HK,2022,walk_hard,4.468085106382978,17.272727272727273,-0.9555125725338491,-0.8636363636363636,-0.09187620889748549
2186.HK,2023,walk_hard,3.7735849056603774,17.272727272727273,-1.0754716981132075,-0.8636363636363638,-0.21183533447684377
2186.HK,2024,walk_hard,3.333333333333334,21.363636363636363,-1.424242424242424,-1.0681818181818181,-0.35606060606060597
2186.HK,2025,walk_hard,3.333333333333334,16.25,-1.0833333333333333,-0.8125,-0.27083333333333326
2192.HK,2022,walk_hard,9.787234042553191,17.272727272727273,-0.03675048355899429,-0.8636363636363636,0.8268858800773694
2192.HK,2023,walk_hard,9.245283018867925,17.272727272727273,-0.1303602058319039,-0.8636363636363638,0.7332761578044599
2192.HK,2024,walk_hard,9.5,21.363636363636363,-0.10681818181818181,-1.0681818181818181,0.9613636363636363
2192.HK,2025,walk_hard,9.710144927536232,16.25,-0.04710144927536224,-0.8125,0.7653985507246378
2196.HK,2022,walk_hard,3.1914893617021276,17.272727272727273,-1.1760154738878144,-0.8636363636363636,-0.3123791102514507
2196.HK,2023,walk_hard,2.4528301886792447,17.272727272727273,-1.3036020583190395,-0.8636363636363638,-0.43996569468267577
2196.HK,2024,walk_hard,2.166666666666667,21.363636363636363,-1.6734848484848484,-1.0681818181818181,-0.6053030303030302
2196.HK,2025,walk_hard,2.028985507246377,16.25,-1.2952898550724639,-0.8125,-0.48278985507246386
2202.HK,2023,walk_hard,8.292682926829269,13.181818181818182,-0.2250554323725055,-0.6590909090909091,0.4340354767184036
2202.HK,2024,walk_hard,7.435897435897436,13.181818181818182,-0.337995337995338,-0.6590909090909091,0.3210955710955711
2202.HK,2025,walk_hard,3.421052631578947,20.0,-1.3157894736842106,-1.0,-0.3157894736842106
2228.HK,2024,walk_hard,1.8333333333333335,21.363636363636363,-1.7446969696969694,-1.0681818181818181,-0.6765151515151513
2228.HK,2025,walk_hard,3.913043478260869,16.25,-0.9891304347826088,-0.8125,-0.17663043478260876
2232.HK,2022,walk_hard,5.135135135135135,21.363636363636363,-1.0393120393120392,-1.0681818181818183,0.02886977886977915
2232.HK,2023,walk_hard,3.1372549019607843,21.363636363636363,-1.466131907308378,-1.0681818181818181,-0.39795008912655994
2232.HK,2024,walk_hard,3.1034482758620685,17.272727272727273,-1.1912225705329156,-0.8636363636363638,-0.3275862068965518
2232.HK,2025,walk_hard,3.1746031746031744,23.75,-1.621031746031746,-1.1875,-0.43353174603174605
2238.HK,2022,walk_hard,4.324324324324325,21.363636363636363,-1.2125307125307123,-1.0681818181818183,-0.14434889434889397
2238.HK,2023,walk_hard,3.7254901960784315,21.363636363636363,-1.3404634581105168,-1.0681818181818181,-0.2722816399286987
2238.HK,2024,walk_hard,2.931034482758621,17.272727272727273,-1.2210031347962382,-0.8636363636363638,-0.3573667711598745
2238.HK,2025,walk_hard,3.333333333333334,23.75,-1.583333333333333,-1.1875,-0.39583333333333304
2252.HK,2022,walk_hard,0.21276595744680882,17.272727272727273,-1.690522243713733,-0.8636363636363636,-0.8268858800773694
2252.HK,2023,walk_hard,2.075471698113207,17.272727272727273,-1.3687821612349915,-0.8636363636363638,-0.5051457975986278
2252.HK,2024,walk_hard,5.5,21.363636363636363,-0.9613636363636364,-1.0681818181818181,0.1068181818181817
2252.HK,2025,walk_hard,6.521739130434783,16.25,-0.5652173913043478,-0.8125,0.24728260869565222
2259.HK,2025,walk_hard,7.586206896551724,46.25,-1.1163793103448276,-2.3125,1.1961206896551724
2268.HK,2023,walk_hard,3.9622641509433967,17.272727272727273,-1.0428816466552315,-0.8636363636363638,-0.17924528301886777
2268.HK,2024,walk_hard,4.833333333333333,21.363636363636363,-1.103787878787879,-1.0681818181818181,-0.03560606060606086
2268.HK,2025,walk_hard,4.492753623188406,16.25,-0.894927536231884,-0.8125,-0.08242753623188404
2269.HK,2022,walk_hard,4.680851063829787,17.272727272727273,-0.918762088974855,-0.8636363636363636,-0.05512572533849136
2269.HK,2023,walk_hard,4.339622641509434,17.272727272727273,-0.9777015437392795,-0.8636363636363638,-0.11406518010291578
2269.HK,2024,walk_hard,3.666666666666667,21.363636363636363,-1.3530303030303028,-1.0681818181818181,-0.2848484848484847
2269.HK,2025,walk_hard,3.623188405797102,16.25,-1.036231884057971,-0.8125,-0.22373188405797095
2273.HK,2022,walk_hard,7.872340425531915,17.272727272727273,-0.36750483558994196,-0.8636363636363636,0.4961315280464217
2273.HK,2023,walk_hard,7.169811320754718,17.272727272727273,-0.4888507718696396,-0.8636363636363638,0.37478559176672416
2273.HK,2024,walk_hard,7.333333333333334,21.363636363636363,-0.5696969696969696,-1.0681818181818181,0.49848484848484853
2273.HK,2025,walk_hard,7.391304347826086,16.25,-0.423913043478261,-0.8125,0.388586956521739
2276.HK,2022,walk_hard,3.4042553191489366,17.272727272727273,-1.1392649903288201,-0.8636363636363636,-0.27562862669245647
2276.HK,2023,walk_hard,2.6415094339622645,17.272727272727273,-1.2710120068610635,-0.8636363636363638,-0.40737564322469977
2276.HK,2024,walk_hard,2.666666666666667,21.363636363636363,-1.5666666666666667,-1.0681818181818181,-0.49848484848484853
2276.HK,2025,walk_hard,2.6086956521739135,16.25,-1.201086956521739,-0.8125,-0.388586956521739
2282.HK,2022,walk_hard,2.7027027027027026,21.363636363636363,-1.5589680589680588,-1.0681818181818183,-0.49078624078624045
2282.HK,2023,walk_hard,4.901960784313726,21.363636363636363,-1.089126559714795,-1.0681818181818181,-0.020944741532976874
2282.HK,2024,walk_hard,4.827586206896552,17.272727272727273,-0.8934169278996866,-0.8636363636363638,-0.029780564263322873
2282.HK,2025,walk_hard,5.396825396825397,23.75,-1.0932539682539681,-1.1875,0.09424603174603186
2285.HK,2022,walk_hard,8.823529411764707,37.72727272727273,-0.4438502673796789,-1.8863636363636365,1.4425133689839575
2285.HK,2023,walk_hard,8.5,33.63636363636364,-0.5045454545454546,-1.681818181818182,1.1772727272727275
2285.HK,2024,walk_hard,9.193548387096774,37.72727272727273,-0.3042521994134898,-1.8863636363636362,1.5821114369501466
2285.HK,2025,walk_hard,7.868852459016393,31.25,-0.6659836065573771,-1.5625,0.8965163934426229
2313.HK,2022,walk_hard,1.0810810810810811,21.363636363636363,-1.9054054054054055,-1.0681818181818183,-0.8372235872235871
2313.HK,2023,walk_hard,0.39215686274509776,21.363636363636363,-2.052584670231729,-1.0681818181818181,-0.9844028520499111
2313.HK,2024,walk_hard,0.5172413793103448,17.272727272727273,-1.6379310344827587,-0.8636363636363638,-0.7742946708463949
2313.HK,2025,walk_hard,0.31746031746031744,23.75,-2.2996031746031744,-1.1875,-1.1121031746031744
2314.HK,2022,walk_hard,3.928571428571429,45.90909090909091,-2.7873376623376624,-2.2954545454545454,-0.49188311688311703
2314.HK,2023,walk_hard,3.4482758620689657,45.90909090909091,-3.0078369905956106,-2.2954545454545454,-0.7123824451410652
2314.HK,2024,walk_hard,4.193548387096774,45.90909090909091,-2.665689149560117,-2.2954545454545454,-0.37023460410557174
2314.HK,2025,walk_hard,3.1034482758620685,46.25,-3.1896551724137936,-2.3125,-0.8771551724137936
2318.HK,2022,walk_hard,6.153846153846154,9.09090909090909,-0.3496503496503496,-0.4545454545454545,0.1048951048951049
2318.HK,2023,walk_hard,6.444444444444444,9.09090909090909,-0.32323232323232326,-0.4545454545454545,0.13131313131313122
2318.HK,2024,walk_hard,6.739130434782608,9.09090909090909,-0.2964426877470355,-0.4545454545454545,0.15810276679841895
2318.HK,2025,walk_hard,6.458333333333332,12.5,-0.4427083333333335,-0.625,0.18229166666666652
2319.HK,2022,walk_hard,5.0,29.545454545454543,-1.4772727272727273,-1.4772727272727273,0.0
2319.HK,2023,walk_hard,5.294117647058823,37.72727272727273,-1.7754010695187166,-1.8863636363636362,0.11096256684491967
2319.HK,2024,walk_hard,4.705882352941177,33.63636363636364,-1.7807486631016045,-1.6818181818181819,-0.09893048128342263
2319.HK,2025,walk_hard,4.848484848484849,38.75,-1.9962121212121213,-1.9375,-0.058712121212121327
2328.HK,2022,walk_hard,9.487179487179487,9.09090909090909,-0.04662004662004662,-0.4545454545454545,0.4079254079254079
2328.HK,2023,walk_hard,3.5555555555555554,9.09090909090909,-0.5858585858585859,-0.4545454545454545,-0.13131313131313138
2328.HK,2024,walk_hard,3.4782608695652173,9.09090909090909,-0.592885375494071,-0.4545454545454545,-0.13833992094861658
2328.HK,2025,walk_hard,3.333333333333334,12.5,-0.8333333333333333,-0.625,-0.20833333333333326
2331.HK,2022,walk_hard,10.0,21.363636363636363,-0.0,-1.0681818181818183,1.0681818181818183
2331.HK,2023,walk_hard,9.607843137254902,21.363636363636363,-0.08377896613190738,-1.0681818181818181,0.9844028520499107
2331.HK,2024,walk_hard,8.620689655172413,17.272727272727273,-0.23824451410658326,-0.8636363636363638,0.6253918495297806
2331.HK,2025,walk_hard,6.666666666666668,23.75,-0.7916666666666664,-1.1875,0.3958333333333336
2338.HK,2022,walk_hard,6.756756756756756,21.363636363636363,-0.692874692874693,-1.0681818181818183,0.3753071253071253
2338.HK,2023,walk_hard,5.294117647058823,21.363636363636363,-1.0053475935828877,-1.0681818181818181,0.0628342245989304
2338.HK,2024,walk_hard,5.0,17.272727272727273,-0.8636363636363638,-0.8636363636363638,0.0
2338.HK,2025,walk_hard,5.555555555555555,23.75,-1.0555555555555556,-1.1875,0.13194444444444442
2343.HK,2022,walk_hard,0.5882352941176472,37.72727272727273,-3.550802139037433,-1.8863636363636365,-1.6644385026737967
2343.HK,2023,walk_hard,0.16666666666666718,33.63636363636364,-3.3075757575757576,-1.681818181818182,-1.6257575757575755
2343.HK,2024,walk_hard,0.16129032258064502,37.72727272727273,-3.7118768328445753,-1.8863636363636362,-1.825513196480939
2343.HK,2025,walk_hard,0.16393442622950838,31.25,-3.073770491803279,-1.5625,-1.511270491803279
2356.HK,2022,walk_hard,5.384615384615384,9.09090909090909,-0.4195804195804196,-0.4545454545454545,0.03496503496503489
2356.HK,2023,walk_hard,4.888888888888889,9.09090909090909,-0.4646464646464646,-0.4545454545454545,-0.01010101010101011
2356.HK,2024,walk_hard,5.217391304347826,9.09090909090909,-0.4347826086956521,-0.4545454545454545,0.01976284584980237
2356.HK,2025,walk_hard,5.416666666666668,12.5,-0.5729166666666665,-0.625,0.05208333333333348
2357.HK,2022,walk_hard,6.470588235294117,37.72727272727273,-1.3315508021390376,-1.8863636363636365,0.5548128342245988
2357.HK,2023,walk_hard,5.833333333333332,33.63636363636364,-1.401515151515152,-1.681818181818182,0.28030303030303005
2357.HK,2024,walk_hard,5.64516129032258,37.72727272727273,-1.6429618768328447,-1.8863636363636362,0.24340175953079157
2357.HK,2025,walk_hard,4.754098360655737,31.25,-1.639344262295082,-1.5625,-0.07684426229508201
2359.HK,2022,walk_hard,4.25531914893617,17.272727272727273,-0.9922630560928434,-0.8636363636363636,-0.12862669245647973
2359.HK,2023,walk_hard,3.3962264150943398,17.272727272727273,-1.1406518010291595,-0.8636363636363638,-0.27701543739279577
2359.HK,2024,walk_hard,3.0000000000000004,21.363636363636363,-1.4954545454545454,-1.0681818181818181,-0.42727272727272725
2359.HK,2025,walk_hard,3.0434782608695654,16.25,-1.1304347826086956,-0.8125,-0.31793478260869557
2367.HK,2022,walk_hard,8.75,29.545454545454543,-0.3693181818181818,-1.4772727272727273,1.1079545454545454
2367.HK,2023,walk_hard,9.117647058823529,37.72727272727273,-0.3328877005347595,-1.8863636363636362,1.5534759358288768
2367.HK,2025,walk_hard,6.666666666666668,38.75,-1.2916666666666663,-1.9375,0.6458333333333337
2378.HK,2023,walk_hard,8.88888888888889,9.09090909090909,-0.10101010101010097,-0.4545454545454545,0.3535353535353535
2378.HK,2024,walk_hard,8.478260869565217,9.09090909090909,-0.13833992094861663,-0.4545454545454545,0.31620553359683784
2378.HK,2025,walk_hard,9.166666666666666,12.5,-0.10416666666666675,-0.625,0.5208333333333333
2380.HK,2022,walk_hard,1.578947368421053,50.0,-4.2105263157894735,-2.5,-1.7105263157894735
2380.HK,2023,walk_hard,1.9999999999999996,50.0,-4.0,-2.5,-1.5
2380.HK,2024,walk_hard,2.1052631578947367,50.0,-3.947368421052632,-2.5,-1.4473684210526319
2382.HK,2022,walk_hard,3.225806451612904,25.454545454545453,-1.724340175953079,-1.2727272727272727,-0.4516129032258063
2382.HK,2023,walk_hard,2.972972972972973,25.454545454545453,-1.7886977886977886,-1.2727272727272727,-0.5159705159705159
2382.HK,2024,walk_hard,2.083333333333334,25.454545454545453,-2.015151515151515,-1.2727272727272727,-0.7424242424242424
2382.HK,2025,walk_hard,1.8309859154929575,27.5,-2.2464788732394365,-1.375,-0.8714788732394365
2386.HK,2022,walk_hard,8.03921568627451,37.72727272727273,-0.7397504456327987,-1.8863636363636365,1.1466131907308377
2388.HK,2022,walk_hard,3.5897435897435894,9.09090909090909,-0.5827505827505827,-0.4545454545454545,-0.1282051282051282
2388.HK,2023,walk_hard,4.666666666666667,9.09090909090909,-0.48484848484848475,-0.4545454545454545,-0.030303030303030276
2388.HK,2024,walk_hard,4.782608695652174,9.09090909090909,-0.4743083003952569,-0.4545454545454545,-0.019762845849802424
2388.HK,2025,walk_hard,4.583333333333334,12.5,-0.6770833333333333,-0.625,-0.05208333333333326
2400.HK,2022,walk_hard,6.0,33.63636363636364,-1.3454545454545457,-1.6818181818181819,0.3363636363636362
2400.HK,2023,walk_hard,5.454545454545454,29.545454545454543,-1.3429752066115703,-1.4772727272727273,0.13429752066115697
2400.HK,2024,walk_hard,6.956521739130435,29.545454545454543,-0.8992094861660079,-1.4772727272727273,0.5780632411067194
2400.HK,2025,walk_hard,6.521739130434783,35.0,-1.217391304347826,-1.75,0.5326086956521741
2419.HK,2023,walk_hard,5.0,37.72727272727273,-1.8863636363636362,-1.8863636363636362,0.0
2419.HK,2024,walk_hard,6.176470588235294,33.63636363636364,-1.286096256684492,-1.6818181818181819,0.39572192513368987
2419.HK,2025,walk_hard,6.0606060606060606,38.75,-1.5265151515151516,-1.9375,0.4109848484848484
2423.HK,2022,walk_hard,7.777777777777778,13.181818181818182,-0.29292929292929293,-0.6590909090909091,0.36616161616161613
2423.HK,2023,walk_hard,6.829268292682926,13.181818181818182,-0.4179600886917962,-0.6590909090909091,0.24113082039911288
2423.HK,2024,walk_hard,6.923076923076923,13.181818181818182,-0.4055944055944055,-0.6590909090909091,0.25349650349650354
2423.HK,2025,walk_hard,7.631578947368421,20.0,-0.47368421052631576,-1.0,0.5263157894736843
2432.HK,2024,walk_hard,6.451612903225806,37.72727272727273,-1.338709677419355,-1.8863636363636362,0.5476539589442813
2432.HK,2025,walk_hard,7.704918032786885,31.25,-0.7172131147540983,-1.5625,0.8452868852459017
2460.HK,2023,walk_hard,7.0588235294117645,37.72727272727273,-1.1096256684491979,-1.8863636363636362,0.7767379679144384
2460.HK,2024,walk_hard,5.294117647058823,33.63636363636364,-1.5828877005347595,-1.6818181818181819,0.09893048128342241
2460.HK,2025,walk_hard,4.545454545454546,38.75,-2.1136363636363633,-1.9375,-0.1761363636363633
2473.HK,2023,walk_hard,5.555555555555555,9.09090909090909,-0.40404040404040403,-0.4545454545454545,0.05050505050505044
2473.HK,2024,walk_hard,4.130434782608695,9.09090909090909,-0.533596837944664,-0.4545454545454545,-0.07905138339920947
2473.HK,2025,walk_hard,4.166666666666666,12.5,-0.7291666666666667,-0.625,-0.10416666666666674
2476.HK,2023,walk_hard,0.8108108108108103,25.454545454545453,-2.3390663390663393,-1.2727272727272727,-1.0663390663390666
2476.HK,2024,walk_hard,0.625,25.454545454545453,-2.3863636363636362,-1.2727272727272727,-1.1136363636363635
2476.HK,2025,walk_hard,0.8450704225352113,27.5,-2.5176056338028165,-1.375,-1.1426056338028165
2477.HK,2022,walk_hard,9.0,33.63636363636364,-0.3363636363636364,-1.6818181818181819,1.3454545454545455
2477.HK,2023,walk_hard,5.909090909090908,29.545454545454543,-1.2086776859504134,-1.4772727272727273,0.26859504132231393
2477.HK,2024,walk_hard,6.086956521739131,29.545454545454543,-1.1561264822134385,-1.4772727272727273,0.3211462450592888
2477.HK,2025,walk_hard,5.6521739130434785,35.0,-1.5217391304347825,-1.75,0.22826086956521752
2498.HK,2023,walk_hard,5.135135135135135,25.454545454545453,-1.2383292383292384,-1.2727272727272727,0.03439803439803435
2498.HK,2024,walk_hard,3.75,25.454545454545453,-1.5909090909090908,-1.2727272727272727,-0.3181818181818181
2498.HK,2025,walk_hard,2.535211267605634,27.5,-2.0528169014084505,-1.375,-0.6778169014084505
2506.HK,2024,walk_hard,8.666666666666668,21.363636363636363,-0.2848484848484846,-1.0681818181818181,0.7833333333333335
2506.HK,2025,walk_hard,7.971014492753623,16.25,-0.32971014492753625,-0.8125,0.48278985507246375
2507.HK,2022,walk_hard,7.450980392156863,37.72727272727273,-0.961675579322638,-1.8863636363636365,0.9246880570409984
2507.HK,2023,walk_hard,8.666666666666668,33.63636363636364,-0.44848484848484815,-1.681818181818182,1.2333333333333338
2507.HK,2024,walk_hard,9.032258064516128,37.72727272727273,-0.365102639296188,-1.8863636363636362,1.5212609970674482
2507.HK,2025,walk_hard,8.032786885245901,31.25,-0.6147540983606559,-1.5625,0.9477459016393441
2510.HK,2024,walk_hard,0.6451612903225812,37.72727272727273,-3.5293255131964805,-1.8863636363636362,-1.6429618768328442
2510.HK,2025,walk_hard,0.49180327868852514,31.25,-2.971311475409836,-1.5625,-1.408811475409836
2513.HK,2025,walk_hard,7.183098591549295,27.5,-0.7746478873239439,-1.375,0.6003521126760561
2517.HK,2023,walk_hard,8.235294117647058,37.72727272727273,-0.665775401069519,-1.8863636363636362,1.2205882352941173
2517.HK,2024,walk_hard,7.647058823529411,33.63636363636364,-0.79144385026738,-1.6818181818181819,0.8903743315508019
2517.HK,2025,walk_hard,6.969696969696971,38.75,-1.1742424242424239,-1.9375,0.7632575757575761
2525.HK,2025,walk_hard,3.9682539682539684,23.75,-1.4325396825396826,-1.1875,-0.24503968253968256
2526.HK,2025,walk_hard,6.3768115942028984,16.25,-0.5887681159420289,-0.8125,0.22373188405797106
2533.HK,2024,walk_hard,5.208333333333332,25.454545454545453,-1.21969696969697,-1.2727272727272727,0.05303030303030276
2533.HK,2025,walk_hard,5.915492957746479,27.5,-1.1232394366197183,-1.375,0.25176056338028174
2555.HK,2023,walk_hard,8.823529411764707,37.72727272727273,-0.4438502673796789,-1.8863636363636362,1.4425133689839573
2555.HK,2024,walk_hard,8.529411764705882,33.63636363636364,-0.4946524064171124,-1.6818181818181819,1.1871657754010694
2555.HK,2025,walk_hard,7.878787878787879,38.75,-0.8219696969696969,-1.9375,1.1155303030303032
2556.HK,2024,walk_hard,6.041666666666668,25.454545454545453,-1.0075757575757571,-1.2727272727272727,0.2651515151515156
2556.HK,2025,walk_hard,7.887323943661972,27.5,-0.5809859154929576,-1.375,0.7940140845070424
2575.HK,2025,walk_hard,1.7391304347826086,16.25,-1.342391304347826,-0.8125,-0.5298913043478259
2577.HK,2022,walk_hard,0.0,25.454545454545453,-2.5454545454545454,-1.2727272727272727,-1.2727272727272727
2577.HK,2023,walk_hard,0.5405405405405406,25.454545454545453,-2.4078624078624076,-1.2727272727272727,-1.1351351351351349
2577.HK,2024,walk_hard,0.4166666666666663,25.454545454545453,-2.4393939393939394,-1.2727272727272727,-1.1666666666666667
2577.HK,2025,walk_hard,0.28169014084507005,27.5,-2.672535211267606,-1.375,-1.297535211267606
2580.HK,2025,walk_hard,5.081967213114754,31.25,-1.5368852459016396,-1.5625,0.025614754098360448
2583.HK,2025,walk_hard,7.142857142857143,23.75,-0.6785714285714285,-1.1875,0.5089285714285715
2586.HK,2024,walk_hard,8.958333333333334,25.454545454545453,-0.26515151515151497,-1.2727272727272727,1.0075757575757578
2586.HK,2025,walk_hard,9.295774647887324,27.5,-0.1936619718309859,-1.375,1.181338028169014
2588.HK,2022,walk_hard,10.0,37.72727272727273,-0.0,-1.8863636363636365,1.8863636363636365
2588.HK,2023,walk_hard,9.833333333333332,33.63636363636364,-0.05606060606060646,-1.681818181818182,1.6257575757575757
2588.HK,2024,walk_hard,10.0,37.72727272727273,-0.0,-1.8863636363636362,1.8863636363636362
2588.HK,2025,walk_hard,10.0,31.25,-0.0,-1.5625,1.5625
2589.HK,2025,walk_hard,3.0158730158730163,23.75,-1.6587301587301588,-1.1875,-0.47123015873015883
2590.HK,2025,walk_hard,9.436619718309858,27.5,-0.154929577464789,-1.375,1.220070422535211
2591.HK,2025,walk_hard,9.565217391304348,16.25,-0.0706521739130435,-0.8125,0.7418478260869565
2595.HK,2025,walk_hard,7.246376811594203,16.25,-0.447463768115942,-0.8125,0.365036231884058
2600.HK,2022,walk_hard,2.1428571428571432,45.90909090909091,-3.6071428571428568,-2.2954545454545454,-1.3116883116883113
2600.HK,2023,walk_hard,2.068965517241379,45.90909090909091,-3.641065830721003,-2.2954545454545454,-1.3456112852664575
2600.HK,2024,walk_hard,2.2580645161290325,45.90909090909091,-3.5542521994134897,-2.2954545454545454,-1.2587976539589443
2601.HK,2022,walk_hard,4.871794871794872,9.09090909090909,-0.46620046620046607,-0.4545454545454545,-0.011655011655011593
2601.HK,2023,walk_hard,5.333333333333333,9.09090909090909,-0.4242424242424242,-0.4545454545454545,0.030303030303030276
2601.HK,2024,walk_hard,5.869565217391304,9.09090909090909,-0.37549407114624506,-0.4545454545454545,0.07905138339920942
2601.HK,2025,walk_hard,5.208333333333332,12.5,-0.5989583333333335,-0.625,0.02604166666666652
2602.HK,2022,walk_hard,8.333333333333334,13.181818181818182,-0.2196969696969696,-0.6590909090909091,0.43939393939393945
2602.HK,2023,walk_hard,9.02439024390244,13.181818181818182,-0.1286031042128602,-0.6590909090909091,0.5304878048780488
2602.HK,2024,walk_hard,9.487179487179487,13.181818181818182,-0.06759906759906759,-0.6590909090909091,0.5914918414918415
2602.HK,2025,walk_hard,0.2631578947368418,20.0,-1.9473684210526314,-1.0,-0.9473684210526314
2607.HK,2024,walk_hard,9.166666666666666,21.363636363636363,-0.17803030303030315,-1.0681818181818181,0.8901515151515149
2607.HK,2025,walk_hard,9.27536231884058,16.25,-0.11775362318840575,-0.8125,0.6947463768115942
2609.HK,2025,walk_hard,4.202898550724638,16.25,-0.9420289855072465,-0.8125,-0.12952898550724645
2610.HK,2024,walk_hard,3.548387096774194,45.90909090909091,-2.9618768328445744,-2.2954545454545454,-0.666422287390029
2610.HK,2025,walk_hard,2.4137931034482762,46.25,-3.5086206896551726,-2.3125,-1.1961206896551726
2611.HK,2022,walk_hard,2.8205128205128203,9.09090909090909,-0.6526806526806526,-0.4545454545454545,-0.1981351981351981
2611.HK,2023,walk_hard,2.4444444444444446,9.09090909090909,-0.6868686868686867,-0.4545454545454545,-0.23232323232323226
2611.HK,2024,walk_hard,2.3913043478260865,9.09090909090909,-0.691699604743083,-0.4545454545454545,-0.23715415019762853
2611.HK,2025,walk_hard,1.6666666666666663,12.5,-1.0416666666666667,-0.625,-0.41666666666666674
2616.HK,2022,walk_hard,9.361702127659575,17.272727272727273,-0.11025145067698255,-0.8636363636363636,0.753384912959381
2616.HK,2023,walk_hard,8.679245283018869,17.272727272727273,-0.2281303602058318,-0.8636363636363638,0.635506003430532
2616.HK,2024,walk_hard,8.5,21.363636363636363,-0.3204545454545455,-1.0681818181818181,0.7477272727272726
2616.HK,2025,walk_hard,7.826086956521739,16.25,-0.35326086956521735,-0.8125,0.45923913043478265
2618.HK,2022,walk_hard,3.1372549019607843,37.72727272727273,-2.589126559714795,-1.8863636363636365,-0.7027629233511588
2618.HK,2023,walk_hard,3.1666666666666665,33.63636363636364,-2.298484848484849,-1.681818181818182,-0.6166666666666667
2618.HK,2024,walk_hard,3.387096774193549,37.72727272727273,-2.4948680351906156,-1.8863636363636362,-0.6085043988269794
2618.HK,2025,walk_hard,2.6229508196721305,31.25,-2.305327868852459,-1.5625,-0.742827868852459
2628.HK,2022,walk_hard,8.717948717948719,9.09090909090909,-0.11655011655011645,-0.4545454545454545,0.33799533799533804
2628.HK,2023,walk_hard,1.5555555555555556,9.09090909090909,-0.7676767676767676,-0.4545454545454545,-0.31313131313131315
2628.HK,2024,walk_hard,1.0869565217391308,9.09090909090909,-0.810276679841897,-0.4545454545454545,-0.3557312252964425
2628.HK,2025,walk_hard,2.5,12.5,-0.9375,-0.625,-0.3125
2632.HK,2025,walk_hard,3.661971830985915,27.5,-1.7429577464788732,-1.375,-0.36795774647887325
2635.HK,2025,walk_hard,7.746478873239436,27.5,-0.6197183098591551,-1.375,0.7552816901408449
2637.HK,2025,walk_hard,4.637681159420289,16.25,-0.871376811594203,-0.8125,-0.058876811594202993
2638.HK,2021,walk_hard,0.0,50.0,-5.0,-5.0,0.0
2638.HK,2022,walk_hard,3.68421052631579,50.0,-3.1578947368421053,-2.5,-0.6578947368421053
2638.HK,2023,walk_hard,2.5,50.0,-3.75,-2.5,-1.25
2638.HK,2024,walk_hard,2.6315789473684212,50.0,-3.6842105263157894,-2.5,-1.1842105263157894
2643.HK,2025,walk_hard,2.95774647887324,27.5,-1.936619718309859,-1.375,-0.561619718309859
2650.HK,2025,walk_hard,8.196721311475411,31.25,-0.5635245901639341,-1.5625,0.9989754098360659
2652.HK,2023,walk_hard,3.018867924528302,17.272727272727273,-1.2058319039451115,-0.8636363636363638,-0.34219554030874777
2652.HK,2024,walk_hard,3.1666666666666665,21.363636363636363,-1.459848484848485,-1.0681818181818181,-0.39166666666666683
2652.HK,2025,walk_hard,1.159420289855072,16.25,-1.4365942028985506,-0.8125,-0.6240942028985506
2655.HK,2025,walk_hard,9.375,50.0,-0.3125,-2.5,2.1875
2656.HK,2025,walk_hard,9.130434782608695,16.25,-0.141304347826087,-0.8125,0.671195652173913
2659.HK,2025,walk_hard,0.1449275362318836,16.25,-1.601449275362319,-0.8125,-0.7889492753623191
2661.HK,2023,walk_hard,9.433962264150944,17.272727272727273,-0.09777015437392786,-0.8636363636363638,0.7658662092624359
2661.HK,2024,walk_hard,9.833333333333332,21.363636363636363,-0.035606060606060856,-1.0681818181818181,1.0325757575757573
2661.HK,2025,walk_hard,10.0,16.25,-0.0,-0.8125,0.8125
2665.HK,2025,walk_hard,3.098591549295775,27.5,-1.8978873239436618,-1.375,-0.5228873239436618
2666.HK,2022,walk_hard,1.5384615384615385,9.09090909090909,-0.7692307692307692,-0.4545454545454545,-0.3146853146853147
2666.HK,2023,walk_hard,0.0,9.09090909090909,-0.9090909090909091,-0.4545454545454545,-0.4545454545454546
2666.HK,2024,walk_hard,0.0,9.09090909090909,-0.9090909090909091,-0.4545454545454545,-0.4545454545454546
2666.HK,2025,walk_hard,0.0,12.5,-1.25,-0.625,-0.625
2669.HK,2022,walk_hard,0.0,13.181818181818182,-1.3181818181818181,-0.6590909090909091,-0.6590909090909091
2669.HK,2023,walk_hard,0.24390243902439046,13.181818181818182,-1.286031042128603,-0.6590909090909091,-0.6269401330376939
2669.HK,2024,walk_hard,0.2564102564102566,13.181818181818182,-1.2843822843822843,-0.6590909090909091,-0.6252913752913752
2669.HK,2025,walk_hard,0.5263157894736847,20.0,-1.894736842105263,-1.0,-0.894736842105263
2670.HK,2025,walk_hard,9.508196721311474,31.25,-0.15368852459016424,-1.5625,1.4088114754098358
2675.HK,2025,walk_hard,7.536231884057971,16.25,-0.40036231884057977,-0.8125,0.41213768115942023
2685.HK,2025,walk_hard,9.523809523809524,23.75,-0.11309523809523812,-1.1875,1.0744047619047619
2687.HK,2025,walk_hard,8.873239436619718,27.5,-0.30985915492957755,-1.375,1.0651408450704225
2688.HK,2022,walk_hard,8.947368421052632,50.0,-0.5263157894736841,-2.5,1.973684210526316
2688.HK,2023,walk_hard,9.5,50.0,-0.25,-2.5,2.25
2688.HK,2024,walk_hard,8.947368421052632,50.0,-0.5263157894736841,-2.5,1.973684210526316
2688.HK,2025,walk_hard,8.75,50.0,-0.625,-2.5,1.875
2689.HK,2022,walk_hard,3.571428571428571,45.90909090909091,-2.9512987012987013,-2.2954545454545454,-0.6558441558441559
2689.HK,2023,walk_hard,3.1034482758620685,45.90909090909091,-3.1661442006269596,-2.2954545454545454,-0.8706896551724141
2689.HK,2024,walk_hard,3.225806451612904,45.90909090909091,-3.109970674486803,-2.2954545454545454,-0.8145161290322576
2696.HK,2022,walk_hard,6.382978723404255,17.272727272727273,-0.6247582205029014,-0.8636363636363636,0.23887814313346223
2696.HK,2023,walk_hard,6.981132075471699,17.272727272727273,-0.5214408233276157,-0.8636363636363638,0.3421955403087481
2696.HK,2024,walk_hard,6.5,21.363636363636363,-0.7477272727272727,-1.0681818181818181,0.32045454545454544
2696.HK,2025,walk_hard,6.811594202898551,16.25,-0.5181159420289855,-0.8125,0.2943840579710145
2698.HK,2025,walk_hard,1.2121212121212122,38.75,-3.40530303030303,-1.9375,-1.4678030303030298
2706.HK,2025,walk_hard,9.014084507042254,27.5,-0.2711267605633802,-1.375,1.1038732394366197
2714.HK,2023,walk_hard,0.5882352941176472,37.72727272727273,-3.550802139037433,-1.8863636363636362,-1.664438502673797
2714.HK,2024,walk_hard,0.5882352941176472,33.63636363636364,-3.165775401069519,-1.6818181818181819,-1.483957219251337
2714.HK,2025,walk_hard,0.9090909090909094,38.75,-3.5227272727272725,-1.9375,-1.5852272727272725
2718.HK,2025,walk_hard,7.605633802816901,27.5,-0.6584507042253521,-1.375,0.7165492957746479
2726.HK,2025,walk_hard,0.9859154929577463,27.5,-2.47887323943662,-1.375,-1.10387323943662
2727.HK,2022,walk_hard,8.235294117647058,37.72727272727273,-0.665775401069519,-1.8863636363636365,1.2205882352941173
2727.HK,2023,walk_hard,8.333333333333334,33.63636363636364,-0.5606060606060604,-1.681818181818182,1.1212121212121215
2727.HK,2024,walk_hard,8.387096774193548,37.72727272727273,-0.6085043988269796,-1.8863636363636362,1.2778592375366566
2727.HK,2025,walk_hard,7.213114754098361,31.25,-0.8709016393442623,-1.5625,0.6915983606557377
2729.HK,2024,walk_hard,8.333333333333334,25.454545454545453,-0.4242424242424241,-1.2727272727272727,0.8484848484848486
2729.HK,2025,walk_hard,8.169014084507042,27.5,-0.5035211267605635,-1.375,0.8714788732394365
2778.HK,2022,walk_hard,3.8888888888888884,13.181818181818182,-0.8055555555555556,-0.6590909090909091,-0.14646464646464652
2778.HK,2023,walk_hard,4.146341463414634,13.181818181818182,-0.7716186252771619,-0.6590909090909091,-0.11252771618625279
2778.HK,2024,walk_hard,4.3589743589743595,13.181818181818182,-0.7435897435897435,-0.6590909090909091,-0.08449883449883444
2778.HK,2025,walk_hard,5.2631578947368425,20.0,-0.9473684210526315,-1.0,0.052631578947368474
2788.HK,2024,walk_hard,1.2903225806451613,45.90909090909091,-3.9985337243401755,-2.2954545454545454,-1.70307917888563
2788.HK,2025,walk_hard,1.0344827586206895,46.25,-4.146551724137931,-2.3125,-1.8340517241379306
2799.HK,2022,walk_hard,0.0,9.09090909090909,-0.9090909090909091,-0.4545454545454545,-0.4545454545454546
2799.HK,2025,walk_hard,0.4166666666666663,12.5,-1.1979166666666667,-0.625,-0.5729166666666667
2858.HK,2022,walk_hard,7.948717948717949,9.09090909090909,-0.18648018648018647,-0.4545454545454545,0.268065268065268
2858.HK,2023,walk_hard,8.666666666666668,9.09090909090909,-0.12121212121212109,-0.4545454545454545,0.33333333333333337
2858.HK,2024,walk_hard,9.130434782608695,9.09090909090909,-0.07905138339920952,-0.4545454545454545,0.37549407114624495
2858.HK,2025,walk_hard,8.541666666666666,12.5,-0.18229166666666674,-0.625,0.44270833333333326
2869.HK,2022,walk_hard,9.722222222222221,13.181818181818182,-0.03661616161616172,-0.6590909090909091,0.6224747474747473
2869.HK,2023,walk_hard,9.75609756097561,13.181818181818182,-0.032150776053215105,-0.6590909090909091,0.6269401330376939
2869.HK,2024,walk_hard,9.743589743589743,13.181818181818182,-0.03379953379953391,-0.6590909090909091,0.6252913752913751
2869.HK,2025,walk_hard,9.736842105263158,20.0,-0.052631578947368494,-1.0,0.9473684210526315
2877.HK,2022,walk_hard,2.127659574468085,17.272727272727273,-1.3597678916827853,-0.8636363636363636,-0.4961315280464217
2877.HK,2023,walk_hard,1.8867924528301883,17.272727272727273,-1.4013722126929673,-0.8636363636363638,-0.5377358490566035
2877.HK,2024,walk_hard,2.333333333333333,21.363636363636363,-1.6378787878787877,-1.0681818181818181,-0.5696969696969696
2877.HK,2025,walk_hard,1.8840579710144922,16.25,-1.318840579710145,-0.8125,-0.506340579710145
2883.HK,2022,walk_hard,6.428571428571428,41.81818181818182,-1.4935064935064937,-2.090909090909091,0.5974025974025972
2883.HK,2023,walk_hard,7.142857142857143,41.81818181818182,-1.1948051948051948,-2.090909090909091,0.8961038961038961
2883.HK,2024,walk_hard,6.923076923076923,41.81818181818182,-1.2867132867132867,-2.090909090909091,0.8041958041958042
2883.HK,2025,walk_hard,6.666666666666668,42.5,-1.4166666666666663,-2.125,0.7083333333333337
2888.HK,2022,walk_hard,4.615384615384616,9.09090909090909,-0.48951048951048937,-0.4545454545454545,-0.03496503496503489
2888.HK,2023,walk_hard,5.777777777777777,9.09090909090909,-0.38383838383838387,-0.4545454545454545,0.07070707070707061
2888.HK,2024,walk_hard,5.434782608695652,9.09090909090909,-0.4150197628458498,-0.4545454545454545,0.03952569169960468
2888.HK,2025,walk_hard,4.791666666666666,12.5,-0.6510416666666667,-0.625,-0.02604166666666674
2889.HK,2023,walk_hard,6.486486486486487,25.454545454545453,-0.8943488943488943,-1.2727272727272727,0.3783783783783784
2889.HK,2024,walk_hard,5.833333333333332,25.454545454545453,-1.060606060606061,-1.2727272727272727,0.2121212121212117
2889.HK,2025,walk_hard,4.929577464788732,27.5,-1.3943661971830985,-1.375,-0.01936619718309851
2899.HK,2022,walk_hard,6.7857142857142865,45.90909090909091,-1.4756493506493502,-2.2954545454545454,0.8198051948051952
2899.HK,2023,walk_hard,6.8965517241379315,45.90909090909091,-1.4247648902821313,-2.2954545454545454,0.8706896551724141
2899.HK,2024,walk_hard,7.741935483870968,45.90909090909091,-1.036656891495601,-2.2954545454545454,1.2587976539589445
2899.HK,2025,walk_hard,7.241379310344827,46.25,-1.2758620689655173,-2.3125,1.0366379310344827
3277.HK,2024,walk_hard,5.0,25.454545454545453,-1.2727272727272727,-1.2727272727272727,0.0
3277.HK,2025,walk_hard,4.507042253521126,27.5,-1.5105633802816902,-1.375,-0.13556338028169024
3288.HK,2023,walk_hard,4.411764705882353,37.72727272727273,-2.1082887700534756,-1.8863636363636362,-0.22192513368983935
3288.HK,2024,walk_hard,4.117647058823529,33.63636363636364,-1.9786096256684496,-1.6818181818181819,-0.2967914438502677
3288.HK,2025,walk_hard,3.9393939393939394,38.75,-2.3484848484848486,-1.9375,-0.4109848484848486
3306.HK,2023,walk_hard,9.411764705882353,21.363636363636363,-0.12566844919786088,-1.0681818181818181,0.9425133689839572
3306.HK,2024,walk_hard,9.655172413793103,17.272727272727273,-0.059561128526645815,-0.8636363636363638,0.8040752351097179
3306.HK,2025,walk_hard,7.619047619047619,23.75,-0.5654761904761906,-1.1875,0.6220238095238094
3306.HK,2026,walk_hard,6.666666666666668,33.125,-1.1041666666666663,-1.65625,0.5520833333333337
3311.HK,2022,walk_hard,4.313725490196079,37.72727272727273,-2.1452762923351156,-1.8863636363636365,-0.25891265597147917
3311.HK,2023,walk_hard,4.333333333333334,33.63636363636364,-1.906060606060606,-1.681818181818182,-0.2242424242424239
3311.HK,2024,walk_hard,4.67741935483871,37.72727272727273,-2.008064516129032,-1.8863636363636362,-0.12170087976539579
3311.HK,2025,walk_hard,3.60655737704918,31.25,-1.9979508196721312,-1.5625,-0.4354508196721312
3317.HK,2024,walk_hard,8.541666666666666,25.454545454545453,-0.3712121212121213,-1.2727272727272727,0.9015151515151514
3317.HK,2025,walk_hard,9.154929577464788,27.5,-0.23239436619718326,-1.375,1.1426056338028168
3320.HK,2024,walk_hard,7.166666666666667,21.363636363636363,-0.6053030303030302,-1.0681818181818181,0.4628787878787879
3323.HK,2022,walk_hard,1.071428571428571,45.90909090909091,-4.099025974025974,-2.2954545454545454,-1.8035714285714284
3323.HK,2023,walk_hard,1.0344827586206895,45.90909090909091,-4.115987460815046,-2.2954545454545454,-1.8205329153605008
3323.HK,2024,walk_hard,0.6451612903225812,45.90909090909091,-4.294721407624633,-2.2954545454545454,-1.9992668621700873
3323.HK,2025,walk_hard,0.34482758620689613,46.25,-4.4655172413793105,-2.3125,-2.1530172413793105
3330.HK,2022,walk_hard,7.857142857142857,45.90909090909091,-0.9837662337662338,-2.2954545454545454,1.3116883116883116
3330.HK,2023,walk_hard,8.620689655172413,45.90909090909091,-0.6332288401253923,-2.2954545454545454,1.6622257053291531
3330.HK,2024,walk_hard,8.709677419354838,45.90909090909091,-0.5923753665689152,-2.2954545454545454,1.70307917888563
3330.HK,2025,walk_hard,9.310344827586206,46.25,-0.31896551724137956,-2.3125,1.9935344827586206
3339.HK,2025,walk_hard,3.442622950819673,31.25,-2.0491803278688523,-1.5625,-0.4866803278688523
3355.HK,2025,walk_hard,5.070422535211268,27.5,-1.3556338028169015,-1.375,0.01936619718309851
3360.HK,2021,walk_hard,8.333333333333334,20.0,-0.3333333333333332,-0.3333333333333332,0.0
3360.HK,2022,walk_hard,0.2564102564102566,9.09090909090909,-0.8857808857808855,-0.4545454545454545,-0.43123543123543107
3360.HK,2023,walk_hard,0.22222222222222254,9.09090909090909,-0.8888888888888887,-0.4545454545454545,-0.43434343434343425
3360.HK,2024,walk_hard,0.6521739130434778,9.09090909090909,-0.8498023715415018,-0.4545454545454545,-0.39525691699604737
3380.HK,2022,walk_hard,7.5,13.181818181818182,-0.32954545454545453,-0.6590909090909091,0.32954545454545453
3380.HK,2023,walk_hard,8.536585365853659,13.181818181818182,-0.1929046563192904,-0.6590909090909091,0.4661862527716186
3380.HK,2024,walk_hard,8.205128205128204,13.181818181818182,-0.2365967365967367,-0.6590909090909091,0.42249417249417237
3380.HK,2025,walk_hard,8.157894736842104,20.0,-0.3684210526315791,-1.0,0.6315789473684209
3393.HK,2025,walk_hard,8.524590163934427,31.25,-0.4610655737704916,-1.5625,1.1014344262295084
3396.HK,2022,walk_hard,4.516129032258065,25.454545454545453,-1.3958944281524923,-1.2727272727272727,-0.12316715542521961
3396.HK,2023,walk_hard,4.594594594594595,25.454545454545453,-1.375921375921376,-1.2727272727272727,-0.10319410319410327
3396.HK,2024,walk_hard,2.916666666666666,25.454545454545453,-1.8030303030303032,-1.2727272727272727,-0.5303030303030305
3396.HK,2025,walk_hard,2.394366197183099,27.5,-2.0915492957746475,-1.375,-0.7165492957746475
3606.HK,2022,walk_hard,0.27027027027026973,21.363636363636363,-2.0786240786240784,-1.0681818181818183,-1.01044226044226
3606.HK,2023,walk_hard,0.19607843137254943,21.363636363636363,-2.0944741532976825,-1.0681818181818181,-1.0262923351158644
3606.HK,2024,walk_hard,0.17241379310344862,17.272727272727273,-1.6974921630094044,-0.8636363636363638,-0.8338557993730407
3606.HK,2025,walk_hard,0.15873015873015928,23.75,-2.337301587301587,-1.1875,-1.149801587301587
3613.HK,2023,walk_hard,8.11320754716981,17.272727272727273,-0.32590051457975994,-0.8636363636363638,0.5377358490566038
3613.HK,2024,walk_hard,8.166666666666666,21.363636363636363,-0.3916666666666668,-1.0681818181818181,0.6765151515151513
3613.HK,2025,walk_hard,8.26086956521739,16.25,-0.282608695652174,-0.8125,0.5298913043478259
3618.HK,2025,walk_hard,3.958333333333334,12.5,-0.7552083333333333,-0.625,-0.13020833333333326
3625.HK,2023,walk_hard,8.108108108108107,25.454545454545453,-0.48157248157248184,-1.2727272727272727,0.7911547911547909
3625.HK,2024,walk_hard,8.75,25.454545454545453,-0.3181818181818182,-1.2727272727272727,0.9545454545454546
3625.HK,2025,walk_hard,8.591549295774648,27.5,-0.3873239436619718,-1.375,0.9876760563380282
3633.HK,2022,walk_hard,8.421052631578947,50.0,-0.7894736842105265,-2.5,1.7105263157894735
3633.HK,2023,walk_hard,8.0,50.0,-1.0,-2.5,1.5
3633.HK,2024,walk_hard,8.421052631578947,50.0,-0.7894736842105265,-2.5,1.7105263157894735
3633.HK,2025,walk_hard,7.5,50.0,-1.25,-2.5,1.25
3660.HK,2022,walk_hard,8.461538461538462,9.09090909090909,-0.13986013986013984,-0.4545454545454545,0.31468531468531463
3660.HK,2023,walk_hard,9.333333333333334,9.09090909090909,-0.060606060606060545,-0.4545454545454545,0.3939393939393939
3660.HK,2024,walk_hard,9.347826086956522,9.09090909090909,-0.059288537549407126,-0.4545454545454545,0.39525691699604737
3660.HK,2025,walk_hard,8.75,12.5,-0.15625,-0.625,0.46875
3677.HK,2024,walk_hard,0.34482758620689613,17.272727272727273,-1.6677115987460815,-0.8636363636363638,-0.8040752351097178
3677.HK,2025,walk_hard,0.4761904761904767,23.75,-2.261904761904762,-1.1875,-1.0744047619047619
3690.HK,2024,walk_hard,7.758620689655173,17.272727272727273,-0.3871473354231975,-0.8636363636363638,0.47648902821316624
3690.HK,2025,walk_hard,7.936507936507937,23.75,-0.49007936507936506,-1.1875,0.6974206349206349
3692.HK,2022,walk_hard,5.319148936170213,17.272727272727273,-0.8085106382978724,-0.8636363636363636,0.05512572533849125
3692.HK,2023,walk_hard,5.09433962264151,17.272727272727273,-0.8473413379073755,-0.8636363636363638,0.01629502572898822
3692.HK,2024,walk_hard,4.666666666666667,21.363636363636363,-1.1393939393939394,-1.0681818181818181,-0.07121212121212128
3692.HK,2025,walk_hard,4.782608695652174,16.25,-0.8478260869565217,-0.8125,-0.03532608695652173
3696.HK,2025,walk_hard,8.115942028985508,16.25,-0.306159420289855,-0.8125,0.506340579710145
3698.HK,2022,walk_hard,5.6410256410256405,9.09090909090909,-0.3962703962703963,-0.4545454545454545,0.05827505827505819
3698.HK,2023,walk_hard,9.555555555555555,9.09090909090909,-0.040404040404040414,-0.4545454545454545,0.41414141414141403
3698.HK,2024,walk_hard,9.565217391304348,9.09090909090909,-0.03952569169960476,-0.4545454545454545,0.41501976284584974
3698.HK,2025,walk_hard,9.375,12.5,-0.078125,-0.625,0.546875
3738.HK,2022,walk_hard,9.35483870967742,25.454545454545453,-0.1642228739002931,-1.2727272727272727,1.1085043988269796
3738.HK,2023,walk_hard,9.18918918918919,25.454545454545453,-0.2063882063882063,-1.2727272727272727,1.0663390663390664
3738.HK,2024,walk_hard,9.375,25.454545454545453,-0.1590909090909091,-1.2727272727272727,1.1136363636363635
3738.HK,2025,walk_hard,9.577464788732396,27.5,-0.11619718309859114,-1.375,1.258802816901409
3750.HK,2024,walk_hard,3.0645161290322576,37.72727272727273,-2.6165689149560114,-1.8863636363636362,-0.7302052785923752
3750.HK,2025,walk_hard,2.1311475409836067,31.25,-2.459016393442623,-1.5625,-0.896516393442623
3800.HK,2022,walk_hard,0.6451612903225812,25.454545454545453,-2.381231671554252,-1.2727272727272727,-1.1085043988269792
3800.HK,2023,walk_hard,0.0,25.454545454545453,-2.5454545454545454,-1.2727272727272727,-1.2727272727272727
3800.HK,2024,walk_hard,0.0,25.454545454545453,-2.5454545454545454,-1.2727272727272727,-1.2727272727272727
3800.HK,2025,walk_hard,0.0,27.5,-2.75,-1.375,-1.375
3808.HK,2023,walk_hard,6.5,33.63636363636364,-1.1772727272727275,-1.681818181818182,0.5045454545454546
3808.HK,2024,walk_hard,6.774193548387098,37.72727272727273,-1.2170087976539585,-1.8863636363636362,0.6693548387096777
3808.HK,2025,walk_hard,4.918032786885246,31.25,-1.5881147540983604,-1.5625,-0.025614754098360448
3858.HK,2025,walk_hard,4.827586206896552,46.25,-2.3922413793103448,-2.3125,-0.07974137931034475
3868.HK,2022,walk_hard,6.842105263157895,50.0,-1.5789473684210527,-2.5,0.9210526315789473
3868.HK,2023,walk_hard,6.5,50.0,-1.75,-2.5,0.75
3868.HK,2024,walk_hard,6.315789473684211,50.0,-1.8421052631578947,-2.5,0.6578947368421053
3868.HK,2025,walk_hard,4.375,50.0,-2.8125,-2.5,-0.3125
3877.HK,2022,walk_hard,9.607843137254902,37.72727272727273,-0.14795008912655985,-1.8863636363636365,1.7384135472370765
3877.HK,2023,walk_hard,9.5,33.63636363636364,-0.1681818181818182,-1.681818181818182,1.513636363636364
3877.HK,2024,walk_hard,9.67741935483871,37.72727272727273,-0.12170087976539579,-1.8863636363636362,1.7646627565982405
3881.HK,2025,walk_hard,9.01639344262295,31.25,-0.30737704918032793,-1.5625,1.255122950819672
3887.HK,2025,walk_hard,7.291666666666668,12.5,-0.3385416666666665,-0.625,0.2864583333333335
3888.HK,2022,walk_hard,5.5,33.63636363636364,-1.5136363636363637,-1.6818181818181819,0.1681818181818182
3888.HK,2023,walk_hard,5.0,29.545454545454543,-1.4772727272727273,-1.4772727272727273,0.0
3888.HK,2024,walk_hard,5.6521739130434785,29.545454545454543,-1.284584980237154,-1.4772727272727273,0.19268774703557323
3888.HK,2025,walk_hard,5.217391304347826,35.0,-1.673913043478261,-1.75,0.07608695652173902
3896.HK,2022,walk_hard,5.483870967741935,25.454545454545453,-1.1495601173020529,-1.2727272727272727,0.12316715542521983
3896.HK,2023,walk_hard,4.324324324324325,25.454545454545453,-1.4447174447174447,-1.2727272727272727,-0.17199017199017197
3896.HK,2024,walk_hard,3.125,25.454545454545453,-1.75,-1.2727272727272727,-0.4772727272727273
3896.HK,2025,walk_hard,2.816901408450704,27.5,-1.9753521126760563,-1.375,-0.6003521126760563
3898.HK,2023,walk_hard,5.5,33.63636363636364,-1.5136363636363637,-1.681818181818182,0.16818181818181843
3898.HK,2024,walk_hard,5.483870967741935,37.72727272727273,-1.7038123167155428,-1.8863636363636362,0.18255131964809346
3898.HK,2025,walk_hard,3.7704918032786883,31.25,-1.94672131147541,-1.5625,-0.38422131147541005
3899.HK,2022,walk_hard,10.0,41.81818181818182,-0.0,-2.090909090909091,2.090909090909091
3899.HK,2023,walk_hard,10.0,41.81818181818182,-0.0,-2.090909090909091,2.090909090909091
3899.HK,2024,walk_hard,9.230769230769232,41.81818181818182,-0.32167832167832133,-2.090909090909091,1.7692307692307696
3899.HK,2025,walk_hard,10.0,42.5,-0.0,-2.125,2.125
3900.HK,2022,walk_hard,8.88888888888889,13.181818181818182,-0.1464646464646464,-0.6590909090909091,0.5126262626262627
3900.HK,2023,walk_hard,8.78048780487805,13.181818181818182,-0.16075388026607532,-0.6590909090909091,0.49833702882483377
3900.HK,2024,walk_hard,8.717948717948719,13.181818181818182,-0.16899766899766885,-0.6590909090909091,0.4900932400932402
3900.HK,2025,walk_hard,9.210526315789473,20.0,-0.15789473684210548,-1.0,0.8421052631578945
3908.HK,2022,walk_hard,7.435897435897436,9.09090909090909,-0.23310023310023303,-0.4545454545454545,0.22144522144522144
3908.HK,2023,walk_hard,6.222222222222222,9.09090909090909,-0.34343434343434337,-0.4545454545454545,0.1111111111111111
3908.HK,2024,walk_hard,5.0,9.09090909090909,-0.45454545454545453,-0.4545454545454545,-5.551115123125783e-17
3908.HK,2025,walk_hard,5.0,12.5,-0.625,-0.625,0.0
3918.HK,2022,walk_hard,5.675675675675675,21.363636363636363,-0.9238329238329238,-1.0681818181818183,0.14434889434889453
3918.HK,2023,walk_hard,4.705882352941177,21.363636363636363,-1.1310160427807485,-1.0681818181818181,-0.0628342245989304
3918.HK,2024,walk_hard,4.137931034482759,17.272727272727273,-1.0125391849529781,-0.8636363636363638,-0.14890282131661436
3918.HK,2025,walk_hard,5.079365079365079,23.75,-1.1686507936507937,-1.1875,0.018849206349206282
3931.HK,2022,walk_hard,2.1568627450980395,37.72727272727273,-2.9590017825311943,-1.8863636363636365,-1.0726381461675578
3931.HK,2023,walk_hard,1.8333333333333335,33.63636363636364,-2.746969696969697,-1.681818181818182,-1.065151515151515
3931.HK,2024,walk_hard,1.7741935483870963,37.72727272727273,-3.1033724340175954,-1.8863636363636362,-1.2170087976539592
3931.HK,2025,walk_hard,1.4754098360655743,31.25,-2.663934426229508,-1.5625,-1.101434426229508
3933.HK,2022,walk_hard,0.4255319148936165,17.272727272727273,-1.653771760154739,-0.8636363636363636,-0.7901353965183754
3933.HK,2023,walk_hard,0.0,17.272727272727273,-1.7272727272727275,-0.8636363636363638,-0.8636363636363638
3933.HK,2024,walk_hard,0.33333333333333326,21.363636363636363,-2.065151515151515,-1.0681818181818181,-0.9969696969696968
3933.HK,2025,walk_hard,0.2898550724637683,16.25,-1.5778985507246377,-0.8125,-0.7653985507246377
3939.HK,2022,walk_hard,5.357142857142857,45.90909090909091,-2.1314935064935066,-2.2954545454545454,0.16396103896103886
3939.HK,2023,walk_hard,5.862068965517242,45.90909090909091,-1.8996865203761752,-2.2954545454545454,0.39576802507837017
3939.HK,2024,walk_hard,6.129032258064516,45.90909090909091,-1.7771260997067448,-2.2954545454545454,0.5183284457478006
3939.HK,2025,walk_hard,6.206896551724138,46.25,-1.7543103448275863,-2.3125,0.5581896551724137
3968.HK,2022,walk_hard,2.564102564102564,9.09090909090909,-0.675990675990676,-0.4545454545454545,-0.2214452214452215
3968.HK,2023,walk_hard,2.2222222222222223,9.09090909090909,-0.707070707070707,-0.4545454545454545,-0.2525252525252525
3968.HK,2024,walk_hard,1.7391304347826086,9.09090909090909,-0.75098814229249,-0.4545454545454545,-0.2964426877470355
3968.HK,2025,walk_hard,1.4583333333333337,12.5,-1.0677083333333333,-0.625,-0.44270833333333326
3969.HK,2022,walk_hard,8.627450980392158,37.72727272727273,-0.5178253119429584,-1.8863636363636365,1.368538324420678
3969.HK,2023,walk_hard,8.833333333333332,33.63636363636364,-0.39242424242424284,-1.681818181818182,1.2893939393939393
3986.HK,2024,walk_hard,7.5,25.454545454545453,-0.6363636363636364,-1.2727272727272727,0.6363636363636364
3986.HK,2025,walk_hard,6.76056338028169,27.5,-0.8908450704225352,-1.375,0.48415492957746475
3988.HK,2022,walk_hard,1.0256410256410253,9.09090909090909,-0.8158508158508159,-0.4545454545454545,-0.3613053613053614
3988.HK,2023,walk_hard,0.444444444444444,9.09090909090909,-0.8686868686868685,-0.4545454545454545,-0.41414141414141403
3988.HK,2024,walk_hard,1.3043478260869568,9.09090909090909,-0.7905138339920947,-0.4545454545454545,-0.33596837944664026
3993.HK,2022,walk_hard,8.928571428571429,45.90909090909091,-0.4918831168831167,-2.2954545454545454,1.8035714285714288
3993.HK,2023,walk_hard,9.310344827586206,45.90909090909091,-0.31661442006269613,-2.2954545454545454,1.9788401253918493
3993.HK,2024,walk_hard,9.032258064516128,45.90909090909091,-0.4442815249266866,-2.2954545454545454,1.8511730205278587
3993.HK,2025,walk_hard,8.620689655172413,46.25,-0.6379310344827591,-2.3125,1.6745689655172409
3996.HK,2021,walk_hard,5.0,35.0,-1.75,-2.0416666666666665,0.2916666666666665
3996.HK,2022,walk_hard,2.9411764705882346,37.72727272727273,-2.663101604278075,-1.8863636363636365,-0.7767379679144384
3996.HK,2023,walk_hard,2.5,33.63636363636364,-2.522727272727273,-1.681818181818182,-0.8409090909090908
3996.HK,2024,walk_hard,4.032258064516129,37.72727272727273,-2.251466275659824,-1.8863636363636362,-0.3651026392961878
3998.HK,2023,walk_hard,7.254901960784314,21.363636363636363,-0.5864527629233511,-1.0681818181818181,0.481729055258467
3998.HK,2024,walk_hard,6.8965517241379315,17.272727272727273,-0.5360501567398118,-0.8636363636363638,0.32758620689655193
3998.HK,2025,walk_hard,6.507936507936508,23.75,-0.8293650793650794,-1.1875,0.3581349206349206
3998.HK,2026,walk_hard,5.0,33.125,-1.65625,-1.65625,0.0
6030.HK,2022,walk_hard,6.666666666666668,9.09090909090909,-0.3030303030303029,-0.4545454545454545,0.15151515151515155
6030.HK,2023,walk_hard,6.888888888888889,9.09090909090909,-0.28282828282828276,-0.4545454545454545,0.1717171717171717
6030.HK,2024,walk_hard,6.086956521739131,9.09090909090909,-0.3557312252964426,-0.4545454545454545,0.0988142292490119
6030.HK,2025,walk_hard,6.25,12.5,-0.46875,-0.625,0.15625
6031.HK,2024,walk_hard,7.258064516129032,37.72727272727273,-1.034457478005865,-1.8863636363636362,0.8519061583577712
6031.HK,2025,walk_hard,6.229508196721312,31.25,-1.17827868852459,-1.5625,0.38422131147541005
6049.HK,2022,walk_hard,0.5555555555555558,13.181818181818182,-1.244949494949495,-0.6590909090909091,-0.585858585858586
6049.HK,2023,walk_hard,0.7317073170731703,13.181818181818182,-1.2217294900221731,-0.6590909090909091,-0.5626385809312641
6049.HK,2024,walk_hard,0.7692307692307687,13.181818181818182,-1.2167832167832169,-0.6590909090909091,-0.5576923076923078
6049.HK,2025,walk_hard,1.0526315789473684,20.0,-1.7894736842105263,-1.0,-0.7894736842105263
6055.HK,2022,walk_hard,9.583333333333334,29.545454545454543,-0.12310606060606043,-1.4772727272727273,1.354166666666667
6055.HK,2023,walk_hard,10.0,37.72727272727273,-0.0,-1.8863636363636362,1.8863636363636362
6055.HK,2024,walk_hard,10.0,33.63636363636364,-0.0,-1.6818181818181819,1.6818181818181819
6055.HK,2025,walk_hard,9.696969696969697,38.75,-0.11742424242424232,-1.9375,1.8200757575757578
6060.HK,2022,walk_hard,9.743589743589743,9.09090909090909,-0.023310023310023388,-0.4545454545454545,0.43123543123543107
6060.HK,2023,walk_hard,10.0,9.09090909090909,-0.0,-0.4545454545454545,0.4545454545454545
6060.HK,2024,walk_hard,9.782608695652174,9.09090909090909,-0.01976284584980238,-0.4545454545454545,0.4347826086956521
6060.HK,2025,walk_hard,9.583333333333334,12.5,-0.05208333333333326,-0.625,0.5729166666666667
6066.HK,2022,walk_hard,7.692307692307692,9.09090909090909,-0.20979020979020985,-0.4545454545454545,0.24475524475524463
6066.HK,2023,walk_hard,7.555555555555555,9.09090909090909,-0.2222222222222222,-0.4545454545454545,0.23232323232323226
6066.HK,2024,walk_hard,6.521739130434783,9.09090909090909,-0.31620553359683784,-0.4545454545454545,0.13833992094861663
6066.HK,2025,walk_hard,6.666666666666668,12.5,-0.4166666666666665,-0.625,0.20833333333333348
6069.HK,2022,walk_hard,6.923076923076923,9.09090909090909,-0.2797202797202797,-0.4545454545454545,0.1748251748251748
6069.HK,2023,walk_hard,7.333333333333334,9.09090909090909,-0.24242424242424235,-0.4545454545454545,0.21212121212121213
6069.HK,2024,walk_hard,7.608695652173914,9.09090909090909,-0.217391304347826,-0.4545454545454545,0.23715415019762848
6069.HK,2025,walk_hard,6.041666666666668,12.5,-0.4947916666666665,-0.625,0.13020833333333348
6078.HK,2022,walk_hard,5.74468085106383,17.272727272727273,-0.7350096711798839,-0.8636363636363636,0.12862669245647973
6078.HK,2023,walk_hard,5.283018867924528,17.272727272727273,-0.8147512864493998,-0.8636363636363638,0.048885077186964
6078.HK,2024,walk_hard,4.0,21.363636363636363,-1.281818181818182,-1.0681818181818181,-0.21363636363636385
6078.HK,2025,walk_hard,3.7681159420289854,16.25,-1.0126811594202898,-0.8125,-0.2001811594202898
6082.HK,2025,walk_hard,3.802816901408451,27.5,-1.7042253521126758,-1.375,-0.3292253521126758
6088.HK,2022,walk_hard,3.870967741935484,25.454545454545453,-1.5601173020527859,-1.2727272727272727,-0.28739002932551316
6088.HK,2023,walk_hard,4.0540540540540535,25.454545454545453,-1.5135135135135136,-1.2727272727272727,-0.2407862407862409
6088.HK,2024,walk_hard,2.291666666666666,25.454545454545453,-1.9621212121212122,-1.2727272727272727,-0.6893939393939394
6088.HK,2025,walk_hard,1.6901408450704225,27.5,-2.285211267605634,-1.375,-0.910211267605634
6098.HK,2022,walk_hard,1.3888888888888884,13.181818181818182,-1.1351010101010102,-0.6590909090909091,-0.4760101010101011
6098.HK,2023,walk_hard,2.682926829268293,13.181818181818182,-0.9645232815964522,-0.6590909090909091,-0.3054323725055431
6098.HK,2024,walk_hard,1.282051282051282,13.181818181818182,-1.1491841491841492,-0.6590909090909091,-0.4900932400932402
6098.HK,2025,walk_hard,2.6315789473684212,20.0,-1.4736842105263157,-1.0,-0.4736842105263157
6099.HK,2022,walk_hard,2.051282051282052,9.09090909090909,-0.7226107226107225,-0.4545454545454545,-0.268065268065268
6099.HK,2023,walk_hard,1.7777777777777781,9.09090909090909,-0.7474747474747473,-0.4545454545454545,-0.2929292929292928
6099.HK,2024,walk_hard,2.1739130434782608,9.09090909090909,-0.7114624505928853,-0.4545454545454545,-0.2569169960474308
6099.HK,2025,walk_hard,2.708333333333334,12.5,-0.9114583333333333,-0.625,-0.28645833333333326
6110.HK,2023,walk_hard,10.0,21.363636363636363,-0.0,-1.0681818181818181,1.0681818181818181
6110.HK,2024,walk_hard,10.0,17.272727272727273,-0.0,-0.8636363636363638,0.8636363636363638
6110.HK,2025,walk_hard,9.841269841269842,23.75,-0.037698412698412564,-1.1875,1.1498015873015874
6110.HK,2026,walk_hard,10.0,33.125,-0.0,-1.65625,1.65625
6160.HK,2022,walk_hard,7.0212765957446805,17.272727272727273,-0.5145067698259189,-0.8636363636363636,0.3491295938104447
6160.HK,2023,walk_hard,6.603773584905661,17.272727272727273,-0.5866209262435677,-0.8636363636363638,0.2770154373927961
6160.HK,2024,walk_hard,7.0,21.363636363636363,-0.640909090909091,-1.0681818181818181,0.42727272727272714
6160.HK,2025,walk_hard,7.101449275362319,16.25,-0.4710144927536231,-0.8125,0.3414855072463769
6168.HK,2025,walk_hard,10.0,8.75,-0.0,-0.4375,0.4375
6181.HK,2024,walk_hard,9.827586206896552,17.272727272727273,-0.029780564263322908,-0.8636363636363638,0.8338557993730409
6181.HK,2025,walk_hard,9.682539682539682,23.75,-0.07539682539682556,-1.1875,1.1121031746031744
6186.HK,2022,walk_hard,6.25,29.545454545454543,-1.1079545454545454,-1.4772727272727273,0.3693181818181819
6186.HK,2023,walk_hard,6.176470588235294,37.72727272727273,-1.442513368983957,-1.8863636363636362,0.44385026737967914
6186.HK,2024,walk_hard,5.882352941176471,33.63636363636364,-1.3850267379679144,-1.6818181818181819,0.29679144385026746
6186.HK,2025,walk_hard,5.454545454545454,38.75,-1.7613636363636365,-1.9375,0.17613636363636354
6600.HK,2025,walk_hard,4.647887323943662,27.5,-1.4718309859154928,-1.375,-0.09683098591549277
6618.HK,2022,walk_hard,10.0,17.272727272727273,-0.0,-0.8636363636363636,0.8636363636363636
6618.HK,2023,walk_hard,9.622641509433961,17.272727272727273,-0.06518010291595211,-0.8636363636363638,0.7984562607204116
6618.HK,2024,walk_hard,10.0,21.363636363636363,-0.0,-1.0681818181818181,1.0681818181818181
6636.HK,2025,walk_hard,8.028169014084508,27.5,-0.5422535211267604,-1.375,0.8327464788732396
6651.HK,2025,walk_hard,5.352112676056338,27.5,-1.278169014084507,-1.375,0.096830985915493
6655.HK,2022,walk_hard,0.714285714285714,45.90909090909091,-4.262987012987013,-2.2954545454545454,-1.9675324675324677
6655.HK,2023,walk_hard,0.6896551724137934,45.90909090909091,-4.274294670846395,-2.2954545454545454,-1.9788401253918493
6655.HK,2024,walk_hard,0.9677419354838712,45.90909090909091,-4.146627565982404,-2.2954545454545454,-1.8511730205278583
6655.HK,2025,walk_hard,0.6896551724137934,46.25,-4.30603448275862,-2.3125,-1.99353448275862
6656.HK,2025,walk_hard,8.852459016393443,31.25,-0.35860655737704916,-1.5625,1.2038934426229508
6666.HK,2022,walk_hard,0.2777777777777779,13.181818181818182,-1.2815656565656566,-0.6590909090909091,-0.6224747474747475
6666.HK,2023,walk_hard,0.4878048780487809,13.181818181818182,-1.2538802660753878,-0.6590909090909091,-0.5947893569844788
6666.HK,2024,walk_hard,0.5128205128205132,13.181818181818182,-1.2505827505827505,-0.6590909090909091,-0.5914918414918414
6666.HK,2025,walk_hard,0.7894736842105265,20.0,-1.8421052631578945,-1.0,-0.8421052631578945
6681.HK,2024,walk_hard,8.333333333333334,21.363636363636363,-0.35606060606060597,-1.0681818181818181,0.7121212121212122
6681.HK,2025,walk_hard,8.695652173913043,16.25,-0.2119565217391305,-0.8125,0.6005434782608695
6682.HK,2022,walk_hard,9.032258064516128,25.454545454545453,-0.24633431085044008,-1.2727272727272727,1.0263929618768326
6682.HK,2023,walk_hard,9.45945945945946,25.454545454545453,-0.13759213759213754,-1.2727272727272727,1.135135135135135
6682.HK,2024,walk_hard,9.583333333333334,25.454545454545453,-0.10606060606060591,-1.2727272727272727,1.1666666666666667
6682.HK,2025,walk_hard,9.71830985915493,27.5,-0.07746478873239426,-1.375,1.2975352112676057
6683.HK,2023,walk_hard,8.529411764705882,37.72727272727273,-0.5548128342245989,-1.8863636363636362,1.3315508021390374
6683.HK,2024,walk_hard,8.823529411764707,33.63636363636364,-0.3957219251336897,-1.6818181818181819,1.2860962566844922
6683.HK,2025,walk_hard,8.484848484848484,38.75,-0.5871212121212124,-1.9375,1.3503787878787876
6687.HK,2025,walk_hard,5.211267605633802,27.5,-1.3169014084507042,-1.375,0.05809859154929575
6690.HK,2023,walk_hard,7.0588235294117645,21.363636363636363,-0.6283422459893049,-1.0681818181818181,0.43983957219251324
6690.HK,2024,walk_hard,4.655172413793104,17.272727272727273,-0.9231974921630094,-0.8636363636363638,-0.059561128526645635
6690.HK,2025,walk_hard,4.603174603174604,23.75,-1.2817460317460316,-1.1875,-0.09424603174603163
6699.HK,2022,walk_hard,7.234042553191489,17.272727272727273,-0.47775628626692473,-0.8636363636363636,0.3858800773694389
6699.HK,2023,walk_hard,4.528301886792453,17.272727272727273,-0.9451114922813036,-0.8636363636363638,-0.08147512864493989
6699.HK,2024,walk_hard,6.166666666666667,21.363636363636363,-0.8189393939393939,-1.0681818181818181,0.24924242424242427
6699.HK,2025,walk_hard,5.6521739130434785,16.25,-0.7065217391304347,-0.8125,0.1059782608695653
6808.HK,2023,walk_hard,1.1764705882352944,21.363636363636363,-1.8850267379679144,-1.0681818181818181,-0.8168449197860963
6808.HK,2024,walk_hard,2.068965517241379,17.272727272727273,-1.3699059561128528,-0.8636363636363638,-0.5062695924764891
6808.HK,2025,walk_hard,2.063492063492064,23.75,-1.8849206349206347,-1.1875,-0.6974206349206347
6809.HK,2024,walk_hard,7.708333333333334,25.454545454545453,-0.5833333333333331,-1.2727272727272727,0.6893939393939396
6809.HK,2025,walk_hard,8.309859154929578,27.5,-0.4647887323943661,-1.375,0.910211267605634
6810.HK,2023,walk_hard,8.91891891891892,25.454545454545453,-0.2751842751842751,-1.2727272727272727,0.9975429975429977
6810.HK,2024,walk_hard,9.166666666666666,25.454545454545453,-0.21212121212121227,-1.2727272727272727,1.0606060606060606
6810.HK,2025,walk_hard,8.450704225352112,27.5,-0.42605633802816917,-1.375,0.9489436619718308
6818.HK,2022,walk_hard,9.230769230769232,9.09090909090909,-0.06993006993006984,-0.4545454545454545,0.38461538461538464
6818.HK,2023,walk_hard,8.0,9.09090909090909,-0.1818181818181818,-0.4545454545454545,0.2727272727272727
6818.HK,2024,walk_hard,7.391304347826086,9.09090909090909,-0.2371541501976285,-0.4545454545454545,0.21739130434782597
6818.HK,2025,walk_hard,7.083333333333332,12.5,-0.3645833333333335,-0.625,0.2604166666666665
6823.HK,2022,walk_hard,2.5,33.63636363636364,-2.522727272727273,-1.6818181818181819,-0.840909090909091
6823.HK,2023,walk_hard,2.272727272727273,29.545454545454543,-2.283057851239669,-1.4772727272727273,-0.8057851239669416
6823.HK,2024,walk_hard,2.6086956521739135,29.545454545454543,-2.1837944664031617,-1.4772727272727273,-0.7065217391304344
6823.HK,2025,walk_hard,2.6086956521739135,35.0,-2.58695652173913,-1.75,-0.8369565217391299
6855.HK,2022,walk_hard,2.7659574468085104,17.272727272727273,-1.2495164410058028,-0.8636363636363636,-0.3858800773694392
6855.HK,2023,walk_hard,1.3207547169811318,17.272727272727273,-1.4991423670668957,-0.8636363636363638,-0.635506003430532
6855.HK,2024,walk_hard,5.0,21.363636363636363,-1.0681818181818181,-1.0681818181818181,0.0
6855.HK,2025,walk_hard,2.8985507246376807,16.25,-1.153985507246377,-0.8125,-0.34148550724637694
6862.HK,2024,walk_hard,0.8620689655172409,17.272727272727273,-1.578369905956113,-0.8636363636363638,-0.7147335423197492
6862.HK,2025,walk_hard,0.9523809523809523,23.75,-2.1488095238095237,-1.1875,-0.9613095238095237
6869.HK,2022,walk_hard,2.2580645161290325,25.454545454545453,-1.970674486803519,-1.2727272727272727,-0.6979472140762464
6869.HK,2023,walk_hard,2.1621621621621623,25.454545454545453,-1.995085995085995,-1.2727272727272727,-0.7223587223587222
6869.HK,2024,walk_hard,1.4583333333333337,25.454545454545453,-2.174242424242424,-1.2727272727272727,-0.9015151515151512
6869.HK,2025,walk_hard,1.2676056338028174,27.5,-2.401408450704225,-1.375,-1.026408450704225
6881.HK,2022,walk_hard,3.333333333333334,9.09090909090909,-0.606060606060606,-0.4545454545454545,-0.1515151515151515
6881.HK,2023,walk_hard,3.111111111111111,9.09090909090909,-0.6262626262626262,-0.4545454545454545,-0.1717171717171717
6881.HK,2024,walk_hard,4.565217391304348,9.09090909090909,-0.4940711462450592,-0.4545454545454545,-0.03952569169960474
6886.HK,2023,walk_hard,4.222222222222223,9.09090909090909,-0.5252525252525251,-0.4545454545454545,-0.07070707070707061
6886.HK,2024,walk_hard,2.6086956521739135,9.09090909090909,-0.6719367588932805,-0.4545454545454545,-0.21739130434782605
6886.HK,2025,walk_hard,1.875,12.5,-1.015625,-0.625,-0.390625
6938.HK,2025,walk_hard,1.594202898550725,16.25,-1.365942028985507,-0.8125,-0.5534420289855071
6963.HK,2022,walk_hard,3.076923076923077,9.09090909090909,-0.6293706293706294,-0.4545454545454545,-0.1748251748251749
6963.HK,2023,walk_hard,4.444444444444445,9.09090909090909,-0.505050505050505,-0.4545454545454545,-0.0505050505050505
6963.HK,2024,walk_hard,4.347826086956522,9.09090909090909,-0.5138339920948616,-0.4545454545454545,-0.059288537549407105
6963.HK,2025,walk_hard,4.375,12.5,-0.703125,-0.625,-0.078125
6969.HK,2022,walk_hard,6.666666666666668,29.545454545454543,-0.9848484848484844,-1.4772727272727273,0.4924242424242429
6969.HK,2023,walk_hard,6.470588235294117,37.72727272727273,-1.3315508021390376,-1.8863636363636362,0.5548128342245986
6969.HK,2024,walk_hard,6.764705882352942,33.63636363636364,-1.088235294117647,-1.6818181818181819,0.5935828877005349
6969.HK,2025,walk_hard,6.363636363636363,38.75,-1.4090909090909094,-1.9375,0.5284090909090906
6979.HK,2022,walk_hard,4.166666666666666,29.545454545454543,-1.7234848484848484,-1.4772727272727273,-0.2462121212121211
6979.HK,2023,walk_hard,3.2352941176470584,37.72727272727273,-2.5521390374331556,-1.8863636363636362,-0.6657754010695194
6979.HK,2024,walk_hard,3.5294117647058822,33.63636363636364,-2.1764705882352944,-1.6818181818181819,-0.4946524064171125
6979.HK,2025,walk_hard,1.8181818181818177,38.75,-3.1704545454545454,-1.9375,-1.2329545454545454
6990.HK,2023,walk_hard,3.584905660377359,17.272727272727273,-1.1080617495711835,-0.8636363636363638,-0.24442538593481977
6990.HK,2024,walk_hard,3.5,21.363636363636363,-1.3886363636363637,-1.0681818181818181,-0.32045454545454555
6990.HK,2025,walk_hard,3.4782608695652173,16.25,-1.0597826086956523,-0.8125,-0.24728260869565233
6993.HK,2022,walk_hard,7.916666666666666,29.545454545454543,-0.6155303030303032,-1.4772727272727273,0.8617424242424241
6993.HK,2023,walk_hard,7.647058823529411,37.72727272727273,-0.8877005347593585,-1.8863636363636362,0.9986631016042777
6993.HK,2024,walk_hard,7.352941176470589,33.63636363636364,-0.890374331550802,-1.6818181818181819,0.7914438502673798
6993.HK,2025,walk_hard,7.272727272727273,38.75,-1.0568181818181817,-1.9375,0.8806818181818183
7618.HK,2025,walk_hard,10.0,23.75,-0.0,-1.1875,1.1875
9606.HK,2024,walk_hard,9.333333333333334,21.363636363636363,-0.1424242424242423,-1.0681818181818181,0.9257575757575758
9606.HK,2025,walk_hard,8.840579710144928,16.25,-0.18840579710144925,-0.8125,0.6240942028985508
9626.HK,2022,walk_hard,7.0,33.63636363636364,-1.0090909090909093,-1.6818181818181819,0.6727272727272726
9626.HK,2023,walk_hard,7.272727272727273,29.545454545454543,-0.8057851239669419,-1.4772727272727273,0.6714876033057854
9626.HK,2024,walk_hard,8.26086956521739,29.545454545454543,-0.5138339920948618,-1.4772727272727273,0.9634387351778655
9626.HK,2025,walk_hard,7.826086956521739,35.0,-0.7608695652173912,-1.75,0.9891304347826088
9633.HK,2022,walk_hard,1.6666666666666663,29.545454545454543,-2.4621212121212124,-1.4772727272727273,-0.9848484848484851
9633.HK,2023,walk_hard,1.7647058823529416,37.72727272727273,-3.1069518716577535,-1.8863636363636362,-1.2205882352941173
9636.HK,2022,walk_hard,8.333333333333334,29.545454545454543,-0.4924242424242422,-1.4772727272727273,0.9848484848484851
9636.HK,2023,walk_hard,7.9411764705882355,37.72727272727273,-0.7767379679144384,-1.8863636363636362,1.1096256684491979
9636.HK,2024,walk_hard,8.235294117647058,33.63636363636364,-0.5935828877005351,-1.6818181818181819,1.0882352941176467
9636.HK,2025,walk_hard,8.181818181818182,38.75,-0.7045454545454547,-1.9375,1.2329545454545454
9658.HK,2022,walk_hard,4.0540540540540535,21.363636363636363,-1.2702702702702704,-1.0681818181818183,-0.20208845208845205
9658.HK,2023,walk_hard,2.3529411764705888,21.363636363636363,-1.6336898395721924,-1.0681818181818181,-0.5655080213903743
9658.HK,2024,walk_hard,2.2413793103448274,17.272727272727273,-1.34012539184953,-0.8636363636363638,-0.4764890282131662
9658.HK,2025,walk_hard,2.2222222222222223,23.75,-1.8472222222222223,-1.1875,-0.6597222222222223
9660.HK,2024,walk_hard,6.25,25.454545454545453,-0.9545454545454546,-1.2727272727272727,0.3181818181818181
9660.HK,2025,walk_hard,6.47887323943662,27.5,-0.9683098591549295,-1.375,0.4066901408450705
9678.HK,2025,walk_hard,4.225352112676056,27.5,-1.5880281690140845,-1.375,-0.2130281690140845
9688.HK,2022,walk_hard,8.51063829787234,17.272727272727273,-0.25725338491295946,-0.8636363636363636,0.6063829787234042
9688.HK,2023,walk_hard,7.735849056603774,17.272727272727273,-0.39108061749571177,-0.8636363636363638,0.472555746140652
9688.HK,2024,walk_hard,7.666666666666666,21.363636363636363,-0.4984848484848486,-1.0681818181818181,0.5696969696969696
9688.HK,2025,walk_hard,7.6811594202898545,16.25,-0.37681159420289867,-0.8125,0.43568840579710133
9690.HK,2023,walk_hard,9.019607843137255,21.363636363636363,-0.20944741532976827,-1.0681818181818181,0.8587344028520498
9690.HK,2024,walk_hard,9.310344827586206,17.272727272727273,-0.11912225705329163,-0.8636363636363638,0.7445141065830722
9690.HK,2025,walk_hard,9.206349206349207,23.75,-0.18849206349206324,-1.1875,0.9990079365079367
9699.HK,2022,walk_hard,9.80392156862745,37.72727272727273,-0.07397504456328026,-1.8863636363636365,1.8123885918003562
9699.HK,2023,walk_hard,9.666666666666666,33.63636363636364,-0.11212121212121234,-1.681818181818182,1.5696969696969698
9699.HK,2024,walk_hard,9.838709677419356,37.72727272727273,-0.06085043988269755,-1.8863636363636362,1.8255131964809388
9699.HK,2025,walk_hard,9.836065573770492,31.25,-0.051229508196721237,-1.5625,1.5112704918032787
9858.HK,2023,walk_hard,0.2941176470588236,37.72727272727273,-3.6617647058823524,-1.8863636363636362,-1.7754010695187161
9858.HK,2024,walk_hard,0.2941176470588236,33.63636363636364,-3.2647058823529416,-1.6818181818181819,-1.5828877005347597
9858.HK,2025,walk_hard,0.30303030303030276,38.75,-3.7575757575757573,-1.9375,-1.8200757575757573
9863.HK,2022,walk_hard,7.837837837837838,21.363636363636363,-0.4619164619164619,-1.0681818181818183,0.6062653562653564
9863.HK,2023,walk_hard,6.470588235294117,21.363636363636363,-0.754010695187166,-1.0681818181818181,0.3141711229946521
9863.HK,2024,walk_hard,6.379310344827587,17.272727272727273,-0.6253918495297804,-0.8636363636363638,0.23824451410658332
9863.HK,2025,walk_hard,6.984126984126984,23.75,-0.7162698412698413,-1.1875,0.4712301587301587
9868.HK,2022,walk_hard,6.486486486486487,21.363636363636363,-0.7506142506142506,-1.0681818181818183,0.31756756756756777
9868.HK,2023,walk_hard,5.098039215686274,21.363636363636363,-1.0472370766488415,-1.0681818181818181,0.020944741532976652
9868.HK,2024,walk_hard,5.344827586206897,17.272727272727273,-0.8040752351097179,-0.8636363636363638,0.05956112852664586
9868.HK,2025,walk_hard,6.349206349206349,23.75,-0.8670634920634922,-1.1875,0.3204365079365078
9880.HK,2023,walk_hard,10.0,33.63636363636364,-0.0,-1.681818181818182,1.681818181818182
9880.HK,2024,walk_hard,8.870967741935484,37.72727272727273,-0.42595307917888553,-1.8863636363636362,1.4604105571847508
9880.HK,2025,walk_hard,8.360655737704919,31.25,-0.5122950819672129,-1.5625,1.050204918032787
9887.HK,2025,walk_hard,2.753623188405797,16.25,-1.1775362318840579,-0.8125,-0.36503623188405787
9890.HK,2023,walk_hard,7.727272727272727,29.545454545454543,-0.6714876033057853,-1.4772727272727273,0.805785123966942
9890.HK,2024,walk_hard,7.826086956521739,29.545454545454543,-0.642292490118577,-1.4772727272727273,0.8349802371541503
9890.HK,2025,walk_hard,8.26086956521739,35.0,-0.6086956521739133,-1.75,1.1413043478260867
9896.HK,2022,walk_hard,9.72972972972973,21.363636363636363,-0.05773955773955772,-1.0681818181818183,1.0104422604422607
9896.HK,2023,walk_hard,9.80392156862745,21.363636363636363,-0.04188948306595388,-1.0681818181818181,1.0262923351158642
9896.HK,2024,walk_hard,9.482758620689655,17.272727272727273,-0.08934169278996873,-0.8636363636363638,0.774294670846395
9896.HK,2025,walk_hard,9.047619047619047,23.75,-0.22619047619047625,-1.1875,0.9613095238095237
9899.HK,2022,walk_hard,7.5,33.63636363636364,-0.8409090909090909,-1.6818181818181819,0.8409090909090909
9899.HK,2023,walk_hard,8.181818181818182,29.545454545454543,-0.5371900826446281,-1.4772727272727273,0.9400826446280992
9899.HK,2024,walk_hard,7.391304347826086,29.545454545454543,-0.7707509881422926,-1.4772727272727273,0.7065217391304347
9899.HK,2025,walk_hard,6.086956521739131,35.0,-1.369565217391304,-1.75,0.380434782608696
9903.HK,2025,walk_hard,7.323943661971831,27.5,-0.7359154929577464,-1.375,0.6390845070422536
9911.HK,2022,walk_hard,9.67741935483871,25.454545454545453,-0.08211143695014655,-1.2727272727272727,1.1906158357771262
9911.HK,2023,walk_hard,9.72972972972973,25.454545454545453,-0.06879606879606877,-1.2727272727272727,1.203931203931204
9911.HK,2024,walk_hard,9.791666666666666,25.454545454545453,-0.05303030303030318,-1.2727272727272727,1.2196969696969695
9911.HK,2025,walk_hard,9.859154929577464,27.5,-0.038732394366197374,-1.375,1.3362676056338025
9926.HK,2022,walk_hard,2.3404255319148937,17.272727272727273,-1.323017408123791,-0.8636363636363636,-0.45938104448742745
9926.HK,2023,walk_hard,6.226415094339623,17.272727272727273,-0.6518010291595198,-0.8636363636363638,0.211835334476844
9926.HK,2024,walk_hard,1.9999999999999996,21.363636363636363,-1.709090909090909,-1.0681818181818181,-0.6409090909090909
9926.HK,2025,walk_hard,2.3188405797101455,16.25,-1.2481884057971013,-0.8125,-0.43568840579710133
9927.HK,2023,walk_hard,5.882352941176471,21.363636363636363,-0.8796791443850266,-1.0681818181818181,0.18850267379679153
9927.HK,2024,walk_hard,7.241379310344827,17.272727272727273,-0.4764890282131662,-0.8636363636363638,0.38714733542319757
9927.HK,2025,walk_hard,7.777777777777778,23.75,-0.5277777777777778,-1.1875,0.6597222222222222
9969.HK,2022,walk_hard,3.829787234042553,17.272727272727273,-1.0657640232108319,-0.8636363636363636,-0.2021276595744682
9969.HK,2023,walk_hard,4.150943396226415,17.272727272727273,-1.0102915951972558,-0.8636363636363638,-0.146655231560892
9969.HK,2024,walk_hard,4.333333333333334,21.363636363636363,-1.2106060606060605,-1.0681818181818181,-0.14242424242424234
9969.HK,2025,walk_hard,5.942028985507246,16.25,-0.6594202898550725,-0.8125,0.1530797101449275
9973.HK,2025,walk_hard,5.8730158730158735,23.75,-0.9801587301587301,-1.1875,0.20734126984126988
9985.HK,2022,walk_hard,3.333333333333334,29.545454545454543,-1.9696969696969695,-1.4772727272727273,-0.4924242424242422
9985.HK,2024,walk_hard,1.7647058823529416,33.63636363636364,-2.770053475935829,-1.6818181818181819,-1.088235294117647
9987.HK,2022,walk_hard,1.8918918918918914,21.363636363636363,-1.7321867321867321,-1.0681818181818183,-0.6640049140049138
9987.HK,2023,walk_hard,0.7843137254901966,21.363636363636363,-1.9688057040998215,-1.0681818181818181,-0.9006238859180034
9987.HK,2024,walk_hard,0.6896551724137934,17.272727272727273,-1.6081504702194358,-0.8636363636363638,-0.744514106583072
9987.HK,2025,walk_hard,0.6349206349206349,23.75,-2.2242063492063493,-1.1875,-1.0367063492063493
9988.HK,2023,walk_hard,6.07843137254902,21.363636363636363,-0.837789661319073,-1.0681818181818181,0.23039215686274517
9988.HK,2024,walk_hard,5.1724137931034475,17.272727272727273,-0.8338557993730409,-0.8636363636363638,0.029780564263322873
9988.HK,2025,walk_hard,5.238095238095238,23.75,-1.130952380952381,-1.1875,0.05654761904761907
9988.HK,2026,walk_hard,3.333333333333334,33.125,-2.208333333333333,-1.65625,-0.552083333333333
9992.HK,2021,walk_hard,10.0,12.5,-0.0,0.0,-0.0
9992.HK,2022,walk_hard,8.64864864864865,21.363636363636363,-0.2886977886977886,-1.0681818181818183,0.7794840294840297
9992.HK,2023,walk_hard,7.647058823529411,21.363636363636363,-0.502673796791444,-1.0681818181818181,0.5655080213903741
9992.HK,2024,walk_hard,8.793103448275861,17.272727272727273,-0.20846394984326036,-0.8636363636363638,0.6551724137931034
9993.HK,2022,walk_hard,9.166666666666666,13.181818181818182,-0.10984848484848493,-0.6590909090909091,0.5492424242424241
9993.HK,2023,walk_hard,9.512195121951219,13.181818181818182,-0.06430155210643021,-0.6590909090909091,0.5947893569844789
9993.HK,2024,walk_hard,9.230769230769232,13.181818181818182,-0.10139860139860128,-0.6590909090909091,0.5576923076923078
9993.HK,2025,walk_hard,9.473684210526317,20.0,-0.10526315789473664,-1.0,0.8947368421052634
9995.HK,2022,walk_hard,0.8510638297872342,17.272727272727273,-1.5802707930367503,-0.8636363636363636,-0.7166344294003867
9995.HK,2023,walk_hard,0.37735849056603765,17.272727272727273,-1.662092624356775,-0.8636363636363638,-0.7984562607204113
9995.HK,2024,walk_hard,1.333333333333333,21.363636363636363,-1.8515151515151518,-1.0681818181818181,-0.7833333333333337
9995.HK,2025,walk_hard,2.463768115942029,16.25,-1.2246376811594204,-0.8125,-0.4121376811594204
