firm_id,year,provider,e_score,e_weight,g,g_across,g_within
1101.TW,2025,walk_hard,1.6666666666666663,50.0,-4.166666666666667,-2.5,-1.666666666666667
1102.TW,2025,walk_hard,3.333333333333334,50.0,-3.333333333333333,-2.5,-0.833333333333333
1103.TW,2025,walk_hard,8.333333333333334,50.0,-0.833333333333333,-2.5,1.666666666666667
1104.TW,2025,walk_hard,6.666666666666668,50.0,-1.666666666666666,-2.5,0.8333333333333339
1108.TW,2025,walk_hard,5.0,50.0,-2.5,-2.5,0.0
1109.TW,2025,walk_hard,0.0,50.0,-5.0,-2.5,-2.5
1110.TW,2025,walk_hard,10.0,50.0,-0.0,-2.5,2.5
1201.TW,2025,walk_hard,3.125,31.47058823529412,-2.1636029411764706,-1.573529411764706,-0.5900735294117645
1203.TW,2025,walk_hard,7.5,31.47058823529412,-0.786764705882353,-1.573529411764706,0.786764705882353
1210.TW,2025,walk_hard,4.375,31.47058823529412,-1.7702205882352942,-1.573529411764706,-0.1966911764705881
1213.TW,2025,walk_hard,2.8125,31.47058823529412,-2.261948529411765,-1.573529411764706,-0.6884191176470589
1215.TW,2025,walk_hard,5.3125,31.47058823529412,-1.475183823529412,-1.573529411764706,0.09834558823529416
1216.TW,2025,walk_hard,4.6875,31.47058823529412,-1.671875,-1.573529411764706,-0.09834558823529393
1217.TW,2025,walk_hard,6.5625,31.47058823529412,-1.0818014705882353,-1.573529411764706,0.4917279411764708
1218.TW,2025,walk_hard,8.75,31.47058823529412,-0.3933823529411765,-1.573529411764706,1.1801470588235294
1219.TW,2025,walk_hard,7.8125,31.47058823529412,-0.6884191176470589,-1.573529411764706,0.8851102941176472
1220.TW,2025,walk_hard,0.625,31.47058823529412,-2.950367647058824,-1.573529411764706,-1.3768382352941178
1225.TW,2025,walk_hard,9.6875,31.47058823529412,-0.09834558823529413,-1.573529411764706,1.475183823529412
1227.TW,2025,walk_hard,8.125,31.47058823529412,-0.5900735294117647,-1.573529411764706,0.9834558823529413
1229.TW,2025,walk_hard,8.4375,31.47058823529412,-0.4917279411764707,-1.573529411764706,1.0818014705882355
1231.TW,2025,walk_hard,5.9375,31.47058823529412,-1.2784926470588236,-1.573529411764706,0.29503676470588247
1232.TW,2025,walk_hard,4.0625,31.47058823529412,-1.8685661764705883,-1.573529411764706,-0.29503676470588225
1233.TW,2025,walk_hard,6.25,31.47058823529412,-1.1801470588235294,-1.573529411764706,0.3933823529411766
1234.TW,2025,walk_hard,5.625,31.47058823529412,-1.3768382352941178,-1.573529411764706,0.1966911764705883
1235.TW,2025,walk_hard,7.1875,31.47058823529412,-0.8851102941176471,-1.573529411764706,0.688419117647059
1236.TW,2025,walk_hard,2.5,31.47058823529412,-2.360294117647059,-1.573529411764706,-0.7867647058823528
1240.TWO,2025,walk_hard,10.0,18.235294117647058,-0.0,-0.9117647058823528,0.9117647058823528
1256.TW,2025,walk_hard,0.9375,31.47058823529412,-2.85202205882353,-1.573529411764706,-1.2784926470588238
1259.TWO,2025,walk_hard,3.0000000000000004,35.44117647058823,-2.480882352941176,-1.7720588235294115,-0.7088235294117646
1264.TWO,2025,walk_hard,9.375,31.47058823529412,-0.19669117647058826,-1.573529411764706,1.3768382352941178
1268.TWO,2025,walk_hard,5.0,35.44117647058823,-1.7720588235294117,-1.7720588235294115,-2.220446049250313e-16
1294.TWO,2025,walk_hard,6.875,31.47058823529412,-0.9834558823529413,-1.573529411764706,0.5900735294117647
1295.TWO,2025,walk_hard,3.75,31.47058823529412,-1.9669117647058827,-1.573529411764706,-0.3933823529411766
1301.TW,2025,walk_hard,0.0,44.705882352941174,-4.470588235294117,-2.2352941176470584,-2.2352941176470584
1303.TW,2025,walk_hard,2.083333333333334,44.705882352941174,-3.539215686274509,-2.2352941176470584,-1.3039215686274508
1304.TW,2025,walk_hard,4.583333333333334,44.705882352941174,-2.4215686274509802,-2.2352941176470584,-0.1862745098039218
1305.TW,2025,walk_hard,1.6666666666666663,44.705882352941174,-3.7254901960784315,-2.2352941176470584,-1.490196078431373
1307.TW,2025,walk_hard,7.5,44.705882352941174,-1.1176470588235292,-2.2352941176470584,1.1176470588235292
1308.TW,2025,walk_hard,3.333333333333334,44.705882352941174,-2.9803921568627447,-2.2352941176470584,-0.7450980392156863
1309.TW,2025,walk_hard,7.916666666666666,44.705882352941174,-0.931372549019608,-2.2352941176470584,1.3039215686274503
1310.TW,2025,walk_hard,0.8333333333333337,44.705882352941174,-4.098039215686274,-2.2352941176470584,-1.8627450980392157
1312.TW,2025,walk_hard,2.5,44.705882352941174,-3.352941176470588,-2.2352941176470584,-1.1176470588235294
1313.TW,2025,walk_hard,5.0,44.705882352941174,-2.2352941176470584,-2.2352941176470584,0.0
1314.TW,2025,walk_hard,1.25,44.705882352941174,-3.9117647058823524,-2.2352941176470584,-1.676470588235294
1315.TW,2025,walk_hard,9.166666666666666,44.705882352941174,-0.37254901960784337,-2.2352941176470584,1.862745098039215
1316.TW,2025,walk_hard,1.954022988505747,30.147058823529413,-2.425625422582826,-1.5073529411764708,-0.9182724814063554
1319.TW,2025,walk_hard,2.1428571428571432,15.588235294117647,-1.2247899159663864,-0.7794117647058824,-0.44537815126050406
1321.TW,2025,walk_hard,6.25,44.705882352941174,-1.676470588235294,-2.2352941176470584,0.5588235294117645
1323.TW,2025,walk_hard,8.333333333333334,44.705882352941174,-0.7450980392156858,-2.2352941176470584,1.4901960784313726
1324.TW,2025,walk_hard,7.083333333333332,44.705882352941174,-1.3039215686274515,-2.2352941176470584,0.931372549019607
1325.TW,2025,walk_hard,4.166666666666666,44.705882352941174,-2.607843137254902,-2.2352941176470584,-0.3725490196078436
1326.TW,2025,walk_hard,0.4166666666666663,44.705882352941174,-4.284313725490196,-2.2352941176470584,-2.0490196078431375
1336.TWO,2025,walk_hard,1.826923076923077,26.176470588235293,-2.139423076923077,-1.3088235294117647,-0.8305995475113124
1337.TW,2025,walk_hard,10.0,44.705882352941174,-0.0,-2.2352941176470584,2.2352941176470584
1338.TW,2025,walk_hard,2.3809523809523814,15.588235294117647,-1.1876750700280112,-0.7794117647058824,-0.40826330532212884
1339.TW,2025,walk_hard,0.9523809523809523,15.588235294117647,-1.4103641456582634,-0.7794117647058824,-0.630952380952381
1340.TW,2025,walk_hard,2.916666666666666,44.705882352941174,-3.166666666666667,-2.2352941176470584,-0.9313725490196085
1341.TW,2025,walk_hard,5.416666666666668,44.705882352941174,-2.0490196078431366,-2.2352941176470584,0.1862745098039218
1342.TW,2025,walk_hard,3.076923076923077,28.823529411764707,-1.9954751131221722,-1.4411764705882353,-0.5542986425339369
1402.TW,2025,walk_hard,4.901960784313726,34.117647058823536,-1.7393310265282584,-1.7058823529411766,-0.03344867358708181
1409.TW,2025,walk_hard,2.7450980392156863,34.117647058823536,-2.4752018454440603,-1.7058823529411766,-0.7693194925028837
1410.TW,2025,walk_hard,8.03921568627451,34.117647058823536,-0.668973471741638,-1.7058823529411766,1.0369088811995386
1413.TW,2025,walk_hard,1.96078431372549,34.117647058823536,-2.7427912341407152,-1.7058823529411766,-1.0369088811995386
1414.TW,2025,walk_hard,2.3529411764705888,34.117647058823536,-2.608996539792388,-1.7058823529411766,-0.9031141868512114
1416.TW,2025,walk_hard,7.252747252747253,28.823529411764707,-0.7918552036199096,-1.4411764705882353,0.6493212669683257
1417.TW,2025,walk_hard,6.862745098039216,34.117647058823536,-1.0703575547866206,-1.7058823529411766,0.635524798154556
1418.TW,2025,walk_hard,0.19607843137254943,34.117647058823536,-3.3448673587081896,-1.7058823529411766,-1.638985005767013
1419.TW,2025,walk_hard,5.490196078431373,34.117647058823536,-1.5386389850057673,-1.7058823529411766,0.16724336793540928
1423.TW,2025,walk_hard,5.294117647058823,34.117647058823536,-1.6055363321799312,-1.7058823529411766,0.10034602076124544
1432.TW,2025,walk_hard,0.0,22.205882352941174,-2.2205882352941173,-1.1102941176470587,-1.1102941176470587
1434.TW,2025,walk_hard,3.7254901960784315,34.117647058823536,-2.1407151095732413,-1.7058823529411766,-0.43483275663206467
1435.TW,2025,walk_hard,0.5494505494505497,28.823529411764707,-2.723981900452489,-1.4411764705882353,-1.2828054298642535
1436.TW,2025,walk_hard,9.195402298850574,30.147058823529413,-0.24256254225828278,-1.5073529411764708,1.264790398918188
1437.TW,2025,walk_hard,9.78021978021978,28.823529411764707,-0.06334841628959305,-1.4411764705882353,1.3778280542986423
1438.TW,2025,walk_hard,1.839080459770115,30.147058823529413,-2.4602772143340097,-1.5073529411764708,-0.9529242731575389
1439.TW,2025,walk_hard,4.482758620689655,30.147058823529413,-1.6632860040567954,-1.5073529411764708,-0.1559330628803246
1440.TW,2025,walk_hard,0.7843137254901966,34.117647058823536,-3.1441753171856983,-1.7058823529411766,-1.4382929642445217
1441.TW,2025,walk_hard,9.215686274509805,34.117647058823536,-0.26758938869665483,-1.7058823529411766,1.4382929642445217
1442.TW,2025,walk_hard,9.080459770114942,30.147058823529413,-0.27721433400946605,-1.5073529411764708,1.2301386071670048
1443.TW,2025,walk_hard,5.604395604395604,28.823529411764707,-1.2669683257918554,-1.4411764705882353,0.17420814479637992
1444.TW,2025,walk_hard,0.39215686274509776,34.117647058823536,-3.2779700115340256,-1.7058823529411766,-1.572087658592849
1445.TW,2025,walk_hard,4.509803921568627,34.117647058823536,-1.8731257208765861,-1.7058823529411766,-0.1672433679354095
1446.TW,2025,walk_hard,9.019607843137255,34.117647058823536,-0.334486735870819,-1.7058823529411766,1.3713956170703576
1447.TW,2025,walk_hard,4.705882352941177,34.117647058823536,-1.8062283737024225,-1.7058823529411766,-0.10034602076124588
1449.TW,2025,walk_hard,3.333333333333334,34.117647058823536,-2.274509803921569,-1.7058823529411766,-0.5686274509803924
1451.TW,2025,walk_hard,8.823529411764707,34.117647058823536,-0.4013840830449826,-1.7058823529411766,1.304498269896194
1452.TW,2025,walk_hard,3.5294117647058822,34.117647058823536,-2.2076124567474054,-1.7058823529411766,-0.5017301038062287
1453.TW,2025,walk_hard,0.5747126436781613,30.147058823529413,-2.841446923597025,-1.5073529411764708,-1.3340939824205542
1454.TW,2025,walk_hard,3.9215686274509807,34.117647058823536,-2.0738177623990777,-1.7058823529411766,-0.36793540945790104
1455.TW,2025,walk_hard,1.7647058823529416,34.117647058823536,-2.8096885813148793,-1.7058823529411766,-1.1038062283737027
1456.TW,2025,walk_hard,0.6896551724137934,30.147058823529413,-2.8067951318458415,-1.5073529411764708,-1.2994421906693707
1457.TW,2025,walk_hard,9.411764705882353,34.117647058823536,-0.2006920415224913,-1.7058823529411766,1.5051903114186853
1459.TW,2025,walk_hard,7.0588235294117645,34.117647058823536,-1.003460207612457,-1.7058823529411766,0.7024221453287196
1460.TW,2025,walk_hard,1.1764705882352944,34.117647058823536,-3.0103806228373706,-1.7058823529411766,-1.304498269896194
1463.TW,2025,walk_hard,0.980392156862745,34.117647058823536,-3.0772779700115347,-1.7058823529411766,-1.371395617070358
1464.TW,2025,walk_hard,6.2745098039215685,34.117647058823536,-1.2710495963091122,-1.7058823529411766,0.43483275663206444
1465.TW,2025,walk_hard,2.549019607843137,34.117647058823536,-2.5420991926182244,-1.7058823529411766,-0.8362168396770477
1466.TW,2025,walk_hard,3.1372549019607843,34.117647058823536,-2.341407151095733,-1.7058823529411766,-0.6355247981545564
1467.TW,2025,walk_hard,7.8431372549019605,34.117647058823536,-0.7358708189158019,-1.7058823529411766,0.9700115340253748
1468.TW,2025,walk_hard,6.07843137254902,34.117647058823536,-1.3379469434832756,-1.7058823529411766,0.36793540945790104
1470.TW,2025,walk_hard,1.3725490196078427,34.117647058823536,-2.9434832756632074,-1.7058823529411766,-1.2376009227220308
1471.TW,2025,walk_hard,7.788461538461538,26.176470588235293,-0.5789027149321267,-1.3088235294117647,0.729920814479638
1472.TW,2025,walk_hard,5.1724137931034475,30.147058823529413,-1.455375253549696,-1.5073529411764708,0.05197768762677479
1473.TW,2025,walk_hard,6.666666666666668,34.117647058823536,-1.137254901960784,-1.7058823529411766,0.5686274509803926
1474.TW,2025,walk_hard,5.686274509803921,34.117647058823536,-1.4717416378316037,-1.7058823529411766,0.2341407151095729
1475.TW,2025,walk_hard,9.80392156862745,34.117647058823536,-0.06689734717416417,-1.7058823529411766,1.6389850057670126
1476.TW,2025,walk_hard,6.470588235294117,34.117647058823536,-1.2041522491349486,-1.7058823529411766,0.5017301038062281
1477.TW,2025,walk_hard,7.254901960784314,34.117647058823536,-0.9365628604382931,-1.7058823529411766,0.7693194925028836
1503.TW,2025,walk_hard,5.454545454545454,23.52941176470588,-1.0695187165775402,-1.1764705882352942,0.106951871657754
1504.TW,2025,walk_hard,5.252525252525253,23.52941176470588,-1.117052881758764,-1.1764705882352942,0.05941770647653022
1506.TW,2025,walk_hard,0.7070707070707072,23.52941176470588,-2.186571598336304,-1.1764705882352942,-1.0101010101010097
1512.TW,2025,walk_hard,9.047619047619047,15.588235294117647,-0.14845938375350143,-0.7794117647058824,0.6309523809523809
1513.TW,2025,walk_hard,8.88888888888889,23.52941176470588,-0.26143790849673193,-1.1764705882352942,0.9150326797385622
1514.TW,2025,walk_hard,8.282828282828284,23.52941176470588,-0.4040404040404038,-1.1764705882352942,0.7724301841948904
1515.TW,2025,walk_hard,6.464646464646464,23.52941176470588,-0.8318478906714202,-1.1764705882352942,0.344622697563874
1516.TW,2025,walk_hard,9.67032967032967,28.823529411764707,-0.09502262443438932,-1.4411764705882353,1.346153846153846
1517.TW,2025,walk_hard,4.141414141414142,23.52941176470588,-1.378490790255496,-1.1764705882352942,-0.20202020202020177
1519.TW,2025,walk_hard,7.676767676767677,23.52941176470588,-0.5466428995840759,-1.1764705882352942,0.6298276886512183
1521.TW,2025,walk_hard,3.333333333333334,15.588235294117647,-1.0392156862745097,-0.7794117647058824,-0.2598039215686273
1522.TW,2025,walk_hard,6.904761904761905,15.588235294117647,-0.4824929971988795,-0.7794117647058824,0.29691876750700286
1524.TW,2025,walk_hard,2.6190476190476186,15.588235294117647,-1.1505602240896358,-0.7794117647058824,-0.3711484593837534
1525.TW,2025,walk_hard,3.0952380952380953,15.588235294117647,-1.076330532212885,-0.7794117647058824,-0.29691876750700275
1526.TW,2025,walk_hard,6.262626262626263,23.52941176470588,-0.879382055852644,-1.1764705882352942,0.2970885323826502
1527.TW,2025,walk_hard,1.01010101010101,23.52941176470588,-2.115270350564468,-1.1764705882352942,-0.9387997623291737
1528.TW,2025,walk_hard,5.95959595959596,23.52941176470588,-0.9506833036244798,-1.1764705882352942,0.22578728461081432
1529.TW,2025,walk_hard,2.02020202020202,23.52941176470588,-1.877599524658348,-1.1764705882352942,-0.7011289364230537
1530.TW,2025,walk_hard,5.05050505050505,23.52941176470588,-1.1645870469399882,-1.1764705882352942,0.011883541295306
1531.TW,2025,walk_hard,5.151515151515151,23.52941176470588,-1.1408199643493762,-1.1764705882352942,0.035650623885918
1532.TW,2025,walk_hard,0.2020202020202022,23.52941176470588,-2.305407011289364,-1.1764705882352942,-1.1289364230540697
1533.TW,2025,walk_hard,5.476190476190476,15.588235294117647,-0.7051820728291317,-0.7794117647058824,0.07422969187675066
1535.TW,2025,walk_hard,9.797979797979798,23.52941176470588,-0.047534165181224095,-1.1764705882352942,1.1289364230540702
1536.TW,2025,walk_hard,0.0,15.588235294117647,-1.5588235294117647,-0.7794117647058824,-0.7794117647058824
1537.TW,2025,walk_hard,0.505050505050505,23.52941176470588,-2.234105763517528,-1.1764705882352942,-1.0576351752822337
1538.TW,2025,walk_hard,8.585858585858585,23.52941176470588,-0.33273915626856826,-1.1764705882352942,0.843731431966726
1539.TW,2025,walk_hard,7.171717171717171,23.52941176470588,-0.6654783125371361,-1.1764705882352942,0.5109922756981581
1540.TW,2025,walk_hard,7.070707070707071,23.52941176470588,-0.689245395127748,-1.1764705882352942,0.4872251931075462
1541.TW,2025,walk_hard,4.646464646464646,23.52941176470588,-1.2596553773024362,-1.1764705882352942,-0.083184789067142
1558.TW,2025,walk_hard,4.343434343434343,23.52941176470588,-1.330956625074272,-1.1764705882352942,-0.15448603683897777
1560.TW,2025,walk_hard,1.8181818181818177,23.52941176470588,-1.9251336898395721,-1.1764705882352942,-0.748663101604278
1563.TW,2025,walk_hard,0.4761904761904767,15.588235294117647,-1.4845938375350138,-0.7794117647058824,-0.7051820728291315
1565.TWO,2025,walk_hard,2.129032258064516,19.558823529411768,-1.5394686907020876,-0.9779411764705884,-0.5615275142314992
1568.TW,2025,walk_hard,2.8571428571428568,15.588235294117647,-1.1134453781512605,-0.7794117647058824,-0.3340336134453782
1569.TWO,2025,walk_hard,0.0,10.294117647058822,-1.0294117647058822,-0.5147058823529411,-0.5147058823529411
1570.TWO,2025,walk_hard,7.272727272727273,23.52941176470588,-0.641711229946524,-1.1764705882352942,0.5347593582887702
1580.TWO,2025,walk_hard,5.858585858585858,23.52941176470588,-0.9744503862150922,-1.1764705882352942,0.202020202020202
1582.TW,2025,walk_hard,1.923076923076923,26.176470588235293,-2.1142533936651584,-1.3088235294117647,-0.8054298642533937
1583.TW,2025,walk_hard,7.373737373737374,23.52941176470588,-0.6179441473559121,-1.1764705882352942,0.5585264408793821
1584.TWO,2025,walk_hard,0.7692307692307687,28.823529411764707,-2.6606334841628962,-1.4411764705882353,-1.219457013574661
1586.TWO,2025,walk_hard,5.555555555555555,23.52941176470588,-1.0457516339869282,-1.1764705882352942,0.130718954248366
1587.TW,2025,walk_hard,4.2857142857142865,15.588235294117647,-0.8907563025210082,-0.7794117647058824,-0.11134453781512588
1589.TW,2025,walk_hard,0.0,23.52941176470588,-2.3529411764705883,-1.1764705882352942,-1.1764705882352942
1590.TW,2025,walk_hard,2.727272727272727,23.52941176470588,-1.7112299465240641,-1.1764705882352942,-0.53475935828877
1591.TWO,2025,walk_hard,9.191919191919192,23.52941176470588,-0.190136660724896,-1.1764705882352942,0.9863339275103982
1593.TWO,2025,walk_hard,8.076923076923077,22.205882352941174,-0.42703619909502266,-1.1102941176470587,0.683257918552036
1595.TWO,2025,walk_hard,4.705882352941177,27.5,-1.4558823529411766,-1.375,-0.08088235294117663
1597.TW,2025,walk_hard,2.3232323232323235,23.52941176470588,-1.8062982768865121,-1.1764705882352942,-0.629827688651218
1598.TW,2025,walk_hard,6.923076923076923,22.205882352941174,-0.683257918552036,-1.1102941176470587,0.42703619909502266
1599.TWO,2025,walk_hard,7.878787878787879,23.52941176470588,-0.49910873440285203,-1.1764705882352942,0.6773618538324422
1603.TW,2025,walk_hard,5.0,40.73529411764706,-2.0367647058823533,-2.036764705882353,-4.440892098500626e-16
1604.TW,2025,walk_hard,8.75,40.73529411764706,-0.5091911764705883,-2.036764705882353,1.5275735294117645
1605.TW,2025,walk_hard,0.0,40.73529411764706,-4.0735294117647065,-2.036764705882353,-2.0367647058823537
1608.TW,2025,walk_hard,1.25,40.73529411764706,-3.5643382352941178,-2.036764705882353,-1.527573529411765
1609.TW,2025,walk_hard,3.125,40.73529411764706,-2.8005514705882355,-2.036764705882353,-0.7637867647058827
1611.TW,2025,walk_hard,9.375,40.73529411764706,-0.25459558823529416,-2.036764705882353,1.7821691176470587
1612.TW,2025,walk_hard,8.125,40.73529411764706,-0.7637867647058824,-2.036764705882353,1.2729779411764706
1614.TW,2025,walk_hard,6.25,40.73529411764706,-1.5275735294117647,-2.036764705882353,0.5091911764705881
1615.TW,2025,walk_hard,4.375,40.73529411764706,-2.2913602941176467,-2.036764705882353,-0.25459558823529393
1616.TW,2025,walk_hard,5.625,40.73529411764706,-1.7821691176470589,-2.036764705882353,0.25459558823529393
1617.TW,2025,walk_hard,1.875,40.73529411764706,-3.3097426470588234,-2.036764705882353,-1.2729779411764706
1618.TW,2025,walk_hard,3.75,40.73529411764706,-2.545955882352941,-2.036764705882353,-0.5091911764705883
1623.TW,2025,walk_hard,6.875,40.73529411764706,-1.2729779411764706,-2.036764705882353,0.7637867647058822
1626.TW,2025,walk_hard,2.5,40.73529411764706,-3.0551470588235294,-2.036764705882353,-1.0183823529411766
1702.TW,2025,walk_hard,0.3125,31.47058823529412,-3.0487132352941178,-1.573529411764706,-1.4751838235294117
1707.TW,2025,walk_hard,3.8064516129032255,19.558823529411768,-1.211385199240987,-0.9779411764705884,-0.23344402277039855
1708.TW,2025,walk_hard,1.4634146341463417,38.08823529411765,-3.2514347202295557,-1.9044117647058827,-1.347022955523673
1709.TW,2025,walk_hard,1.2195121951219512,38.08823529411765,-3.3443328550932576,-1.9044117647058827,-1.439921090387375
1710.TW,2025,walk_hard,0.0,38.08823529411765,-3.8088235294117654,-1.9044117647058827,-1.9044117647058827
1711.TW,2025,walk_hard,2.195121951219512,38.08823529411765,-2.972740315638451,-1.9044117647058827,-1.0683285509325682
1712.TW,2025,walk_hard,5.365853658536586,38.08823529411765,-1.7650645624103303,-1.9044117647058827,0.13934720229555242
1713.TW,2025,walk_hard,0.7317073170731703,38.08823529411765,-3.530129124820661,-1.9044117647058827,-1.6257173601147783
1714.TW,2025,walk_hard,2.682926829268293,38.08823529411765,-2.7869440459110475,-1.9044117647058827,-0.8825322812051648
1717.TW,2025,walk_hard,3.1707317073170724,38.08823529411765,-2.601147776183645,-1.9044117647058827,-0.6967360114777623
1718.TW,2025,walk_hard,1.9512195121951215,38.08823529411765,-3.065638450502153,-1.9044117647058827,-1.16122668579627
1720.TW,2025,walk_hard,5.741935483870968,19.558823529411768,-0.8328273244781785,-0.9779411764705884,0.1451138519924099
1721.TW,2025,walk_hard,0.9756097560975607,38.08823529411765,-3.437230989956959,-1.9044117647058827,-1.5328192252510764
1722.TW,2025,walk_hard,0.24390243902439046,38.08823529411765,-3.7159253945480635,-1.9044117647058827,-1.8115136298421808
1723.TW,2025,walk_hard,1.7073170731707321,38.08823529411765,-3.1585365853658542,-1.9044117647058827,-1.2541248206599716
1725.TW,2025,walk_hard,10.0,38.08823529411765,-0.0,-1.9044117647058827,1.9044117647058827
1726.TW,2025,walk_hard,9.26829268292683,38.08823529411765,-0.27869440459110434,-1.9044117647058827,1.6257173601147783
1727.TW,2025,walk_hard,3.6585365853658534,38.08823529411765,-2.4153515064562416,-1.9044117647058827,-0.5109397417503589
1730.TW,2025,walk_hard,9.75609756097561,38.08823529411765,-0.09289813486370167,-1.9044117647058827,1.811513629842181
1731.TW,2025,walk_hard,6.580645161290323,19.558823529411768,-0.6687855787476282,-0.9779411764705884,0.3091555977229602
1732.TW,2025,walk_hard,8.292682926829269,38.08823529411765,-0.650286944045911,-1.9044117647058827,1.2541248206599716
1733.TW,2025,walk_hard,2.774193548387097,19.558823529411768,-1.4132827324478179,-0.9779411764705884,-0.43534155597722946
1734.TW,2025,walk_hard,3.1612903225806455,19.558823529411768,-1.3375711574952565,-0.9779411764705884,-0.35962998102466803
1735.TW,2025,walk_hard,4.878048780487805,38.08823529411765,-1.9508608321377334,-1.9044117647058827,-0.04644906743185073
1736.TW,2025,walk_hard,4.615384615384616,22.205882352941174,-1.195701357466063,-1.1102941176470587,-0.08540723981900444
1737.TW,2025,walk_hard,1.875,31.47058823529412,-2.556985294117647,-1.573529411764706,-0.9834558823529411
1742.TWO,2025,walk_hard,8.78048780487805,38.08823529411765,-0.4644906743185077,-1.9044117647058827,1.439921090387375
1752.TW,2025,walk_hard,2.064516129032258,19.558823529411768,-1.5520872865275146,-0.9779411764705884,-0.5741461100569262
1760.TW,2025,walk_hard,3.870967741935484,19.558823529411768,-1.19876660341556,-0.9779411764705884,-0.22082542694497154
1762.TW,2025,walk_hard,1.3548387096774195,19.558823529411768,-1.6908918406072106,-0.9779411764705884,-0.7129506641366222
1773.TW,2025,walk_hard,3.414634146341463,38.08823529411765,-2.508249641319943,-1.9044117647058827,-0.6038378766140604
1776.TW,2025,walk_hard,6.341463414634147,38.08823529411765,-1.3934720229555237,-1.9044117647058827,0.5109397417503589
1777.TWO,2025,walk_hard,2.193548387096774,19.558823529411768,-1.5268500948766606,-0.9779411764705884,-0.5489089184060721
1780.TWO,2025,walk_hard,1.25,31.47058823529412,-2.7536764705882355,-1.573529411764706,-1.1801470588235294
1781.TWO,2025,walk_hard,8.32258064516129,19.558823529411768,-0.32808349146110066,-0.9779411764705884,0.6498576850094877
1783.TW,2025,walk_hard,3.67741935483871,19.558823529411768,-1.2366223908918408,-0.9779411764705884,-0.25868121442125236
1784.TWO,2025,walk_hard,3.741935483870967,19.558823529411768,-1.224003795066414,-0.9779411764705884,-0.24606261859582557
1785.TWO,2025,walk_hard,2.5,14.26470588235294,-1.0698529411764706,-0.7132352941176471,-0.3566176470588235
1786.TW,2025,walk_hard,3.290322580645161,19.558823529411768,-1.3123339658444024,-0.9779411764705884,-0.334392789373814
1788.TWO,2025,walk_hard,8.774193548387096,19.558823529411768,-0.23975332068311214,-0.9779411764705884,0.7381878557874763
1789.TW,2025,walk_hard,1.483870967741936,19.558823529411768,-1.665654648956357,-0.9779411764705884,-0.6877134724857686
1795.TW,2025,walk_hard,6.838709677419354,19.558823529411768,-0.6183111954459206,-0.9779411764705884,0.3596299810246678
1796.TWO,2025,walk_hard,0.0,31.47058823529412,-3.147058823529412,-1.573529411764706,-1.573529411764706
1799.TWO,2025,walk_hard,9.612903225806452,19.558823529411768,-0.07571157495256162,-0.9779411764705884,0.9022296015180268
1802.TW,2025,walk_hard,0.0,48.6764705882353,-4.86764705882353,-2.4338235294117654,-2.4338235294117645
1805.TW,2025,walk_hard,5.9770114942528725,30.147058823529413,-1.2128127112914135,-1.5073529411764708,0.29454022988505724
1806.TW,2025,walk_hard,2.5,48.6764705882353,-3.6507352941176476,-2.4338235294117654,-1.2169117647058822
1808.TW,2025,walk_hard,0.9195402298850575,30.147058823529413,-2.737491548343475,-1.5073529411764708,-1.2301386071670042
1809.TW,2025,walk_hard,7.5,48.6764705882353,-1.2169117647058825,-2.4338235294117654,1.216911764705883
1810.TW,2025,walk_hard,5.0,48.6764705882353,-2.433823529411765,-2.4338235294117654,4.440892098500626e-16
1813.TWO,2025,walk_hard,1.6774193548387095,19.558823529411768,-1.6277988614800762,-0.9779411764705884,-0.6498576850094878
1815.TWO,2025,walk_hard,0.09615384615384581,26.176470588235293,-2.5924773755656103,-1.3088235294117647,-1.2836538461538456
1817.TW,2025,walk_hard,10.0,48.6764705882353,-0.0,-2.4338235294117654,2.4338235294117654
1903.TW,2025,walk_hard,8.333333333333334,47.35294117647059,-0.7892156862745096,-2.367647058823529,1.5784313725490193
1904.TW,2025,walk_hard,3.333333333333334,47.35294117647059,-3.1568627450980387,-2.367647058823529,-0.7892156862745097
1905.TW,2025,walk_hard,1.6666666666666663,47.35294117647059,-3.946078431372549,-2.367647058823529,-1.5784313725490202
1906.TW,2025,walk_hard,10.0,47.35294117647059,-0.0,-2.367647058823529,2.367647058823529
1907.TW,2025,walk_hard,5.0,47.35294117647059,-2.3676470588235294,-2.367647058823529,-4.440892098500626e-16
1909.TW,2025,walk_hard,0.0,47.35294117647059,-4.735294117647059,-2.367647058823529,-2.36764705882353
2002.TW,2025,walk_hard,0.0,43.38235294117647,-4.338235294117647,-2.1691176470588234,-2.1691176470588234
2006.TW,2025,walk_hard,1.2765957446808507,43.38235294117647,-3.7844180225281603,-2.1691176470588234,-1.615300375469337
2007.TW,2025,walk_hard,1.7021276595744683,43.38235294117647,-3.599812265331664,-2.1691176470588234,-1.4306946182728408
2008.TW,2025,walk_hard,6.170212765957447,43.38235294117647,-1.6614518147684607,-2.1691176470588234,0.5076658322903627
2009.TW,2025,walk_hard,3.6170212765957444,43.38235294117647,-2.769086357947434,-2.1691176470588234,-0.5999687108886107
2010.TW,2025,walk_hard,8.085106382978724,43.38235294117647,-0.83072590738423,-2.1691176470588234,1.3383917396745932
2012.TW,2025,walk_hard,3.829787234042553,43.38235294117647,-2.6767834793491865,-2.1691176470588234,-0.5076658322903631
2013.TW,2025,walk_hard,8.51063829787234,43.38235294117647,-0.6461201501877347,-2.1691176470588234,1.5229974968710887
2014.TW,2025,walk_hard,2.127659574468085,43.38235294117647,-3.415206508135169,-2.1691176470588234,-1.2460888610763456
2015.TW,2025,walk_hard,0.8510638297872342,43.38235294117647,-3.9690237797246555,-2.1691176470588234,-1.799906132665832
2017.TW,2025,walk_hard,2.3404255319148937,43.38235294117647,-3.3229036295369214,-2.1691176470588234,-1.153785982478098
2020.TW,2025,walk_hard,7.446808510638299,43.38235294117647,-1.1076345431789734,-2.1691176470588234,1.06148310387985
2022.TW,2025,walk_hard,2.5531914893617023,43.38235294117647,-3.2306007509386734,-2.1691176470588234,-1.06148310387985
2023.TW,2025,walk_hard,2.978723404255319,43.38235294117647,-3.0459949937421777,-2.1691176470588234,-0.8768773466833544
2024.TW,2025,walk_hard,5.1063829787234045,43.38235294117647,-2.1229662077596996,-2.1691176470588234,0.0461514392991238
2025.TW,2025,walk_hard,3.4042553191489366,43.38235294117647,-2.861389236545682,-2.1691176470588234,-0.6922715894868587
2027.TW,2025,walk_hard,7.0212765957446805,43.38235294117647,-1.2922403003754694,-2.1691176470588234,0.8768773466833539
2028.TW,2025,walk_hard,0.6382978723404253,43.38235294117647,-4.061326658322904,-2.1691176470588234,-1.8922090112640806
2029.TW,2025,walk_hard,4.042553191489362,43.38235294117647,-2.5844806007509384,-2.1691176470588234,-0.41536295369211507
2030.TW,2025,walk_hard,6.808510638297872,43.38235294117647,-1.384543178973717,-2.1691176470588234,0.7845744680851063
2031.TW,2025,walk_hard,9.148936170212766,43.38235294117647,-0.3692115143929914,-2.1691176470588234,1.799906132665832
2032.TW,2025,walk_hard,9.574468085106384,43.38235294117647,-0.1846057571964953,-2.1691176470588234,1.9845118898623282
2033.TW,2025,walk_hard,4.680851063829787,43.38235294117647,-2.307571964956195,-2.1691176470588234,-0.13845431789737184
2034.TW,2025,walk_hard,7.234042553191489,43.38235294117647,-1.1999374217772218,-2.1691176470588234,0.9691802252816015
2035.TWO,2025,walk_hard,1.9148936170212771,43.38235294117647,-3.507509386733416,-2.1691176470588234,-1.3383917396745928
2038.TW,2025,walk_hard,1.063829787234043,43.38235294117647,-3.876720901126408,-2.1691176470588234,-1.7076032540675845
2049.TW,2025,walk_hard,1.2121212121212122,23.52941176470588,-2.067736185383244,-1.1764705882352942,-0.8912655971479497
2059.TW,2025,walk_hard,6.778846153846154,26.176470588235293,-0.8431843891402714,-1.3088235294117647,0.46563914027149333
2061.TWO,2025,walk_hard,10.0,40.73529411764706,-0.0,-2.036764705882353,2.036764705882353
2062.TW,2025,walk_hard,0.0,20.88235294117647,-2.0882352941176467,-1.0441176470588236,-1.0441176470588232
2063.TWO,2025,walk_hard,5.531914893617022,43.38235294117647,-1.938360450563204,-2.1691176470588234,0.23075719649561943
2064.TWO,2025,walk_hard,4.893617021276596,43.38235294117647,-2.215269086357947,-2.1691176470588234,-0.0461514392991238
2065.TWO,2025,walk_hard,4.468085106382978,43.38235294117647,-2.3998748435544432,-2.1691176470588234,-0.23075719649561988
2066.TWO,2025,walk_hard,4.747474747474747,23.52941176470588,-1.2358882947118242,-1.1764705882352942,-0.05941770647653
2067.TWO,2025,walk_hard,1.515151515151515,23.52941176470588,-1.9964349376114081,-1.1764705882352942,-0.819964349376114
2069.TW,2025,walk_hard,6.595744680851063,43.38235294117647,-1.4768460575719653,-2.1691176470588234,0.6922715894868581
2070.TWO,2025,walk_hard,8.98989898989899,23.52941176470588,-0.23767082590612007,-1.1764705882352942,0.9387997623291741
2072.TW,2025,walk_hard,5.0,39.41176470588235,-1.9705882352941173,-1.9705882352941173,0.0
2073.TWO,2025,walk_hard,0.21276595744680882,43.38235294117647,-4.245932415519399,-2.1691176470588234,-2.0768147684605758
2101.TW,2025,walk_hard,5.0,36.76470588235294,-1.838235294117647,-1.838235294117647,0.0
2102.TW,2025,walk_hard,3.0000000000000004,36.76470588235294,-2.573529411764706,-1.838235294117647,-0.7352941176470591
2103.TW,2025,walk_hard,0.9999999999999998,36.76470588235294,-3.3088235294117645,-1.838235294117647,-1.4705882352941175
2104.TW,2025,walk_hard,0.0,36.76470588235294,-3.676470588235294,-1.838235294117647,-1.838235294117647
2105.TW,2025,walk_hard,10.0,36.76470588235294,-0.0,-1.838235294117647,1.838235294117647
2106.TW,2025,walk_hard,9.0,36.76470588235294,-0.36764705882352944,-1.838235294117647,1.4705882352941175
2107.TW,2025,walk_hard,6.0,36.76470588235294,-1.4705882352941178,-1.838235294117647,0.3676470588235292
2108.TW,2025,walk_hard,8.0,36.76470588235294,-0.7352941176470589,-1.838235294117647,1.102941176470588
2109.TW,2025,walk_hard,7.0,36.76470588235294,-1.1029411764705883,-1.838235294117647,0.7352941176470587
2114.TW,2025,walk_hard,4.0,36.76470588235294,-2.2058823529411766,-1.838235294117647,-0.36764705882352966
2115.TW,2025,walk_hard,1.1904761904761907,15.588235294117647,-1.3732492997198882,-0.7794117647058824,-0.5938375350140058
2201.TW,2025,walk_hard,6.428571428571428,15.588235294117647,-0.5567226890756304,-0.7794117647058824,0.22268907563025198
2204.TW,2025,walk_hard,7.142857142857143,15.588235294117647,-0.4453781512605041,-0.7794117647058824,0.33403361344537824
2206.TW,2025,walk_hard,5.238095238095238,15.588235294117647,-0.7422969187675069,-0.7794117647058824,0.03711484593837544
2207.TW,2025,walk_hard,9.285714285714286,15.588235294117647,-0.11134453781512592,-0.7794117647058824,0.6680672268907565
2208.TW,2025,walk_hard,6.969696969696971,42.05882352941176,-1.274509803921568,-2.1029411764705883,0.8284313725490202
2211.TW,2025,walk_hard,0.4255319148936165,43.38235294117647,-4.1536295369211516,-2.1691176470588234,-1.9845118898623282
2221.TWO,2025,walk_hard,4.395604395604396,28.823529411764707,-1.6153846153846152,-1.4411764705882353,-0.17420814479637992
2227.TW,2025,walk_hard,9.523809523809524,15.588235294117647,-0.07422969187675071,-0.7794117647058824,0.7051820728291316
2228.TW,2025,walk_hard,6.190476190476191,15.588235294117647,-0.5938375350140056,-0.7794117647058824,0.18557422969187676
2230.TWO,2025,walk_hard,4.705882352941177,20.88235294117647,-1.1055363321799307,-1.0441176470588236,-0.06141868512110715
2231.TW,2025,walk_hard,5.9523809523809526,15.588235294117647,-0.6309523809523809,-0.7794117647058824,0.14845938375350143
2233.TW,2025,walk_hard,5.7142857142857135,15.588235294117647,-0.6680672268907564,-0.7794117647058824,0.11134453781512599
2235.TWO,2025,walk_hard,1.9191919191919193,23.52941176470588,-1.9013666072489601,-1.1764705882352942,-0.724896019013666
2236.TW,2025,walk_hard,10.0,15.588235294117647,-0.0,-0.7794117647058824,0.7794117647058824
2239.TW,2025,walk_hard,8.095238095238095,15.588235294117647,-0.29691876750700286,-0.7794117647058824,0.4824929971988795
2241.TW,2025,walk_hard,1.9047619047619047,15.588235294117647,-1.2619047619047619,-0.7794117647058824,-0.4824929971988795
2243.TW,2025,walk_hard,9.761904761904761,15.588235294117647,-0.037114845938375496,-0.7794117647058824,0.7422969187675068
2247.TW,2025,walk_hard,8.80952380952381,15.588235294117647,-0.18557422969187662,-0.7794117647058824,0.5938375350140057
2248.TW,2025,walk_hard,4.523809523809524,15.588235294117647,-0.8536414565826331,-0.7794117647058824,-0.07422969187675077
2250.TW,2025,walk_hard,1.6666666666666663,15.588235294117647,-1.2990196078431373,-0.7794117647058824,-0.5196078431372549
2254.TW,2025,walk_hard,6.666666666666668,15.588235294117647,-0.5196078431372547,-0.7794117647058824,0.25980392156862764
2258.TW,2025,walk_hard,7.857142857142857,15.588235294117647,-0.3340336134453782,-0.7794117647058824,0.4453781512605042
2301.TW,2025,walk_hard,2.962962962962963,10.294117647058822,-0.724400871459695,-0.5147058823529411,-0.20969498910675388
2302.TW,2025,walk_hard,5.049019607843137,27.5,-1.3615196078431373,-1.375,0.013480392156862697
2303.TW,2025,walk_hard,1.3725490196078427,27.5,-2.3725490196078436,-1.375,-0.9975490196078436
2305.TW,2025,walk_hard,1.4814814814814814,10.294117647058822,-0.8769063180827886,-0.5147058823529411,-0.3622004357298475
2308.TW,2025,walk_hard,8.894230769230768,26.176470588235293,-0.2894513574660636,-1.3088235294117647,1.0193721719457012
2312.TW,2025,walk_hard,2.282608695652174,14.26470588235294,-1.1008631713554986,-0.7132352941176471,-0.3876278772378515
2313.TW,2025,walk_hard,1.5384615384615385,26.176470588235293,-2.2149321266968327,-1.3088235294117647,-0.906108597285068
2314.TW,2025,walk_hard,1.797752808988764,16.911764705882355,-1.387144745538665,-0.8455882352941178,-0.5415565102445472
2316.TW,2025,walk_hard,0.4807692307692313,26.176470588235293,-2.4917986425339365,-1.3088235294117647,-1.1829751131221717
2317.TW,2025,walk_hard,6.195652173913043,14.26470588235294,-0.5426790281329924,-0.7132352941176471,0.17055626598465468
2321.TW,2025,walk_hard,3.1460674157303368,16.911764705882355,-1.1591209517514873,-0.8455882352941178,-0.3135327164573696
2323.TW,2025,walk_hard,0.6140350877192979,32.794117647058826,-3.078044375644995,-1.6397058823529411,-1.4383384932920538
2324.TW,2025,walk_hard,6.851851851851851,10.294117647058822,-0.3240740740740741,-0.5147058823529411,0.190631808278867
2327.TW,2025,walk_hard,2.5,26.176470588235293,-1.963235294117647,-1.3088235294117647,-0.6544117647058822
2328.TW,2025,walk_hard,3.5576923076923075,26.176470588235293,-1.686368778280543,-1.3088235294117647,-0.37754524886877827
2329.TW,2025,walk_hard,2.5,27.5,-2.0625,-1.375,-0.6875
2330.TW,2025,walk_hard,2.7941176470588234,27.5,-1.9816176470588234,-1.375,-0.6066176470588234
2331.TW,2025,walk_hard,0.7407407407407407,10.294117647058822,-0.9531590413943354,-0.5147058823529411,-0.43845315904139426
2332.TW,2025,walk_hard,5.7303370786516865,16.911764705882355,-0.7220753469927296,-0.8455882352941178,0.12351288830138818
2337.TW,2025,walk_hard,0.8333333333333337,27.5,-2.520833333333333,-1.375,-1.145833333333333
2338.TW,2025,walk_hard,2.990196078431373,27.5,-1.9276960784313726,-1.375,-0.5526960784313726
2340.TW,2025,walk_hard,1.1764705882352944,27.5,-2.4264705882352944,-1.375,-1.0514705882352944
2342.TW,2025,walk_hard,0.0,27.5,-2.75,-1.375,-1.375
2344.TW,2025,walk_hard,1.96078431372549,27.5,-2.21078431372549,-1.375,-0.8357843137254899
2345.TW,2025,walk_hard,8.202247191011235,16.911764705882355,-0.30403172504957054,-0.8455882352941178,0.5415565102445472
2347.TW,2025,walk_hard,7.567567567567568,6.323529411764706,-0.15381558028616846,-0.3161764705882353,0.16236089030206682
2348.TW,2025,walk_hard,8.571428571428573,28.823529411764707,-0.41176470588235253,-1.4411764705882353,1.0294117647058827
2349.TW,2025,walk_hard,2.192982456140351,32.794117647058826,-2.5602425180598556,-1.6397058823529411,-0.9205366357069145
2351.TW,2025,walk_hard,2.2549019607843137,27.5,-2.1299019607843137,-1.375,-0.7549019607843137
2352.TW,2025,walk_hard,2.407407407407407,10.294117647058822,-0.7815904139433552,-0.5147058823529411,-0.26688453159041403
2353.TW,2025,walk_hard,8.88888888888889,10.294117647058822,-0.11437908496732022,-0.5147058823529411,0.40032679738562094
2354.TW,2025,walk_hard,4.347826086956522,14.26470588235294,-0.8062659846547313,-0.7132352941176471,-0.09303069053708424
2355.TW,2025,walk_hard,1.1057692307692313,26.176470588235293,-2.328195701357466,-1.3088235294117647,-1.0193721719457012
2356.TW,2025,walk_hard,6.388888888888888,10.294117647058822,-0.37173202614379086,-0.5147058823529411,0.14297385620915026
2357.TW,2025,walk_hard,8.61111111111111,10.294117647058822,-0.14297385620915035,-0.5147058823529411,0.37173202614379075
2359.TW,2025,walk_hard,3.1521739130434776,14.26470588235294,-0.9768222506393862,-0.7132352941176471,-0.26358695652173914
2360.TW,2025,walk_hard,6.086956521739131,14.26470588235294,-0.5581841432225063,-0.7132352941176471,0.15505115089514077
2362.TW,2025,walk_hard,1.3888888888888884,10.294117647058822,-0.886437908496732,-0.5147058823529411,-0.37173202614379086
2363.TW,2025,walk_hard,4.6078431372549025,27.5,-1.482843137254902,-1.375,-0.10784313725490202
2364.TW,2025,walk_hard,4.074074074074074,10.294117647058822,-0.6100217864923746,-0.5147058823529411,-0.09531590413943347
2365.TW,2025,walk_hard,4.351851851851852,10.294117647058822,-0.5814270152505445,-0.5147058823529411,-0.0667211328976034
2367.TW,2025,walk_hard,1.25,26.176470588235293,-2.2904411764705883,-1.3088235294117647,-0.9816176470588236
2368.TW,2025,walk_hard,3.3173076923076925,26.176470588235293,-1.7492929864253393,-1.3088235294117647,-0.44046945701357454
2369.TW,2025,walk_hard,0.8823529411764708,27.5,-2.5073529411764706,-1.375,-1.1323529411764706
2371.TW,2025,walk_hard,4.040404040404041,23.52941176470588,-1.402257872846108,-1.1764705882352942,-0.22578728461081377
2373.TW,2025,walk_hard,7.391304347826086,14.26470588235294,-0.3721227621483377,-0.7132352941176471,0.34111253196930935
2374.TW,2025,walk_hard,6.315789473684211,32.794117647058826,-1.208204334365325,-1.6397058823529411,0.4315015479876161
2375.TW,2025,walk_hard,1.5865384615384615,26.176470588235293,-2.2023472850678734,-1.3088235294117647,-0.8935237556561086
2376.TW,2025,walk_hard,8.24074074074074,10.294117647058822,-0.18110021786492375,-0.5147058823529411,0.3336056644880174
2377.TW,2025,walk_hard,8.518518518518519,10.294117647058822,-0.15250544662309362,-0.5147058823529411,0.3622004357298475
2379.TW,2025,walk_hard,6.813725490196079,27.5,-0.8762254901960783,-1.375,0.4987745098039217
2380.TW,2025,walk_hard,5.648148148148149,10.294117647058822,-0.44798474945533756,-0.5147058823529411,0.06672113289760356
2382.TW,2025,walk_hard,7.5,10.294117647058822,-0.25735294117647056,-0.5147058823529411,0.25735294117647056
2383.TW,2025,walk_hard,5.048076923076923,26.176470588235293,-1.2962386877828052,-1.3088235294117647,0.012584841628959564
2385.TW,2025,walk_hard,7.451923076923077,26.176470588235293,-0.6669966063348417,-1.3088235294117647,0.641826923076923
2387.TW,2025,walk_hard,8.981481481481481,10.294117647058822,-0.10484749455337695,-0.5147058823529411,0.4098583877995642
2388.TW,2025,walk_hard,3.5294117647058822,27.5,-1.7794117647058822,-1.375,-0.40441176470588225
2390.TW,2025,walk_hard,4.021739130434783,14.26470588235294,-0.8527813299232736,-0.7132352941176471,-0.13954603580562652
2392.TW,2025,walk_hard,4.855769230769232,26.176470588235293,-1.3465780542986423,-1.3088235294117647,-0.03775452488687758
2393.TW,2025,walk_hard,3.508771929824561,32.794117647058826,-2.1287409700722395,-1.6397058823529411,-0.4890350877192984
2395.TW,2025,walk_hard,4.9074074074074066,10.294117647058822,-0.5242374727668846,-0.5147058823529411,-0.00953159041394347
2397.TW,2025,walk_hard,5.462962962962963,10.294117647058822,-0.46704793028322433,-0.5147058823529411,0.04765795206971679
2399.TW,2025,walk_hard,7.5925925925925934,10.294117647058822,-0.24782135076252712,-0.5147058823529411,0.26688453159041403
2401.TW,2025,walk_hard,4.901960784313726,27.5,-1.4019607843137254,-1.375,-0.026960784313725394
2402.TW,2025,walk_hard,8.653846153846153,26.176470588235293,-0.35237556561085986,-1.3088235294117647,0.9564479638009049
2404.TW,2025,walk_hard,9.67391304347826,14.26470588235294,-0.04651534526854234,-0.7132352941176471,0.6667199488491047
2405.TW,2025,walk_hard,4.166666666666666,10.294117647058822,-0.6004901960784313,-0.5147058823529411,-0.08578431372549022
2406.TW,2025,walk_hard,7.543859649122807,32.794117647058826,-0.8054695562435499,-1.6397058823529411,0.8342363261093912
2408.TW,2025,walk_hard,1.1274509803921573,27.5,-2.4399509803921564,-1.375,-1.0649509803921564
2409.TW,2025,walk_hard,1.9298245614035092,32.794117647058826,-2.646542827657379,-1.6397058823529411,-1.0068369453044377
2412.TW,2025,walk_hard,1.460674157303371,16.911764705882355,-1.4441506939854594,-0.8455882352941178,-0.5985624586913416
2413.TW,2025,walk_hard,6.442307692307692,26.176470588235293,-0.9312782805429866,-1.3088235294117647,0.37754524886877816
2414.TW,2025,walk_hard,5.675675675675675,6.323529411764706,-0.273449920508744,-0.3161764705882353,0.04272655007949128
2415.TW,2025,walk_hard,1.7788461538461542,26.176470588235293,-2.152007918552036,-1.3088235294117647,-0.8431843891402713
2417.TW,2025,walk_hard,7.777777777777778,10.294117647058822,-0.22875816993464052,-0.5147058823529411,0.28594771241830064
2419.TW,2025,walk_hard,9.55056179775281,16.911764705882355,-0.0760079312623925,-0.8455882352941178,0.7695803040317253
2420.TW,2025,walk_hard,4.711538461538462,26.176470588235293,-1.38433257918552,-1.3088235294117647,-0.07550904977375539
2421.TW,2025,walk_hard,6.826923076923077,26.176470588235293,-0.8305995475113123,-1.3088235294117647,0.47822398190045246
2423.TW,2025,walk_hard,4.891304347826086,14.26470588235294,-0.7287404092071612,-0.7132352941176471,-0.015505115089514132
2424.TW,2025,walk_hard,6.741573033707865,16.911764705882355,-0.5510575016523465,-0.8455882352941178,0.2945307336417713
2425.TW,2025,walk_hard,9.537037037037038,10.294117647058822,-0.04765795206971666,-0.5147058823529411,0.46704793028322444
2426.TW,2025,walk_hard,1.6666666666666663,32.794117647058826,-2.732843137254902,-1.6397058823529411,-1.093137254901961
2427.TW,2025,walk_hard,5.227272727272727,8.970588235294118,-0.4281417112299466,-0.4485294117647059,0.0203877005347593
2428.TW,2025,walk_hard,2.0192307692307687,26.176470588235293,-2.08908371040724,-1.3088235294117647,-0.7802601809954754
2429.TW,2025,walk_hard,9.385964912280702,32.794117647058826,-0.20136738906088741,-1.6397058823529411,1.4383384932920538
2430.TW,2025,walk_hard,0.27027027027026973,6.323529411764706,-0.615262321144674,-0.3161764705882353,-0.29908585055643877
2431.TW,2025,walk_hard,8.75,26.176470588235293,-0.3272058823529412,-1.3088235294117647,0.9816176470588236
2432.TW,2025,walk_hard,9.444444444444445,10.294117647058822,-0.05718954248366011,-0.5147058823529411,0.45751633986928103
2433.TW,2025,walk_hard,7.608695652173914,14.26470588235294,-0.3411125319693093,-0.7132352941176471,0.3721227621483378
2434.TW,2025,walk_hard,0.19607843137254943,27.5,-2.6960784313725488,-1.375,-1.3210784313725488
2436.TW,2025,walk_hard,5.53921568627451,27.5,-1.2267156862745099,-1.375,0.1482843137254901
2438.TW,2025,walk_hard,8.859649122807017,32.794117647058826,-0.37396800825593407,-1.6397058823529411,1.265737874097007
2439.TW,2025,walk_hard,5.955056179775281,16.911764705882355,-0.6840713813615334,-0.8455882352941178,0.1615168539325843
2440.TW,2025,walk_hard,4.326923076923077,26.176470588235293,-1.4850113122171944,-1.3088235294117647,-0.17618778280542968
2441.TW,2025,walk_hard,1.7156862745098034,27.5,-2.278186274509804,-1.375,-0.903186274509804
2442.TW,2025,walk_hard,8.160919540229886,30.147058823529413,-0.5544286680189316,-1.5073529411764708,0.9529242731575391
2444.TW,2025,walk_hard,2.1348314606741567,16.911764705882355,-1.3301387970918708,-0.8455882352941178,-0.484550561797753
2449.TW,2025,walk_hard,0.6862745098039214,27.5,-2.5612745098039214,-1.375,-1.1862745098039214
2450.TW,2025,walk_hard,8.651685393258427,16.911764705882355,-0.22802379378717777,-0.8455882352941178,0.61756444150694
2451.TW,2025,walk_hard,5.931372549019608,27.5,-1.1188725490196076,-1.375,0.25612745098039236
2453.TW,2025,walk_hard,4.772727272727273,8.970588235294118,-0.46891711229946514,-0.4485294117647059,-0.020387700534759245
2454.TW,2025,walk_hard,7.1568627450980395,27.5,-0.7818627450980391,-1.375,0.5931372549019609
2455.TW,2025,walk_hard,1.01123595505618,16.911764705882355,-1.5201586252478523,-0.8455882352941178,-0.6745703899537345
2457.TW,2025,walk_hard,4.8076923076923075,26.176470588235293,-1.3591628959276019,-1.3088235294117647,-0.05033936651583715
2458.TW,2025,walk_hard,7.5,27.5,-0.6875,-1.375,0.6875
2459.TW,2025,walk_hard,0.9782608695652173,14.26470588235294,-1.2869245524296675,-0.7132352941176471,-0.5736892583120204
2460.TW,2025,walk_hard,7.259615384615384,26.176470588235293,-0.7173359728506788,-1.3088235294117647,0.5914875565610859
2461.TW,2025,walk_hard,6.304347826086957,14.26470588235294,-0.5271739130434782,-0.7132352941176471,0.18606138107416892
2462.TW,2025,walk_hard,5.913461538461538,26.176470588235293,-1.0697115384615385,-1.3088235294117647,0.23911199095022617
2464.TW,2025,walk_hard,4.565217391304348,14.26470588235294,-0.7752557544757033,-0.7132352941176471,-0.062020460358056195
2465.TW,2025,walk_hard,6.7592592592592595,10.294117647058822,-0.3336056644880173,-0.5147058823529411,0.1811002178649238
2466.TW,2025,walk_hard,7.894736842105264,32.794117647058826,-0.6904024767801856,-1.6397058823529411,0.9493034055727555
2467.TW,2025,walk_hard,7.067307692307692,26.176470588235293,-0.767675339366516,-1.3088235294117647,0.5411481900452487
2468.TW,2025,walk_hard,7.272727272727273,8.970588235294118,-0.24465240641711225,-0.4485294117647059,0.20387700534759365
2471.TW,2025,walk_hard,4.545454545454546,8.970588235294118,-0.4893048128342246,-0.4485294117647059,-0.04077540106951871
2472.TW,2025,walk_hard,3.8942307692307687,26.176470588235293,-1.5982748868778283,-1.3088235294117647,-0.28945135746606354
2474.TW,2025,walk_hard,0.10869565217391353,14.26470588235294,-1.4109654731457797,-0.7132352941176471,-0.6977301790281326
2476.TW,2025,walk_hard,6.971153846153846,26.176470588235293,-0.7928450226244343,-1.3088235294117647,0.5159785067873304
2477.TW,2025,walk_hard,8.804347826086957,14.26470588235294,-0.17055626598465465,-0.7132352941176471,0.5426790281329924
2478.TW,2025,walk_hard,2.3557692307692313,26.176470588235293,-2.0009898190045248,-1.3088235294117647,-0.69216628959276
2480.TW,2025,walk_hard,7.5,8.970588235294118,-0.22426470588235292,-0.4485294117647059,0.22426470588235298
2481.TW,2025,walk_hard,2.3529411764705888,27.5,-2.1029411764705883,-1.375,-0.7279411764705883
2482.TW,2025,walk_hard,2.8260869565217392,14.26470588235294,-1.0233375959079283,-0.7132352941176471,-0.3101023017902812
2483.TW,2025,walk_hard,4.471153846153846,26.176470588235293,-1.4472567873303168,-1.3088235294117647,-0.1384332579185521
2484.TW,2025,walk_hard,2.884615384615384,26.176470588235293,-1.862556561085973,-1.3088235294117647,-0.5537330316742082
2485.TW,2025,walk_hard,2.02247191011236,16.911764705882355,-1.3491407799074688,-0.8455882352941178,-0.5035525446133511
2486.TW,2025,walk_hard,5.43859649122807,32.794117647058826,-1.4958720330237358,-1.6397058823529411,0.1438338493292053
2488.TW,2025,walk_hard,1.9565217391304346,14.26470588235294,-1.147378516624041,-0.7132352941176471,-0.4341432225063938
2489.TW,2025,walk_hard,6.754385964912281,32.794117647058826,-1.0643704850361198,-1.6397058823529411,0.5753353973168214
2491.TW,2025,walk_hard,6.842105263157895,32.794117647058826,-1.0356037151702788,-1.6397058823529411,0.6041021671826623
2492.TW,2025,walk_hard,2.2115384615384617,26.176470588235293,-2.038744343891403,-1.3088235294117647,-0.7299208144796381
2493.TW,2025,walk_hard,7.740384615384616,26.176470588235293,-0.5914875565610859,-1.3088235294117647,0.7173359728506788
2495.TW,2025,walk_hard,1.2037037037037035,10.294117647058822,-0.9055010893246185,-0.5147058823529411,-0.39079520697167736
2496.TW,2025,walk_hard,5.934065934065934,28.823529411764707,-1.1719457013574661,-1.4411764705882353,0.26923076923076916
2497.TW,2025,walk_hard,7.619047619047619,15.588235294117647,-0.3711484593837535,-0.7794117647058824,0.40826330532212884
2498.TW,2025,walk_hard,1.910112359550562,16.911764705882355,-1.368142762723067,-0.8455882352941178,-0.5225545274289491
2501.TW,2025,walk_hard,2.9885057471264362,30.147058823529413,-2.1137592968221774,-1.5073529411764708,-0.6064063556457067
2504.TW,2025,walk_hard,1.6091954022988508,30.147058823529413,-2.529580797836376,-1.5073529411764708,-1.022227856659905
2505.TW,2025,walk_hard,8.390804597701148,30.147058823529413,-0.48512508451656555,-1.5073529411764708,1.0222278566599052
2506.TW,2025,walk_hard,4.827586206896552,30.147058823529413,-1.5593306288032454,-1.5073529411764708,-0.05197768762677457
2509.TW,2025,walk_hard,3.67816091954023,30.147058823529413,-1.905848546315078,-1.5073529411764708,-0.39849560513860727
2511.TW,2025,walk_hard,2.068965517241379,30.147058823529413,-2.390973630831643,-1.5073529411764708,-0.8836206896551724
2514.TW,2025,walk_hard,6.373626373626373,28.823529411764707,-1.0452488687782806,-1.4411764705882353,0.3959276018099547
2515.TW,2025,walk_hard,3.4482758620689657,30.147058823529413,-1.9751521298174441,-1.5073529411764708,-0.46779918864097336
2516.TW,2025,walk_hard,4.597701149425287,30.147058823529413,-1.6286342123056121,-1.5073529411764708,-0.12128127112914133
2520.TW,2025,walk_hard,8.620689655172413,30.147058823529413,-0.4158215010141991,-1.5073529411764708,1.0915314401622718
2524.TW,2025,walk_hard,6.32183908045977,30.147058823529413,-1.1088573360378635,-1.5073529411764708,0.39849560513860727
2527.TW,2025,walk_hard,1.2643678160919536,30.147058823529413,-2.6335361730899263,-1.5073529411764708,-1.1261832319134555
2528.TW,2025,walk_hard,9.885057471264368,30.147058823529413,-0.034651791751183256,-1.5073529411764708,1.4727011494252875
2530.TW,2025,walk_hard,6.8965517241379315,30.147058823529413,-0.9355983772819472,-1.5073529411764708,0.5717545638945236
2534.TW,2025,walk_hard,3.333333333333334,30.147058823529413,-2.0098039215686274,-1.5073529411764708,-0.5024509803921566
2535.TW,2025,walk_hard,6.436781609195402,30.147058823529413,-1.0742055442866802,-1.5073529411764708,0.43314739688979054
2536.TW,2025,walk_hard,9.540229885057471,30.147058823529413,-0.13860716700473302,-1.5073529411764708,1.3687457741717377
2537.TW,2025,walk_hard,7.241379310344827,30.147058823529413,-0.8316430020283977,-1.5073529411764708,0.6757099391480731
2538.TW,2025,walk_hard,4.367816091954023,30.147058823529413,-1.6979377958079782,-1.5073529411764708,-0.19058485463150743
2539.TW,2025,walk_hard,5.747126436781609,30.147058823529413,-1.2821162947937796,-1.5073529411764708,0.22523664638269114
2540.TW,2025,walk_hard,4.712643678160919,30.147058823529413,-1.5939824205544288,-1.5073529411764708,-0.08662947937795806
2542.TW,2025,walk_hard,2.6436781609195403,30.147058823529413,-2.217714672075727,-1.5073529411764708,-0.7103617308992562
2543.TW,2025,walk_hard,2.2988505747126444,30.147058823529413,-2.321670047329276,-1.5073529411764708,-0.8143171061528054
2545.TW,2025,walk_hard,3.908045977011494,30.147058823529413,-1.8365449628127115,-1.5073529411764708,-0.32919202163624073
2546.TW,2025,walk_hard,5.632183908045977,30.147058823529413,-1.3167680865449631,-1.5073529411764708,0.19058485463150765
2547.TW,2025,walk_hard,2.8735632183908044,30.147058823529413,-2.1484110885733605,-1.5073529411764708,-0.6410581473968897
2548.TW,2025,walk_hard,4.022988505747126,30.147058823529413,-1.8018931710615282,-1.5073529411764708,-0.29454022988505746
2596.TWO,2025,walk_hard,8.50574712643678,30.147058823529413,-0.45047329276538234,-1.5073529411764708,1.0568796484110885
2597.TW,2025,walk_hard,0.8045977011494254,30.147058823529413,-2.7721433400946585,-1.5073529411764708,-1.2647903989181877
2601.TW,2025,walk_hard,9.696969696969697,42.05882352941176,-0.12745098039215674,-2.1029411764705883,1.9754901960784315
2603.TW,2025,walk_hard,0.9090909090909094,42.05882352941176,-3.8235294117647047,-2.1029411764705883,-1.7205882352941164
2605.TW,2025,walk_hard,2.727272727272727,42.05882352941176,-3.0588235294117645,-2.1029411764705883,-0.9558823529411762
2606.TW,2025,walk_hard,1.8181818181818177,42.05882352941176,-3.4411764705882346,-2.1029411764705883,-1.3382352941176463
2607.TW,2025,walk_hard,6.0606060606060606,42.05882352941176,-1.6568627450980393,-2.1029411764705883,0.446078431372549
2608.TW,2025,walk_hard,4.242424242424242,42.05882352941176,-2.4215686274509802,-2.1029411764705883,-0.3186274509803919
2609.TW,2025,walk_hard,2.1212121212121215,42.05882352941176,-3.3137254901960786,-2.1029411764705883,-1.2107843137254903
2610.TW,2025,walk_hard,0.30303030303030276,42.05882352941176,-4.078431372549019,-2.1029411764705883,-1.975490196078431
2611.TW,2025,walk_hard,8.787878787878787,42.05882352941176,-0.5098039215686277,-2.1029411764705883,1.5931372549019605
2612.TW,2025,walk_hard,3.333333333333334,42.05882352941176,-2.8039215686274503,-2.1029411764705883,-0.700980392156862
2613.TW,2025,walk_hard,4.848484848484849,42.05882352941176,-2.166666666666666,-2.1029411764705883,-0.06372549019607776
2614.TW,2025,walk_hard,4.725274725274725,28.823529411764707,-1.5203619909502262,-1.4411764705882353,-0.07918552036199089
2615.TW,2025,walk_hard,1.515151515151515,42.05882352941176,-3.568627450980392,-2.1029411764705883,-1.4656862745098036
2616.TW,2025,walk_hard,2.727272727272727,46.029411764705884,-3.347593582887701,-2.3014705882352944,-1.0461229946524067
2617.TW,2025,walk_hard,6.363636363636363,42.05882352941176,-1.5294117647058822,-2.1029411764705883,0.5735294117647061
2618.TW,2025,walk_hard,0.6060606060606055,42.05882352941176,-3.9509803921568625,-2.1029411764705883,-1.8480392156862742
2630.TW,2025,walk_hard,7.878787878787879,42.05882352941176,-0.892156862745098,-2.1029411764705883,1.2107843137254903
2633.TW,2025,walk_hard,3.6363636363636367,42.05882352941176,-2.676470588235294,-2.1029411764705883,-0.5735294117647056
2634.TW,2025,walk_hard,5.454545454545454,42.05882352941176,-1.911764705882353,-2.1029411764705883,0.19117647058823528
2636.TW,2025,walk_hard,8.484848484848484,42.05882352941176,-0.6372549019607845,-2.1029411764705883,1.4656862745098038
2637.TW,2025,walk_hard,6.666666666666668,42.05882352941176,-1.401960784313725,-2.1029411764705883,0.7009803921568634
2640.TWO,2025,walk_hard,0.2631578947368418,7.647058823529411,-0.7445820433436532,-0.38235294117647056,-0.3622291021671826
2641.TWO,2025,walk_hard,8.181818181818182,42.05882352941176,-0.7647058823529411,-2.1029411764705883,1.3382352941176472
2642.TW,2025,walk_hard,4.545454545454546,42.05882352941176,-2.2941176470588234,-2.1029411764705883,-0.19117647058823506
2643.TWO,2025,walk_hard,9.393939393939394,42.05882352941176,-0.2549019607843135,-2.1029411764705883,1.8480392156862748
2645.TW,2025,walk_hard,7.272727272727273,42.05882352941176,-1.1470588235294115,-2.1029411764705883,0.9558823529411768
2646.TW,2025,walk_hard,1.2121212121212122,42.05882352941176,-3.6960784313725488,-2.1029411764705883,-1.5931372549019605
2701.TW,2025,walk_hard,3.5999999999999996,35.44117647058823,-2.268235294117647,-1.7720588235294115,-0.49617647058823544
2702.TW,2025,walk_hard,7.6,35.44117647058823,-0.8505882352941176,-1.7720588235294115,0.9214705882352938
2704.TW,2025,walk_hard,1.2,35.44117647058823,-3.1188235294117646,-1.7720588235294115,-1.346764705882353
2705.TW,2025,walk_hard,1.4000000000000001,35.44117647058823,-3.0479411764705877,-1.7720588235294115,-1.2758823529411762
2706.TW,2025,walk_hard,6.6,35.44117647058823,-1.205,-1.7720588235294115,0.5670588235294114
2707.TW,2025,walk_hard,4.2,35.44117647058823,-2.0555882352941173,-1.7720588235294115,-0.2835294117647058
2712.TW,2025,walk_hard,0.6000000000000005,35.44117647058823,-3.3314705882352933,-1.7720588235294115,-1.5594117647058818
2718.TWO,2025,walk_hard,8.96551724137931,30.147058823529413,-0.3118661257606493,-1.5073529411764708,1.1954868154158214
2719.TWO,2025,walk_hard,8.8,35.44117647058823,-0.42529411764705854,-1.7720588235294115,1.3467647058823529
2722.TW,2025,walk_hard,0.7999999999999996,35.44117647058823,-3.260588235294118,-1.7720588235294115,-1.4885294117647063
2723.TW,2025,walk_hard,9.9,35.44117647058823,-0.03544117647058811,-1.7720588235294115,1.7366176470588233
2724.TWO,2025,walk_hard,9.45054945054945,28.823529411764707,-0.15837104072398187,-1.4411764705882353,1.2828054298642535
2726.TWO,2025,walk_hard,8.4,35.44117647058823,-0.5670588235294116,-1.7720588235294115,1.2049999999999998
2727.TW,2025,walk_hard,5.4,35.44117647058823,-1.6302941176470584,-1.7720588235294115,0.14176470588235301
2729.TWO,2025,walk_hard,4.6,35.44117647058823,-1.9138235294117647,-1.7720588235294115,-0.14176470588235324
2731.TW,2025,walk_hard,8.0,35.44117647058823,-0.7088235294117646,-1.7720588235294115,1.0632352941176468
2732.TWO,2025,walk_hard,8.200000000000001,35.44117647058823,-0.6379411764705878,-1.7720588235294115,1.1341176470588237
2734.TWO,2025,walk_hard,8.6,35.44117647058823,-0.4961764705882354,-1.7720588235294115,1.275882352941176
2736.TWO,2025,walk_hard,0.9999999999999998,35.44117647058823,-3.189705882352941,-1.7720588235294115,-1.4176470588235295
2739.TW,2025,walk_hard,3.8,35.44117647058823,-2.1973529411764705,-1.7720588235294115,-0.42529411764705904
2740.TWO,2025,walk_hard,0.20000000000000018,35.44117647058823,-3.473235294117647,-1.7720588235294115,-1.7011764705882355
2743.TWO,2025,walk_hard,9.200000000000001,35.44117647058823,-0.2835294117647055,-1.7720588235294115,1.488529411764706
2745.TWO,2025,walk_hard,9.399999999999999,35.44117647058823,-0.21264705882352988,-1.7720588235294115,1.5594117647058816
2748.TW,2025,walk_hard,4.0,35.44117647058823,-2.126470588235294,-1.7720588235294115,-0.35441176470588265
2751.TWO,2025,walk_hard,6.2,35.44117647058823,-1.3467647058823529,-1.7720588235294115,0.4252941176470586
2752.TWO,2025,walk_hard,6.4,35.44117647058823,-1.2758823529411762,-1.7720588235294115,0.4961764705882352
2753.TW,2025,walk_hard,5.6000000000000005,35.44117647058823,-1.559411764705882,-1.7720588235294115,0.2126470588235294
2754.TWO,2025,walk_hard,6.0,35.44117647058823,-1.4176470588235293,-1.7720588235294115,0.3544117647058822
2755.TWO,2025,walk_hard,6.799999999999999,35.44117647058823,-1.1341176470588237,-1.7720588235294115,0.6379411764705878
2756.TWO,2025,walk_hard,7.199999999999999,35.44117647058823,-0.9923529411764708,-1.7720588235294115,0.7797058823529407
2762.TW,2025,walk_hard,0.38461538461538436,22.205882352941174,-2.1351809954751126,-1.1102941176470587,-1.024886877828054
2801.TW,2025,walk_hard,4.736842105263158,11.617647058823529,-0.6114551083591331,-0.5808823529411764,-0.030572755417956676
2812.TW,2025,walk_hard,3.68421052631579,11.617647058823529,-0.7337461300309598,-0.5808823529411764,-0.15286377708978338
2816.TW,2025,walk_hard,8.68421052631579,11.617647058823529,-0.15286377708978327,-0.5808823529411764,0.42801857585139313
2820.TW,2025,walk_hard,8.421052631578947,11.617647058823529,-0.18343653250773997,-0.5808823529411764,0.39744582043343646
2832.TW,2025,walk_hard,9.473684210526317,11.617647058823529,-0.06114551083591319,-0.5808823529411764,0.5197368421052632
2834.TW,2025,walk_hard,5.2631578947368425,11.617647058823529,-0.5503095975232197,-0.5808823529411764,0.030572755417956676
2836.TW,2025,walk_hard,1.578947368421053,11.617647058823529,-0.978328173374613,-0.5808823529411764,-0.39744582043343657
2838.TW,2025,walk_hard,1.842105263157895,11.617647058823529,-0.9477554179566562,-0.5808823529411764,-0.3668730650154798
2845.TW,2025,walk_hard,2.8947368421052633,11.617647058823529,-0.8254643962848296,-0.5808823529411764,-0.2445820433436532
2849.TW,2025,walk_hard,0.7894736842105265,11.617647058823529,-1.0700464396284828,-0.5808823529411764,-0.4891640866873064
2850.TW,2025,walk_hard,9.736842105263158,11.617647058823529,-0.030572755417956697,-0.5808823529411764,0.5503095975232197
2851.TW,2025,walk_hard,10.0,11.617647058823529,-0.0,-0.5808823529411764,0.5808823529411764
2852.TW,2025,walk_hard,8.947368421052632,11.617647058823529,-0.12229102167182658,-0.5808823529411764,0.4585913312693498
2855.TW,2025,walk_hard,3.947368421052632,11.617647058823529,-0.703173374613003,-0.5808823529411764,-0.1222910216718266
2880.TW,2025,walk_hard,3.421052631578947,11.617647058823529,-0.7643188854489165,-0.5808823529411764,-0.18343653250774006
2881.TW,2025,walk_hard,3.1578947368421053,11.617647058823529,-0.7948916408668729,-0.5808823529411764,-0.2140092879256965
2882.TW,2025,walk_hard,7.36842105263158,11.617647058823529,-0.3057275541795665,-0.5808823529411764,0.2751547987616099
2884.TW,2025,walk_hard,8.157894736842104,11.617647058823529,-0.21400928792569668,-0.5808823529411764,0.3668730650154797
2885.TW,2025,walk_hard,6.578947368421053,11.617647058823529,-0.39744582043343646,-0.5808823529411764,0.18343653250773995
2886.TW,2025,walk_hard,7.631578947368421,11.617647058823529,-0.27515479876160986,-0.5808823529411764,0.30572755417956654
2887.TW,2025,walk_hard,2.3684210526315788,11.617647058823529,-0.8866099071207431,-0.5808823529411764,-0.30572755417956665
2889.TW,2025,walk_hard,2.6315789473684212,11.617647058823529,-0.8560371517027864,-0.5808823529411764,-0.27515479876161
2890.TW,2025,walk_hard,6.052631578947368,11.617647058823529,-0.45859133126934987,-0.5808823529411764,0.12229102167182654
2891.TW,2025,walk_hard,5.7894736842105265,11.617647058823529,-0.4891640866873065,-0.5808823529411764,0.09171826625386992
2892.TW,2025,walk_hard,6.315789473684211,11.617647058823529,-0.4280185758513932,-0.5808823529411764,0.15286377708978321
2897.TW,2025,walk_hard,5.0,11.617647058823529,-0.5808823529411764,-0.5808823529411764,0.0
2901.TW,2025,walk_hard,2.3529411764705888,24.852941176470587,-1.9005190311418685,-1.2426470588235294,-0.657871972318339
2903.TW,2025,walk_hard,1.1764705882352944,24.852941176470587,-2.192906574394464,-1.2426470588235294,-0.9502595155709344
2904.TW,2025,walk_hard,4.175824175824175,28.823529411764707,-1.6787330316742084,-1.4411764705882353,-0.23755656108597312
2905.TW,2025,walk_hard,5.882352941176471,24.852941176470587,-1.023356401384083,-1.2426470588235294,0.21929065743944642
2906.TW,2025,walk_hard,9.411764705882353,24.852941176470587,-0.1461937716262975,-1.2426470588235294,1.096453287197232
2908.TW,2025,walk_hard,6.470588235294117,24.852941176470587,-0.8771626297577856,-1.2426470588235294,0.36548442906574385
2910.TW,2025,walk_hard,0.5882352941176472,24.852941176470587,-2.339100346020761,-1.2426470588235294,-1.0964532871972317
2911.TW,2025,walk_hard,8.823529411764707,24.852941176470587,-0.292387543252595,-1.2426470588235294,0.9502595155709345
2912.TW,2025,walk_hard,2.9411764705882346,24.852941176470587,-1.754325259515571,-1.2426470588235294,-0.5116782006920415
2913.TW,2025,walk_hard,1.7647058823529416,24.852941176470587,-2.046712802768166,-1.2426470588235294,-0.8040657439446366
2915.TW,2025,walk_hard,5.294117647058823,24.852941176470587,-1.1695501730103806,-1.2426470588235294,0.07309688581314888
2916.TWO,2025,walk_hard,7.647058823529411,20.88235294117647,-0.4913494809688582,-1.0441176470588236,0.5527681660899654
2923.TW,2025,walk_hard,0.11494252873563204,30.147058823529413,-2.980054090601758,-1.5073529411764708,-1.4727011494252873
2924.TWO,2025,walk_hard,7.0588235294117645,20.88235294117647,-0.6141868512110727,-1.0441176470588236,0.42993079584775085
2926.TWO,2025,walk_hard,2.4,12.941176470588236,-0.9835294117647058,-0.6470588235294118,-0.33647058823529397
2929.TW,2025,walk_hard,10.0,24.852941176470587,-0.0,-1.2426470588235294,1.2426470588235294
2937.TWO,2025,walk_hard,6.176470588235294,20.88235294117647,-0.7984429065743944,-1.0441176470588236,0.24567474048442917
2939.TW,2025,walk_hard,8.235294117647058,24.852941176470587,-0.43858131487889296,-1.2426470588235294,0.8040657439446365
2941.TWO,2025,walk_hard,6.764705882352942,20.88235294117647,-0.6756055363321798,-1.0441176470588236,0.3685121107266438
2945.TW,2025,walk_hard,3.5294117647058822,24.852941176470587,-1.6081314878892732,-1.2426470588235294,-0.36548442906574374
2947.TWO,2025,walk_hard,2.6470588235294112,20.88235294117647,-1.535467128027682,-1.0441176470588236,-0.49134948096885833
2948.TWO,2025,walk_hard,7.352941176470589,20.88235294117647,-0.5527681660899654,-1.0441176470588236,0.4913494809688582
2949.TWO,2025,walk_hard,9.473684210526317,7.647058823529411,-0.040247678018575775,-0.38235294117647056,0.3421052631578948
3002.TW,2025,walk_hard,8.333333333333334,10.294117647058822,-0.1715686274509803,-0.5147058823529411,0.3431372549019608
3003.TW,2025,walk_hard,5.576923076923077,26.176470588235293,-1.1578054298642535,-1.3088235294117647,0.15101809954751122
3004.TW,2025,walk_hard,5.74468085106383,43.38235294117647,-1.8460575719649563,-2.1691176470588234,0.323060075093867
3005.TW,2025,walk_hard,0.6481481481481477,10.294117647058822,-0.9626906318082789,-0.5147058823529411,-0.4479847494553377
3006.TW,2025,walk_hard,6.2745098039215685,27.5,-1.0245098039215685,-1.375,0.35049019607843146
3008.TW,2025,walk_hard,2.5438596491228074,32.794117647058826,-2.4451754385964914,-1.6397058823529411,-0.8054695562435503
3010.TW,2025,walk_hard,6.216216216216216,6.323529411764706,-0.23926868044515104,-0.3161764705882353,0.07690779014308424
3011.TW,2025,walk_hard,4.375,26.176470588235293,-1.4724264705882353,-1.3088235294117647,-0.16360294117647056
3013.TW,2025,walk_hard,3.9814814814814814,10.294117647058822,-0.6195533769063181,-0.5147058823529411,-0.10484749455337694
3014.TW,2025,walk_hard,7.0588235294117645,27.5,-0.8088235294117648,-1.375,0.5661764705882352
3015.TW,2025,walk_hard,6.923076923076923,26.176470588235293,-0.8054298642533935,-1.3088235294117647,0.5033936651583713
3016.TW,2025,walk_hard,0.6372549019607843,27.5,-2.5747549019607847,-1.375,-1.1997549019607847
3017.TW,2025,walk_hard,7.685185185185185,10.294117647058822,-0.23828976034858385,-0.5147058823529411,0.2764161220043573
3018.TW,2025,walk_hard,6.630434782608696,14.26470588235294,-0.48065856777493593,-0.7132352941176471,0.23257672634271115
3019.TW,2025,walk_hard,4.035087719298246,32.794117647058826,-1.956140350877193,-1.6397058823529411,-0.31643446852425194
3021.TW,2025,walk_hard,9.278846153846153,26.176470588235293,-0.18877262443438927,-1.3088235294117647,1.1200509049773755
3022.TW,2025,walk_hard,3.333333333333334,10.294117647058822,-0.6862745098039214,-0.5147058823529411,-0.17156862745098023
3023.TW,2025,walk_hard,7.5,26.176470588235293,-0.6544117647058824,-1.3088235294117647,0.6544117647058824
3024.TW,2025,walk_hard,9.82456140350877,32.794117647058826,-0.05753353973168262,-1.6397058823529411,1.5821723426212586
3025.TW,2025,walk_hard,1.685393258426966,16.911764705882355,-1.4061467283542632,-0.8455882352941178,-0.5605584930601455
3026.TW,2025,walk_hard,4.1826923076923075,26.176470588235293,-1.5227658371040724,-1.3088235294117647,-0.2139423076923077
3027.TW,2025,walk_hard,8.426966292134832,16.911764705882355,-0.26602775941837403,-0.8455882352941178,0.5795604758757438
3028.TW,2025,walk_hard,7.837837837837838,6.323529411764706,-0.136724960254372,-0.3161764705882353,0.17945151033386328
3029.TW,2025,walk_hard,9.318181818181818,8.970588235294118,-0.06116310160427806,-0.4485294117647059,0.38736631016042783
3030.TW,2025,walk_hard,6.521739130434783,14.26470588235294,-0.49616368286445,-0.7132352941176471,0.21707161125319707
3031.TW,2025,walk_hard,1.4035087719298245,32.794117647058826,-2.819143446852425,-1.6397058823529411,-1.1794375644994837
3032.TW,2025,walk_hard,9.471153846153847,26.176470588235293,-0.1384332579185519,-1.3088235294117647,1.1703902714932128
3033.TW,2025,walk_hard,8.64864864864865,6.323529411764706,-0.08545310015898248,-0.3161764705882353,0.23072337042925278
3034.TW,2025,walk_hard,7.8921568627450975,27.5,-0.5796568627450982,-1.375,0.7953431372549018
3035.TW,2025,walk_hard,7.450980392156863,27.5,-0.7009803921568627,-1.375,0.6740196078431373
3036.TW,2025,walk_hard,9.18918918918919,6.323529411764706,-0.05127186009538948,-0.3161764705882353,0.2649046104928458
3037.TW,2025,walk_hard,1.298076923076923,26.176470588235293,-2.2778563348416285,-1.3088235294117647,-0.9690328054298638
3038.TW,2025,walk_hard,5.614035087719298,32.794117647058826,-1.4383384932920538,-1.6397058823529411,0.20136738906088736
3040.TW,2025,walk_hard,3.1868131868131866,28.823529411764707,-1.9638009049773757,-1.4411764705882353,-0.5226244343891404
3041.TW,2025,walk_hard,4.558823529411765,27.5,-1.4963235294117647,-1.375,-0.12132352941176472
3042.TW,2025,walk_hard,5.336538461538462,26.176470588235293,-1.2207296380090498,-1.3088235294117647,0.08809389140271495
3043.TW,2025,walk_hard,2.6086956521739135,14.26470588235294,-1.0543478260869563,-0.7132352941176471,-0.34111253196930924
3044.TW,2025,walk_hard,0.8173076923076927,26.176470588235293,-2.403704751131221,-1.3088235294117647,-1.0948812217194563
3045.TW,2025,walk_hard,2.696629213483146,16.911764705882355,-1.2351288830138798,-0.8455882352941178,-0.38954064771976205
3046.TW,2025,walk_hard,9.907407407407407,10.294117647058822,-0.009531590413943443,-0.5147058823529411,0.5051742919389977
3047.TW,2025,walk_hard,7.97752808988764,16.911764705882355,-0.34203569068076684,-0.8455882352941178,0.5035525446133509
3048.TW,2025,walk_hard,8.91891891891892,6.323529411764706,-0.06836248012718599,-0.3161764705882353,0.2478139904610493
3049.TW,2025,walk_hard,0.08771929824561431,32.794117647058826,-3.250644994840041,-1.6397058823529411,-1.6109391124870998
3050.TW,2025,walk_hard,2.807017543859649,32.794117647058826,-2.3588751289989682,-1.6397058823529411,-0.7191692466460271
3051.TW,2025,walk_hard,1.842105263157895,32.794117647058826,-2.6753095975232197,-1.6397058823529411,-1.0356037151702786
3052.TW,2025,walk_hard,6.206896551724138,30.147058823529413,-1.1435091277890468,-1.5073529411764708,0.363843813387424
3054.TW,2025,walk_hard,1.8918918918918914,6.323529411764706,-0.5127186009538951,-0.3161764705882353,-0.19654213036565982
3055.TW,2025,walk_hard,0.8108108108108103,6.323529411764706,-0.581081081081081,-0.3161764705882353,-0.26490461049284575
3056.TW,2025,walk_hard,7.011494252873563,30.147058823529413,-0.9009465855307641,-1.5073529411764708,0.6064063556457067
3057.TW,2025,walk_hard,2.7777777777777777,10.294117647058822,-0.7434640522875816,-0.5147058823529411,-0.2287581699346405
3058.TW,2025,walk_hard,4.519230769230768,26.176470588235293,-1.4346719457013577,-1.3088235294117647,-0.12584841628959298
3059.TW,2025,walk_hard,9.473684210526317,32.794117647058826,-0.1726006191950461,-1.6397058823529411,1.4671052631578951
3060.TW,2025,walk_hard,3.148148148148148,10.294117647058822,-0.7053376906318083,-0.5147058823529411,-0.19063180827886717
3062.TW,2025,walk_hard,8.98876404494382,16.911764705882355,-0.17101784534038328,-0.8455882352941178,0.6745703899537345
3064.TWO,2025,walk_hard,0.40000000000000036,12.941176470588236,-1.2423529411764707,-0.6470588235294118,-0.5952941176470589
3066.TWO,2025,walk_hard,7.36842105263158,32.794117647058826,-0.8630030959752321,-1.6397058823529411,0.7767027863777091
3067.TWO,2025,walk_hard,4.411764705882353,20.88235294117647,-1.166955017301038,-1.0441176470588236,-0.1228373702422143
3071.TWO,2025,walk_hard,2.037037037037037,10.294117647058822,-0.8197167755991285,-0.5147058823529411,-0.30501089324618735
3073.TWO,2025,walk_hard,7.727272727272727,39.41176470588235,-0.8957219251336901,-1.9705882352941173,1.0748663101604272
3078.TWO,2025,walk_hard,9.807692307692307,26.176470588235293,-0.05033936651583739,-1.3088235294117647,1.2584841628959273
3081.TWO,2025,walk_hard,0.898876404494382,16.911764705882355,-1.5391606080634503,-0.8455882352941178,-0.6935723727693326
3083.TWO,2025,walk_hard,3.1999999999999993,12.941176470588236,-0.8800000000000001,-0.6470588235294118,-0.23294117647058832
3085.TWO,2025,walk_hard,0.0,7.647058823529411,-0.7647058823529411,-0.38235294117647056,-0.38235294117647056
3086.TWO,2025,walk_hard,3.5999999999999996,12.941176470588236,-0.8282352941176471,-0.6470588235294118,-0.18117647058823527
3088.TWO,2025,walk_hard,4.722222222222222,10.294117647058822,-0.5433006535947712,-0.5147058823529411,-0.028594771241830075
3090.TW,2025,walk_hard,9.615384615384615,26.176470588235293,-0.10067873303167431,-1.3088235294117647,1.2081447963800904
3092.TW,2025,walk_hard,2.7884615384615383,26.176470588235293,-1.8877262443438914,-1.3088235294117647,-0.5789027149321266
3093.TWO,2025,walk_hard,7.173913043478262,14.26470588235294,-0.4031329923273656,-0.7132352941176471,0.3101023017902815
3094.TW,2025,walk_hard,3.088235294117647,27.5,-1.9007352941176472,-1.375,-0.5257352941176472
3095.TWO,2025,walk_hard,0.786516853932584,16.911764705882355,-1.5581625908790486,-0.8455882352941178,-0.7125743555849309
3105.TWO,2025,walk_hard,1.7647058823529416,27.5,-2.2647058823529407,-1.375,-0.8897058823529407
3114.TWO,2025,walk_hard,9.711538461538462,26.176470588235293,-0.07550904977375562,-1.3088235294117647,1.233314479638009
3115.TWO,2025,walk_hard,1.0096153846153844,26.176470588235293,-2.3533653846153846,-1.3088235294117647,-1.0445418552036199
3118.TWO,2025,walk_hard,4.967741935483872,19.558823529411768,-0.9842504743833017,-0.9779411764705884,-0.006309297912713285
3122.TWO,2025,walk_hard,5.3431372549019605,27.5,-1.2806372549019607,-1.375,0.09436274509803932
3128.TWO,2025,walk_hard,7.719298245614034,32.794117647058826,-0.7479360165118681,-1.6397058823529411,0.891769865841073
3130.TW,2025,walk_hard,2.8947368421052633,7.647058823529411,-0.5433436532507739,-0.38235294117647056,-0.16099071207430338
3131.TWO,2025,walk_hard,8.186274509803921,27.5,-0.49877450980392174,-1.375,0.8762254901960782
3135.TW,2025,walk_hard,9.852941176470589,27.5,-0.04044117647058809,-1.375,1.334558823529412
3138.TW,2025,walk_hard,9.775280898876403,16.911764705882355,-0.03800396563119655,-0.8455882352941178,0.8075842696629212
3141.TWO,2025,walk_hard,5.637254901960784,27.5,-1.1997549019607845,-1.375,0.1752450980392155
3147.TWO,2025,walk_hard,8.181818181818182,8.970588235294118,-0.16310160427807488,-0.4485294117647059,0.285427807486631
3149.TW,2025,walk_hard,2.2807017543859653,32.794117647058826,-2.531475748194014,-1.6397058823529411,-0.8917698658410731
3150.TW,2025,walk_hard,5.245098039215686,27.5,-1.3075980392156863,-1.375,0.06740196078431371
3152.TWO,2025,walk_hard,0.674157303370787,16.911764705882355,-1.5771645736946465,-0.8455882352941178,-0.7315763384005287
3158.TWO,2025,walk_hard,2.5,8.970588235294118,-0.6727941176470589,-0.4485294117647059,-0.22426470588235298
3162.TWO,2025,walk_hard,10.0,23.52941176470588,-0.0,-1.1764705882352942,1.1764705882352942
3163.TWO,2025,walk_hard,5.393258426966292,16.911764705882355,-0.7790812954395243,-0.8455882352941178,0.06650693985459344
3164.TW,2025,walk_hard,2.387096774193549,19.558823529411768,-1.4889943074003795,-0.9779411764705884,-0.5110531309297911
3167.TW,2025,walk_hard,9.292929292929292,23.52941176470588,-0.16636957813428413,-1.1764705882352942,1.01010101010101
3168.TW,2025,walk_hard,6.228070175438596,32.794117647058826,-1.2369711042311664,-1.6397058823529411,0.4027347781217747
3169.TWO,2025,walk_hard,6.519607843137255,27.5,-0.9571078431372549,-1.375,0.41789215686274506
3171.TWO,2025,walk_hard,8.823529411764707,20.88235294117647,-0.24567474048442894,-1.0441176470588236,0.7984429065743947
3176.TWO,2025,walk_hard,9.67741935483871,19.558823529411768,-0.06309297912713469,-0.9779411764705884,0.9148481973434537
3178.TWO,2025,walk_hard,1.9117647058823528,27.5,-2.224264705882353,-1.375,-0.8492647058823528
3188.TWO,2025,walk_hard,6.551724137931034,30.147058823529413,-1.0395537525354972,-1.5073529411764708,0.4677991886409736
3189.TW,2025,walk_hard,1.421568627450981,27.5,-2.3590686274509802,-1.375,-0.9840686274509802
3191.TWO,2025,walk_hard,9.855769230769232,26.176470588235293,-0.037754524886877576,-1.3088235294117647,1.2710690045248871
3205.TWO,2025,walk_hard,8.903225806451614,19.558823529411768,-0.2145161290322579,-0.9779411764705884,0.7634250474383305
3206.TWO,2025,walk_hard,7.884615384615384,26.176470588235293,-0.5537330316742083,-1.3088235294117647,0.7550904977375564
3207.TWO,2025,walk_hard,8.701923076923077,26.176470588235293,-0.33979072398190047,-1.3088235294117647,0.9690328054298643
3209.TW,2025,walk_hard,6.486486486486487,6.323529411764706,-0.2221780604133545,-0.3161764705882353,0.09399841017488078
3211.TWO,2025,walk_hard,2.592592592592593,10.294117647058822,-0.7625272331154683,-0.5147058823529411,-0.2478213507625272
3213.TWO,2025,walk_hard,7.314814814814814,10.294117647058822,-0.27641612200435733,-0.5147058823529411,0.2382897603485838
3217.TWO,2025,walk_hard,9.038461538461538,26.176470588235293,-0.25169683257918557,-1.3088235294117647,1.0571266968325792
3218.TWO,2025,walk_hard,8.96774193548387,19.558823529411768,-0.20189753320683132,-0.9779411764705884,0.7760436432637571
3219.TWO,2025,walk_hard,4.239130434782608,14.26470588235294,-0.8217710997442456,-0.7132352941176471,-0.10853580562659848
3221.TWO,2025,walk_hard,1.348314606741573,16.911764705882355,-1.4631526768010577,-0.8455882352941178,-0.6175644415069399
3224.TWO,2025,walk_hard,2.1621621621621623,6.323529411764706,-0.49562798092209853,-0.3161764705882353,-0.17945151033386325
3226.TWO,2025,walk_hard,4.848484848484849,23.52941176470588,-1.212121212121212,-1.1764705882352942,-0.035650623885917776
3227.TWO,2025,walk_hard,7.352941176470589,27.5,-0.7279411764705881,-1.375,0.6470588235294119
3228.TWO,2025,walk_hard,6.2254901960784315,27.5,-1.0379901960784315,-1.375,0.33700980392156854
3229.TW,2025,walk_hard,2.9326923076923075,26.176470588235293,-1.8499717194570136,-1.3088235294117647,-0.5411481900452488
3230.TWO,2025,walk_hard,9.298245614035087,32.794117647058826,-0.23013415892672875,-1.6397058823529411,1.4095717234262124
3231.TW,2025,walk_hard,7.4074074074074066,10.294117647058822,-0.26688453159041403,-0.5147058823529411,0.2478213507625271
3232.TWO,2025,walk_hard,2.7027027027027026,6.323529411764706,-0.4614467408585055,-0.3161764705882353,-0.14527027027027023
3234.TWO,2025,walk_hard,0.33707865168539297,16.911764705882355,-1.6341705221414409,-0.8455882352941178,-0.7885822868473231
3236.TWO,2025,walk_hard,4.5673076923076925,26.176470588235293,-1.4220871040723981,-1.3088235294117647,-0.11326357466063341
3252.TWO,2025,walk_hard,5.2,35.44117647058823,-1.701176470588235,-1.7720588235294115,0.0708823529411764
3257.TW,2025,walk_hard,5.294117647058823,27.5,-1.2941176470588234,-1.375,0.08088235294117663
3259.TWO,2025,walk_hard,4.117647058823529,27.5,-1.6176470588235297,-1.375,-0.24264705882352966
3260.TWO,2025,walk_hard,9.705882352941176,27.5,-0.08088235294117667,-1.375,1.2941176470588234
3264.TWO,2025,walk_hard,1.6666666666666663,27.5,-2.291666666666667,-1.375,-0.916666666666667
3265.TWO,2025,walk_hard,1.6176470588235292,27.5,-2.3051470588235294,-1.375,-0.9301470588235294
3266.TW,2025,walk_hard,6.781609195402298,30.147058823529413,-0.9702501690331308,-1.5073529411764708,0.53710277214334
3268.TWO,2025,walk_hard,9.46078431372549,27.5,-0.14828431372549017,-1.375,1.2267156862745099
3272.TWO,2025,walk_hard,2.5,10.294117647058822,-0.7720588235294117,-0.5147058823529411,-0.25735294117647056
3276.TWO,2025,walk_hard,7.163461538461538,26.176470588235293,-0.7425056561085972,-1.3088235294117647,0.5663178733031675
3284.TWO,2025,walk_hard,2.197802197802198,28.823529411764707,-2.248868778280543,-1.4411764705882353,-0.8076923076923077
3285.TWO,2025,walk_hard,8.043478260869566,14.26470588235294,-0.27909207161125305,-0.7132352941176471,0.43414322250639403
3287.TWO,2025,walk_hard,7.962962962962963,10.294117647058822,-0.2096949891067538,-0.5147058823529411,0.30501089324618735
3288.TWO,2025,walk_hard,3.846153846153846,26.176470588235293,-1.6108597285067874,-1.3088235294117647,-0.30203619909502266
3289.TWO,2025,walk_hard,0.4347826086956519,14.26470588235294,-1.3644501278772379,-0.7132352941176471,-0.6512148337595908
3290.TWO,2025,walk_hard,8.365384615384615,26.176470588235293,-0.4278846153846155,-1.3088235294117647,0.8809389140271493
3293.TWO,2025,walk_hard,8.8,12.941176470588236,-0.15529411764705872,-0.6470588235294118,0.4917647058823531
3294.TWO,2025,walk_hard,1.7307692307692313,26.176470588235293,-2.1645927601809953,-1.3088235294117647,-0.8557692307692306
3296.TW,2025,walk_hard,5.961538461538462,26.176470588235293,-1.0571266968325792,-1.3088235294117647,0.2516968325791855
3297.TWO,2025,walk_hard,5.526315789473683,32.794117647058826,-1.4671052631578951,-1.6397058823529411,0.172600619195046
3303.TWO,2025,walk_hard,0.21739130434782594,14.26470588235294,-1.395460358056266,-0.7132352941176471,-0.6822250639386188
3305.TW,2025,walk_hard,7.826086956521739,14.26470588235294,-0.3101023017902813,-0.7132352941176471,0.40313299232736577
3306.TWO,2025,walk_hard,7.52808988764045,16.911764705882355,-0.4180436219431593,-0.8455882352941178,0.42754461335095845
3308.TW,2025,walk_hard,0.048076923076922906,26.176470588235293,-2.60506221719457,-1.3088235294117647,-1.2962386877828054
3310.TWO,2025,walk_hard,8.076923076923077,26.176470588235293,-0.5033936651583711,-1.3088235294117647,0.8054298642533936
3311.TW,2025,walk_hard,4.269662921348315,16.911764705882355,-0.9691011235955057,-0.8455882352941178,-0.12351288830138796
3312.TW,2025,walk_hard,8.378378378378379,6.323529411764706,-0.10254372019077897,-0.3161764705882353,0.21363275039745633
3313.TWO,2025,walk_hard,0.34482758620689613,30.147058823529413,-2.9107505070993915,-1.5073529411764708,-1.4033975659229208
3317.TWO,2025,walk_hard,8.333333333333334,27.5,-0.45833333333333315,-1.375,0.9166666666666669
3321.TW,2025,walk_hard,3.076923076923077,26.176470588235293,-1.812217194570136,-1.3088235294117647,-0.5033936651583713
3322.TWO,2025,walk_hard,4.759615384615384,26.176470588235293,-1.371747737556561,-1.3088235294117647,-0.06292420814479627
3323.TWO,2025,walk_hard,6.574074074074074,10.294117647058822,-0.3526688453159041,-0.5147058823529411,0.16203703703703703
3324.TWO,2025,walk_hard,1.8478260869565222,14.26470588235294,-1.162883631713555,-0.7132352941176471,-0.44964833759590783
3325.TWO,2025,walk_hard,0.2777777777777779,10.294117647058822,-1.000816993464052,-0.5147058823529411,-0.48611111111111094
3332.TWO,2025,walk_hard,6.346153846153846,26.176470588235293,-0.9564479638009051,-1.3088235294117647,0.3523755656108596
3338.TW,2025,walk_hard,1.0576923076923073,26.176470588235293,-2.3407805429864257,-1.3088235294117647,-1.031957013574661
3339.TWO,2025,walk_hard,0.7894736842105265,32.794117647058826,-3.020510835913312,-1.6397058823529411,-1.380804953560371
3346.TW,2025,walk_hard,8.333333333333334,15.588235294117647,-0.25980392156862736,-0.7794117647058824,0.519607843137255
3349.TWO,2025,walk_hard,3.6111111111111116,10.294117647058822,-0.6576797385620914,-0.5147058823529411,-0.14297385620915026
3354.TWO,2025,walk_hard,0.8653846153846156,26.176470588235293,-2.3911199095022626,-1.3088235294117647,-1.082296380090498
3356.TW,2025,walk_hard,7.982456140350878,32.794117647058826,-0.6616357069143446,-1.6397058823529411,0.9780701754385965
3357.TWO,2025,walk_hard,5.865384615384616,26.176470588235293,-1.0822963800904977,-1.3088235294117647,0.22652714932126705
3360.TWO,2025,walk_hard,7.027027027027026,6.323529411764706,-0.1879968203497616,-0.3161764705882353,0.1281796502384737
3362.TWO,2025,walk_hard,3.333333333333334,32.794117647058826,-2.1862745098039214,-1.6397058823529411,-0.5465686274509802
3363.TWO,2025,walk_hard,2.808988764044944,16.911764705882355,-1.2161269001982817,-0.8455882352941178,-0.370538664904164
3372.TWO,2025,walk_hard,0.39215686274509776,27.5,-2.642156862745098,-1.375,-1.267156862745098
3373.TWO,2025,walk_hard,5.978260869565217,14.26470588235294,-0.5736892583120204,-0.7132352941176471,0.13954603580562663
3374.TWO,2025,walk_hard,0.14705882352941124,27.5,-2.709558823529412,-1.375,-1.3345588235294121
3376.TW,2025,walk_hard,4.230769230769232,26.176470588235293,-1.5101809954751126,-1.3088235294117647,-0.20135746606334792
3379.TWO,2025,walk_hard,9.696969696969697,23.52941176470588,-0.07130124777183594,-1.1764705882352942,1.1051693404634582
3380.TW,2025,walk_hard,3.820224719101124,16.911764705882355,-1.0451090548578983,-0.8455882352941178,-0.19952081956378054
3388.TWO,2025,walk_hard,9.326923076923077,26.176470588235293,-0.17618778280542993,-1.3088235294117647,1.1326357466063348
3390.TWO,2025,walk_hard,2.596153846153846,26.176470588235293,-1.9380656108597285,-1.3088235294117647,-0.6292420814479638
3402.TWO,2025,walk_hard,8.58695652173913,14.26470588235294,-0.2015664961636828,-0.7132352941176471,0.5116687979539642
3406.TW,2025,walk_hard,8.771929824561404,32.794117647058826,-0.40273477812177483,-1.6397058823529411,1.2369711042311664
3413.TW,2025,walk_hard,3.5784313725490193,27.5,-1.7659313725490196,-1.375,-0.39093137254901955
3416.TW,2025,walk_hard,6.111111111111112,10.294117647058822,-0.4003267973856208,-0.5147058823529411,0.1143790849673203
3419.TW,2025,walk_hard,6.2921348314606735,16.911764705882355,-0.6270654329147392,-0.8455882352941178,0.2185228023793786
3430.TWO,2025,walk_hard,6.097560975609756,38.08823529411765,-1.4863701578192254,-1.9044117647058827,0.41804160688665726
3432.TW,2025,walk_hard,5.528846153846154,26.176470588235293,-1.1703902714932126,-1.3088235294117647,0.1384332579185521
3434.TWO,2025,walk_hard,9.12280701754386,32.794117647058826,-0.2876676986584108,-1.6397058823529411,1.3520381836945303
3437.TW,2025,walk_hard,3.7719298245614032,32.794117647058826,-2.0424406604747163,-1.6397058823529411,-0.40273477812177516
3438.TWO,2025,walk_hard,4.754901960784314,27.5,-1.4424019607843137,-1.375,-0.06740196078431371
3441.TWO,2025,walk_hard,9.649122807017545,32.794117647058826,-0.11506707946336407,-1.6397058823529411,1.524638802889577
3443.TW,2025,walk_hard,6.323529411764706,27.5,-1.0110294117647058,-1.375,0.36397058823529416
3444.TWO,2025,walk_hard,1.6216216216216217,6.323529411764706,-0.5298092209856916,-0.3161764705882353,-0.21363275039745633
3447.TW,2025,walk_hard,4.49438202247191,16.911764705882355,-0.9310971579643094,-0.8455882352941178,-0.08550892267019161
3450.TW,2025,walk_hard,2.2058823529411766,27.5,-2.1433823529411766,-1.375,-0.7683823529411766
3455.TWO,2025,walk_hard,7.807017543859649,32.794117647058826,-0.7191692466460269,-1.6397058823529411,0.9205366357069142
3465.TWO,2025,walk_hard,1.3043478260869568,14.26470588235294,-1.2404092071611252,-0.7132352941176471,-0.5271739130434782
3466.TWO,2025,walk_hard,5.280898876404494,16.911764705882355,-0.7980832782551224,-0.8455882352941178,0.04750495703899538
3467.TWO,2025,walk_hard,2.0588235294117654,27.5,-2.1838235294117645,-1.375,-0.8088235294117645
3479.TWO,2025,walk_hard,7.87037037037037,10.294117647058822,-0.21922657952069716,-0.5147058823529411,0.295479302832244
3481.TW,2025,walk_hard,1.1403508771929827,32.794117647058826,-2.9054437564499485,-1.6397058823529411,-1.2657378740970073
3483.TWO,2025,walk_hard,0.8333333333333337,10.294117647058822,-0.943627450980392,-0.5147058823529411,-0.4289215686274509
3484.TWO,2025,walk_hard,5.240384615384616,26.176470588235293,-1.2458993212669682,-1.3088235294117647,0.06292420814479649
3485.TWO,2025,walk_hard,8.221153846153847,26.176470588235293,-0.4656391402714931,-1.3088235294117647,0.8431843891402716
3489.TWO,2025,walk_hard,7.35632183908046,30.147058823529413,-0.7969912102772144,-1.5073529411764708,0.7103617308992564
3490.TWO,2025,walk_hard,4.385964912280702,32.794117647058826,-1.841073271413829,-1.6397058823529411,-0.2013673890608878
3491.TWO,2025,walk_hard,4.157303370786517,16.911764705882355,-0.9881031064111039,-0.8455882352941178,-0.14251487111698613
3492.TWO,2025,walk_hard,3.653846153846154,26.176470588235293,-1.6611990950226243,-1.3088235294117647,-0.3523755656108596
3494.TW,2025,walk_hard,0.5555555555555558,10.294117647058822,-0.9722222222222221,-0.5147058823529411,-0.457516339869281
3498.TWO,2025,walk_hard,3.586956521739131,14.26470588235294,-0.9148017902813298,-0.7132352941176471,-0.20156649616368272
3499.TWO,2025,walk_hard,4.606741573033708,16.911764705882355,-0.9120951751487112,-0.8455882352941178,-0.06650693985459344
3501.TW,2025,walk_hard,4.423076923076923,26.176470588235293,-1.459841628959276,-1.3088235294117647,-0.15101809954751122
3504.TW,2025,walk_hard,3.421052631578947,32.794117647058826,-2.157507739938081,-1.6397058823529411,-0.5178018575851397
3508.TWO,2025,walk_hard,0.8695652173913049,14.26470588235294,-1.3024296675191815,-0.7132352941176471,-0.5891943734015345
3511.TWO,2025,walk_hard,5.144230769230768,26.176470588235293,-1.2710690045248871,-1.3088235294117647,0.03775452488687758
3512.TWO,2025,walk_hard,5.517241379310345,30.147058823529413,-1.351419878296146,-1.5073529411764708,0.15593306288032482
3515.TW,2025,walk_hard,8.796296296296296,10.294117647058822,-0.12391067538126364,-0.5147058823529411,0.39079520697167747
3516.TWO,2025,walk_hard,8.508771929824562,32.794117647058826,-0.4890350877192982,-1.6397058823529411,1.150670794633643
3518.TW,2025,walk_hard,0.0,14.26470588235294,-1.426470588235294,-0.7132352941176471,-0.7132352941176469
3520.TWO,2025,walk_hard,7.019230769230768,26.176470588235293,-0.7802601809954752,-1.3088235294117647,0.5285633484162895
3521.TWO,2025,walk_hard,4.137931034482759,30.147058823529413,-1.7672413793103448,-1.5073529411764708,-0.25988843813387397
3522.TWO,2025,walk_hard,3.1999999999999993,35.44117647058823,-2.41,-1.7720588235294115,-0.6379411764705887
3523.TWO,2025,walk_hard,1.0526315789473684,32.794117647058826,-2.9342105263157894,-1.6397058823529411,-1.2945046439628483
3526.TWO,2025,walk_hard,5.769230769230768,26.176470588235293,-1.1074660633484166,-1.3088235294117647,0.20135746606334815
3527.TWO,2025,walk_hard,6.127450980392157,27.5,-1.0649509803921569,-1.375,0.31004901960784315
3528.TW,2025,walk_hard,4.594594594594595,6.323529411764706,-0.34181240063593,-0.3161764705882353,-0.02563593004769471
3529.TWO,2025,walk_hard,6.029411764705883,27.5,-1.0919117647058822,-1.375,0.28308823529411775
3530.TW,2025,walk_hard,9.313725490196079,27.5,-0.18872549019607823,-1.375,1.1862745098039218
3531.TWO,2025,walk_hard,1.578947368421053,32.794117647058826,-2.761609907120743,-1.6397058823529411,-1.1219040247678018
3532.TW,2025,walk_hard,0.04901960784313708,27.5,-2.7365196078431375,-1.375,-1.3615196078431375
3533.TW,2025,walk_hard,5.096153846153846,26.176470588235293,-1.283653846153846,-1.3088235294117647,0.025169683257918685
3535.TW,2025,walk_hard,4.298245614035087,32.794117647058826,-1.86984004127967,-1.6397058823529411,-0.23013415892672895
3537.TWO,2025,walk_hard,9.230769230769232,26.176470588235293,-0.20135746606334817,-1.3088235294117647,1.1074660633484166
3540.TWO,2025,walk_hard,8.148148148148149,10.294117647058822,-0.190631808278867,-0.5147058823529411,0.3240740740740741
3541.TWO,2025,walk_hard,4.456521739130435,14.26470588235294,-0.7907608695652173,-0.7132352941176471,-0.07752557544757022
3543.TW,2025,walk_hard,5.175438596491229,32.794117647058826,-1.5821723426212588,-1.6397058823529411,0.05753353973168229
3545.TW,2025,walk_hard,7.745098039215686,27.5,-0.6200980392156863,-1.375,0.7549019607843137
3546.TWO,2025,walk_hard,6.799999999999999,12.941176470588236,-0.4141176470588237,-0.6470588235294118,0.2329411764705881
3548.TWO,2025,walk_hard,6.586538461538462,26.176470588235293,-0.8935237556561085,-1.3088235294117647,0.4152997737556562
3550.TW,2025,walk_hard,9.759615384615385,26.176470588235293,-0.06292420814479627,-1.3088235294117647,1.2458993212669685
3551.TWO,2025,walk_hard,2.727272727272727,39.41176470588235,-2.8663101604278074,-1.9705882352941173,-0.8957219251336901
3552.TWO,2025,walk_hard,7.717391304347826,14.26470588235294,-0.3256074168797954,-0.7132352941176471,0.3876278772378517
3555.TWO,2025,walk_hard,8.872549019607842,27.5,-0.31004901960784353,-1.375,1.0649509803921564
3556.TWO,2025,walk_hard,6.617647058823529,27.5,-0.9301470588235295,-1.375,0.44485294117647045
3557.TW,2025,walk_hard,0.8823529411764708,20.88235294117647,-1.9039792387543253,-1.0441176470588236,-0.8598615916955017
3558.TWO,2025,walk_hard,5.617977528089888,16.911764705882355,-0.7410773298083277,-0.8455882352941178,0.10451090548579
3563.TW,2025,walk_hard,9.210526315789473,32.794117647058826,-0.25890092879257004,-1.6397058823529411,1.380804953560371
3564.TWO,2025,walk_hard,7.3033707865168545,16.911764705882355,-0.45604758757435554,-0.8455882352941178,0.3895406477197622
3567.TWO,2025,walk_hard,1.2745098039215685,27.5,-2.399509803921569,-1.375,-1.024509803921569
3570.TWO,2025,walk_hard,8.40909090909091,8.970588235294118,-0.1427139037433154,-0.4485294117647059,0.30581550802139046
3576.TW,2025,walk_hard,1.228070175438597,32.794117647058826,-2.876676986584107,-1.6397058823529411,-1.236971104231166
3577.TWO,2025,walk_hard,2.2222222222222223,10.294117647058822,-0.8006535947712418,-0.5147058823529411,-0.28594771241830064
3580.TWO,2025,walk_hard,2.065217391304348,14.26470588235294,-1.1318734015345269,-0.7132352941176471,-0.4186381074168798
3581.TWO,2025,walk_hard,5.882352941176471,27.5,-1.1323529411764703,-1.375,0.24264705882352966
3583.TW,2025,walk_hard,3.9215686274509807,27.5,-1.6715686274509804,-1.375,-0.29656862745098045
3587.TWO,2025,walk_hard,0.7608695652173914,14.26470588235294,-1.3179347826086956,-0.7132352941176471,-0.6046994884910485
3588.TW,2025,walk_hard,5.098039215686274,27.5,-1.3480392156862746,-1.375,0.026960784313725394
3591.TW,2025,walk_hard,5.087719298245615,32.794117647058826,-1.6109391124870998,-1.6397058823529411,0.02876676986584137
3592.TW,2025,walk_hard,9.558823529411764,27.5,-0.12132352941176476,-1.375,1.2536764705882353
3593.TW,2025,walk_hard,2.3076923076923075,26.176470588235293,-2.013574660633484,-1.3088235294117647,-0.7047511312217194
3594.TWO,2025,walk_hard,7.12962962962963,10.294117647058822,-0.29547930283224394,-0.5147058823529411,0.21922657952069718
3596.TW,2025,walk_hard,8.314606741573034,16.911764705882355,-0.28502974223397226,-0.8455882352941178,0.5605584930601455
3597.TWO,2025,walk_hard,7.836538461538462,26.176470588235293,-0.5663178733031674,-1.3088235294117647,0.7425056561085973
3605.TW,2025,walk_hard,4.134615384615384,26.176470588235293,-1.5353506787330318,-1.3088235294117647,-0.22652714932126705
3607.TW,2025,walk_hard,7.980769230769232,26.176470588235293,-0.5285633484162894,-1.3088235294117647,0.7802601809954753
3609.TWO,2025,walk_hard,7.692307692307692,26.176470588235293,-0.6040723981900454,-1.3088235294117647,0.7047511312217193
3611.TWO,2025,walk_hard,8.425925925925926,10.294117647058822,-0.16203703703703706,-0.5147058823529411,0.35266884531590403
3615.TWO,2025,walk_hard,4.2105263157894735,32.794117647058826,-1.8986068111455112,-1.6397058823529411,-0.2589009287925701
3617.TW,2025,walk_hard,4.673913043478261,14.26470588235294,-0.7597506393861891,-0.7132352941176471,-0.04651534526854206
3622.TW,2025,walk_hard,1.4912280701754388,32.794117647058826,-2.7903766769865843,-1.6397058823529411,-1.1506707946336432
3623.TWO,2025,walk_hard,0.17543859649122862,32.794117647058826,-3.2218782249741995,-1.6397058823529411,-1.5821723426212584
3624.TWO,2025,walk_hard,2.451923076923077,26.176470588235293,-1.9758201357466063,-1.3088235294117647,-0.6669966063348416
3625.TWO,2025,walk_hard,2.129629629629629,10.294117647058822,-0.8101851851851852,-0.5147058823529411,-0.2954793028322441
3628.TWO,2025,walk_hard,6.956521739130435,14.26470588235294,-0.43414322250639387,-0.7132352941176471,0.2790920716112532
3629.TWO,2025,walk_hard,0.0,12.941176470588236,-1.2941176470588234,-0.6470588235294118,-0.6470588235294116
3630.TWO,2025,walk_hard,7.105263157894736,32.794117647058826,-0.9493034055727557,-1.6397058823529411,0.6904024767801854
3631.TWO,2025,walk_hard,0.43269230769230727,26.176470588235293,-2.5043834841628962,-1.3088235294117647,-1.1955599547511315
3632.TWO,2025,walk_hard,5.50561797752809,16.911764705882355,-0.7600793126239261,-0.8455882352941178,0.08550892267019161
3645.TW,2025,walk_hard,0.19230769230769273,26.176470588235293,-2.5673076923076916,-1.3088235294117647,-1.258484162895927
3646.TWO,2025,walk_hard,9.663461538461538,26.176470588235293,-0.08809389140271497,-1.3088235294117647,1.2207296380090498
3652.TW,2025,walk_hard,5.37037037037037,10.294117647058822,-0.4765795206971677,-0.5147058823529411,0.03812636165577343
3653.TW,2025,walk_hard,4.038461538461538,26.176470588235293,-1.5605203619909502,-1.3088235294117647,-0.2516968325791855
3661.TW,2025,walk_hard,9.901960784313726,27.5,-0.026960784313725394,-1.375,1.3480392156862746
3663.TWO,2025,walk_hard,6.413043478260869,14.26470588235294,-0.5116687979539641,-0.7132352941176471,0.20156649616368294
3664.TWO,2025,walk_hard,10.0,16.911764705882355,-0.0,-0.8455882352941178,0.8455882352941178
3665.TW,2025,walk_hard,5.434782608695652,14.26470588235294,-0.6512148337595908,-0.7132352941176471,0.062020460358056306
3666.TWO,2025,walk_hard,2.0175438596491224,32.794117647058826,-2.6177760577915383,-1.6397058823529411,-0.9780701754385972
3669.TW,2025,walk_hard,4.382022471910112,16.911764705882355,-0.9500991407799078,-0.8455882352941178,-0.10451090548579
3672.TWO,2025,walk_hard,3.9325842696629207,16.911764705882355,-1.0261070720423002,-0.8455882352941178,-0.18051883674818248
3673.TW,2025,walk_hard,6.578947368421053,32.794117647058826,-1.1219040247678018,-1.6397058823529411,0.5178018575851393
3675.TWO,2025,walk_hard,3.2352941176470584,27.5,-1.860294117647059,-1.375,-0.4852941176470591
3679.TW,2025,walk_hard,1.6346153846153844,26.176470588235293,-2.189762443438914,-1.3088235294117647,-0.8809389140271493
3680.TWO,2025,walk_hard,3.6274509803921573,27.5,-1.7524509803921566,-1.375,-0.37745098039215663
3684.TWO,2025,walk_hard,7.865168539325843,16.911764705882355,-0.3610376734963648,-0.8455882352941178,0.48455056179775297
3685.TWO,2025,walk_hard,3.232323232323232,23.52941176470588,-1.5923945335710041,-1.1764705882352942,-0.41592394533571
3686.TW,2025,walk_hard,6.176470588235294,27.5,-1.0514705882352942,-1.375,0.32352941176470584
3687.TWO,2025,walk_hard,8.157894736842104,7.647058823529411,-0.14086687306501555,-0.38235294117647056,0.241486068111455
3689.TWO,2025,walk_hard,6.298076923076923,26.176470588235293,-0.9690328054298643,-1.3088235294117647,0.33979072398190047
3691.TWO,2025,walk_hard,8.24561403508772,32.794117647058826,-0.5753353973168216,-1.6397058823529411,1.0643704850361195
3693.TWO,2025,walk_hard,5.925925925925926,10.294117647058822,-0.4193899782135076,-0.5147058823529411,0.09531590413943353
3694.TW,2025,walk_hard,3.707865168539326,16.911764705882355,-1.0641110376734964,-0.8455882352941178,-0.2185228023793786
3701.TW,2025,walk_hard,1.5740740740740744,10.294117647058822,-0.8673747276688453,-0.5147058823529411,-0.35266884531590414
3702.TW,2025,walk_hard,9.45945945945946,6.323529411764706,-0.034181240063592994,-0.3161764705882353,0.28199523052464226
3703.TW,2025,walk_hard,2.1839080459770113,30.147058823529413,-2.3563218390804597,-1.5073529411764708,-0.8489688979039889
3704.TW,2025,walk_hard,4.719101123595506,16.911764705882355,-0.8930931923331131,-0.8455882352941178,-0.04750495703899538
3705.TW,2025,walk_hard,9.870967741935484,19.558823529411768,-0.025237191650853873,-0.9779411764705884,0.9527039848197345
3706.TW,2025,walk_hard,5.0925925925925934,10.294117647058822,-0.5051742919389977,-0.5147058823529411,0.00953159041394347
3707.TWO,2025,walk_hard,0.49019607843137303,27.5,-2.6151960784313726,-1.375,-1.2401960784313726
3708.TW,2025,walk_hard,4.090909090909091,39.41176470588235,-2.3288770053475933,-1.9705882352941173,-0.35828877005347604
3709.TWO,2025,walk_hard,9.351851851851853,10.294117647058822,-0.06672113289760336,-0.5147058823529411,0.4479847494553378
3710.TWO,2025,walk_hard,4.278846153846154,26.176470588235293,-1.4975961538461535,-1.3088235294117647,-0.1887726244343888
3711.TW,2025,walk_hard,2.9411764705882346,27.5,-1.9411764705882353,-1.375,-0.5661764705882353
3712.TW,2025,walk_hard,10.0,10.294117647058822,-0.0,-0.5147058823529411,0.5147058823529411
3713.TWO,2025,walk_hard,8.181818181818182,39.41176470588235,-0.7165775401069518,-1.9705882352941173,1.2540106951871655
3714.TW,2025,walk_hard,1.3157894736842102,32.794117647058826,-2.847910216718266,-1.6397058823529411,-1.208204334365325
3715.TW,2025,walk_hard,0.9134615384615385,26.176470588235293,-2.378535067873303,-1.3088235294117647,-1.069711538461538
3716.TW,2025,walk_hard,4.0,19.558823529411768,-1.1735294117647062,-0.9779411764705884,-0.19558823529411773
3717.TW,2025,walk_hard,0.23809523809523836,15.588235294117647,-1.521708683473389,-0.7794117647058824,-0.7422969187675067
4102.TWO,2025,walk_hard,0.8387096774193548,19.558823529411768,-1.7918406072106265,-0.9779411764705884,-0.8138994307400381
4104.TW,2025,walk_hard,9.741935483870968,19.558823529411768,-0.05047438330170775,-0.9779411764705884,0.9274667931688807
4105.TWO,2025,walk_hard,5.032258064516128,19.558823529411768,-0.9716318785578751,-0.9779411764705884,0.006309297912713285
4106.TW,2025,walk_hard,6.645161290322581,19.558823529411768,-0.6561669829222012,-0.9779411764705884,0.3217741935483872
4107.TWO,2025,walk_hard,3.612903225806452,19.558823529411768,-1.2492409867172676,-0.9779411764705884,-0.27129981024667915
4108.TW,2025,walk_hard,0.903225806451613,19.558823529411768,-1.7792220113851998,-0.9779411764705884,-0.8012808349146113
4109.TWO,2025,walk_hard,3.935483870967742,19.558823529411768,-1.1861480075901332,-0.9779411764705884,-0.20820683111954474
4111.TWO,2025,walk_hard,2.5806451612903225,19.558823529411768,-1.4511385199240991,-0.9779411764705884,-0.4731973434535107
4113.TWO,2025,walk_hard,3.793103448275862,30.147058823529413,-1.8711967545638948,-1.5073529411764708,-0.363843813387424
4114.TWO,2025,walk_hard,3.548387096774194,19.558823529411768,-1.2618595825426946,-0.9779411764705884,-0.28391840607210617
4116.TWO,2025,walk_hard,9.161290322580646,19.558823529411768,-0.16404174573055016,-0.9779411764705884,0.8138994307400382
4119.TW,2025,walk_hard,1.0967741935483866,19.558823529411768,-1.741366223908919,-0.9779411764705884,-0.7634250474383305
4120.TWO,2025,walk_hard,6.064516129032258,19.558823529411768,-0.7697343453510438,-0.9779411764705884,0.20820683111954463
4121.TWO,2025,walk_hard,5.870967741935484,19.558823529411768,-0.8075901328273245,-0.9779411764705884,0.17035104364326392
4123.TWO,2025,walk_hard,1.4193548387096777,19.558823529411768,-1.6782732447817839,-0.9779411764705884,-0.7003320683111954
4126.TWO,2025,walk_hard,4.258064516129032,19.558823529411768,-1.1230550284629983,-0.9779411764705884,-0.1451138519924099
4127.TWO,2025,walk_hard,6.451612903225806,19.558823529411768,-0.6940227703984821,-0.9779411764705884,0.2839184060721063
4128.TWO,2025,walk_hard,2.9032258064516125,19.558823529411768,-1.3880455407969643,-0.9779411764705884,-0.41010436432637587
4129.TWO,2025,walk_hard,6.709677419354838,19.558823529411768,-0.6435483870967744,-0.9779411764705884,0.334392789373814
4131.TWO,2025,walk_hard,5.806451612903225,19.558823529411768,-0.8202087286527516,-0.9779411764705884,0.1577324478178368
4133.TW,2025,walk_hard,4.129032258064517,19.558823529411768,-1.148292220113852,-0.9779411764705884,-0.17035104364326348
4137.TW,2025,walk_hard,6.774193548387098,19.558823529411768,-0.6309297912713471,-0.9779411764705884,0.34701138519924135
4138.TWO,2025,walk_hard,7.548387096774194,19.558823529411768,-0.47950664136622395,-0.9779411764705884,0.4984345351043645
4139.TWO,2025,walk_hard,9.806451612903226,19.558823529411768,-0.03785578747628081,-0.9779411764705884,0.9400853889943076
4142.TW,2025,walk_hard,0.38709677419354827,19.558823529411768,-1.8801707779886152,-0.9779411764705884,-0.9022296015180268
4147.TWO,2025,walk_hard,2.709677419354839,19.558823529411768,-1.4259013282732451,-0.9779411764705884,-0.4479601518026567
4148.TW,2025,walk_hard,5.548387096774193,19.558823529411768,-0.8706831119544595,-0.9779411764705884,0.10725806451612896
4153.TWO,2025,walk_hard,8.64516129032258,19.558823529411768,-0.264990512333966,-0.9779411764705884,0.7129506641366224
4154.TWO,2025,walk_hard,3.7362637362637363,28.823529411764707,-1.8054298642533937,-1.4411764705882353,-0.3642533936651584
4155.TW,2025,walk_hard,8.258064516129032,19.558823529411768,-0.34070208728652757,-0.9779411764705884,0.6372390891840609
4157.TWO,2025,walk_hard,1.0322580645161294,19.558823529411768,-1.7539848197343455,-0.9779411764705884,-0.7760436432637571
4160.TWO,2025,walk_hard,6.967741935483871,19.558823529411768,-0.5930740037950666,-0.9779411764705884,0.38486717267552184
4161.TWO,2025,walk_hard,4.580645161290322,19.558823529411768,-1.0599620493358637,-0.9779411764705884,-0.08202087286527526
4162.TWO,2025,walk_hard,9.096774193548388,19.558823529411768,-0.1766603415559771,-0.9779411764705884,0.8012808349146113
4163.TWO,2025,walk_hard,4.32258064516129,19.558823529411768,-1.1104364326375715,-0.9779411764705884,-0.1324952561669831
4164.TW,2025,walk_hard,7.612903225806451,19.558823529411768,-0.46688804554079716,-0.9779411764705884,0.5110531309297912
4166.TWO,2025,walk_hard,3.225806451612904,19.558823529411768,-1.3249525616698292,-0.9779411764705884,-0.3470113851992408
4167.TWO,2025,walk_hard,1.9354838709677424,19.558823529411768,-1.5773244781783682,-0.9779411764705884,-0.5993833017077798
4168.TWO,2025,walk_hard,0.9677419354838712,19.558823529411768,-1.7666034155597725,-0.9779411764705884,-0.7886622390891841
4169.TW,2025,walk_hard,7.419354838709678,19.558823529411768,-0.5047438330170778,-0.9779411764705884,0.4731973434535106
4171.TWO,2025,walk_hard,3.333333333333334,18.235294117647058,-1.2156862745098038,-0.9117647058823528,-0.303921568627451
4173.TWO,2025,walk_hard,5.935483870967742,19.558823529411768,-0.7949715370018977,-0.9779411764705884,0.18296963946869071
4174.TWO,2025,walk_hard,0.7741935483870965,19.558823529411768,-1.8044592030360536,-0.9779411764705884,-0.8265180265654651
4175.TWO,2025,walk_hard,5.612903225806452,19.558823529411768,-0.8580645161290323,-0.9779411764705884,0.11987666034155608
4178.TW,2025,walk_hard,2.967741935483871,19.558823529411768,-1.3754269449715373,-0.9779411764705884,-0.39748576850094886
4183.TWO,2025,walk_hard,6.322580645161291,19.558823529411768,-0.7192599620493358,-0.9779411764705884,0.2586812144212526
4188.TWO,2025,walk_hard,7.225806451612904,19.558823529411768,-0.5425996204933586,-0.9779411764705884,0.4353415559772298
4190.TW,2025,walk_hard,4.516129032258065,19.558823529411768,-1.0725806451612905,-0.9779411764705884,-0.09463946869070206
4192.TWO,2025,walk_hard,3.419354838709677,19.558823529411768,-1.2870967741935488,-0.9779411764705884,-0.3091555977229604
4195.TW,2025,walk_hard,5.290322580645162,19.558823529411768,-0.9211574952561671,-0.9779411764705884,0.056783681214421344
4198.TWO,2025,walk_hard,8.451612903225808,19.558823529411768,-0.30284629981024647,-0.9779411764705884,0.675094876660342
4205.TWO,2025,walk_hard,2.1875,31.47058823529412,-2.4586397058823533,-1.573529411764706,-0.8851102941176472
4207.TWO,2025,walk_hard,1.5625,31.47058823529412,-2.6553308823529416,-1.573529411764706,-1.0818014705882355
4303.TWO,2025,walk_hard,9.583333333333334,44.705882352941174,-0.1862745098039213,-2.2352941176470584,2.049019607843137
4304.TWO,2025,walk_hard,3.75,44.705882352941174,-2.7941176470588234,-2.2352941176470584,-0.5588235294117649
4305.TWO,2025,walk_hard,6.666666666666668,44.705882352941174,-1.4901960784313717,-2.2352941176470584,0.7450980392156867
4306.TW,2025,walk_hard,5.833333333333332,44.705882352941174,-1.862745098039216,-2.2352941176470584,0.3725490196078425
4401.TWO,2025,walk_hard,2.9411764705882346,34.117647058823536,-2.4083044982698967,-1.7058823529411766,-0.70242214532872
4402.TWO,2025,walk_hard,8.627450980392158,34.117647058823536,-0.46828143021914614,-1.7058823529411766,1.2376009227220304
4406.TWO,2025,walk_hard,0.5882352941176472,34.117647058823536,-3.2110726643598624,-1.7058823529411766,-1.5051903114186858
4413.TWO,2025,walk_hard,8.235294117647058,34.117647058823536,-0.6020761245674745,-1.7058823529411766,1.1038062283737022
4414.TW,2025,walk_hard,10.0,34.117647058823536,-0.0,-1.7058823529411766,1.7058823529411766
4416.TWO,2025,walk_hard,7.931034482758621,30.147058823529413,-0.6237322515212981,-1.5073529411764708,0.8836206896551727
4417.TWO,2025,walk_hard,8.431372549019608,34.117647058823536,-0.5351787773933103,-1.7058823529411766,1.1707035755478663
4419.TWO,2025,walk_hard,7.800000000000001,35.44117647058823,-0.7797058823529409,-1.7720588235294115,0.9923529411764705
4420.TWO,2025,walk_hard,4.117647058823529,34.117647058823536,-2.006920415224914,-1.7058823529411766,-0.3010380622837374
4426.TW,2025,walk_hard,2.1568627450980395,34.117647058823536,-2.675893886966552,-1.7058823529411766,-0.9700115340253754
4430.TWO,2025,walk_hard,4.835164835164835,28.823529411764707,-1.4886877828054301,-1.4411764705882353,-0.047511312217194845
4432.TWO,2025,walk_hard,0.0,34.117647058823536,-3.4117647058823537,-1.7058823529411766,-1.705882352941177
4433.TWO,2025,walk_hard,5.098039215686274,34.117647058823536,-1.672433679354095,-1.7058823529411766,0.03344867358708159
4438.TW,2025,walk_hard,7.450980392156863,34.117647058823536,-0.8696655132641292,-1.7058823529411766,0.8362168396770474
4439.TW,2025,walk_hard,5.882352941176471,34.117647058823536,-1.4048442906574397,-1.7058823529411766,0.301038062283737
4440.TW,2025,walk_hard,1.5686274509803921,34.117647058823536,-2.8765859284890434,-1.7058823529411766,-1.1707035755478667
4441.TW,2025,walk_hard,9.607843137254902,34.117647058823536,-0.13379469434832772,-1.7058823529411766,1.572087658592849
4442.TWO,2025,walk_hard,7.647058823529411,34.117647058823536,-0.8027681660899657,-1.7058823529411766,0.9031141868512109
4502.TWO,2025,walk_hard,1.6161616161616166,23.52941176470588,-1.9726678550207961,-1.1764705882352942,-0.796197266785502
4503.TWO,2025,walk_hard,4.444444444444445,23.52941176470588,-1.30718954248366,-1.1764705882352942,-0.13071895424836577
4506.TWO,2025,walk_hard,8.686868686868687,23.52941176470588,-0.30897207367795604,-1.1764705882352942,0.8674985145573382
4510.TWO,2025,walk_hard,6.161616161616161,23.52941176470588,-0.9031491384432562,-1.1764705882352942,0.273321449792038
4513.TWO,2025,walk_hard,6.565656565656566,23.52941176470588,-0.8080808080808081,-1.1764705882352942,0.3683897801544861
4523.TWO,2025,walk_hard,5.656565656565657,23.52941176470588,-1.021984551396316,-1.1764705882352942,0.1544860368389782
4526.TW,2025,walk_hard,6.969696969696971,23.52941176470588,-0.7130124777183597,-1.1764705882352942,0.4634581105169344
4527.TWO,2025,walk_hard,3.5353535353535346,23.52941176470588,-1.5210932857991681,-1.1764705882352942,-0.344622697563874
4528.TWO,2025,walk_hard,0.8080808080808077,23.52941176470588,-2.1628045157456923,-1.1764705882352942,-0.9863339275103982
4529.TWO,2025,walk_hard,1.8681318681318682,28.823529411764707,-2.3438914027149322,-1.4411764705882353,-0.902714932126697
4530.TWO,2025,walk_hard,7.4,35.44117647058823,-0.9214705882352939,-1.7720588235294115,0.8505882352941175
4532.TW,2025,walk_hard,3.333333333333334,23.52941176470588,-1.568627450980392,-1.1764705882352942,-0.39215686274509776
4533.TWO,2025,walk_hard,8.787878787878787,23.52941176470588,-0.28520499108734415,-1.1764705882352942,0.89126559714795
4534.TWO,2025,walk_hard,0.9090909090909094,23.52941176470588,-2.13903743315508,-1.1764705882352942,-0.9625668449197857
4535.TWO,2025,walk_hard,2.6262626262626263,23.52941176470588,-1.7349970291146761,-1.1764705882352942,-0.558526440879382
4536.TW,2025,walk_hard,9.230769230769232,22.205882352941174,-0.17081447963800883,-1.1102941176470587,0.9394796380090498
4538.TWO,2025,walk_hard,0.10101010101010055,23.52941176470588,-2.3291740938799763,-1.1764705882352942,-1.1527035056446822
4540.TW,2025,walk_hard,2.2222222222222223,23.52941176470588,-1.830065359477124,-1.1764705882352942,-0.6535947712418297
4541.TWO,2025,walk_hard,0.8791208791208793,28.823529411764707,-2.6289592760180995,-1.4411764705882353,-1.1877828054298643
4542.TWO,2025,walk_hard,8.269230769230768,26.176470588235293,-0.4530542986425342,-1.3088235294117647,0.8557692307692305
4543.TWO,2025,walk_hard,2.4242424242424243,23.52941176470588,-1.7825311942959001,-1.1764705882352942,-0.606060606060606
4545.TW,2025,walk_hard,3.6057692307692313,26.176470588235293,-1.6737839366515834,-1.3088235294117647,-0.3649604072398187
4549.TWO,2025,walk_hard,3.8383838383838387,23.52941176470588,-1.449792038027332,-1.1764705882352942,-0.27332144979203776
4550.TWO,2025,walk_hard,0.4040404040404044,23.52941176470588,-2.25787284610814,-1.1764705882352942,-1.0814022578728457
4551.TW,2025,walk_hard,0.714285714285714,15.588235294117647,-1.4474789915966388,-0.7794117647058824,-0.6680672268907565
4552.TW,2025,walk_hard,3.9393939393939394,23.52941176470588,-1.4260249554367201,-1.1764705882352942,-0.249554367201426
4554.TWO,2025,walk_hard,3.4782608695652173,14.26470588235294,-0.9303069053708439,-0.7132352941176471,-0.21707161125319685
4555.TW,2025,walk_hard,8.080808080808081,23.52941176470588,-0.45157456922162786,-1.1764705882352942,0.7248960190136663
4556.TWO,2025,walk_hard,4.615384615384616,28.823529411764707,-1.5520361990950227,-1.4411764705882353,-0.11085972850678738
4557.TW,2025,walk_hard,4.0476190476190474,15.588235294117647,-0.9278711484593838,-0.7794117647058824,-0.14845938375350143
4558.TWO,2025,walk_hard,1.4141414141414144,23.52941176470588,-2.0202020202020194,-1.1764705882352942,-0.8437314319667253
4560.TW,2025,walk_hard,1.1111111111111116,23.52941176470588,-2.0915032679738563,-1.1764705882352942,-0.9150326797385622
4561.TWO,2025,walk_hard,3.737373737373737,23.52941176470588,-1.4735591206179441,-1.1764705882352942,-0.29708853238265
4562.TW,2025,walk_hard,3.4343434343434343,23.52941176470588,-1.5448603683897801,-1.1764705882352942,-0.368389780154486
4563.TWO,2025,walk_hard,8.383838383838384,23.52941176470588,-0.380273321449792,-1.1764705882352942,0.7961972667855022
4564.TW,2025,walk_hard,0.30303030303030276,23.52941176470588,-2.2816399286987523,-1.1764705882352942,-1.1051693404634582
4566.TW,2025,walk_hard,3.03030303030303,23.52941176470588,-1.6399286987522281,-1.1764705882352942,-0.463458110516934
4568.TWO,2025,walk_hard,2.929292929292929,23.52941176470588,-1.6636957813428401,-1.1764705882352942,-0.487225193107546
4569.TW,2025,walk_hard,1.428571428571429,15.588235294117647,-1.3361344537815125,-0.7794117647058824,-0.5567226890756302
4571.TW,2025,walk_hard,3.1313131313131315,23.52941176470588,-1.6161616161616161,-1.1764705882352942,-0.439691027926322
4572.TW,2025,walk_hard,2.8282828282828287,23.52941176470588,-1.687462863933452,-1.1764705882352942,-0.5109922756981577
4576.TW,2025,walk_hard,4.949494949494949,23.52941176470588,-1.1883541295306002,-1.1764705882352942,-0.011883541295306
4577.TWO,2025,walk_hard,0.32608695652173947,14.26470588235294,-1.3799552429667516,-0.7132352941176471,-0.6667199488491046
4580.TWO,2025,walk_hard,6.767676767676766,23.52941176470588,-0.7605466428995844,-1.1764705882352942,0.41592394533570975
4581.TW,2025,walk_hard,3.571428571428571,15.588235294117647,-1.0021008403361344,-0.7794117647058824,-0.2226890756302521
4582.TW,2025,walk_hard,6.818181818181818,39.41176470588235,-1.2540106951871655,-1.9705882352941173,0.7165775401069518
4583.TW,2025,walk_hard,1.7171717171717171,23.52941176470588,-1.9489007724301843,-1.1764705882352942,-0.7724301841948902
4584.TWO,2025,walk_hard,8.181818181818182,23.52941176470588,-0.42780748663101603,-1.1764705882352942,0.7486631016042782
4585.TW,2025,walk_hard,5.760869565217392,14.26470588235294,-0.6046994884910485,-0.7132352941176471,0.10853580562659859
4588.TW,2025,walk_hard,4.782608695652174,14.26470588235294,-0.7442455242966751,-0.7132352941176471,-0.031010230179028042
4590.TW,2025,walk_hard,4.242424242424242,23.52941176470588,-1.3547237076648841,-1.1764705882352942,-0.17825311942959
4609.TWO,2025,walk_hard,0.5882352941176472,20.88235294117647,-1.9653979238754327,-1.0441176470588236,-0.9212802768166091
4702.TWO,2025,walk_hard,3.8235294117647056,20.88235294117647,-1.2897923875432529,-1.0441176470588236,-0.24567474048442928
4706.TWO,2025,walk_hard,2.9268292682926833,38.08823529411765,-2.694045911047346,-1.9044117647058827,-0.7896341463414633
4707.TWO,2025,walk_hard,4.634146341463414,38.08823529411765,-2.043758967001435,-1.9044117647058827,-0.1393472022955522
4711.TWO,2025,walk_hard,4.390243902439024,38.08823529411765,-2.136657101865137,-1.9044117647058827,-0.2322453371592541
4714.TWO,2025,walk_hard,7.073170731707316,38.08823529411765,-1.1147776183644194,-1.9044117647058827,0.7896341463414633
4716.TWO,2025,walk_hard,4.146341463414634,38.08823529411765,-2.229555236728838,-1.9044117647058827,-0.3251434720229551
4720.TW,2025,walk_hard,8.536585365853659,38.08823529411765,-0.5573888091822093,-1.9044117647058827,1.3470229555236735
4721.TWO,2025,walk_hard,6.829268292682926,38.08823529411765,-1.207675753228121,-1.9044117647058827,0.6967360114777617
4722.TW,2025,walk_hard,5.121951219512195,38.08823529411765,-1.8579626972740317,-1.9044117647058827,0.046449067431850954
4726.TWO,2025,walk_hard,1.7419354838709677,19.558823529411768,-1.615180265654649,-0.9779411764705884,-0.6372390891840606
4728.TWO,2025,walk_hard,5.419354838709678,19.558823529411768,-0.8959203036053132,-0.9779411764705884,0.08202087286527526
4729.TWO,2025,walk_hard,2.7192982456140347,32.794117647058826,-2.3876418988648096,-1.6397058823529411,-0.7479360165118685
4735.TWO,2025,walk_hard,9.225806451612904,19.558823529411768,-0.15142314990512323,-0.9779411764705884,0.8265180265654652
4736.TW,2025,walk_hard,5.225806451612903,19.558823529411768,-0.9337760910815942,-0.9779411764705884,0.04416508538899422
4737.TW,2025,walk_hard,3.354838709677419,19.558823529411768,-1.2997153700189756,-0.9779411764705884,-0.3217741935483872
4739.TW,2025,walk_hard,3.902439024390244,38.08823529411765,-2.3224533715925397,-1.9044117647058827,-0.41804160688665704
4741.TWO,2025,walk_hard,5.609756097560976,38.08823529411765,-1.6721664275466284,-1.9044117647058827,0.23224533715925433
4743.TWO,2025,walk_hard,1.2903225806451613,19.558823529411768,-1.7035104364326379,-0.9779411764705884,-0.7255692599620495
4744.TWO,2025,walk_hard,7.870967741935484,19.558823529411768,-0.41641366223908927,-0.9779411764705884,0.5615275142314992
4745.TWO,2025,walk_hard,9.290322580645162,19.558823529411768,-0.1388045540796963,-0.9779411764705884,0.8391366223908922
4746.TW,2025,walk_hard,1.806451612903226,19.558823529411768,-1.6025616698292222,-0.9779411764705884,-0.6246204933586338
4747.TWO,2025,walk_hard,4.064516129032258,19.558823529411768,-1.1609108159392791,-0.9779411764705884,-0.18296963946869071
4749.TWO,2025,walk_hard,3.284313725490197,27.5,-1.846813725490196,-1.375,-0.47181372549019596
4754.TWO,2025,walk_hard,9.512195121951219,38.08823529411765,-0.18579626972740335,-1.9044117647058827,1.7186154949784793
4755.TW,2025,walk_hard,2.4390243902439024,38.08823529411765,-2.879842180774749,-1.9044117647058827,-0.9754304160688663
4760.TWO,2025,walk_hard,5.6521739130434785,14.26470588235294,-0.6202046035805626,-0.7132352941176471,0.09303069053708446
4763.TW,2025,walk_hard,0.4878048780487809,38.08823529411765,-3.6230272596843616,-1.9044117647058827,-1.7186154949784789
4764.TW,2025,walk_hard,7.317073170731707,38.08823529411765,-1.0218794835007179,-1.9044117647058827,0.8825322812051648
4766.TW,2025,walk_hard,7.560975609756097,38.08823529411765,-0.928981348637016,-1.9044117647058827,0.9754304160688667
4767.TWO,2025,walk_hard,9.02439024390244,38.08823529411765,-0.371592539454806,-1.9044117647058827,1.5328192252510766
4768.TWO,2025,walk_hard,8.048780487804878,38.08823529411765,-0.7431850789096127,-1.9044117647058827,1.16122668579627
4770.TW,2025,walk_hard,7.804878048780488,38.08823529411765,-0.8360832137733144,-1.9044117647058827,1.0683285509325682
4771.TW,2025,walk_hard,4.193548387096774,19.558823529411768,-1.1356736242884253,-0.9779411764705884,-0.1577324478178369
4772.TWO,2025,walk_hard,5.853658536585367,38.08823529411765,-1.5792682926829267,-1.9044117647058827,0.325143472022956
4804.TWO,2025,walk_hard,9.9,35.44117647058823,-0.03544117647058811,-1.7720588235294115,1.7366176470588233
4806.TWO,2025,walk_hard,1.9999999999999996,12.941176470588236,-1.035294117647059,-0.6470588235294118,-0.3882352941176471
4807.TW,2025,walk_hard,4.117647058823529,24.852941176470587,-1.4619377162629759,-1.2426470588235294,-0.21929065743944642
4903.TWO,2025,walk_hard,6.853932584269663,16.911764705882355,-0.5320555188367482,-0.8455882352941178,0.3135327164573696
4904.TW,2025,walk_hard,1.573033707865169,16.911764705882355,-1.425148711169861,-0.8455882352941178,-0.5795604758757433
4905.TWO,2025,walk_hard,5.67741935483871,19.558823529411768,-0.8454459203036053,-0.9779411764705884,0.1324952561669831
4906.TW,2025,walk_hard,2.921348314606742,16.911764705882355,-1.1971249173826835,-0.8455882352941178,-0.3515366820885657
4907.TWO,2025,walk_hard,8.735632183908047,30.147058823529413,-0.38116970926301535,-1.5073529411764708,1.1261832319134555
4908.TWO,2025,walk_hard,2.359550561797753,16.911764705882355,-1.2921348314606744,-0.8455882352941178,-0.4465465961665567
4909.TWO,2025,walk_hard,0.22471910112359605,16.911764705882355,-1.653172504957039,-0.8455882352941178,-0.8075842696629212
4911.TWO,2025,walk_hard,4.709677419354838,19.558823529411768,-1.0347248576850097,-0.9779411764705884,-0.05678368121442123
4912.TW,2025,walk_hard,6.25,26.176470588235293,-0.9816176470588235,-1.3088235294117647,0.32720588235294124
4915.TW,2025,walk_hard,8.125,26.176470588235293,-0.49080882352941174,-1.3088235294117647,0.818014705882353
4916.TW,2025,walk_hard,9.62962962962963,10.294117647058822,-0.038126361655773405,-0.5147058823529411,0.4765795206971677
4919.TW,2025,walk_hard,2.8921568627450975,27.5,-1.954656862745098,-1.375,-0.579656862745098
4923.TWO,2025,walk_hard,8.284313725490195,27.5,-0.47181372549019635,-1.375,0.9031862745098036
4924.TWO,2025,walk_hard,10.0,39.41176470588235,-0.0,-1.9705882352941173,1.9705882352941173
4927.TW,2025,walk_hard,0.7211538461538458,26.176470588235293,-2.42887443438914,-1.3088235294117647,-1.1200509049773755
4930.TW,2025,walk_hard,0.625,40.73529411764706,-3.8189338235294117,-2.036764705882353,-1.7821691176470589
4931.TWO,2025,walk_hard,3.7037037037037033,10.294117647058822,-0.6481481481481481,-0.5147058823529411,-0.13344226579520702
4933.TWO,2025,walk_hard,3.1578947368421053,32.794117647058826,-2.2438080495356036,-1.6397058823529411,-0.6041021671826625
4934.TW,2025,walk_hard,3.245614035087719,32.794117647058826,-2.2150412796697627,-1.6397058823529411,-0.5753353973168216
4935.TW,2025,walk_hard,5.701754385964913,32.794117647058826,-1.4095717234262124,-1.6397058823529411,0.23013415892672873
4938.TW,2025,walk_hard,3.8888888888888884,10.294117647058822,-0.6290849673202614,-0.5147058823529411,-0.1143790849673203
4939.TWO,2025,walk_hard,2.740384615384616,26.176470588235293,-1.9003110859728505,-1.3088235294117647,-0.5914875565610858
4942.TW,2025,walk_hard,8.947368421052632,32.794117647058826,-0.3452012383900928,-1.6397058823529411,1.2945046439628483
4943.TW,2025,walk_hard,10.0,26.176470588235293,-0.0,-1.3088235294117647,1.3088235294117647
4946.TWO,2025,walk_hard,5.6000000000000005,12.941176470588236,-0.5694117647058823,-0.6470588235294118,0.07764705882352951
4949.TW,2025,walk_hard,7.631578947368421,32.794117647058826,-0.776702786377709,-1.6397058823529411,0.8630030959752322
4950.TWO,2025,walk_hard,8.936170212765957,43.38235294117647,-0.4615143929912394,-2.1691176470588234,1.707603254067584
4951.TWO,2025,walk_hard,5.4411764705882355,27.5,-1.2536764705882353,-1.375,0.12132352941176472
4952.TW,2025,walk_hard,6.568627450980392,27.5,-0.9436274509803922,-1.375,0.43137254901960775
4953.TWO,2025,walk_hard,8.636363636363637,8.970588235294118,-0.12232620320855613,-0.4485294117647059,0.32620320855614976
4956.TW,2025,walk_hard,0.964912280701754,32.794117647058826,-2.9629772961816307,-1.6397058823529411,-1.3232714138286896
4958.TW,2025,walk_hard,4.086538461538462,26.176470588235293,-1.547935520361991,-1.3088235294117647,-0.23911199095022617
4960.TW,2025,walk_hard,2.3684210526315788,32.794117647058826,-2.5027089783281737,-1.6397058823529411,-0.8630030959752326
4961.TW,2025,walk_hard,9.362745098039216,27.5,-0.17524509803921554,-1.375,1.1997549019607845
4966.TWO,2025,walk_hard,8.823529411764707,27.5,-0.32352941176470573,-1.375,1.0514705882352944
4967.TW,2025,walk_hard,9.411764705882353,27.5,-0.16176470588235287,-1.375,1.2132352941176472
4968.TW,2025,walk_hard,8.431372549019608,27.5,-0.4313725490196078,-1.375,0.9436274509803921
4971.TWO,2025,walk_hard,10.0,27.5,-0.0,-1.375,1.375
4972.TWO,2025,walk_hard,4.649122807017544,32.794117647058826,-1.7547729618163057,-1.6397058823529411,-0.11506707946336459
4973.TWO,2025,walk_hard,7.401960784313726,27.5,-0.7144607843137254,-1.375,0.6605392156862746
4974.TWO,2025,walk_hard,6.682692307692308,26.176470588235293,-0.86835407239819,-1.3088235294117647,0.44046945701357476
4976.TW,2025,walk_hard,0.8771929824561409,32.794117647058826,-2.9917440660474717,-1.6397058823529411,-1.3520381836945305
4977.TW,2025,walk_hard,0.561797752808989,16.911764705882355,-1.5961665565102447,-0.8455882352941178,-0.750578321216127
4979.TWO,2025,walk_hard,3.370786516853933,16.911764705882355,-1.121116986120291,-0.8455882352941178,-0.27552875082617323
4989.TW,2025,walk_hard,0.14423076923076872,26.176470588235293,-2.579892533936652,-1.3088235294117647,-1.2710690045248871
4991.TWO,2025,walk_hard,2.401960784313726,27.5,-2.0894607843137254,-1.375,-0.7144607843137254
4994.TW,2025,walk_hard,4.090909090909091,8.970588235294118,-0.5300802139037433,-0.4485294117647059,-0.08155080213903737
4995.TWO,2025,walk_hard,8.070175438596491,32.794117647058826,-0.6328689370485036,-1.6397058823529411,1.0068369453044377
4999.TW,2025,walk_hard,3.990384615384616,26.176470588235293,-1.5731052036199094,-1.3088235294117647,-0.26428167420814463
5007.TW,2025,walk_hard,4.25531914893617,43.38235294117647,-2.492177722152691,-2.1691176470588234,-0.32306007509386747
5009.TWO,2025,walk_hard,1.4893617021276595,43.38235294117647,-3.6921151439299127,-2.1691176470588234,-1.5229974968710893
5011.TWO,2025,walk_hard,9.787234042553191,43.38235294117647,-0.09230287859824804,-2.1691176470588234,2.0768147684605753
5013.TWO,2025,walk_hard,3.1914893617021276,43.38235294117647,-2.9536921151439297,-2.1691176470588234,-0.7845744680851063
5014.TWO,2025,walk_hard,9.361702127659575,43.38235294117647,-0.27690863579474334,-2.1691176470588234,1.8922090112640801
5015.TWO,2025,walk_hard,5.957446808510638,43.38235294117647,-1.7537546933667085,-2.1691176470588234,0.41536295369211484
5016.TWO,2025,walk_hard,2.7659574468085104,43.38235294117647,-3.1382978723404253,-2.1691176470588234,-0.969180225281602
5201.TWO,2025,walk_hard,1.1363636363636365,8.970588235294118,-0.795120320855615,-0.4485294117647059,-0.3465909090909091
5202.TWO,2025,walk_hard,0.6818181818181823,8.970588235294118,-0.8358957219251337,-0.4485294117647059,-0.38736631016042783
5203.TW,2025,walk_hard,6.363636363636363,8.970588235294118,-0.32620320855614976,-0.4485294117647059,0.12232620320855614
5205.TWO,2025,walk_hard,5.227272727272727,39.41176470588235,-1.8810160427807485,-1.9705882352941173,0.08957219251336879
5206.TWO,2025,walk_hard,7.471264367816092,30.147058823529413,-0.762339418526031,-1.5073529411764708,0.7450135226504397
5209.TWO,2025,walk_hard,10.0,28.823529411764707,-0.0,-1.4411764705882353,1.4411764705882353
5210.TWO,2025,walk_hard,0.9090909090909094,8.970588235294118,-0.8155080213903743,-0.4485294117647059,-0.36697860962566836
5211.TWO,2025,walk_hard,1.3636363636363635,8.970588235294118,-0.7747326203208558,-0.4485294117647059,-0.32620320855614987
5212.TWO,2025,walk_hard,3.1818181818181825,8.970588235294118,-0.6116310160427807,-0.4485294117647059,-0.1631016042780748
5213.TWO,2025,walk_hard,4.252873563218391,30.147058823529413,-1.7325895875591615,-1.5073529411764708,-0.2252366463826907
5215.TW,2025,walk_hard,0.3703703703703709,10.294117647058822,-0.9912854030501088,-0.5147058823529411,-0.4765795206971677
5220.TWO,2025,walk_hard,2.8947368421052633,32.794117647058826,-2.330108359133127,-1.6397058823529411,-0.6904024767801857
5222.TW,2025,walk_hard,3.03921568627451,27.5,-1.9142156862745099,-1.375,-0.5392156862745099
5223.TWO,2025,walk_hard,0.4629629629629628,10.294117647058822,-0.9817538126361656,-0.5147058823529411,-0.46704793028322444
5225.TW,2025,walk_hard,2.934782608695652,14.26470588235294,-1.0078324808184143,-0.7132352941176471,-0.2945971867007672
5227.TWO,2025,walk_hard,1.4423076923076927,26.176470588235293,-2.240101809954751,-1.3088235294117647,-0.9312782805429862
5228.TWO,2025,walk_hard,1.1538461538461542,26.176470588235293,-2.315610859728507,-1.3088235294117647,-1.0067873303167423
5230.TWO,2025,walk_hard,9.736842105263158,32.794117647058826,-0.08630030959752334,-1.6397058823529411,1.5534055727554177
5234.TW,2025,walk_hard,6.052631578947368,32.794117647058826,-1.2945046439628485,-1.6397058823529411,0.34520123839009265
5236.TW,2025,walk_hard,9.264705882352942,27.5,-0.20220588235294096,-1.375,1.172794117647059
5243.TW,2025,walk_hard,5.2631578947368425,32.794117647058826,-1.553405572755418,-1.6397058823529411,0.08630030959752322
5244.TW,2025,walk_hard,2.1052631578947367,32.794117647058826,-2.589009287925697,-1.6397058823529411,-0.9493034055727558
5245.TWO,2025,walk_hard,0.7017543859649122,32.794117647058826,-3.0492776057791535,-1.6397058823529411,-1.4095717234262124
5251.TWO,2025,walk_hard,7.280701754385966,32.794117647058826,-0.8917698658410731,-1.6397058823529411,0.747936016511868
5258.TW,2025,walk_hard,6.944444444444445,10.294117647058822,-0.31454248366013066,-0.5147058823529411,0.20016339869281047
5263.TWO,2025,walk_hard,4.3999999999999995,12.941176470588236,-0.7247058823529413,-0.6470588235294118,-0.07764705882352951
5269.TW,2025,walk_hard,9.656862745098039,27.5,-0.09436274509803937,-1.375,1.2806372549019607
5272.TWO,2025,walk_hard,4.019607843137255,27.5,-1.644607843137255,-1.375,-0.26960784313725505
5274.TWO,2025,walk_hard,9.754901960784313,27.5,-0.06740196078431397,-1.375,1.307598039215686
5276.TWO,2025,walk_hard,5.384615384615384,28.823529411764707,-1.3303167420814481,-1.4411764705882353,0.11085972850678716
5278.TWO,2025,walk_hard,10.0,7.647058823529411,-0.0,-0.38235294117647056,0.38235294117647056
5283.TW,2025,walk_hard,7.5,40.73529411764706,-1.0183823529411766,-2.036764705882353,1.0183823529411762
5284.TW,2025,walk_hard,4.2857142857142865,28.823529411764707,-1.6470588235294117,-1.4411764705882353,-0.2058823529411764
5285.TW,2025,walk_hard,4.215686274509803,27.5,-1.590686274509804,-1.375,-0.21568627450980404
5287.TWO,2025,walk_hard,3.1578947368421053,7.647058823529411,-0.523219814241486,-0.38235294117647056,-0.14086687306501544
5288.TW,2025,walk_hard,1.3131313131313127,23.52941176470588,-2.043969102792632,-1.1764705882352942,-0.8674985145573377
5289.TWO,2025,walk_hard,5.0,10.294117647058822,-0.5147058823529411,-0.5147058823529411,0.0
5291.TWO,2025,walk_hard,3.221153846153846,26.176470588235293,-1.774462669683258,-1.3088235294117647,-0.4656391402714932
5292.TW,2025,walk_hard,7.5,39.41176470588235,-0.9852941176470587,-1.9705882352941173,0.9852941176470587
5299.TWO,2025,walk_hard,8.137254901960784,27.5,-0.5122549019607845,-1.375,0.8627450980392155
5301.TWO,2025,walk_hard,7.0,35.44117647058823,-1.063235294117647,-1.7720588235294115,0.7088235294117644
5302.TWO,2025,walk_hard,2.450980392156863,27.5,-2.075980392156863,-1.375,-0.7009803921568629
5306.TW,2025,walk_hard,1.923076923076923,22.205882352941174,-1.7935520361990946,-1.1102941176470587,-0.683257918552036
5309.TWO,2025,walk_hard,6.634615384615384,26.176470588235293,-0.8809389140271494,-1.3088235294117647,0.4278846153846153
5310.TWO,2025,walk_hard,0.0,8.970588235294118,-0.8970588235294117,-0.4485294117647059,-0.4485294117647058
5312.TWO,2025,walk_hard,6.903225806451613,19.558823529411768,-0.6056925996204935,-0.9779411764705884,0.37224857685009494
5314.TWO,2025,walk_hard,8.131868131868131,28.823529411764707,-0.5384615384615387,-1.4411764705882353,0.9027149321266966
5315.TWO,2025,walk_hard,4.824561403508771,32.794117647058826,-1.6972394220846239,-1.6397058823529411,-0.05753353973168274
5321.TWO,2025,walk_hard,8.68421052631579,7.647058823529411,-0.10061919504643964,-0.38235294117647056,0.28173374613003094
5324.TWO,2025,walk_hard,7.586206896551724,30.147058823529413,-0.7276876267748479,-1.5073529411764708,0.7796653144016229
5328.TWO,2025,walk_hard,1.3942307692307687,26.176470588235293,-2.2526866515837103,-1.3088235294117647,-0.9438631221719456
5340.TWO,2025,walk_hard,0.9615384615384615,26.176470588235293,-2.365950226244344,-1.3088235294117647,-1.0571266968325792
5344.TWO,2025,walk_hard,0.7843137254901966,27.5,-2.534313725490196,-1.375,-1.159313725490196
5345.TWO,2025,walk_hard,2.417582417582418,28.823529411764707,-2.1855203619909505,-1.4411764705882353,-0.7443438914027152
5347.TWO,2025,walk_hard,0.24509803921568651,27.5,-2.6825980392156863,-1.375,-1.3075980392156863
5348.TWO,2025,walk_hard,5.0,22.205882352941174,-1.1102941176470587,-1.1102941176470587,0.0
5351.TWO,2025,walk_hard,4.411764705882353,27.5,-1.5367647058823528,-1.375,-0.1617647058823528
5353.TWO,2025,walk_hard,3.48314606741573,16.911764705882355,-1.102115003304693,-0.8455882352941178,-0.25652676801057517
5355.TWO,2025,walk_hard,0.5288461538461542,26.176470588235293,-2.4792138009049776,-1.3088235294117647,-1.1703902714932128
5356.TWO,2025,walk_hard,0.9259259259259256,10.294117647058822,-0.9340958605664487,-0.5147058823529411,-0.41938997821350754
5364.TWO,2025,walk_hard,2.1999999999999997,35.44117647058823,-2.764411764705882,-1.7720588235294115,-0.9923529411764707
5381.TWO,2025,walk_hard,6.363636363636363,23.52941176470588,-0.8556149732620321,-1.1764705882352942,0.3208556149732621
5386.TWO,2025,walk_hard,9.25925925925926,10.294117647058822,-0.07625272331154681,-0.5147058823529411,0.4384531590413943
5388.TW,2025,walk_hard,6.96629213483146,16.911764705882355,-0.5130535360211502,-0.8455882352941178,0.3325346992729675
5392.TWO,2025,walk_hard,10.0,32.794117647058826,-0.0,-1.6397058823529411,1.6397058823529411
5398.TWO,2025,walk_hard,8.681318681318682,28.823529411764707,-0.38009049773755627,-1.4411764705882353,1.061085972850679
5403.TWO,2025,walk_hard,4.3181818181818175,8.970588235294118,-0.509692513368984,-0.4485294117647059,-0.061163101604278125
5410.TWO,2025,walk_hard,0.22727272727272707,8.970588235294118,-0.8766711229946524,-0.4485294117647059,-0.42814171122994654
5425.TWO,2025,walk_hard,3.6764705882352944,27.5,-1.738970588235294,-1.375,-0.36397058823529393
5426.TWO,2025,walk_hard,2.314814814814815,10.294117647058822,-0.7911220043572983,-0.5147058823529411,-0.27641612200435717
5432.TWO,2025,walk_hard,6.590909090909092,39.41176470588235,-1.3435828877005342,-1.9705882352941173,0.6270053475935831
5434.TW,2025,walk_hard,2.432432432432432,6.323529411764706,-0.4785373608903021,-0.3161764705882353,-0.1623608903020668
5438.TWO,2025,walk_hard,3.2407407407407405,10.294117647058822,-0.6958061002178648,-0.5147058823529411,-0.1811002178649237
5439.TWO,2025,walk_hard,3.4134615384615383,26.176470588235293,-1.7241233031674208,-1.3088235294117647,-0.4152997737556561
5443.TWO,2025,walk_hard,5.490196078431373,27.5,-1.2401960784313726,-1.375,0.13480392156862742
5450.TWO,2025,walk_hard,2.3076923076923075,28.823529411764707,-2.2171945701357467,-1.4411764705882353,-0.7760180995475114
5452.TWO,2025,walk_hard,2.3913043478260865,14.26470588235294,-1.0853580562659848,-0.7132352941176471,-0.3721227621483377
5455.TWO,2025,walk_hard,9.770114942528735,30.147058823529413,-0.06930358350236651,-1.5073529411764708,1.4380493576741042
5457.TWO,2025,walk_hard,8.846153846153847,26.176470588235293,-0.3020361990950225,-1.3088235294117647,1.0067873303167423
5460.TWO,2025,walk_hard,6.394230769230768,26.176470588235293,-0.9438631221719459,-1.3088235294117647,0.3649604072398188
5464.TWO,2025,walk_hard,1.201923076923077,26.176470588235293,-2.3030260180995477,-1.3088235294117647,-0.9942024886877829
5465.TWO,2025,walk_hard,9.722222222222221,10.294117647058822,-0.028594771241830144,-0.5147058823529411,0.486111111111111
5468.TWO,2025,walk_hard,0.09803921568627416,27.5,-2.7230392156862746,-1.375,-1.3480392156862746
5471.TW,2025,walk_hard,6.911764705882353,27.5,-0.8492647058823529,-1.375,0.5257352941176471
5474.TWO,2025,walk_hard,8.055555555555555,10.294117647058822,-0.20016339869281047,-0.5147058823529411,0.31454248366013066
5475.TWO,2025,walk_hard,7.644230769230768,26.176470588235293,-0.6166572398190048,-1.3088235294117647,0.6921662895927599
5478.TWO,2025,walk_hard,6.4,12.941176470588236,-0.46588235294117647,-0.6470588235294118,0.18117647058823533
5481.TWO,2025,walk_hard,9.010989010989011,28.823529411764707,-0.28506787330316746,-1.4411764705882353,1.1561085972850678
5483.TWO,2025,walk_hard,1.078431372549019,27.5,-2.4534313725490198,-1.375,-1.0784313725490198
5484.TW,2025,walk_hard,8.157894736842104,32.794117647058826,-0.6041021671826629,-1.6397058823529411,1.0356037151702782
5487.TWO,2025,walk_hard,7.8431372549019605,27.5,-0.5931372549019609,-1.375,0.7818627450980391
5488.TWO,2025,walk_hard,7.403846153846154,26.176470588235293,-0.6795814479638008,-1.3088235294117647,0.6292420814479639
5489.TWO,2025,walk_hard,4.130434782608695,14.26470588235294,-0.8372762148337596,-0.7132352941176471,-0.1240409207161125
5490.TWO,2025,walk_hard,5.185185185185186,10.294117647058822,-0.49564270152505435,-0.5147058823529411,0.019063180827886772
5493.TWO,2025,walk_hard,9.347826086956522,14.26470588235294,-0.09303069053708443,-0.7132352941176471,0.6202046035805626
5498.TWO,2025,walk_hard,2.8365384615384617,26.176470588235293,-1.875141402714932,-1.3088235294117647,-0.5663178733031673
5508.TWO,2025,walk_hard,8.275862068965518,30.147058823529413,-0.5197768762677483,-1.5073529411764708,0.9875760649087225
5511.TWO,2025,walk_hard,5.402298850574713,30.147058823529413,-1.3860716700473292,-1.5073529411764708,0.12128127112914155
5512.TWO,2025,walk_hard,1.4942528735632188,30.147058823529413,-2.5642325895875593,-1.5073529411764708,-1.0568796484110885
5514.TWO,2025,walk_hard,0.4597701149425293,30.147058823529413,-2.8760987153482085,-1.5073529411764708,-1.3687457741717377
5515.TW,2025,walk_hard,4.942528735632184,30.147058823529413,-1.524678837052062,-1.5073529411764708,-0.0173258958755913
5516.TWO,2025,walk_hard,6.0919540229885065,30.147058823529413,-1.1781609195402296,-1.5073529411764708,0.32919202163624117
5519.TW,2025,walk_hard,6.666666666666668,30.147058823529413,-1.0049019607843135,-1.5073529411764708,0.5024509803921573
5520.TWO,2025,walk_hard,2.528735632183908,30.147058823529413,-2.25236646382691,-1.5073529411764708,-0.7450135226504393
5521.TW,2025,walk_hard,5.057471264367816,30.147058823529413,-1.490027045300879,-1.5073529411764708,0.017325895875591746
5522.TW,2025,walk_hard,5.287356321839081,30.147058823529413,-1.4207234617985125,-1.5073529411764708,0.08662947937795829
5523.TWO,2025,walk_hard,1.3793103448275867,30.147058823529413,-2.5988843813387423,-1.5073529411764708,-1.0915314401622715
5525.TW,2025,walk_hard,1.7241379310344829,30.147058823529413,-2.494929006085193,-1.5073529411764708,-0.9875760649087224
5529.TWO,2025,walk_hard,3.2183908045977017,30.147058823529413,-2.0444557133198105,-1.5073529411764708,-0.5371027721433397
5530.TWO,2025,walk_hard,5.164835164835164,28.823529411764707,-1.3936651583710409,-1.4411764705882353,0.0475113122171944
5531.TW,2025,walk_hard,1.0344827586206895,30.147058823529413,-2.702839756592292,-1.5073529411764708,-1.1954868154158211
5533.TW,2025,walk_hard,8.045977011494253,30.147058823529413,-0.5890804597701148,-1.5073529411764708,0.918272481406356
5534.TW,2025,walk_hard,9.655172413793103,30.147058823529413,-0.10395537525354978,-1.5073529411764708,1.403397565922921
5536.TWO,2025,walk_hard,8.91304347826087,14.26470588235294,-0.1550511508951407,-0.7132352941176471,0.5581841432225063
5538.TW,2025,walk_hard,6.382978723404255,43.38235294117647,-1.5691489361702127,-2.1691176470588234,0.5999687108886107
5543.TWO,2025,walk_hard,7.816091954022988,30.147058823529413,-0.6583840432724816,-1.5073529411764708,0.8489688979039892
5546.TW,2025,walk_hard,10.0,30.147058823529413,-0.0,-1.5073529411764708,1.5073529411764708
5547.TWO,2025,walk_hard,5.862068965517242,30.147058823529413,-1.2474645030425962,-1.5073529411764708,0.25988843813387463
5548.TWO,2025,walk_hard,3.5632183908045976,30.147058823529413,-1.940500338066261,-1.5073529411764708,-0.4331473968897903
5601.TWO,2025,walk_hard,0.0,42.05882352941176,-4.205882352941177,-2.1029411764705883,-2.1029411764705883
5603.TWO,2025,walk_hard,3.03030303030303,42.05882352941176,-2.9313725490196076,-2.1029411764705883,-0.8284313725490193
5604.TWO,2025,walk_hard,8.021978021978022,28.823529411764707,-0.5701357466063349,-1.4411764705882353,0.8710407239819004
5607.TW,2025,walk_hard,3.9393939393939394,42.05882352941176,-2.549019607843137,-2.1029411764705883,-0.44607843137254877
5608.TW,2025,walk_hard,5.151515151515151,42.05882352941176,-2.0392156862745097,-2.1029411764705883,0.06372549019607865
5609.TWO,2025,walk_hard,10.0,42.05882352941176,-0.0,-2.1029411764705883,2.1029411764705883
5701.TWO,2025,walk_hard,0.40000000000000036,35.44117647058823,-3.40235294117647,-1.7720588235294115,-1.6302941176470587
5703.TWO,2025,walk_hard,2.6,35.44117647058823,-2.6226470588235293,-1.7720588235294115,-0.8505882352941179
5704.TWO,2025,walk_hard,1.9999999999999996,35.44117647058823,-2.8352941176470585,-1.7720588235294115,-1.063235294117647
5706.TW,2025,walk_hard,9.0,35.44117647058823,-0.3544117647058823,-1.7720588235294115,1.4176470588235293
5864.TWO,2025,walk_hard,0.2631578947368418,11.617647058823529,-1.1311919504643961,-0.5808823529411764,-0.5503095975232197
5871.TW,2025,walk_hard,9.12087912087912,28.823529411764707,-0.2533936651583712,-1.4411764705882353,1.187782805429864
5876.TW,2025,walk_hard,5.526315789473683,11.617647058823529,-0.5197368421052633,-0.5808823529411764,0.06114551083591313
5878.TWO,2025,walk_hard,6.842105263157895,11.617647058823529,-0.3668730650154799,-0.5808823529411764,0.2140092879256965
5880.TW,2025,walk_hard,4.473684210526315,11.617647058823529,-0.6420278637770899,-0.5808823529411764,-0.061145510835913464
5902.TWO,2025,walk_hard,6.470588235294117,20.88235294117647,-0.7370242214532874,-1.0441176470588236,0.3070934256055362
5903.TWO,2025,walk_hard,1.470588235294118,20.88235294117647,-1.781141868512111,-1.0441176470588236,-0.7370242214532874
5904.TWO,2025,walk_hard,2.3529411764705888,20.88235294117647,-1.5968858131487889,-1.0441176470588236,-0.5527681660899653
5905.TWO,2025,walk_hard,0.0,35.44117647058823,-3.5441176470588234,-1.7720588235294115,-1.772058823529412
5906.TW,2025,walk_hard,7.0588235294117645,24.852941176470587,-0.7309688581314879,-1.2426470588235294,0.5116782006920415
5907.TW,2025,walk_hard,0.0,24.852941176470587,-2.4852941176470584,-1.2426470588235294,-1.242647058823529
6005.TW,2025,walk_hard,4.2105263157894735,11.617647058823529,-0.6726006191950465,-0.5808823529411764,-0.09171826625387014
6015.TWO,2025,walk_hard,0.0,11.617647058823529,-1.1617647058823528,-0.5808823529411764,-0.5808823529411764
6016.TWO,2025,walk_hard,1.3157894736842102,11.617647058823529,-1.0089009287925697,-0.5808823529411764,-0.42801857585139325
6020.TWO,2025,walk_hard,1.0526315789473684,11.617647058823529,-1.0394736842105263,-0.5808823529411764,-0.4585913312693499
6021.TWO,2025,walk_hard,0.5263157894736847,11.617647058823529,-1.1006191950464395,-0.5808823529411764,-0.519736842105263
6023.TWO,2025,walk_hard,9.210526315789473,11.617647058823529,-0.09171826625387008,-0.5808823529411764,0.4891640866873063
6024.TW,2025,walk_hard,7.105263157894736,11.617647058823529,-0.3363003095975233,-0.5808823529411764,0.24458204334365313
6026.TWO,2025,walk_hard,2.1052631578947367,11.617647058823529,-0.9171826625386997,-0.5808823529411764,-0.33630030959752333
6028.TWO,2025,walk_hard,7.894736842105264,11.617647058823529,-0.24458204334365316,-0.5808823529411764,0.3363003095975232
6101.TWO,2025,walk_hard,9.200000000000001,12.941176470588236,-0.10352941176470574,-0.6470588235294118,0.543529411764706
6103.TWO,2025,walk_hard,5.980392156862745,27.5,-1.105392156862745,-1.375,0.26960784313725505
6104.TWO,2025,walk_hard,5.588235294117647,27.5,-1.2132352941176472,-1.375,0.1617647058823528
6108.TW,2025,walk_hard,0.5769230769230771,26.176470588235293,-2.466628959276018,-1.3088235294117647,-1.1578054298642535
6109.TWO,2025,walk_hard,2.247191011235955,16.911764705882355,-1.3111368142762725,-0.8455882352941178,-0.46554857898215474
6111.TWO,2025,walk_hard,9.6,12.941176470588236,-0.05176470588235299,-0.6470588235294118,0.5952941176470588
6112.TW,2025,walk_hard,7.954545454545454,8.970588235294118,-0.18348930481283424,-0.4485294117647059,0.26504010695187163
6113.TWO,2025,walk_hard,3.2432432432432434,6.323529411764706,-0.4272655007949125,-0.3161764705882353,-0.11108903020667721
6114.TWO,2025,walk_hard,9.423076923076923,26.176470588235293,-0.15101809954751125,-1.3088235294117647,1.1578054298642535
6115.TW,2025,walk_hard,8.028846153846153,26.176470588235293,-0.5159785067873305,-1.3088235294117647,0.7928450226244342
6116.TW,2025,walk_hard,0.2631578947368418,32.794117647058826,-3.193111455108359,-1.6397058823529411,-1.553405572755418
6117.TW,2025,walk_hard,1.0185185185185186,10.294117647058822,-0.9245642701525053,-0.5147058823529411,-0.4098583877995642
6118.TWO,2025,walk_hard,4.864864864864865,6.323529411764706,-0.32472178060413354,-0.3161764705882353,-0.008545310015898255
6120.TW,2025,walk_hard,5.0,32.794117647058826,-1.6397058823529413,-1.6397058823529411,-2.220446049250313e-16
6121.TWO,2025,walk_hard,5.833333333333332,10.294117647058822,-0.428921568627451,-0.5147058823529411,0.08578431372549011
6122.TWO,2025,walk_hard,9.595959595959595,23.52941176470588,-0.09506833036244819,-1.1764705882352942,1.081402257872846
6123.TWO,2025,walk_hard,10.0,8.970588235294118,-0.0,-0.4485294117647059,0.4485294117647059
6124.TWO,2025,walk_hard,9.519230769230768,26.176470588235293,-0.125848416289593,-1.3088235294117647,1.1829751131221717
6125.TWO,2025,walk_hard,7.474747474747474,23.52941176470588,-0.5941770647653002,-1.1764705882352942,0.582293523469994
6126.TWO,2025,walk_hard,5.673076923076923,26.176470588235293,-1.1326357466063348,-1.3088235294117647,0.1761877828054299
6127.TWO,2025,walk_hard,2.548076923076923,26.176470588235293,-1.9506504524886876,-1.3088235294117647,-0.6418269230769229
6128.TW,2025,walk_hard,4.537037037037037,10.294117647058822,-0.5623638344226579,-0.5147058823529411,-0.04765795206971679
6129.TWO,2025,walk_hard,4.166666666666666,27.5,-1.604166666666667,-1.375,-0.22916666666666696
6130.TWO,2025,walk_hard,2.516129032258064,19.558823529411768,-1.463757115749526,-0.9779411764705884,-0.4858159392789375
6133.TW,2025,walk_hard,3.4615384615384617,26.176470588235293,-1.7115384615384612,-1.3088235294117647,-0.4027149321266965
6134.TWO,2025,walk_hard,5.721153846153846,26.176470588235293,-1.1200509049773757,-1.3088235294117647,0.18877262443438902
6136.TW,2025,walk_hard,8.764044943820226,16.911764705882355,-0.20902181097157949,-0.8455882352941178,0.6365664243225383
6138.TWO,2025,walk_hard,6.42156862745098,27.5,-0.9840686274509806,-1.375,0.39093137254901944
6139.TW,2025,walk_hard,9.891304347826086,14.26470588235294,-0.015505115089514198,-0.7132352941176471,0.6977301790281328
6140.TWO,2025,walk_hard,9.772727272727273,8.970588235294118,-0.020387700534759298,-0.4485294117647059,0.4281417112299466
6141.TW,2025,walk_hard,2.9807692307692313,26.176470588235293,-1.8373868778280542,-1.3088235294117647,-0.5285633484162895
6142.TW,2025,walk_hard,2.4719101123595513,16.911764705882355,-1.2731328486450761,-0.8455882352941178,-0.4275446133509584
6143.TWO,2025,walk_hard,8.089887640449438,16.911764705882355,-0.3230337078651685,-0.8455882352941178,0.5225545274289493
6144.TWO,2025,walk_hard,0.7999999999999996,12.941176470588236,-1.1905882352941177,-0.6470588235294118,-0.5435294117647059
6146.TWO,2025,walk_hard,5.217391304347826,14.26470588235294,-0.6822250639386189,-0.7132352941176471,0.031010230179028153
6147.TWO,2025,walk_hard,1.5686274509803921,27.5,-2.3186274509803924,-1.375,-0.9436274509803924
6148.TWO,2025,walk_hard,5.681818181818182,8.970588235294118,-0.3873663101604279,-0.4485294117647059,0.061163101604278014
6150.TWO,2025,walk_hard,5.555555555555555,10.294117647058822,-0.45751633986928103,-0.5147058823529411,0.057189542483660094
6151.TWO,2025,walk_hard,2.1739130434782608,14.26470588235294,-1.1163682864450128,-0.7132352941176471,-0.40313299232736577
6152.TW,2025,walk_hard,1.123595505617978,16.911764705882355,-1.501156642432254,-0.8455882352941178,-0.6555684071381362
6153.TW,2025,walk_hard,0.7692307692307687,26.176470588235293,-2.4162895927601813,-1.3088235294117647,-1.1074660633484166
6154.TWO,2025,walk_hard,0.5405405405405406,6.323529411764706,-0.5981717011128775,-0.3161764705882353,-0.28199523052464226
6155.TW,2025,walk_hard,1.3461538461538458,26.176470588235293,-2.2652714932126696,-1.3088235294117647,-0.9564479638009049
6156.TWO,2025,walk_hard,3.173076923076923,26.176470588235293,-1.787047511312217,-1.3088235294117647,-0.47822398190045234
6158.TWO,2025,walk_hard,1.4903846153846156,26.176470588235293,-2.227516968325792,-1.3088235294117647,-0.9186934389140273
6160.TWO,2025,walk_hard,4.2592592592592595,10.294117647058822,-0.5909586056644879,-0.5147058823529411,-0.07625272331154676
6161.TWO,2025,walk_hard,3.4259259259259256,10.294117647058822,-0.6767429193899781,-0.5147058823529411,-0.16203703703703698
6163.TWO,2025,walk_hard,2.727272727272727,8.970588235294118,-0.6524064171122995,-0.4485294117647059,-0.20387700534759362
6164.TW,2025,walk_hard,3.0701754385964906,32.794117647058826,-2.272574819401445,-1.6397058823529411,-0.6328689370485039
6165.TW,2025,walk_hard,6.578947368421053,7.647058823529411,-0.261609907120743,-0.38235294117647056,0.12074303405572756
6166.TW,2025,walk_hard,2.685185185185185,10.294117647058822,-0.752995642701525,-0.5147058823529411,-0.23828976034858385
6167.TWO,2025,walk_hard,6.140350877192983,32.794117647058826,-1.265737874097007,-1.6397058823529411,0.373968008255934
6168.TW,2025,walk_hard,3.68421052631579,32.794117647058826,-2.0712074303405577,-1.6397058823529411,-0.43150154798761653
6169.TWO,2025,walk_hard,2.8000000000000003,12.941176470588236,-0.9317647058823529,-0.6470588235294118,-0.28470588235294114
6170.TWO,2025,walk_hard,9.662921348314606,16.911764705882355,-0.057005948446794526,-0.8455882352941178,0.7885822868473232
6171.TWO,2025,walk_hard,8.85057471264368,30.147058823529413,-0.34651791751183203,-1.5073529411764708,1.1608350236646388
6173.TWO,2025,walk_hard,1.6826923076923073,26.176470588235293,-2.177177601809955,-1.3088235294117647,-0.8683540723981904
6174.TWO,2025,walk_hard,3.125,26.176470588235293,-1.7996323529411766,-1.3088235294117647,-0.4908088235294119
6175.TWO,2025,walk_hard,0.28846153846153855,26.176470588235293,-2.542138009049774,-1.3088235294117647,-1.233314479638009
6176.TW,2025,walk_hard,6.4035087719298245,32.794117647058826,-1.1794375644994841,-1.6397058823529411,0.460268317853457
6177.TW,2025,walk_hard,2.7586206896551726,30.147058823529413,-2.1830628803245435,-1.5073529411764708,-0.6757099391480728
6179.TWO,2025,walk_hard,6.813186813186814,28.823529411764707,-0.9185520361990949,-1.4411764705882353,0.5226244343891404
6180.TWO,2025,walk_hard,6.0,12.941176470588236,-0.5176470588235295,-0.6470588235294118,0.12941176470588234
6182.TWO,2025,walk_hard,0.3431372549019607,27.5,-2.655637254901961,-1.375,-1.280637254901961
6183.TW,2025,walk_hard,1.5909090909090906,8.970588235294118,-0.7543449197860963,-0.4485294117647059,-0.3058155080213904
6184.TW,2025,walk_hard,7.032967032967033,28.823529411764707,-0.8552036199095023,-1.4411764705882353,0.585972850678733
6185.TWO,2025,walk_hard,9.134615384615385,26.176470588235293,-0.22652714932126686,-1.3088235294117647,1.082296380090498
6186.TWO,2025,walk_hard,9.425287356321839,30.147058823529413,-0.1732589587559163,-1.5073529411764708,1.3340939824205544
6187.TWO,2025,walk_hard,8.382352941176471,27.5,-0.44485294117647045,-1.375,0.9301470588235295
6188.TWO,2025,walk_hard,1.7592592592592593,10.294117647058822,-0.8483115468409586,-0.5147058823529411,-0.33360566448801743
6189.TW,2025,walk_hard,8.108108108108107,6.323529411764706,-0.11963434022257559,-0.3161764705882353,0.1965421303656597
6190.TWO,2025,walk_hard,3.2584269662921352,16.911764705882355,-1.140118968935889,-0.8455882352941178,-0.2945307336417713
6191.TW,2025,walk_hard,2.0673076923076925,26.176470588235293,-2.0764988687782804,-1.3088235294117647,-0.7676753393665157
6192.TW,2025,walk_hard,8.478260869565217,14.26470588235294,-0.21707161125319702,-0.7132352941176471,0.49616368286445006
6194.TWO,2025,walk_hard,9.951923076923077,26.176470588235293,-0.012584841628959348,-1.3088235294117647,1.2962386877828054
6195.TWO,2025,walk_hard,3.5294117647058822,20.88235294117647,-1.3512110726643598,-1.0441176470588236,-0.3070934256055362
6196.TW,2025,walk_hard,7.065217391304348,14.26470588235294,-0.4186381074168798,-0.7132352941176471,0.2945971867007673
6197.TW,2025,walk_hard,7.548076923076923,26.176470588235293,-0.6418269230769229,-1.3088235294117647,0.6669966063348418
6198.TWO,2025,walk_hard,0.0,30.147058823529413,-3.0147058823529416,-1.5073529411764708,-1.5073529411764708
6199.TWO,2025,walk_hard,8.791208791208792,28.823529411764707,-0.34841628959276,-1.4411764705882353,1.0927601809954752
6201.TW,2025,walk_hard,3.0434782608695654,14.26470588235294,-0.9923273657289002,-0.7132352941176471,-0.27909207161125316
6202.TW,2025,walk_hard,5.686274509803921,27.5,-1.1862745098039218,-1.375,0.1887254901960782
6203.TWO,2025,walk_hard,7.932692307692308,26.176470588235293,-0.5411481900452487,-1.3088235294117647,0.767675339366516
6204.TWO,2025,walk_hard,7.355769230769232,26.176470588235293,-0.6921662895927599,-1.3088235294117647,0.6166572398190048
6205.TW,2025,walk_hard,8.509615384615385,26.176470588235293,-0.39013009049773745,-1.3088235294117647,0.9186934389140273
6206.TW,2025,walk_hard,4.814814814814815,10.294117647058822,-0.5337690631808278,-0.5147058823529411,-0.019063180827886717
6207.TWO,2025,walk_hard,6.201923076923077,26.176470588235293,-0.9942024886877828,-1.3088235294117647,0.3146210407239819
6208.TWO,2025,walk_hard,4.264705882352942,27.5,-1.577205882352941,-1.375,-0.2022058823529409
6209.TW,2025,walk_hard,1.7543859649122806,32.794117647058826,-2.704076367389061,-1.6397058823529411,-1.06437048503612
6210.TWO,2025,walk_hard,0.24038461538461564,26.176470588235293,-2.554722850678733,-1.3088235294117647,-1.2458993212669685
6212.TWO,2025,walk_hard,9.310344827586206,30.147058823529413,-0.20791075050709956,-1.5073529411764708,1.2994421906693712
6213.TW,2025,walk_hard,2.403846153846154,26.176470588235293,-1.9884049773755654,-1.3088235294117647,-0.6795814479638007
6214.TW,2025,walk_hard,7.045454545454546,8.970588235294118,-0.26504010695187163,-0.4485294117647059,0.18348930481283426
6215.TW,2025,walk_hard,6.8478260869565215,14.26470588235294,-0.44964833759590794,-0.7132352941176471,0.26358695652173914
6216.TW,2025,walk_hard,4.831460674157303,16.911764705882355,-0.8740912095175151,-0.8455882352941178,-0.028502974223397315
6217.TWO,2025,walk_hard,8.413461538461538,26.176470588235293,-0.41529977375565613,-1.3088235294117647,0.8935237556561086
6218.TWO,2025,walk_hard,6.404494382022472,16.911764705882355,-0.6080634500991409,-0.8455882352941178,0.23752478519497688
6219.TWO,2025,walk_hard,0.2298850574712641,30.147058823529413,-2.945402298850575,-1.5073529411764708,-1.4380493576741042
6220.TWO,2025,walk_hard,6.490384615384616,26.176470588235293,-0.9186934389140271,-1.3088235294117647,0.3901300904977376
6221.TWO,2025,walk_hard,7.727272727272727,8.970588235294118,-0.20387700534759365,-0.4485294117647059,0.24465240641711225
6222.TWO,2025,walk_hard,5.350877192982456,32.794117647058826,-1.5246388028895768,-1.6397058823529411,0.11506707946336436
6223.TWO,2025,walk_hard,3.382352941176471,27.5,-1.8198529411764703,-1.375,-0.44485294117647034
6224.TW,2025,walk_hard,6.105769230769232,26.176470588235293,-1.0193721719457012,-1.3088235294117647,0.28945135746606354
6225.TW,2025,walk_hard,8.333333333333334,32.794117647058826,-0.5465686274509802,-1.6397058823529411,1.093137254901961
6226.TW,2025,walk_hard,2.6315789473684212,32.794117647058826,-2.41640866873065,-1.6397058823529411,-0.776702786377709
6227.TWO,2025,walk_hard,5.945945945945946,6.323529411764706,-0.25635930047694755,-0.3161764705882353,0.05981717011128773
6228.TWO,2025,walk_hard,1.6666666666666663,10.294117647058822,-0.8578431372549019,-0.5147058823529411,-0.3431372549019608
6229.TWO,2025,walk_hard,9.950980392156863,27.5,-0.013480392156862697,-1.375,1.3615196078431373
6230.TW,2025,walk_hard,6.018518518518519,10.294117647058822,-0.4098583877995642,-0.5147058823529411,0.10484749455337694
6231.TWO,2025,walk_hard,3.6363636363636367,8.970588235294118,-0.570855614973262,-0.4485294117647059,-0.12232620320855608
6233.TWO,2025,walk_hard,4.46078431372549,27.5,-1.5232843137254901,-1.375,-0.1482843137254901
6234.TWO,2025,walk_hard,4.912280701754385,32.794117647058826,-1.6684726522187827,-1.6397058823529411,-0.02876676986584159
6235.TW,2025,walk_hard,0.092592592592593,10.294117647058822,-1.0198801742919388,-0.5147058823529411,-0.5051742919389977
6236.TWO,2025,walk_hard,0.5263157894736847,7.647058823529411,-0.7244582043343653,-0.38235294117647056,-0.3421052631578947
6237.TWO,2025,walk_hard,6.07843137254902,27.5,-1.0784313725490196,-1.375,0.29656862745098045
6239.TW,2025,walk_hard,1.470588235294118,27.5,-2.3455882352941178,-1.375,-0.9705882352941178
6240.TWO,2025,walk_hard,2.272727272727273,8.970588235294118,-0.6931818181818181,-0.4485294117647059,-0.24465240641711222
6241.TWO,2025,walk_hard,9.887640449438202,16.911764705882355,-0.019001982815598274,-0.8455882352941178,0.8265862524785195
6242.TWO,2025,walk_hard,7.032258064516129,19.558823529411768,-0.5804554079696396,-0.9779411764705884,0.39748576850094886
6243.TW,2025,walk_hard,6.715686274509805,27.5,-0.9031862745098036,-1.375,0.4718137254901964
6244.TWO,2025,walk_hard,2.4561403508771926,32.794117647058826,-2.4739422084623324,-1.6397058823529411,-0.8342363261093912
6245.TWO,2025,walk_hard,6.629213483146068,16.911764705882355,-0.5700594844679444,-0.8455882352941178,0.27552875082617334
6246.TWO,2025,walk_hard,5.87719298245614,32.794117647058826,-1.3520381836945305,-1.6397058823529411,0.2876676986584106
6248.TWO,2025,walk_hard,10.0,43.38235294117647,-0.0,-2.1691176470588234,2.1691176470588234
6257.TW,2025,walk_hard,2.598039215686274,27.5,-2.0355392156862746,-1.375,-0.6605392156862746
6259.TWO,2025,walk_hard,8.605769230769232,26.176470588235293,-0.36496040723981876,-1.3088235294117647,0.943863122171946
6261.TWO,2025,walk_hard,2.1568627450980395,27.5,-2.156862745098039,-1.375,-0.7818627450980391
6263.TWO,2025,walk_hard,8.876404494382022,16.911764705882355,-0.19001982815598153,-0.8455882352941178,0.6555684071381362
6264.TWO,2025,walk_hard,3.1034482758620685,30.147058823529413,-2.079107505070994,-1.5073529411764708,-0.5717545638945232
6265.TWO,2025,walk_hard,4.0540540540540535,6.323529411764706,-0.37599364069952307,-0.3161764705882353,-0.05981717011128779
6266.TWO,2025,walk_hard,5.192307692307692,26.176470588235293,-1.2584841628959278,-1.3088235294117647,0.050339366515836925
6269.TW,2025,walk_hard,4.663461538461538,26.176470588235293,-1.3969174208144794,-1.3088235294117647,-0.08809389140271473
6270.TWO,2025,walk_hard,6.756756756756756,6.323529411764706,-0.20508744038155807,-0.3161764705882353,0.11108903020667721
6271.TW,2025,walk_hard,2.009803921568627,27.5,-2.1973039215686274,-1.375,-0.8223039215686274
6272.TW,2025,walk_hard,6.153846153846154,26.176470588235293,-1.006787330316742,-1.3088235294117647,0.30203619909502266
6274.TWO,2025,walk_hard,5.288461538461538,26.176470588235293,-1.233314479638009,-1.3088235294117647,0.07550904977375561
6275.TWO,2025,walk_hard,7.307692307692308,26.176470588235293,-0.7047511312217192,-1.3088235294117647,0.6040723981900455
6276.TWO,2025,walk_hard,9.074074074074074,10.294117647058822,-0.0953159041394335,-0.5147058823529411,0.41938997821350765
6277.TW,2025,walk_hard,4.444444444444445,10.294117647058822,-0.5718954248366012,-0.5147058823529411,-0.05718954248366004
6278.TW,2025,walk_hard,6.491228070175438,32.794117647058826,-1.1506707946336432,-1.6397058823529411,0.48903508771929793
6279.TWO,2025,walk_hard,5.432692307692308,26.176470588235293,-1.195559954751131,-1.3088235294117647,0.11326357466063364
6281.TW,2025,walk_hard,1.3513513513513509,6.323529411764706,-0.546899841017488,-0.3161764705882353,-0.23072337042925273
6282.TW,2025,walk_hard,6.538461538461538,26.176470588235293,-0.906108597285068,-1.3088235294117647,0.40271493212669673
6283.TW,2025,walk_hard,2.717391304347826,14.26470588235294,-1.0388427109974423,-0.7132352941176471,-0.3256074168797952
6284.TWO,2025,walk_hard,3.2692307692307687,26.176470588235293,-1.7618778280542988,-1.3088235294117647,-0.4530542986425341
6285.TW,2025,walk_hard,5.842696629213483,16.911764705882355,-0.7030733641771316,-0.8455882352941178,0.14251487111698613
6290.TWO,2025,walk_hard,5.0,26.176470588235293,-1.3088235294117647,-1.3088235294117647,0.0
6291.TWO,2025,walk_hard,9.80392156862745,27.5,-0.053921568627451275,-1.375,1.3210784313725488
6292.TWO,2025,walk_hard,9.182692307692307,26.176470588235293,-0.213942307692308,-1.3088235294117647,1.0948812217194568
6294.TWO,2025,walk_hard,1.6000000000000003,12.941176470588236,-1.0870588235294119,-0.6470588235294118,-0.44000000000000006
6405.TW,2025,walk_hard,0.0,32.794117647058826,-3.2794117647058827,-1.6397058823529411,-1.6397058823529416
6409.TW,2025,walk_hard,5.108695652173914,14.26470588235294,-0.6977301790281328,-0.7132352941176471,0.015505115089514243
6411.TWO,2025,walk_hard,9.068627450980392,27.5,-0.25612745098039225,-1.375,1.1188725490196076
6412.TW,2025,walk_hard,7.211538461538462,26.176470588235293,-0.729920814479638,-1.3088235294117647,0.5789027149321267
6414.TW,2025,walk_hard,9.814814814814815,10.294117647058822,-0.019063180827886703,-0.5147058823529411,0.4956427015250544
6415.TW,2025,walk_hard,5.0,27.5,-1.375,-1.375,0.0
6416.TW,2025,walk_hard,9.101123595505618,16.911764705882355,-0.15201586252478527,-0.8455882352941178,0.6935723727693325
6417.TWO,2025,walk_hard,2.584269662921348,16.911764705882355,-1.254130865829478,-0.8455882352941178,-0.40854263053536033
6418.TWO,2025,walk_hard,6.009615384615384,26.176470588235293,-1.04454185520362,-1.3088235294117647,0.26428167420814463
6419.TWO,2025,walk_hard,8.596491228070175,32.794117647058826,-0.4602683178534575,-1.6397058823529411,1.1794375644994837
6423.TWO,2025,walk_hard,3.7254901960784315,27.5,-1.7254901960784312,-1.375,-0.35049019607843124
6425.TWO,2025,walk_hard,6.666666666666668,23.52941176470588,-0.7843137254901957,-1.1764705882352942,0.3921568627450984
6426.TW,2025,walk_hard,0.11235955056179803,16.911764705882355,-1.6721744877726372,-0.8455882352941178,-0.8265862524785195
6431.TW,2025,walk_hard,9.967741935483872,19.558823529411768,-0.006309297912713294,-0.9779411764705884,0.9716318785578751
6432.TWO,2025,walk_hard,5.384615384615384,26.176470588235293,-1.2081447963800906,-1.3088235294117647,0.10067873303167407
6435.TWO,2025,walk_hard,9.117647058823529,27.5,-0.24264705882352952,-1.375,1.1323529411764706
6438.TW,2025,walk_hard,7.5,14.26470588235294,-0.3566176470588235,-0.7132352941176471,0.3566176470588236
6441.TWO,2025,walk_hard,1.9444444444444442,10.294117647058822,-0.8292483660130717,-0.5147058823529411,-0.3145424836601306
6442.TW,2025,walk_hard,8.539325842696629,16.911764705882355,-0.24702577660277605,-0.8455882352941178,0.5985624586913417
6443.TW,2025,walk_hard,0.43859649122807043,32.794117647058826,-3.135577915376677,-1.6397058823529411,-1.495872033023736
6446.TW,2025,walk_hard,8.129032258064516,19.558823529411768,-0.3659392789373815,-0.9779411764705884,0.6120018975332069
6449.TW,2025,walk_hard,1.875,26.176470588235293,-2.1268382352941178,-1.3088235294117647,-0.818014705882353
6451.TW,2025,walk_hard,1.8627450980392157,27.5,-2.2377450980392153,-1.375,-0.8627450980392153
6456.TW,2025,walk_hard,9.035087719298247,32.794117647058826,-0.3164344685242515,-1.6397058823529411,1.3232714138286896
6461.TWO,2025,walk_hard,0.12903225806451646,19.558823529411768,-1.9306451612903228,-0.9779411764705884,-0.9527039848197344
6462.TWO,2025,walk_hard,9.215686274509805,27.5,-0.21568627450980365,-1.375,1.1593137254901964
6464.TW,2025,walk_hard,3.5164835164835164,28.823529411764707,-1.8687782805429864,-1.4411764705882353,-0.42760180995475117
6465.TWO,2025,walk_hard,6.5168539325842705,16.911764705882355,-0.5890614672835426,-0.8455882352941178,0.25652676801057517
6469.TWO,2025,walk_hard,7.354838709677419,19.558823529411768,-0.5173624288425048,-0.9779411764705884,0.4605787476280836
6470.TWO,2025,walk_hard,7.640449438202247,16.911764705882355,-0.3990416391275612,-0.8455882352941178,0.44654659616655656
6472.TW,2025,walk_hard,4.387096774193548,19.558823529411768,-1.0978178368121445,-0.9779411764705884,-0.11987666034155608
6474.TWO,2025,walk_hard,2.972972972972973,6.323529411764706,-0.44435612082670906,-0.3161764705882353,-0.12817965023847377
6477.TW,2025,walk_hard,5.964912280701755,32.794117647058826,-1.3232714138286892,-1.6397058823529411,0.31643446852425194
6482.TWO,2025,walk_hard,8.4,12.941176470588236,-0.20705882352941174,-0.6470588235294118,0.44000000000000006
6485.TWO,2025,walk_hard,5.784313725490195,27.5,-1.1593137254901964,-1.375,0.2156862745098036
6486.TWO,2025,walk_hard,6.067415730337078,16.911764705882355,-0.6650693985459354,-0.8455882352941178,0.18051883674818237
6488.TWO,2025,walk_hard,1.2254901960784315,27.5,-2.412990196078431,-1.375,-1.037990196078431
6491.TW,2025,walk_hard,1.8709677419354842,19.558823529411768,-1.5899430740037954,-0.9779411764705884,-0.612001897533207
6492.TWO,2025,walk_hard,0.1935483870967747,19.558823529411768,-1.918026565464896,-0.9779411764705884,-0.9400853889943076
6494.TWO,2025,walk_hard,7.107843137254902,27.5,-0.795343137254902,-1.375,0.579656862745098
6496.TWO,2025,walk_hard,7.741935483870968,19.558823529411768,-0.44165085388994313,-0.9779411764705884,0.5362903225806452
6498.TWO,2025,walk_hard,9.912280701754385,32.794117647058826,-0.02876676986584131,-1.6397058823529411,1.6109391124870998
6499.TWO,2025,walk_hard,4.774193548387097,19.558823529411768,-1.0221062618595826,-0.9779411764705884,-0.04416508538899422
6504.TW,2025,walk_hard,2.8571428571428568,28.823529411764707,-2.058823529411765,-1.4411764705882353,-0.6176470588235297
6505.TW,2025,walk_hard,1.8181818181818177,46.029411764705884,-3.766042780748663,-2.3014705882352944,-1.4645721925133688
6506.TWO,2025,walk_hard,4.313725490196079,34.117647058823536,-1.94002306805075,-1.7058823529411766,-0.23414071510957335
6508.TWO,2025,walk_hard,6.666666666666668,18.235294117647058,-0.6078431372549017,-0.9117647058823528,0.3039215686274511
6509.TWO,2025,walk_hard,6.585365853658535,38.08823529411765,-1.3005738880918227,-1.9044117647058827,0.60383787661406
6510.TWO,2025,walk_hard,2.696078431372549,27.5,-2.0085784313725488,-1.375,-0.6335784313725488
6512.TWO,2025,walk_hard,5.869565217391304,14.26470588235294,-0.5891943734015346,-0.7132352941176471,0.1240409207161125
6515.TW,2025,walk_hard,4.362745098039216,27.5,-1.5502450980392155,-1.375,-0.1752450980392155
6516.TWO,2025,walk_hard,3.8636363636363633,8.970588235294118,-0.5504679144385026,-0.4485294117647059,-0.10193850267379673
6517.TWO,2025,walk_hard,4.12280701754386,32.794117647058826,-1.9273735810113521,-1.6397058823529411,-0.287667698658411
6523.TWO,2025,walk_hard,9.483870967741936,19.558823529411768,-0.1009487666034155,-0.9779411764705884,0.876992409867173
6525.TW,2025,walk_hard,1.8137254901960786,27.5,-2.251225490196078,-1.375,-0.8762254901960782
6526.TW,2025,walk_hard,7.598039215686274,27.5,-0.6605392156862746,-1.375,0.7144607843137254
6527.TWO,2025,walk_hard,8.709677419354838,19.558823529411768,-0.2523719165085391,-0.9779411764705884,0.7255692599620494
6530.TWO,2025,walk_hard,4.943820224719101,16.911764705882355,-0.8550892267019169,-0.8455882352941178,-0.009500991407799142
6531.TW,2025,walk_hard,8.970588235294118,27.5,-0.2830882352941176,-1.375,1.0919117647058825
6532.TWO,2025,walk_hard,3.1372549019607843,27.5,-1.8872549019607845,-1.375,-0.5122549019607845
6533.TW,2025,walk_hard,6.96078431372549,27.5,-0.8357843137254902,-1.375,0.5392156862745098
6534.TW,2025,walk_hard,4.903225806451613,19.558823529411768,-0.9968690702087288,-0.9779411764705884,-0.01892789373814041
6535.TWO,2025,walk_hard,5.096774193548388,19.558823529411768,-0.9590132827324479,-0.9779411764705884,0.018927893738140522
6538.TWO,2025,walk_hard,3.798076923076923,26.176470588235293,-1.6234445701357465,-1.3088235294117647,-0.3146210407239818
6541.TW,2025,walk_hard,1.548387096774193,19.558823529411768,-1.6530360531309305,-0.9779411764705884,-0.6750948766603421
6542.TWO,2025,walk_hard,8.0,12.941176470588236,-0.25882352941176473,-0.6470588235294118,0.38823529411764707
6546.TWO,2025,walk_hard,9.213483146067416,16.911764705882355,-0.13301387970918702,-0.8455882352941178,0.7125743555849308
6547.TWO,2025,walk_hard,1.6129032258064513,19.558823529411768,-1.640417457305503,-0.9779411764705884,-0.6624762808349146
6548.TWO,2025,walk_hard,2.7450980392156863,27.5,-1.9950980392156863,-1.375,-0.6200980392156863
6550.TW,2025,walk_hard,0.0,19.558823529411768,-1.9558823529411768,-0.9779411764705884,-0.9779411764705884
6552.TW,2025,walk_hard,0.7352941176470584,27.5,-2.5477941176470593,-1.375,-1.1727941176470593
6556.TWO,2025,walk_hard,7.192982456140351,32.794117647058826,-0.9205366357069145,-1.6397058823529411,0.7191692466460267
6558.TW,2025,walk_hard,0.5434782608695654,14.26470588235294,-1.3489450127877236,-0.7132352941176471,-0.6357097186700765
6560.TWO,2025,walk_hard,8.68421052631579,32.794117647058826,-0.4315015479876162,-1.6397058823529411,1.208204334365325
6561.TWO,2025,walk_hard,0.449438202247191,16.911764705882355,-1.615168539325843,-0.8455882352941178,-0.7695803040317253
6568.TWO,2025,walk_hard,7.9411764705882355,27.5,-0.5661764705882352,-1.375,0.8088235294117648
6569.TWO,2025,walk_hard,8.838709677419356,19.558823529411768,-0.22713472485768485,-0.9779411764705884,0.7508064516129036
6570.TWO,2025,walk_hard,3.055555555555556,10.294117647058822,-0.7148692810457515,-0.5147058823529411,-0.2001633986928104
6573.TW,2025,walk_hard,1.3235294117647056,27.5,-2.3860294117647056,-1.375,-1.0110294117647056
6574.TWO,2025,walk_hard,9.419354838709676,19.558823529411768,-0.11356736242884277,-0.9779411764705884,0.8643738140417456
6576.TWO,2025,walk_hard,7.935483870967742,19.558823529411768,-0.40379506641366225,-0.9779411764705884,0.5741461100569262
6577.TWO,2025,walk_hard,5.7407407407407405,10.294117647058822,-0.4384531590413943,-0.5147058823529411,0.07625272331154681
6578.TWO,2025,walk_hard,0.0,18.235294117647058,-1.8235294117647058,-0.9117647058823528,-0.911764705882353
6579.TW,2025,walk_hard,6.666666666666668,10.294117647058822,-0.3431372549019606,-0.5147058823529411,0.1715686274509805
6581.TW,2025,walk_hard,0.45454545454545414,39.41176470588235,-3.762032085561497,-1.9705882352941173,-1.7914438502673797
6582.TW,2025,walk_hard,1.9999999999999996,36.76470588235294,-2.9411764705882355,-1.838235294117647,-1.1029411764705885
6584.TWO,2025,walk_hard,4.903846153846154,26.176470588235293,-1.3339932126696832,-1.3088235294117647,-0.025169683257918463
6585.TW,2025,walk_hard,1.3186813186813184,28.823529411764707,-2.5022624434389145,-1.4411764705882353,-1.0610859728506792
6588.TWO,2025,walk_hard,0.0,16.911764705882355,-1.6911764705882353,-0.8455882352941178,-0.8455882352941175
6589.TW,2025,walk_hard,0.6451612903225812,19.558823529411768,-1.829696394686907,-0.9779411764705884,-0.8517552182163185
6590.TWO,2025,walk_hard,6.818181818181818,8.970588235294118,-0.285427807486631,-0.4485294117647059,0.1631016042780749
6591.TW,2025,walk_hard,1.8518518518518523,10.294117647058822,-0.8387799564270151,-0.5147058823529411,-0.32407407407407396
6592.TW,2025,walk_hard,9.56043956043956,28.823529411764707,-0.1266968325791856,-1.4411764705882353,1.3144796380090498
6593.TWO,2025,walk_hard,0.45454545454545414,8.970588235294118,-0.8562834224598932,-0.4485294117647059,-0.4077540106951873
6596.TWO,2025,walk_hard,10.0,12.941176470588236,-0.0,-0.6470588235294118,0.6470588235294118
6597.TWO,2025,walk_hard,2.6923076923076925,26.176470588235293,-1.91289592760181,-1.3088235294117647,-0.6040723981900453
6598.TW,2025,walk_hard,8.0,19.558823529411768,-0.39117647058823535,-0.9779411764705884,0.5867647058823531
6603.TWO,2025,walk_hard,7.575757575757576,23.52941176470588,-0.5704099821746879,-1.1764705882352942,0.6060606060606063
6605.TW,2025,walk_hard,4.761904761904762,15.588235294117647,-0.8165266106442577,-0.7794117647058824,-0.03711484593837533
6606.TW,2025,walk_hard,8.484848484848484,23.52941176470588,-0.3565062388591801,-1.1764705882352942,0.8199643493761141
6609.TWO,2025,walk_hard,6.0606060606060606,23.52941176470588,-0.9269162210338681,-1.1764705882352942,0.2495543672014261
6612.TWO,2025,walk_hard,7.677419354838709,19.558823529411768,-0.4542694497153702,-0.9779411764705884,0.5236717267552182
6613.TWO,2025,walk_hard,8.152173913043478,14.26470588235294,-0.2635869565217391,-0.7132352941176471,0.449648337595908
6614.TW,2025,walk_hard,6.052631578947368,7.647058823529411,-0.3018575851393189,-0.38235294117647056,0.08049535603715169
6615.TWO,2025,walk_hard,6.387096774193548,19.558823529411768,-0.7066413662239092,-0.9779411764705884,0.27129981024667926
6616.TWO,2025,walk_hard,1.7647058823529416,20.88235294117647,-1.7197231833910032,-1.0441176470588236,-0.6756055363321796
6617.TWO,2025,walk_hard,2.2580645161290325,19.558823529411768,-1.5142314990512338,-0.9779411764705884,-0.5362903225806454
6620.TWO,2025,walk_hard,9.548387096774194,19.558823529411768,-0.08833017077798855,-0.9779411764705884,0.8896110056925999
6624.TWO,2025,walk_hard,7.272727272727273,39.41176470588235,-1.0748663101604274,-1.9705882352941173,0.8957219251336899
6625.TW,2025,walk_hard,9.230769230769232,28.823529411764707,-0.2217194570135744,-1.4411764705882353,1.219457013574661
6629.TWO,2025,walk_hard,0.2941176470588236,20.88235294117647,-2.0268166089965396,-1.0441176470588236,-0.982698961937716
6637.TWO,2025,walk_hard,9.35483870967742,19.558823529411768,-0.12618595825426937,-0.9779411764705884,0.851755218216319
6640.TWO,2025,walk_hard,6.764705882352942,27.5,-0.8897058823529409,-1.375,0.4852941176470591
6641.TW,2025,walk_hard,6.363636363636363,39.41176470588235,-1.4331550802139037,-1.9705882352941173,0.5374331550802136
6642.TWO,2025,walk_hard,6.875,26.176470588235293,-0.8180147058823529,-1.3088235294117647,0.4908088235294118
6643.TWO,2025,walk_hard,4.313725490196079,27.5,-1.5637254901960782,-1.375,-0.1887254901960782
6645.TW,2025,walk_hard,7.483870967741936,19.558823529411768,-0.49212523719165086,-0.9779411764705884,0.48581593927893757
6649.TWO,2025,walk_hard,3.4838709677419355,19.558823529411768,-1.2744781783681216,-0.9779411764705884,-0.2965370018975332
6651.TWO,2025,walk_hard,7.254901960784314,27.5,-0.7549019607843137,-1.375,0.6200980392156863
6654.TWO,2025,walk_hard,1.5217391304347827,14.26470588235294,-1.209398976982097,-0.7132352941176471,-0.4961636828644499
6655.TW,2025,walk_hard,4.945054945054945,28.823529411764707,-1.4570135746606334,-1.4411764705882353,-0.015837104072398134
6657.TW,2025,walk_hard,1.1612903225806448,19.558823529411768,-1.7287476280834921,-0.9779411764705884,-0.7508064516129037
6658.TW,2025,walk_hard,9.23913043478261,14.26470588235294,-0.10853580562659838,-0.7132352941176471,0.6046994884910487
6661.TWO,2025,walk_hard,7.096774193548388,19.558823529411768,-0.5678368121442124,-0.9779411764705884,0.410104364326376
6662.TWO,2025,walk_hard,2.451612903225806,19.558823529411768,-1.476375711574953,-0.9779411764705884,-0.49843453510436453
6664.TWO,2025,walk_hard,8.173076923076923,26.176470588235293,-0.4782239819004524,-1.3088235294117647,0.8305995475113124
6666.TW,2025,walk_hard,9.967741935483872,19.558823529411768,-0.006309297912713294,-0.9779411764705884,0.9716318785578751
6667.TWO,2025,walk_hard,8.369565217391305,14.26470588235294,-0.23257672634271095,-0.7132352941176471,0.4806585677749361
6668.TW,2025,walk_hard,3.947368421052632,32.794117647058826,-1.9849071207430342,-1.6397058823529411,-0.3452012383900931
6669.TW,2025,walk_hard,9.166666666666666,10.294117647058822,-0.08578431372549025,-0.5147058823529411,0.4289215686274509
6670.TW,2025,walk_hard,6.153846153846154,22.205882352941174,-0.854072398190045,-1.1102941176470587,0.25622171945701366
6671.TW,2025,walk_hard,1.1764705882352944,20.88235294117647,-1.8425605536332181,-1.0441176470588236,-0.7984429065743945
6672.TW,2025,walk_hard,2.6442307692307687,26.176470588235293,-1.9254807692307694,-1.3088235294117647,-0.6166572398190047
6674.TW,2025,walk_hard,5.168539325842696,16.911764705882355,-0.8170852610707207,-0.8455882352941178,0.028502974223397093
6679.TWO,2025,walk_hard,9.509803921568627,27.5,-0.13480392156862744,-1.375,1.2401960784313726
6680.TWO,2025,walk_hard,5.277777777777778,10.294117647058822,-0.48611111111111105,-0.5147058823529411,0.028594771241830075
6683.TWO,2025,walk_hard,5.147058823529411,27.5,-1.334558823529412,-1.375,0.04044117647058809
6684.TWO,2025,walk_hard,4.852941176470589,27.5,-1.415441176470588,-1.375,-0.04044117647058809
6689.TW,2025,walk_hard,8.421052631578947,7.647058823529411,-0.12074303405572757,-0.38235294117647056,0.261609907120743
6690.TWO,2025,walk_hard,3.421052631578947,7.647058823529411,-0.5030959752321982,-0.38235294117647056,-0.12074303405572762
6691.TW,2025,walk_hard,9.565217391304348,14.26470588235294,-0.06202046035805628,-0.7132352941176471,0.6512148337595908
6692.TWO,2025,walk_hard,8.636363636363637,39.41176470588235,-0.5374331550802137,-1.9705882352941173,1.4331550802139037
6693.TWO,2025,walk_hard,5.735294117647058,27.5,-1.172794117647059,-1.375,0.2022058823529409
6695.TW,2025,walk_hard,5.833333333333332,27.5,-1.1458333333333337,-1.375,0.2291666666666663
6697.TWO,2025,walk_hard,2.045454545454546,8.970588235294118,-0.7135695187165776,-0.4485294117647059,-0.2650401069518717
6698.TW,2025,walk_hard,1.1956521739130432,14.26470588235294,-1.2559143222506395,-0.7132352941176471,-0.5426790281329924
6703.TWO,2025,walk_hard,9.032258064516128,19.558823529411768,-0.18927893738140436,-0.9779411764705884,0.7886622390891841
6706.TW,2025,walk_hard,4.56140350877193,32.794117647058826,-1.7835397316821469,-1.6397058823529411,-0.14383384932920573
6708.TWO,2025,walk_hard,7.205882352941177,27.5,-0.7683823529411764,-1.375,0.6066176470588236
6712.TWO,2025,walk_hard,6.129032258064516,19.558823529411768,-0.7571157495256169,-0.9779411764705884,0.22082542694497154
6715.TW,2025,walk_hard,4.615384615384616,26.176470588235293,-1.4095022624434386,-1.3088235294117647,-0.10067873303167385
6716.TWO,2025,walk_hard,8.676470588235293,27.5,-0.36397058823529427,-1.375,1.0110294117647056
6719.TW,2025,walk_hard,7.303921568627452,27.5,-0.7414215686274508,-1.375,0.6335784313725492
6720.TWO,2025,walk_hard,8.725490196078432,27.5,-0.35049019607843107,-1.375,1.024509803921569
6721.TWO,2025,walk_hard,7.9120879120879115,28.823529411764707,-0.6018099547511314,-1.4411764705882353,0.8393665158371039
6722.TW,2025,walk_hard,5.543478260869565,14.26470588235294,-0.6357097186700766,-0.7132352941176471,0.07752557544757044
6725.TWO,2025,walk_hard,9.021739130434783,14.26470588235294,-0.13954603580562652,-0.7132352941176471,0.5736892583120206
6727.TWO,2025,walk_hard,8.317307692307692,26.176470588235293,-0.4404694570135748,-1.3088235294117647,0.86835407239819
6728.TWO,2025,walk_hard,5.588235294117647,20.88235294117647,-0.9212802768166091,-1.0441176470588236,0.12283737024221453
6730.TWO,2025,walk_hard,4.64516129032258,19.558823529411768,-1.0473434535104367,-0.9779411764705884,-0.06940227703984825
6732.TWO,2025,walk_hard,9.019607843137255,27.5,-0.2696078431372549,-1.375,1.1053921568627452
6733.TWO,2025,walk_hard,5.161290322580645,19.558823529411768,-0.946394686907021,-0.9779411764705884,0.031546489563567426
6735.TWO,2025,walk_hard,3.2608695652173916,14.26470588235294,-0.961317135549872,-0.7132352941176471,-0.2480818414322249
6739.TWO,2025,walk_hard,8.26086956521739,14.26470588235294,-0.24808184143222511,-0.7132352941176471,0.46515345268542196
6741.TWO,2025,walk_hard,4.2105263157894735,7.647058823529411,-0.4427244582043343,-0.38235294117647056,-0.06037151702786375
6742.TW,2025,walk_hard,0.5263157894736847,32.794117647058826,-3.106811145510836,-1.6397058823529411,-1.4671052631578947
6743.TW,2025,walk_hard,1.0869565217391308,14.26470588235294,-1.2714194373401533,-0.7132352941176471,-0.5581841432225062
6751.TWO,2025,walk_hard,9.545454545454547,8.970588235294118,-0.040775401069518595,-0.4485294117647059,0.4077540106951873
6752.TWO,2025,walk_hard,5.909090909090908,8.970588235294118,-0.3669786096256685,-0.4485294117647059,0.08155080213903743
6753.TW,2025,walk_hard,7.575757575757576,42.05882352941176,-1.0196078431372546,-2.1029411764705883,1.0833333333333337
6754.TW,2025,walk_hard,5.882352941176471,20.88235294117647,-0.8598615916955016,-1.0441176470588236,0.184256055363322
6756.TW,2025,walk_hard,8.529411764705882,27.5,-0.4044117647058824,-1.375,0.9705882352941175
6757.TW,2025,walk_hard,2.4242424242424243,42.05882352941176,-3.1862745098039214,-2.1029411764705883,-1.083333333333333
6761.TWO,2025,walk_hard,8.942307692307693,26.176470588235293,-0.2768665158371038,-1.3088235294117647,1.031957013574661
6762.TWO,2025,walk_hard,3.032258064516129,19.558823529411768,-1.3628083491461103,-0.9779411764705884,-0.38486717267552184
6763.TWO,2025,walk_hard,5.2631578947368425,7.647058823529411,-0.3622291021671826,-0.38235294117647056,0.020123839009287936
6767.TWO,2025,walk_hard,6.516129032258064,19.558823529411768,-0.6814041745730551,-0.9779411764705884,0.2965370018975333
6768.TW,2025,walk_hard,3.076923076923077,22.205882352941174,-1.5373303167420813,-1.1102941176470587,-0.42703619909502266
6770.TW,2025,walk_hard,0.44117647058823484,27.5,-2.6286764705882355,-1.375,-1.2536764705882355
6771.TW,2025,walk_hard,3.1818181818181825,39.41176470588235,-2.6871657754010685,-1.9705882352941173,-0.7165775401069512
6776.TW,2025,walk_hard,7.297297297297297,6.323529411764706,-0.170906200317965,-0.3161764705882353,0.14527027027027029
6781.TW,2025,walk_hard,8.798076923076923,26.176470588235293,-0.31462104072398184,-1.3088235294117647,0.9942024886877829
6782.TW,2025,walk_hard,2.322580645161291,19.558823529411768,-1.5016129032258068,-0.9779411764705884,-0.5236717267552183
6785.TWO,2025,walk_hard,0.580645161290323,19.558823529411768,-1.8423149905123342,-0.9779411764705884,-0.8643738140417457
6788.TWO,2025,walk_hard,6.862745098039216,27.5,-0.8627450980392156,-1.375,0.5122549019607844
6789.TW,2025,walk_hard,2.549019607843137,27.5,-2.049019607843137,-1.375,-0.6740196078431371
6790.TW,2025,walk_hard,6.666666666666668,47.35294117647059,-1.578431372549019,-2.367647058823529,0.7892156862745099
6791.TWO,2025,walk_hard,2.954545454545454,8.970588235294118,-0.6320187165775402,-0.4485294117647059,-0.18348930481283426
6792.TW,2025,walk_hard,1.235955056179775,16.911764705882355,-1.482154659616656,-0.8455882352941178,-0.6365664243225382
6794.TW,2025,walk_hard,0.32258064516129004,19.558823529411768,-1.892789373814042,-0.9779411764705884,-0.9148481973434536
6796.TW,2025,walk_hard,6.193548387096774,19.558823529411768,-0.7444971537001899,-0.9779411764705884,0.23344402277039855
6799.TW,2025,walk_hard,8.03921568627451,27.5,-0.5392156862745098,-1.375,0.8357843137254902
6803.TWO,2025,walk_hard,1.8181818181818177,39.41176470588235,-3.2245989304812834,-1.9705882352941173,-1.2540106951871661
6804.TWO,2025,walk_hard,5.769230769230768,22.205882352941174,-0.9394796380090499,-1.1102941176470587,0.17081447963800878
6805.TW,2025,walk_hard,7.115384615384616,26.176470588235293,-0.7550904977375563,-1.3088235294117647,0.5537330316742084
6807.TW,2025,walk_hard,4.117647058823529,20.88235294117647,-1.2283737024221455,-1.0441176470588236,-0.1842560553633219
6811.TWO,2025,walk_hard,8.947368421052632,7.647058823529411,-0.08049535603715167,-0.38235294117647056,0.3018575851393189
6821.TWO,2025,walk_hard,8.461538461538462,26.176470588235293,-0.40271493212669673,-1.3088235294117647,0.906108597285068
6823.TWO,2025,walk_hard,3.480392156862745,27.5,-1.792892156862745,-1.375,-0.41789215686274495
6829.TWO,2025,walk_hard,2.8431372549019605,27.5,-1.9681372549019607,-1.375,-0.5931372549019607
6830.TW,2025,walk_hard,1.7391304347826086,14.26470588235294,-1.178388746803069,-0.7132352941176471,-0.46515345268542185
6831.TW,2025,walk_hard,1.2962962962962965,10.294117647058822,-0.8959694989106753,-0.5147058823529411,-0.3812636165577342
6834.TW,2025,walk_hard,2.259615384615384,26.176470588235293,-2.0261595022624435,-1.3088235294117647,-0.7173359728506787
6835.TW,2025,walk_hard,3.365384615384616,26.176470588235293,-1.73670814479638,-1.3088235294117647,-0.4278846153846152
6838.TW,2025,walk_hard,0.2580645161290318,19.558823529411768,-1.9054079696394692,-0.9779411764705884,-0.9274667931688808
6840.TWO,2025,walk_hard,3.3695652173913047,14.26470588235294,-0.945812020460358,-0.7132352941176471,-0.23257672634271087
6841.TWO,2025,walk_hard,7.806451612903226,19.558823529411768,-0.42903225806451617,-0.9779411764705884,0.5489089184060723
6843.TWO,2025,walk_hard,6.8686868686868685,23.52941176470588,-0.7367795603089721,-1.1764705882352942,0.4396910279263221
6844.TWO,2025,walk_hard,5.483870967741935,19.558823529411768,-0.8833017077798864,-0.9779411764705884,0.09463946869070206
6846.TWO,2025,walk_hard,9.0625,31.47058823529412,-0.29503676470588236,-1.573529411764706,1.2784926470588238
6854.TW,2025,walk_hard,2.1078431372549025,27.5,-2.170343137254902,-1.375,-0.795343137254902
6855.TWO,2025,walk_hard,6.739130434782608,14.26470588235294,-0.46515345268542196,-0.7132352941176471,0.24808184143222511
6856.TWO,2025,walk_hard,4.0,12.941176470588236,-0.7764705882352942,-0.6470588235294118,-0.12941176470588245
6859.TWO,2025,walk_hard,2.9824561403508776,32.794117647058826,-2.301341589267286,-1.6397058823529411,-0.6616357069143448
6861.TW,2025,walk_hard,5.354838709677418,19.558823529411768,-0.9085388994307404,-0.9779411764705884,0.06940227703984803
6862.TW,2025,walk_hard,3.509615384615384,26.176470588235293,-1.698953619909502,-1.3088235294117647,-0.3901300904977374
6863.TW,2025,walk_hard,3.033707865168539,16.911764705882355,-1.1781229345670854,-0.8455882352941178,-0.33253469927296764
6865.TWO,2025,walk_hard,3.68421052631579,7.647058823529411,-0.4829721362229102,-0.38235294117647056,-0.10061919504643962
6869.TW,2025,walk_hard,6.136363636363637,39.41176470588235,-1.5227272727272725,-1.9705882352941173,0.4478609625668448
6870.TWO,2025,walk_hard,4.736842105263158,7.647058823529411,-0.4024767801857585,-0.38235294117647056,-0.020123839009287936
6872.TWO,2025,walk_hard,2.645161290322581,19.558823529411768,-1.438519924098672,-0.9779411764705884,-0.4605787476280835
6873.TW,2025,walk_hard,8.40909090909091,39.41176470588235,-0.6270053475935824,-1.9705882352941173,1.343582887700535
6874.TWO,2025,walk_hard,9.09090909090909,8.970588235294118,-0.08155080213903751,-0.4485294117647059,0.3669786096256684
6875.TWO,2025,walk_hard,0.7096774193548383,19.558823529411768,-1.8170777988614804,-0.9779411764705884,-0.8391366223908919
6877.TWO,2025,walk_hard,3.913043478260869,14.26470588235294,-0.8682864450127877,-0.7132352941176471,-0.15505115089514065
6881.TWO,2025,walk_hard,9.89010989010989,28.823529411764707,-0.03167420814479627,-1.4411764705882353,1.409502262443439
6884.TWO,2025,walk_hard,8.863636363636363,8.970588235294118,-0.10193850267379682,-0.4485294117647059,0.34659090909090906
6885.TW,2025,walk_hard,1.225806451612903,19.558823529411768,-1.7161290322580647,-0.9779411764705884,-0.7381878557874763
6887.TW,2025,walk_hard,2.272727272727273,39.41176470588235,-3.045454545454545,-1.9705882352941173,-1.0748663101604277
6890.TW,2025,walk_hard,3.4615384615384617,22.205882352941174,-1.4519230769230769,-1.1102941176470587,-0.3416289592760182
6894.TWO,2025,walk_hard,9.318181818181818,39.41176470588235,-0.26871657754010686,-1.9705882352941173,1.7018716577540105
6895.TWO,2025,walk_hard,3.8725490196078427,27.5,-1.6850490196078434,-1.375,-0.31004901960784337
6899.TWO,2025,walk_hard,4.473684210526315,32.794117647058826,-1.812306501547988,-1.6397058823529411,-0.17260061919504688
6902.TW,2025,walk_hard,7.631578947368421,7.647058823529411,-0.1811145510835913,-0.38235294117647056,0.20123839009287925
6903.TWO,2025,walk_hard,10.0,14.26470588235294,-0.0,-0.7132352941176471,0.7132352941176471
6904.TWO,2025,walk_hard,6.593406593406593,28.823529411764707,-0.9819004524886878,-1.4411764705882353,0.45927601809954743
6906.TW,2025,walk_hard,2.3684210526315788,7.647058823529411,-0.5835913312693498,-0.38235294117647056,-0.20123839009287925
6907.TWO,2025,walk_hard,6.666666666666668,27.5,-0.9166666666666663,-1.375,0.4583333333333337
6908.TW,2025,walk_hard,5.405405405405405,6.323529411764706,-0.2905405405405405,-0.3161764705882353,0.025635930047694766
6909.TW,2025,walk_hard,4.803921568627451,27.5,-1.428921568627451,-1.375,-0.05392156862745101
6910.TWO,2025,walk_hard,2.6315789473684212,7.647058823529411,-0.5634674922600619,-0.38235294117647056,-0.1811145510835913
6913.TWO,2025,walk_hard,6.730769230769232,26.176470588235293,-0.8557692307692305,-1.3088235294117647,0.4530542986425342
6914.TW,2025,walk_hard,7.362637362637363,28.823529411764707,-0.760180995475113,-1.4411764705882353,0.6809954751131223
6916.TW,2025,walk_hard,3.5964912280701755,32.794117647058826,-2.0999742002063986,-1.6397058823529411,-0.46026831785345745
6918.TW,2025,walk_hard,8.193548387096774,19.558823529411768,-0.3533206831119546,-0.9779411764705884,0.6246204933586339
6919.TW,2025,walk_hard,0.4516129032258065,19.558823529411768,-1.8675521821631884,-0.9779411764705884,-0.8896110056926
6921.TW,2025,walk_hard,7.647058823529411,27.5,-0.6470588235294119,-1.375,0.7279411764705881
6922.TWO,2025,walk_hard,6.481481481481481,10.294117647058822,-0.3622004357298475,-0.5147058823529411,0.15250544662309362
6923.TW,2025,walk_hard,0.22727272727272707,39.41176470588235,-3.851604278074866,-1.9705882352941173,-1.8810160427807485
6924.TW,2025,walk_hard,9.086538461538462,26.176470588235293,-0.2391119909502262,-1.3088235294117647,1.0697115384615385
6925.TWO,2025,walk_hard,1.578947368421053,7.647058823529411,-0.6439628482972135,-0.38235294117647056,-0.26160990712074295
6928.TW,2025,walk_hard,6.203703703703703,10.294117647058822,-0.3907952069716776,-0.5147058823529411,0.12391067538126355
6929.TWO,2025,walk_hard,6.0,19.558823529411768,-0.7823529411764707,-0.9779411764705884,0.19558823529411773
6931.TW,2025,walk_hard,7.290322580645161,19.558823529411768,-0.5299810246679318,-0.9779411764705884,0.4479601518026566
6933.TW,2025,walk_hard,7.037037037037037,10.294117647058822,-0.3050108932461873,-0.5147058823529411,0.20969498910675383
6934.TW,2025,walk_hard,1.9999999999999996,19.558823529411768,-1.5647058823529414,-0.9779411764705884,-0.586764705882353
6936.TW,2025,walk_hard,3.096774193548387,19.558823529411768,-1.3501897533206833,-0.9779411764705884,-0.3722485768500948
6937.TW,2025,walk_hard,3.333333333333334,27.5,-1.833333333333333,-1.375,-0.45833333333333304
6944.TW,2025,walk_hard,9.09090909090909,39.41176470588235,-0.35828877005347626,-1.9705882352941173,1.612299465240641
6949.TW,2025,walk_hard,0.5161290322580647,19.558823529411768,-1.8549335863377612,-0.9779411764705884,-0.8769924098671728
6951.TW,2025,walk_hard,2.5,39.41176470588235,-2.955882352941176,-1.9705882352941173,-0.9852941176470589
6952.TW,2025,walk_hard,2.5274725274725274,28.823529411764707,-2.1538461538461537,-1.4411764705882353,-0.7126696832579185
6953.TWO,2025,walk_hard,7.794117647058823,27.5,-0.6066176470588236,-1.375,0.7683823529411764
6955.TW,2025,walk_hard,8.064516129032258,19.558823529411768,-0.37855787476280844,-0.9779411764705884,0.59938330170778
6957.TW,2025,walk_hard,6.703296703296704,28.823529411764707,-0.9502262443438911,-1.4411764705882353,0.49095022624434415
6958.TW,2025,walk_hard,8.241758241758241,28.823529411764707,-0.5067873303167424,-1.4411764705882353,0.9343891402714929
6961.TWO,2025,walk_hard,9.6,35.44117647058823,-0.14176470588235307,-1.7720588235294115,1.6302941176470584
6962.TW,2025,walk_hard,8.92156862745098,27.5,-0.29656862745098034,-1.375,1.0784313725490198
6965.TW,2025,walk_hard,5.384615384615384,22.205882352941174,-1.0248868778280542,-1.1102941176470587,0.08540723981900444
6967.TWO,2025,walk_hard,8.990384615384615,26.176470588235293,-0.2642816742081449,-1.3088235294117647,1.0445418552036199
6968.TWO,2025,walk_hard,2.9411764705882346,20.88235294117647,-1.4740484429065746,-1.0441176470588236,-0.42993079584775096
6969.TW,2025,walk_hard,1.3636363636363635,39.41176470588235,-3.403743315508021,-1.9705882352941173,-1.4331550802139037
6971.TWO,2025,walk_hard,9.545454545454547,39.41176470588235,-0.17914438502673743,-1.9705882352941173,1.79144385026738
6982.TWO,2025,walk_hard,5.757575757575757,23.52941176470588,-0.9982174688057042,-1.1764705882352942,0.17825311942959
6983.TWO,2025,walk_hard,3.804347826086957,14.26470588235294,-0.8837915601023016,-0.7132352941176471,-0.17055626598465456
6986.TWO,2025,walk_hard,6.258064516129032,19.558823529411768,-0.731878557874763,-0.9779411764705884,0.24606261859582546
6988.TW,2025,walk_hard,5.0,15.588235294117647,-0.7794117647058824,-0.7794117647058824,0.0
6994.TW,2025,walk_hard,3.6363636363636367,39.41176470588235,-2.508021390374331,-1.9705882352941173,-0.5374331550802136
6996.TWO,2025,walk_hard,9.607843137254902,27.5,-0.10784313725490208,-1.375,1.267156862745098
6997.TWO,2025,walk_hard,9.210526315789473,7.647058823529411,-0.060371517027863864,-0.38235294117647056,0.3219814241486067
7402.TWO,2025,walk_hard,9.56140350877193,32.794117647058826,-0.1438338493292054,-1.6397058823529411,1.4958720330237356
7547.TWO,2025,walk_hard,6.315789473684211,7.647058823529411,-0.28173374613003094,-0.38235294117647056,0.10061919504643962
7556.TWO,2025,walk_hard,4.6568627450980395,27.5,-1.4693627450980393,-1.375,-0.09436274509803932
7584.TWO,2025,walk_hard,7.6,12.941176470588236,-0.31058823529411766,-0.6470588235294118,0.33647058823529413
7610.TW,2025,walk_hard,2.954545454545454,39.41176470588235,-2.776737967914438,-1.9705882352941173,-0.8061497326203209
7631.TW,2025,walk_hard,8.695652173913043,14.26470588235294,-0.18606138107416886,-0.7132352941176471,0.5271739130434783
7642.TWO,2025,walk_hard,9.494949494949495,23.52941176470588,-0.11883541295306004,-1.1764705882352942,1.0576351752822342
7703.TWO,2025,walk_hard,7.282608695652174,14.26470588235294,-0.38762787723785164,-0.7132352941176471,0.32560741687979544
7704.TWO,2025,walk_hard,3.9705882352941178,27.5,-1.6580882352941178,-1.375,-0.28308823529411775
7705.TW,2025,walk_hard,1.8000000000000005,35.44117647058823,-2.906176470588235,-1.7720588235294115,-1.1341176470588235
7708.TWO,2025,walk_hard,5.800000000000001,35.44117647058823,-1.4885294117647054,-1.7720588235294115,0.28352941176470603
7709.TWO,2025,walk_hard,5.353535353535354,23.52941176470588,-1.093285799168152,-1.1764705882352942,0.08318478906714222
7711.TW,2025,walk_hard,8.703703703703704,10.294117647058822,-0.1334422657952069,-0.5147058823529411,0.3812636165577342
7712.TWO,2025,walk_hard,7.009803921568627,27.5,-0.8223039215686275,-1.375,0.5526960784313725
7713.TWO,2025,walk_hard,8.387096774193548,19.558823529411768,-0.31546489563567376,-0.9779411764705884,0.6624762808349147
7714.TWO,2025,walk_hard,6.842105263157895,7.647058823529411,-0.2414860681114551,-0.38235294117647056,0.14086687306501547
7715.TWO,2025,walk_hard,0.0,39.41176470588235,-3.9411764705882346,-1.9705882352941173,-1.9705882352941173
7716.TWO,2025,walk_hard,9.09090909090909,42.05882352941176,-0.38235294117647095,-2.1029411764705883,1.7205882352941173
7717.TWO,2025,walk_hard,7.0786516853932575,16.911764705882355,-0.4940515532055521,-0.8455882352941178,0.35153668208856564
7718.TWO,2025,walk_hard,9.09090909090909,23.52941176470588,-0.21390374331550824,-1.1764705882352942,0.962566844919786
7721.TW,2025,walk_hard,1.3157894736842102,7.647058823529411,-0.6640866873065014,-0.38235294117647056,-0.2817337461300309
7722.TW,2025,walk_hard,7.36842105263158,7.647058823529411,-0.2012383900928792,-0.38235294117647056,0.18111455108359137
7723.TWO,2025,walk_hard,3.3999999999999995,35.44117647058823,-2.3391176470588233,-1.7720588235294115,-0.5670588235294118
7728.TWO,2025,walk_hard,5.0,14.26470588235294,-0.713235294117647,-0.7132352941176471,1.1102230246251565e-16
7730.TW,2025,walk_hard,3.431372549019608,27.5,-1.8063725490196076,-1.375,-0.43137254901960764
7732.TW,2025,walk_hard,3.8095238095238093,15.588235294117647,-0.9649859943977591,-0.7794117647058824,-0.18557422969187676
7734.TWO,2025,walk_hard,5.392156862745098,27.5,-1.267156862745098,-1.375,0.10784313725490202
7736.TW,2025,walk_hard,7.380952380952381,15.588235294117647,-0.4082633053221288,-0.7794117647058824,0.37114845938375357
7738.TWO,2025,walk_hard,7.105263157894736,7.647058823529411,-0.22136222910216719,-0.38235294117647056,0.16099071207430338
7740.TW,2025,walk_hard,8.863636363636363,39.41176470588235,-0.44786096256684504,-1.9705882352941173,1.5227272727272723
7743.TWO,2025,walk_hard,5.0,31.47058823529412,-1.573529411764706,-1.573529411764706,0.0
7744.TWO,2025,walk_hard,5.480769230769232,26.176470588235293,-1.1829751131221717,-1.3088235294117647,0.12584841628959298
7747.TWO,2025,walk_hard,9.736842105263158,7.647058823529411,-0.020123839009287953,-0.38235294117647056,0.3622291021671826
7749.TW,2025,walk_hard,7.549019607843137,27.5,-0.6740196078431373,-1.375,0.7009803921568627
7750.TW,2025,walk_hard,9.8989898989899,23.52941176470588,-0.02376708259061184,-1.1764705882352942,1.1527035056446824
7751.TWO,2025,walk_hard,6.470588235294117,27.5,-0.9705882352941179,-1.375,0.40441176470588214
7753.TWO,2025,walk_hard,7.017543859649122,32.794117647058826,-0.9780701754385968,-1.6397058823529411,0.6616357069143444
7757.TWO,2025,walk_hard,4.8,35.44117647058823,-1.842941176470588,-1.7720588235294115,-0.07088235294117662
7760.TW,2025,walk_hard,2.8000000000000003,35.44117647058823,-2.5517647058823525,-1.7720588235294115,-0.779705882352941
7765.TW,2025,walk_hard,5.526315789473683,7.647058823529411,-0.3421052631578948,-0.38235294117647056,0.04024767801857576
7767.TWO,2025,walk_hard,3.409090909090909,8.970588235294118,-0.5912433155080214,-0.4485294117647059,-0.14271390374331555
7768.TW,2025,walk_hard,8.627450980392158,27.5,-0.37745098039215647,-1.375,0.9975490196078436
7769.TW,2025,walk_hard,8.480392156862745,27.5,-0.4178921568627451,-1.375,0.9571078431372548
7770.TWO,2025,walk_hard,9.166666666666666,27.5,-0.22916666666666682,-1.375,1.1458333333333333
7772.TWO,2025,walk_hard,0.2941176470588236,27.5,-2.6691176470588234,-1.375,-1.2941176470588234
7777.TWO,2025,walk_hard,9.340659340659341,28.823529411764707,-0.19004524886877813,-1.4411764705882353,1.2511312217194572
7780.TW,2025,walk_hard,10.0,31.47058823529412,-0.0,-1.573529411764706,1.573529411764706
7782.TWO,2025,walk_hard,8.235294117647058,20.88235294117647,-0.36851211072664375,-1.0441176470588236,0.6756055363321798
7786.TW,2025,walk_hard,5.909090909090908,39.41176470588235,-1.612299465240642,-1.9705882352941173,0.35828877005347537
7788.TW,2025,walk_hard,3.701923076923077,26.176470588235293,-1.6486142533936652,-1.3088235294117647,-0.33979072398190047
7791.TW,2025,walk_hard,3.4375,31.47058823529412,-2.0652573529411766,-1.573529411764706,-0.49172794117647056
7792.TWO,2025,walk_hard,9.130434782608695,14.26470588235294,-0.12404092071611256,-0.7132352941176471,0.5891943734015346
7794.TWO,2025,walk_hard,2.0588235294117654,20.88235294117647,-1.6583044982698962,-1.0441176470588236,-0.6141868512110726
7795.TW,2025,walk_hard,9.903846153846153,26.176470588235293,-0.025169683257918695,-1.3088235294117647,1.283653846153846
7799.TW,2025,walk_hard,0.06451612903225823,19.558823529411768,-1.94326375711575,-0.9779411764705884,-0.9653225806451616
7803.TW,2025,walk_hard,8.580645161290322,19.558823529411768,-0.27760910815939294,-0.9779411764705884,0.7003320683111955
7805.TWO,2025,walk_hard,0.7894736842105265,7.647058823529411,-0.7043343653250773,-0.38235294117647056,-0.32198142414860675
7810.TWO,2025,walk_hard,2.303921568627451,27.5,-2.1164215686274512,-1.375,-0.7414215686274512
7811.TWO,2025,walk_hard,9.615384615384615,22.205882352941174,-0.08540723981900461,-1.1102941176470587,1.024886877828054
7818.TW,2025,walk_hard,4.772727272727273,39.41176470588235,-2.060160427807486,-1.9705882352941173,-0.08957219251336879
7819.TWO,2025,walk_hard,5.454545454545454,8.970588235294118,-0.40775401069518724,-0.4485294117647059,0.04077540106951866
7820.TWO,2025,walk_hard,1.1363636363636365,39.41176470588235,-3.49331550802139,-1.9705882352941173,-1.5227272727272725
7821.TW,2025,walk_hard,8.571428571428573,15.588235294117647,-0.22268907563025184,-0.7794117647058824,0.5567226890756305
7822.TW,2025,walk_hard,4.950980392156863,27.5,-1.3884803921568627,-1.375,-0.013480392156862697
7823.TW,2025,walk_hard,1.0526315789473684,7.647058823529411,-0.6842105263157895,-0.38235294117647056,-0.30185758513931893
7828.TWO,2025,walk_hard,4.068627450980392,27.5,-1.6311274509803924,-1.375,-0.25612745098039236
7839.TWO,2025,walk_hard,5.7894736842105265,7.647058823529411,-0.32198142414860675,-0.38235294117647056,0.06037151702786381
7842.TWO,2025,walk_hard,9.772727272727273,39.41176470588235,-0.08957219251336872,-1.9705882352941173,1.8810160427807485
8011.TW,2025,walk_hard,4.044943820224719,16.911764705882355,-1.007105089226702,-0.8455882352941178,-0.1615168539325842
8021.TW,2025,walk_hard,0.6521739130434778,14.26470588235294,-1.3334398976982096,-0.7132352941176471,-0.6202046035805625
8024.TWO,2025,walk_hard,3.7745098039215685,27.5,-1.7120098039215688,-1.375,-0.33700980392156876
8027.TWO,2025,walk_hard,2.1212121212121215,23.52941176470588,-1.8538324420677361,-1.1764705882352942,-0.677361853832442
8028.TW,2025,walk_hard,1.519607843137255,27.5,-2.332107843137255,-1.375,-0.9571078431372548
8032.TWO,2025,walk_hard,3.513513513513513,6.323529411764706,-0.4101748807631161,-0.3161764705882353,-0.09399841017488081
8033.TW,2025,walk_hard,5.274725274725275,28.823529411764707,-1.3619909502262444,-1.4411764705882353,0.07918552036199089
8034.TWO,2025,walk_hard,6.179775280898876,16.911764705882355,-0.6460674157303373,-0.8455882352941178,0.19952081956378043
8038.TWO,2025,walk_hard,6.057692307692308,26.176470588235293,-1.0319570135746605,-1.3088235294117647,0.2768665158371042
8039.TW,2025,walk_hard,3.9423076923076925,26.176470588235293,-1.5856900452488687,-1.3088235294117647,-0.276866515837104
8040.TWO,2025,walk_hard,5.196078431372548,27.5,-1.3210784313725492,-1.375,0.05392156862745079
8042.TWO,2025,walk_hard,3.028846153846154,26.176470588235293,-1.824802036199095,-1.3088235294117647,-0.5159785067873304
8043.TWO,2025,walk_hard,9.375,26.176470588235293,-0.1636029411764706,-1.3088235294117647,1.1452205882352942
8044.TWO,2025,walk_hard,4.473684210526315,7.647058823529411,-0.42260061919504643,-0.38235294117647056,-0.04024767801857587
8045.TW,2025,walk_hard,5.056179775280899,16.911764705882355,-0.8360872438863186,-0.8455882352941178,0.009500991407799142
8046.TW,2025,walk_hard,0.33653846153846145,26.176470588235293,-2.5295531674208145,-1.3088235294117647,-1.2207296380090498
8047.TWO,2025,walk_hard,5.326086956521738,14.26470588235294,-0.6667199488491049,-0.7132352941176471,0.046515345268542174
8048.TWO,2025,walk_hard,7.191011235955056,16.911764705882355,-0.4750495703899539,-0.8455882352941178,0.3705386649041639
8049.TWO,2025,walk_hard,8.421052631578947,32.794117647058826,-0.5178018575851395,-1.6397058823529411,1.1219040247678016
8050.TWO,2025,walk_hard,3.7962962962962967,10.294117647058822,-0.6386165577342047,-0.5147058823529411,-0.12391067538126355
8054.TWO,2025,walk_hard,8.774509803921568,27.5,-0.33700980392156893,-1.375,1.037990196078431
8059.TWO,2025,walk_hard,9.325842696629215,16.911764705882355,-0.11401189689358875,-0.8455882352941178,0.731576338400529
8064.TWO,2025,walk_hard,6.9298245614035086,32.794117647058826,-1.0068369453044377,-1.6397058823529411,0.6328689370485034
8066.TWO,2025,walk_hard,9.411764705882353,20.88235294117647,-0.12283737024221447,-1.0441176470588236,0.9212802768166091
8067.TWO,2025,walk_hard,1.0810810810810811,6.323529411764706,-0.5639904610492846,-0.3161764705882353,-0.24781399046104935
8068.TWO,2025,walk_hard,5.135135135135135,6.323529411764706,-0.307631160572337,-0.3161764705882353,0.008545310015898255
8069.TWO,2025,walk_hard,7.456140350877193,32.794117647058826,-0.8342363261093914,-1.6397058823529411,0.8054695562435498
8070.TW,2025,walk_hard,0.0,6.323529411764706,-0.6323529411764706,-0.3161764705882353,-0.3161764705882353
8071.TWO,2025,walk_hard,2.115384615384616,26.176470588235293,-2.063914027149321,-1.3088235294117647,-0.7550904977375563
8072.TW,2025,walk_hard,4.324324324324325,6.323529411764706,-0.35890302066772656,-0.3161764705882353,-0.04272655007949128
8074.TWO,2025,walk_hard,1.9711538461538458,26.176470588235293,-2.101668552036199,-1.3088235294117647,-0.7928450226244343
8076.TWO,2025,walk_hard,7.222222222222222,10.294117647058822,-0.2859477124183006,-0.5147058823529411,0.22875816993464054
8077.TWO,2025,walk_hard,1.6000000000000003,35.44117647058823,-2.9770588235294118,-1.7720588235294115,-1.2050000000000003
8080.TWO,2025,walk_hard,7.7011494252873565,30.147058823529413,-0.6930358350236646,-1.5073529411764708,0.8143171061528062
8081.TW,2025,walk_hard,8.57843137254902,27.5,-0.39093137254901966,-1.375,0.9840686274509803
8083.TWO,2025,walk_hard,3.6363636363636367,23.52941176470588,-1.497326203208556,-1.1764705882352942,-0.32085561497326176
8084.TWO,2025,walk_hard,3.783783783783784,6.323529411764706,-0.3930842607313195,-0.3161764705882353,-0.07690779014308424
8085.TWO,2025,walk_hard,1.6304347826086951,14.26470588235294,-1.193893861892583,-0.7132352941176471,-0.4806585677749359
8086.TWO,2025,walk_hard,0.9313725490196079,27.5,-2.4938725490196076,-1.375,-1.1188725490196076
8087.TWO,2025,walk_hard,7.954545454545454,39.41176470588235,-0.806149732620321,-1.9705882352941173,1.1644385026737964
8088.TWO,2025,walk_hard,3.1862745098039214,27.5,-1.8737745098039218,-1.375,-0.4987745098039218
8089.TWO,2025,walk_hard,7.415730337078652,16.911764705882355,-0.4370456047587574,-0.8455882352941178,0.40854263053536033
8091.TWO,2025,walk_hard,2.6470588235294112,27.5,-2.0220588235294117,-1.375,-0.6470588235294117
8092.TWO,2025,walk_hard,1.4130434782608692,14.26470588235294,-1.2249040920716112,-0.7132352941176471,-0.5116687979539641
8093.TWO,2025,walk_hard,7.596153846153846,26.176470588235293,-0.6292420814479639,-1.3088235294117647,0.6795814479638008
8096.TWO,2025,walk_hard,9.72972972972973,6.323529411764706,-0.017090620031796497,-0.3161764705882353,0.29908585055643877
8097.TWO,2025,walk_hard,3.595505617977528,16.911764705882355,-1.0831130204890946,-0.8455882352941178,-0.23752478519497688
8099.TWO,2025,walk_hard,5.0,8.970588235294118,-0.44852941176470584,-0.4485294117647059,5.551115123125783e-17
8101.TW,2025,walk_hard,9.438202247191011,16.911764705882355,-0.09500991407799077,-0.8455882352941178,0.750578321216127
8102.TWO,2025,walk_hard,8.088235294117647,27.5,-0.5257352941176472,-1.375,0.8492647058823528
8103.TW,2025,walk_hard,9.567307692307693,26.176470588235293,-0.11326357466063319,-1.3088235294117647,1.1955599547511315
8104.TW,2025,walk_hard,5.7894736842105265,32.794117647058826,-1.3808049535603715,-1.6397058823529411,0.25890092879256965
8105.TW,2025,walk_hard,0.3508771929824561,32.794117647058826,-3.164344685242518,-1.6397058823529411,-1.524638802889577
8107.TWO,2025,walk_hard,7.97979797979798,23.52941176470588,-0.4753416518122399,-1.1764705882352942,0.7011289364230542
8109.TWO,2025,walk_hard,5.625,26.176470588235293,-1.1452205882352942,-1.3088235294117647,0.16360294117647056
8110.TW,2025,walk_hard,0.5392156862745101,27.5,-2.60171568627451,-1.375,-1.22671568627451
8111.TWO,2025,walk_hard,4.736842105263158,32.794117647058826,-1.7260061919504646,-1.6397058823529411,-0.08630030959752344
8112.TW,2025,walk_hard,10.0,6.323529411764706,-0.0,-0.3161764705882353,0.3161764705882353
8114.TW,2025,walk_hard,6.296296296296297,10.294117647058822,-0.38126361655773416,-0.5147058823529411,0.13344226579520696
8121.TWO,2025,walk_hard,0.38461538461538436,26.176470588235293,-2.516968325791855,-1.3088235294117647,-1.2081447963800904
8131.TW,2025,walk_hard,0.5882352941176472,27.5,-2.5882352941176467,-1.375,-1.2132352941176467
8147.TWO,2025,walk_hard,8.557692307692308,26.176470588235293,-0.3775452488687781,-1.3088235294117647,0.9312782805429867
8150.TW,2025,walk_hard,1.029411764705882,27.5,-2.4669117647058822,-1.375,-1.0919117647058822
8155.TWO,2025,walk_hard,2.1634615384615383,26.176470588235293,-2.0513291855203617,-1.3088235294117647,-0.742505656108597
8162.TW,2025,walk_hard,0.980392156862745,27.5,-2.480392156862745,-1.375,-1.1053921568627452
8163.TW,2025,walk_hard,1.1111111111111116,10.294117647058822,-0.9150326797385621,-0.5147058823529411,-0.40032679738562094
8171.TWO,2025,walk_hard,3.8636363636363633,39.41176470588235,-2.418449197860962,-1.9705882352941173,-0.4478609625668448
8176.TWO,2025,walk_hard,7.752808988764045,16.911764705882355,-0.38003965631196307,-0.8455882352941178,0.4655485789821547
8182.TWO,2025,walk_hard,4.951923076923077,26.176470588235293,-1.321408371040724,-1.3088235294117647,-0.012584841628959342
8201.TW,2025,walk_hard,3.695652173913043,14.26470588235294,-0.8992966751918159,-0.7132352941176471,-0.1860613810741688
8210.TW,2025,walk_hard,3.5185185185185186,10.294117647058822,-0.6672113289760346,-0.5147058823529411,-0.1525054466230935
8213.TW,2025,walk_hard,0.6730769230769229,26.176470588235293,-2.4414592760180995,-1.3088235294117647,-1.1326357466063348
8215.TW,2025,walk_hard,3.859649122807017,32.794117647058826,-2.0136738906088754,-1.6397058823529411,-0.37396800825593424
8222.TW,2025,walk_hard,2.525252525252525,23.52941176470588,-1.758764111705288,-1.1764705882352942,-0.5822935234699937
8227.TWO,2025,walk_hard,8.235294117647058,27.5,-0.48529411764705904,-1.375,0.8897058823529409
8234.TWO,2025,walk_hard,2.870370370370371,10.294117647058822,-0.7339324618736381,-0.5147058823529411,-0.21922657952069702
8240.TWO,2025,walk_hard,6.666666666666668,32.794117647058826,-1.0931372549019605,-1.6397058823529411,0.5465686274509807
8249.TW,2025,walk_hard,3.75,26.176470588235293,-1.6360294117647058,-1.3088235294117647,-0.3272058823529411
8255.TWO,2025,walk_hard,0.6060606060606055,23.52941176470588,-2.2103386809269163,-1.1764705882352942,-1.0338680926916222
8261.TW,2025,walk_hard,7.990196078431373,27.5,-0.5526960784313725,-1.375,0.8223039215686275
8271.TW,2025,walk_hard,7.696078431372549,27.5,-0.633578431372549,-1.375,0.741421568627451
8272.TWO,2025,walk_hard,1.8181818181818177,8.970588235294118,-0.7339572192513368,-0.4485294117647059,-0.28542780748663094
8277.TWO,2025,walk_hard,3.8235294117647056,27.5,-1.698529411764706,-1.375,-0.32352941176470607
8279.TWO,2025,walk_hard,2.838709677419354,19.558823529411768,-1.400664136622391,-0.9779411764705884,-0.42272296015180266
8284.TWO,2025,walk_hard,6.136363636363637,8.970588235294118,-0.34659090909090906,-0.4485294117647059,0.10193850267379684
8289.TWO,2025,walk_hard,5.817307692307692,26.176470588235293,-1.0948812217194572,-1.3088235294117647,0.2139423076923075
8291.TWO,2025,walk_hard,0.0,26.176470588235293,-2.6176470588235294,-1.3088235294117647,-1.3088235294117647
8299.TWO,2025,walk_hard,6.372549019607843,27.5,-0.9975490196078433,-1.375,0.37745098039215674
8341.TW,2025,walk_hard,0.6818181818181823,39.41176470588235,-3.672459893048128,-1.9705882352941173,-1.7018716577540105
8342.TWO,2025,walk_hard,5.4945054945054945,28.823529411764707,-1.2986425339366516,-1.4411764705882353,0.14253393665158365
8349.TWO,2025,walk_hard,5.319148936170213,43.38235294117647,-2.030663329161452,-2.1691176470588234,0.1384543178973714
8354.TWO,2025,walk_hard,1.428571428571429,28.823529411764707,-2.4705882352941178,-1.4411764705882353,-1.0294117647058825
8358.TWO,2025,walk_hard,0.625,26.176470588235293,-2.454044117647059,-1.3088235294117647,-1.1452205882352942
8367.TW,2025,walk_hard,5.757575757575757,42.05882352941176,-1.7843137254901962,-2.1029411764705883,0.31862745098039214
8374.TW,2025,walk_hard,9.393939393939394,23.52941176470588,-0.14260249554367188,-1.1764705882352942,1.0338680926916224
8383.TWO,2025,walk_hard,4.509803921568627,27.5,-1.5098039215686274,-1.375,-0.13480392156862742
8390.TWO,2025,walk_hard,7.045454545454546,39.41176470588235,-1.1644385026737964,-1.9705882352941173,0.8061497326203209
8401.TWO,2025,walk_hard,2.0879120879120885,28.823529411764707,-2.2805429864253393,-1.4411764705882353,-0.839366515837104
8403.TWO,2025,walk_hard,7.161290322580644,19.558823529411768,-0.5552182163187859,-0.9779411764705884,0.42272296015180255
8404.TW,2025,walk_hard,0.3296703296703296,28.823529411764707,-2.7873303167420813,-1.4411764705882353,-1.346153846153846
8409.TWO,2025,walk_hard,4.838709677419355,19.558823529411768,-1.0094876660341559,-0.9779411764705884,-0.031546489563567426
8410.TWO,2025,walk_hard,0.1851851851851849,10.294117647058822,-1.0103485838779955,-0.5147058823529411,-0.4956427015250544
8411.TW,2025,walk_hard,1.9780219780219777,28.823529411764707,-2.312217194570136,-1.4411764705882353,-0.8710407239819007
8415.TWO,2025,walk_hard,8.297872340425531,43.38235294117647,-0.7384230287859828,-2.1691176470588234,1.4306946182728406
8416.TWO,2025,walk_hard,6.590909090909092,8.970588235294118,-0.3058155080213903,-0.4485294117647059,0.1427139037433156
8421.TWO,2025,walk_hard,2.7472527472527473,28.823529411764707,-2.090497737556561,-1.4411764705882353,-0.6493212669683259
8422.TW,2025,walk_hard,2.045454545454546,39.41176470588235,-3.1350267379679138,-1.9705882352941173,-1.1644385026737964
8423.TWO,2025,walk_hard,0.9090909090909094,39.41176470588235,-3.5828877005347586,-1.9705882352941173,-1.6122994652406413
8424.TWO,2025,walk_hard,1.1494252873563215,30.147058823529413,-2.6681879648411093,-1.5073529411764708,-1.1608350236646385
8426.TWO,2025,walk_hard,3.406593406593407,28.823529411764707,-1.900452488687783,-1.4411764705882353,-0.45927601809954766
8429.TW,2025,walk_hard,7.647058823529411,24.852941176470587,-0.5847750865051904,-1.2426470588235294,0.657871972318339
8431.TWO,2025,walk_hard,9.456521739130434,14.26470588235294,-0.07752557544757048,-0.7132352941176471,0.6357097186700766
8432.TWO,2025,walk_hard,8.516129032258064,19.558823529411768,-0.2902277039848199,-0.9779411764705884,0.6877134724857685
8433.TWO,2025,walk_hard,9.705882352941176,20.88235294117647,-0.061418685121107416,-1.0441176470588236,0.9826989619377162
8435.TWO,2025,walk_hard,6.923076923076923,28.823529411764707,-0.8868778280542986,-1.4411764705882353,0.5542986425339367
8436.TWO,2025,walk_hard,4.451612903225807,19.558823529411768,-1.0851992409867173,-0.9779411764705884,-0.10725806451612885
8437.TWO,2025,walk_hard,6.263736263736264,28.823529411764707,-1.0769230769230769,-1.4411764705882353,0.3642533936651584
8438.TW,2025,walk_hard,3.409090909090909,39.41176470588235,-2.5975935828877006,-1.9705882352941173,-0.6270053475935833
8440.TWO,2025,walk_hard,5.454545454545454,39.41176470588235,-1.7914438502673795,-1.9705882352941173,0.1791443850267378
8442.TW,2025,walk_hard,5.824175824175823,28.823529411764707,-1.2036199095022628,-1.4411764705882353,0.23755656108597245
8443.TW,2025,walk_hard,4.705882352941177,24.852941176470587,-1.315743944636678,-1.2426470588235294,-0.07309688581314866
8444.TWO,2025,walk_hard,0.2197802197802201,28.823529411764707,-2.819004524886877,-1.4411764705882353,-1.3778280542986419
8446.TWO,2025,walk_hard,7.199999999999999,12.941176470588236,-0.36235294117647066,-0.6470588235294118,0.28470588235294114
8450.TWO,2025,walk_hard,1.2,12.941176470588236,-1.1388235294117648,-0.6470588235294118,-0.491764705882353
8454.TW,2025,walk_hard,5.0,7.647058823529411,-0.38235294117647056,-0.38235294117647056,0.0
8455.TWO,2025,walk_hard,9.782608695652174,14.26470588235294,-0.03101023017902814,-0.7132352941176471,0.6822250639386189
8462.TW,2025,walk_hard,0.7692307692307687,22.205882352941174,-2.0497737556561084,-1.1102941176470587,-0.9394796380090498
8463.TW,2025,walk_hard,0.0,28.823529411764707,-2.8823529411764706,-1.4411764705882353,-1.4411764705882353
8464.TW,2025,walk_hard,7.9411764705882355,20.88235294117647,-0.4299307958477508,-1.0441176470588236,0.6141868512110729
8466.TW,2025,walk_hard,1.5384615384615385,28.823529411764707,-2.4389140271493215,-1.4411764705882353,-0.9977375565610862
8467.TW,2025,walk_hard,10.0,22.205882352941174,-0.0,-1.1102941176470587,1.1102941176470587
8472.TWO,2025,walk_hard,3.947368421052632,7.647058823529411,-0.4628482972136222,-0.38235294117647056,-0.08049535603715163
8473.TW,2025,walk_hard,4.545454545454546,39.41176470588235,-2.1497326203208553,-1.9705882352941173,-0.17914438502673802
8476.TW,2025,walk_hard,4.3181818181818175,39.41176470588235,-2.2393048128342246,-1.9705882352941173,-0.26871657754010725
8477.TWO,2025,walk_hard,7.894736842105264,7.647058823529411,-0.16099071207430335,-0.38235294117647056,0.2213622291021672
8478.TW,2025,walk_hard,7.692307692307692,22.205882352941174,-0.5124434389140272,-1.1102941176470587,0.5978506787330314
8481.TW,2025,walk_hard,6.153846153846154,28.823529411764707,-1.1085972850678731,-1.4411764705882353,0.33257918552036214
8482.TW,2025,walk_hard,10.0,20.88235294117647,-0.0,-1.0441176470588236,1.0441176470588236
8487.TW,2025,walk_hard,2.1052631578947367,7.647058823529411,-0.6037151702786377,-0.38235294117647056,-0.22136222910216719
8488.TW,2025,walk_hard,1.0989010989010994,28.823529411764707,-2.565610859728507,-1.4411764705882353,-1.1244343891402717
8489.TWO,2025,walk_hard,8.901098901098901,28.823529411764707,-0.31674208144796373,-1.4411764705882353,1.1244343891402715
8499.TW,2025,walk_hard,7.934782608695652,14.26470588235294,-0.29459718670076723,-0.7132352941176471,0.41863810741687985
8905.TWO,2025,walk_hard,0.9890109890109888,28.823529411764707,-2.5972850678733033,-1.4411764705882353,-1.156108597285068
8906.TWO,2025,walk_hard,3.626373626373627,28.823529411764707,-1.83710407239819,-1.4411764705882353,-0.3959276018099547
8908.TWO,2025,walk_hard,10.0,46.029411764705884,-0.0,-2.3014705882352944,2.3014705882352944
8916.TWO,2025,walk_hard,6.483516483516483,28.823529411764707,-1.0135746606334843,-1.4411764705882353,0.42760180995475094
8917.TWO,2025,walk_hard,3.6363636363636367,46.029411764705884,-2.929144385026738,-2.3014705882352944,-0.6276737967914436
8921.TWO,2025,walk_hard,0.6593406593406592,28.823529411764707,-2.692307692307692,-1.4411764705882353,-1.2511312217194568
8923.TWO,2025,walk_hard,4.8,12.941176470588236,-0.6729411764705883,-0.6470588235294118,-0.025882352941176467
8924.TWO,2025,walk_hard,1.5384615384615385,22.205882352941174,-1.8789592760180995,-1.1102941176470587,-0.7686651583710409
8926.TW,2025,walk_hard,0.9090909090909094,46.029411764705884,-4.184491978609626,-2.3014705882352944,-1.8830213903743314
8927.TWO,2025,walk_hard,5.454545454545454,46.029411764705884,-2.092245989304813,-2.3014705882352944,0.2092245989304815
8928.TWO,2025,walk_hard,3.846153846153846,22.205882352941174,-1.3665158371040724,-1.1102941176470587,-0.2562217194570138
8929.TWO,2025,walk_hard,6.043956043956045,28.823529411764707,-1.1402714932126694,-1.4411764705882353,0.3009049773755659
8930.TWO,2025,walk_hard,8.72340425531915,43.38235294117647,-0.5538172715894867,-2.1691176470588234,1.6153003754693367
8931.TWO,2025,walk_hard,0.0,46.029411764705884,-4.602941176470589,-2.3014705882352944,-2.3014705882352944
8932.TWO,2025,walk_hard,1.842105263157895,7.647058823529411,-0.6238390092879256,-0.38235294117647056,-0.241486068111455
8933.TWO,2025,walk_hard,8.461538461538462,22.205882352941174,-0.341628959276018,-1.1102941176470587,0.7686651583710407
8935.TWO,2025,walk_hard,2.637362637362637,28.823529411764707,-2.122171945701358,-1.4411764705882353,-0.6809954751131226
8936.TWO,2025,walk_hard,3.846153846153846,28.823529411764707,-1.7737556561085974,-1.4411764705882353,-0.33257918552036214
8937.TWO,2025,walk_hard,4.5054945054945055,28.823529411764707,-1.5837104072398192,-1.4411764705882353,-0.14253393665158387
8938.TWO,2025,walk_hard,1.1538461538461542,22.205882352941174,-1.9643665158371038,-1.1102941176470587,-0.8540723981900451
8940.TW,2025,walk_hard,4.3999999999999995,35.44117647058823,-1.984705882352941,-1.7720588235294115,-0.21264705882352963
8941.TWO,2025,walk_hard,9.117647058823529,20.88235294117647,-0.18425605536332187,-1.0441176470588236,0.8598615916955017
8942.TWO,2025,walk_hard,4.065934065934066,28.823529411764707,-1.7104072398190047,-1.4411764705882353,-0.2692307692307694
8996.TW,2025,walk_hard,4.545454545454546,23.52941176470588,-1.283422459893048,-1.1764705882352942,-0.10695187165775377
9802.TW,2025,walk_hard,4.230769230769232,22.205882352941174,-1.2811085972850673,-1.1102941176470587,-0.17081447963800866
9902.TW,2025,walk_hard,8.461538461538462,28.823529411764707,-0.4434389140271493,-1.4411764705882353,0.997737556561086
9904.TW,2025,walk_hard,2.3076923076923075,22.205882352941174,-1.7081447963800904,-1.1102941176470587,-0.5978506787330318
9905.TW,2025,walk_hard,5.054945054945055,28.823529411764707,-1.4253393665158374,-1.4411764705882353,0.015837104072397912
9906.TW,2025,walk_hard,7.126436781609195,30.147058823529413,-0.866294793779581,-1.5073529411764708,0.6410581473968898
9907.TW,2025,walk_hard,1.208791208791209,28.823529411764707,-2.5339366515837107,-1.4411764705882353,-1.0927601809954754
9908.TW,2025,walk_hard,4.545454545454546,46.029411764705884,-2.5106951871657754,-2.3014705882352944,-0.20922459893048106
9910.TW,2025,walk_hard,2.6923076923076925,22.205882352941174,-1.6227375565610855,-1.1102941176470587,-0.5124434389140269
9911.TW,2025,walk_hard,5.294117647058823,20.88235294117647,-0.9826989619377163,-1.0441176470588236,0.061418685121107264
9912.TW,2025,walk_hard,4.629629629629629,10.294117647058822,-0.5528322440087146,-0.5147058823529411,-0.03812636165577343
9914.TW,2025,walk_hard,8.846153846153847,22.205882352941174,-0.25622171945701344,-1.1102941176470587,0.8540723981900452
9917.TW,2025,walk_hard,7.802197802197802,28.823529411764707,-0.6334841628959277,-1.4411764705882353,0.8076923076923076
9918.TW,2025,walk_hard,8.181818181818182,46.029411764705884,-0.8368983957219253,-2.3014705882352944,1.4645721925133692
9919.TW,2025,walk_hard,1.648351648351648,28.823529411764707,-2.407239819004525,-1.4411764705882353,-0.9660633484162899
9921.TW,2025,walk_hard,7.307692307692308,22.205882352941174,-0.5978506787330314,-1.1102941176470587,0.5124434389140272
9924.TW,2025,walk_hard,3.2352941176470584,20.88235294117647,-1.4126297577854674,-1.0441176470588236,-0.3685121107266438
9925.TW,2025,walk_hard,7.582417582417582,28.823529411764707,-0.6968325791855204,-1.4411764705882353,0.7443438914027148
9926.TW,2025,walk_hard,9.09090909090909,46.029411764705884,-0.4184491978609631,-2.3014705882352944,1.8830213903743314
9927.TW,2025,walk_hard,3.956043956043956,28.823529411764707,-1.742081447963801,-1.4411764705882353,-0.30090497737556565
9928.TW,2025,walk_hard,1.7582417582417587,28.823529411764707,-2.3755656108597285,-1.4411764705882353,-0.9343891402714932
9929.TW,2025,walk_hard,7.142857142857143,28.823529411764707,-0.8235294117647058,-1.4411764705882353,0.6176470588235294
9930.TW,2025,walk_hard,1.5909090909090906,39.41176470588235,-3.3141711229946527,-1.9705882352941173,-1.3435828877005354
9931.TW,2025,walk_hard,6.363636363636363,46.029411764705884,-1.6737967914438505,-2.3014705882352944,0.6276737967914439
9933.TW,2025,walk_hard,8.351648351648352,28.823529411764707,-0.47511312217194557,-1.4411764705882353,0.9660633484162897
9934.TW,2025,walk_hard,8.529411764705882,20.88235294117647,-0.3070934256055364,-1.0441176470588236,0.7370242214532872
9935.TW,2025,walk_hard,5.0,20.88235294117647,-1.0441176470588234,-1.0441176470588236,2.220446049250313e-16
9937.TW,2025,walk_hard,7.272727272727273,46.029411764705884,-1.2553475935828873,-2.3014705882352944,1.046122994652407
9938.TW,2025,walk_hard,0.4395604395604391,28.823529411764707,-2.755656108597285,-1.4411764705882353,-1.3144796380090498
9939.TW,2025,walk_hard,2.9670329670329663,28.823529411764707,-2.0271493212669687,-1.4411764705882353,-0.5859728506787334
9940.TW,2025,walk_hard,7.692307692307692,28.823529411764707,-0.6651583710407242,-1.4411764705882353,0.7760180995475111
9941.TW,2025,walk_hard,7.472527472527473,28.823529411764707,-0.7285067873303167,-1.4411764705882353,0.7126696832579186
9942.TW,2025,walk_hard,3.2967032967032974,28.823529411764707,-1.932126696832579,-1.4411764705882353,-0.4909502262443437
9943.TW,2025,walk_hard,2.4,35.44117647058823,-2.6935294117647057,-1.7720588235294115,-0.9214705882352943
9944.TW,2025,walk_hard,5.7142857142857135,28.823529411764707,-1.235294117647059,-1.4411764705882353,0.20588235294117618
9945.TW,2025,walk_hard,0.1098901098901095,28.823529411764707,-2.8506787330316747,-1.4411764705882353,-1.4095022624434395
9946.TW,2025,walk_hard,2.4137931034482762,30.147058823529413,-2.2870182555780936,-1.5073529411764708,-0.7796653144016228
9949.TWO,2025,walk_hard,5.2,12.941176470588236,-0.6211764705882353,-0.6470588235294118,0.025882352941176467
9950.TWO,2025,walk_hard,8.75,44.705882352941174,-0.5588235294117646,-2.2352941176470584,1.676470588235294
9951.TWO,2025,walk_hard,7.777777777777778,23.52941176470588,-0.5228758169934641,-1.1764705882352942,0.6535947712418301
9955.TW,2025,walk_hard,5.681818181818182,39.41176470588235,-1.7018716577540105,-1.9705882352941173,0.2687165775401068
9958.TW,2025,walk_hard,7.872340425531915,43.38235294117647,-0.9230287859824782,-2.1691176470588234,1.2460888610763452
9960.TWO,2025,walk_hard,6.538461538461538,22.205882352941174,-0.7686651583710407,-1.1102941176470587,0.341628959276018
9962.TWO,2025,walk_hard,7.659574468085106,43.38235294117647,-1.0153316645807262,-2.1691176470588234,1.1537859824780972
