firm_id,year,sector,greenwasher,greenhusher,talk,walk,gap,talk_unfiltered,claim_per_1000,risk_context_share,n_claim,n_words,n_docs,intensity,walk_intensity_trend,walk_emission_trend,walk_composite
0486.HK,2021,Basic Materials,1,0,9.6875,1.6666666666666663,8.020833333333334,8.75,5.461309131203334,0.27368421052631575,621,113709,2,2496.9425546106386,,,1.6666666666666663
2638.HK,2021,Utilities,0,0,7.272727272727273,0.0,7.272727272727273,0.4545454545454546,7.100095205822078,0.2114695340501792,440,61971,2,5081.276445698167,,,0.0
0267.HK,2021,Industrials,0,0,7.0,3.333333333333334,3.666666666666666,6.5,3.2633632270491097,0.19148936170212771,266,81511,1,533.797536079795,,,3.333333333333334
3360.HK,2021,Financial Services,0,0,9.591836734693878,8.333333333333334,1.258503401360544,9.591836734693878,3.2761435110669725,0.24869109947643975,287,87603,2,59.656739157239464,,,8.333333333333334
3996.HK,2021,Industrials,0,0,5.333333333333333,5.0,0.33333333333333304,6.666666666666666,2.255774783445621,0.12790697674418605,225,99744,2,147.94975771873393,,,5.0
0667.HK,2021,Consumer Defensive,0,0,3.4782608695652173,6.666666666666668,-3.1884057971014506,3.4782608695652173,2.5535213515423725,0.18840579710144922,112,43861,1,107.49003261105877,,,6.666666666666668
9992.HK,2021,Consumer Cyclical,0,0,2.2916666666666665,10.0,-7.708333333333334,2.5,1.5520482665151052,0.29702970297029707,71,45746,1,5.298367653153185,,,10.0
0293.HK,2022,Industrials,1,0,10.0,0.19607843137254943,9.80392156862745,9.375,12.469687457685538,0.1797570850202429,1013,81237,2,828.4244650834703,,,0.19607843137254943
0968.HK,2022,Technology,1,0,10.0,0.32258064516129004,9.67741935483871,10.0,8.736476832006533,0.2712826333711691,642,73485,2,1559.8123567302036,,,0.32258064516129004
3933.HK,2022,Healthcare,1,0,10.0,0.4255319148936165,9.574468085106384,10.0,6.333524887818357,0.20795107033639149,518,81787,2,770.963438113571,,,0.4255319148936165
2343.HK,2022,Industrials,1,0,9.84375,0.5882352941176472,9.255514705882353,9.21875,10.017521813773207,0.25819134993446924,566,56501,2,789.9568689424084,,,0.5882352941176472
0941.HK,2022,Communication Services,1,0,9.6,0.5000000000000004,9.1,8.8,3.5778635778635777,0.28534704370179953,278,77700,2,264.72085090673977,,,0.5000000000000004
0257.HK,2022,Industrials,1,0,9.0625,0.0,9.0625,10.0,6.993783303730018,0.3015521064301552,630,90080,2,2789.8122111680727,,,0.0
3360.HK,2022,Financial Services,1,0,9.230769230769232,0.2564102564102566,8.974358974358974,9.038461538461538,4.167900584602898,0.18976545842217485,380,91173,2,36.49919949403559,5.0,5.0,2.628205128205128
0101.HK,2022,Real Estate,1,0,9.75609756097561,0.8333333333333337,8.922764227642276,9.75609756097561,13.296504884552379,0.20057512580877068,1112,83631,2,141.71846912148447,,,0.8333333333333337
0010.HK,2022,Real Estate,1,0,10.0,1.1111111111111116,8.88888888888889,10.0,13.311148086522463,0.2023289665211062,1096,82337,2,134.0244036194132,,,1.1111111111111116
1044.HK,2022,Consumer Defensive,1,0,9.0,0.4166666666666663,8.583333333333334,8.666666666666668,6.593053173241852,0.3860232945091514,369,55968,3,482.5713332907083,,,0.4166666666666663
6655.HK,2022,Basic Materials,1,0,8.75,0.714285714285714,8.035714285714286,5.9375,5.246337462526161,0.23347107438016534,371,70716,2,8519.146708024524,,,0.714285714285714
3323.HK,2022,Basic Materials,1,0,9.0625,1.071428571428571,7.991071428571429,6.5625,5.390995847744007,0.2391608391608392,544,100909,2,7103.340358664968,,,1.071428571428571
1972.HK,2022,Real Estate,1,0,9.512195121951219,1.6666666666666663,7.845528455284553,9.512195121951219,10.250702379563224,0.31038647342995174,1142,111407,2,92.38537537971935,,,1.6666666666666663
0001.HK,2022,Industrials,1,0,9.6875,1.96078431372549,7.72671568627451,9.53125,9.060248484901031,0.1653354632587859,1045,115339,3,286.88704099475416,,,1.96078431372549
0863.HK,2022,Financial Services,1,0,8.461538461538462,0.7692307692307687,7.692307692307693,8.653846153846153,3.4660438908659548,0.37037037037037035,187,53952,2,19.456351426972578,,,0.7692307692307687
2600.HK,2022,Basic Materials,1,0,9.6875,2.1428571428571432,7.544642857142857,6.875,5.462669851319383,0.15992970123022843,478,87503,2,2910.8010255627705,,,2.1428571428571432
3800.HK,2022,Technology,1,0,8.125,0.6451612903225812,7.479838709677419,8.75,4.883974917475549,0.2574626865671642,398,81491,2,1054.1186738781846,,,0.6451612903225812
0006.HK,2022,Utilities,1,0,10.0,2.6315789473684212,7.368421052631579,8.636363636363637,12.356857523302264,0.2712041884816754,696,56325,2,10007.922753599205,,,2.6315789473684212
2313.HK,2022,Consumer Cyclical,1,0,8.421052631578947,1.0810810810810811,7.339971550497866,9.473684210526315,5.090711023589056,0.0864661654135338,243,47734,1,328.90950251196733,,,1.0810810810810811
0023.HK,2022,Financial Services,1,0,9.615384615384615,2.3076923076923075,7.3076923076923075,9.423076923076923,5.024761944148634,0.32593619972260746,486,96721,2,10.510215427380123,,,2.3076923076923075
2877.HK,2022,Healthcare,1,0,9.433962264150944,2.127659574468085,7.306302689682859,9.81132075471698,3.773738029540659,0.30855018587360594,186,49288,2,214.48811583755122,,,2.127659574468085
0788.HK,2022,Communication Services,1,0,9.200000000000001,1.9999999999999996,7.200000000000001,9.6,3.1626357180171403,0.2703583061889251,224,70827,2,66.42911932299013,,,1.9999999999999996
1405.HK,2022,Consumer Cyclical,1,0,10.0,2.972972972972973,7.027027027027027,10.0,9.204768371812284,0.2823529411764706,61,6627,1,140.92751296647,,,2.972972972972973
0700.HK,2022,Communication Services,1,0,10.0,3.0000000000000004,7.0,10.0,4.815217521178593,0.313458262350937,403,83693,2,36.6420473463264,,,3.0000000000000004
1398.HK,2022,Financial Services,1,0,8.269230769230768,1.282051282051282,6.987179487179486,7.6923076923076925,3.310559711786566,0.2778761061946903,408,123242,2,16.702312994498115,,,1.282051282051282
1038.HK,2022,Utilities,1,0,9.09090909090909,2.1052631578947367,6.985645933014354,7.727272727272727,10.335083803207617,0.24859287054409007,801,77503,2,10125.844444444445,,,2.1052631578947367
1997.HK,2022,Real Estate,1,0,8.536585365853659,1.9444444444444442,6.592140921409214,8.78048780487805,6.443298969072165,0.31677018633540377,330,51216,2,89.47994221045026,,,1.9444444444444442
3931.HK,2022,Industrials,1,0,8.59375,2.1568627450980395,6.4368872549019605,6.5625,4.834380782502875,0.2328042328042328,290,59987,2,207.03984924227026,,,2.1568627450980395
9987.HK,2022,Consumer Cyclical,1,0,8.24561403508772,1.8918918918918914,6.353722143195828,5.263157894736842,4.995468712009019,0.13076923076923075,452,90482,2,199.11495454070436,,,1.8918918918918914
9633.HK,2022,Consumer Defensive,1,0,8.0,1.6666666666666663,6.333333333333334,9.0,5.1427014508548465,0.2634146341463415,302,58724,2,198.56088537905575,,,1.6666666666666663
2618.HK,2022,Industrials,1,0,9.21875,3.1372549019607843,6.081495098039216,7.96875,7.775671244107399,0.22477650063856958,607,78064,2,119.36943454276155,,,3.1372549019607843
0291.HK,2022,Consumer Defensive,1,0,8.333333333333334,2.5,5.833333333333334,7.333333333333333,5.273267613801102,0.13905325443786987,291,55184,1,173.55301590902644,,,2.5
0486.HK,2022,Basic Materials,1,0,8.4375,2.8571428571428568,5.580357142857143,8.125,5.213500983168871,0.27930174563591026,578,110866,2,2113.541004723057,5.0,5.0,3.9285714285714284
0778.HK,2022,Real Estate,1,0,8.048780487804878,2.5,5.548780487804878,8.048780487804878,5.300177336760516,0.3651551312649165,266,50187,2,82.3521343493798,,,2.5
1088.HK,2022,Energy,0,0,7.333333333333333,0.0,7.333333333333333,6.666666666666666,4.710456019843542,0.23300970873786409,395,83856,2,3686.38127552368,,,0.0
0914.HK,2022,Basic Materials,0,0,7.5,0.357142857142857,7.142857142857143,6.25,4.955619672708852,0.16820702402957488,450,90806,2,10666.900084310482,,,0.357142857142857
1313.HK,2022,Basic Materials,0,0,6.5625,0.0,6.5625,5.0,4.304181002137932,0.18498659517426275,304,70629,2,11140.581753952576,,,0.0
0316.HK,2022,Industrials,0,0,7.96875,1.7647058823529416,6.204044117647058,7.03125,4.419548104564628,0.3624031007751938,329,74442,2,294.15059029712535,,,1.7647058823529416
2380.HK,2022,Utilities,0,0,7.727272727272727,1.578947368421053,6.1483253588516735,3.1818181818181817,8.281621260005998,0.2287862513426423,718,86698,2,10201.052788211913,,,1.578947368421053
3606.HK,2022,Consumer Cyclical,0,0,6.315789473684211,0.27027027027026973,6.0455192034139404,7.719298245614034,3.405946214432697,0.24764890282131657,240,70465,2,527.5338791331949,,,0.27027027027026973
0836.HK,2022,Utilities,0,0,5.909090909090909,0.0,5.909090909090909,4.090909090909091,7.15372281379764,0.14845024469820556,522,72969,2,11523.09706461047,,,0.0
1347.HK,2022,Technology,0,0,7.8125,1.9354838709677424,5.877016129032258,8.4375,3.727886354612432,0.1507537688442211,169,45334,1,201.14700616605697,,,1.9354838709677424
6979.HK,2022,Consumer Defensive,0,0,10.0,4.166666666666666,5.833333333333334,10.0,11.915604128718883,0.16489361702127658,157,13176,1,133.53631890615935,,,4.166666666666666
0857.HK,2022,Energy,0,0,10.0,4.2857142857142865,5.7142857142857135,9.333333333333334,7.265555544201351,0.25315126050420167,711,97859,2,356.891756429971,,,4.2857142857142865
0267.HK,2022,Industrials,0,0,6.09375,0.39215686274509776,5.7015931372549025,5.9375,3.213017622584791,0.21122994652406413,295,91814,1,825.8938691707805,0.0,0.0,0.19607843137254888
2669.HK,2022,Real Estate,0,0,5.609756097560976,0.0,5.609756097560976,6.829268292682928,3.6904908352810923,0.31232091690544417,240,65032,2,446.26386627894175,,,0.0
0762.HK,2022,Communication Services,0,0,5.6000000000000005,0.0,5.6000000000000005,5.2,2.107832260927446,0.24,152,72112,2,271.0061305445366,,,0.0
0981.HK,2022,Technology,0,0,6.5625,0.9677419354838712,5.594758064516129,6.875,3.2191464507891663,0.25705329153605017,237,73622,2,351.75596058121755,,,0.9677419354838712
2666.HK,2022,Financial Services,0,0,7.115384615384616,1.5384615384615385,5.5769230769230775,8.461538461538462,2.7274590487001213,0.19907407407407407,173,63429,1,16.17023728312659,,,1.5384615384615385
1672.HK,2022,Healthcare,0,0,7.3584905660377355,1.9148936170212771,5.443596949016459,7.547169811320755,2.201862725248026,0.3602941176470589,87,39512,1,299.98269550748756,,,1.9148936170212771
1117.HK,2022,Consumer Defensive,0,0,5.333333333333333,0.0,5.333333333333333,6.0,3.492214670187743,0.2461059190031153,242,69297,2,1209.1681976164307,,,0.0
2238.HK,2022,Consumer Cyclical,0,0,9.649122807017545,4.324324324324325,5.32479848269322,8.947368421052632,6.824299308564395,0.15906288532675705,682,99937,2,86.8012869630475,,,4.324324324324325
1928.HK,2022,Consumer Cyclical,0,0,6.666666666666666,1.3513513513513509,5.315315315315315,8.24561403508772,3.6769184765153446,0.35408560311284043,332,90293,2,236.8809968847352,,,1.3513513513513509
0288.HK,2022,Consumer Defensive,0,0,7.333333333333333,2.083333333333334,5.249999999999999,7.0,4.740995754985339,0.3340163934426229,325,68551,2,174.38178845607052,,,2.083333333333334
3311.HK,2022,Industrials,0,0,9.53125,4.313725490196079,5.217524509803921,9.0625,9.02355623100304,0.17596034696406448,665,73696,2,74.4763991459708,,,4.313725490196079
0083.HK,2022,Real Estate,0,0,8.78048780487805,3.6111111111111116,5.169376693766938,8.536585365853659,6.659033050593088,0.307514450867052,599,89953,2,60.68807288691758,,,3.6111111111111116
0392.HK,2022,Industrials,0,0,8.4375,3.333333333333334,5.104166666666666,9.84375,4.642267518838779,0.2864321608040201,284,61177,2,107.9432581296719,,,3.333333333333334
6823.HK,2022,Communication Services,0,0,7.6,2.5,5.1,7.6,2.7107617240444566,0.18552036199095023,180,66402,2,36.91382857142857,,,2.5
1907.HK,2022,Basic Materials,0,0,10.0,5.0,5.0,10.0,6.378454996456414,0.23668639053254437,387,60673,2,842.464601715242,,,5.0
9995.HK,2022,Healthcare,0,0,5.849056603773585,0.8510638297872342,4.997992773986351,7.735849056603774,1.9722355193872667,0.26428571428571423,103,52225,2,370.90444466152195,,,0.8510638297872342
2638.HK,2022,Utilities,0,0,8.636363636363637,3.68421052631579,4.952153110047847,0.9090909090909092,8.611289288005132,0.19730941704035876,537,62360,2,4892.615584174928,5.0,5.0,4.342105263157895
2269.HK,2022,Healthcare,0,0,9.622641509433961,4.680851063829787,4.941790445604174,9.056603773584905,3.9393637179615038,0.3828125,316,80216,2,80.0835698745011,,,4.680851063829787
0200.HK,2022,Consumer Cyclical,0,0,7.368421052631579,2.432432432432432,4.935988620199147,7.894736842105264,4.146643931173461,0.373046875,321,77412,2,167.95349309560208,,,2.432432432432432
2128.HK,2022,Industrials,0,0,7.65625,2.7450980392156863,4.911151960784314,8.28125,4.106605483232746,0.3534031413612565,247,60147,2,162.74210307850134,,,2.7450980392156863
1024.HK,2022,Communication Services,0,0,6.4,1.5000000000000002,4.9,8.0,2.223246928625539,0.3382352941176471,135,60722,1,67.91544121550598,,,1.5000000000000002
2611.HK,2022,Financial Services,0,0,7.6923076923076925,2.8205128205128203,4.871794871794872,6.538461538461538,3.104744267116945,0.1990632318501171,342,110154,2,8.211144498568126,,,2.8205128205128203
0148.HK,2022,Industrials,0,0,5.625,0.7843137254901966,4.840686274509803,7.65625,3.020972520769186,0.22388059701492535,156,51639,2,564.8279212160603,,,0.7843137254901966
1681.HK,2022,Healthcare,0,0,8.867924528301888,4.042553191489362,4.825371336812526,8.49056603773585,3.230611088967673,0.26315789473684215,154,47669,2,107.17279935033017,,,4.042553191489362
0683.HK,2022,Real Estate,0,0,9.26829268292683,4.444444444444445,4.823848238482386,9.02439024390244,9.364614431363712,0.19975932611311675,665,71012,2,45.81054420777939,,,4.444444444444445
2888.HK,2022,Financial Services,0,0,9.423076923076923,4.615384615384616,4.8076923076923075,9.807692307692307,4.6707943453905,0.49665551839464883,1806,386658,2,5.661653670008665,,,4.615384615384616
1919.HK,2022,Industrials,0,0,5.9375,1.1764705882352944,4.761029411764706,6.71875,3.1988244602690177,0.3509174311926605,283,88470,2,386.90738587889575,,,1.1764705882352944
2276.HK,2022,Healthcare,0,0,8.11320754716981,3.4042553191489366,4.708952228020874,6.037735849056603,2.390729594419756,0.2796610169491526,85,35554,2,135.73948147621527,,,3.4042553191489366
1286.HK,2022,Industrials,0,0,6.25,1.5686274509803921,4.681372549019608,7.5,3.468595415935831,0.3015873015873016,176,50741,2,294.7270209205616,,,1.5686274509803921
2319.HK,2022,Consumer Defensive,0,0,9.666666666666666,5.0,4.666666666666666,9.666666666666666,10.187468575669786,0.1656862745098039,851,83534,2,110.86155867698535,,,5.0
6088.HK,2022,Technology,0,0,8.4375,3.870967741935484,4.566532258064516,9.0625,4.884095239857177,0.2727272727272727,264,54053,2,57.56426462437782,,,3.870967741935484
0087.HK,2022,Industrials,0,0,9.375,4.901960784313726,4.473039215686274,9.6875,8.79058407377774,0.2923728813559322,835,94988,2,55.55111934977898,,,4.901960784313726
0004.HK,2022,Real Estate,0,0,7.804878048780488,3.333333333333334,4.471544715447154,7.804878048780488,5.1846253888469045,0.3123543123543123,295,56899,2,60.9167736935341,,,3.333333333333334
0322.HK,2022,Consumer Defensive,0,0,5.666666666666666,1.25,4.416666666666666,5.0,3.514066191506681,0.16509433962264153,177,50369,1,208.1226747522975,,,1.25
3996.HK,2022,Industrials,0,0,7.34375,2.9411764705882346,4.402573529411765,7.34375,3.994129363664954,0.10352941176470587,381,95390,2,128.0220412125123,10.0,10.0,6.470588235294118
0425.HK,2022,Consumer Cyclical,0,0,6.491228070175438,2.1621621621621623,4.329065908013276,7.192982456140351,3.6257146841444707,0.3314285714285714,234,64539,2,175.14748451627094,,,2.1621621621621623
1113.HK,2022,Real Estate,0,0,7.317073170731707,3.055555555555556,4.261517615176151,7.560975609756097,4.6950416849495396,0.29450549450549446,321,68370,2,63.959418540671976,,,3.055555555555556
3396.HK,2022,Technology,0,0,8.75,4.516129032258065,4.233870967741935,9.375,5.844515914383941,0.19171779141104295,527,90170,2,51.55570629221708,,,4.516129032258065
1513.HK,2022,Healthcare,0,0,5.660377358490566,1.4893617021276595,4.171015656362906,8.867924528301888,1.9427826808031747,0.3822975517890772,328,168830,2,322.47725633853145,,,1.4893617021276595
1952.HK,2022,Healthcare,0,0,5.283018867924528,1.2765957446808507,4.006423123243677,4.90566037735849,1.8100584259365333,0.39230769230769236,79,43645,2,333.3996247654784,,,1.2765957446808507
0002.HK,2022,Utilities,0,0,8.181818181818182,4.2105263157894735,3.971291866028708,2.727272727272727,8.608782625261954,0.18581081081081086,723,83984,1,3437.4023961375688,,,4.2105263157894735
0467.HK,2022,Energy,0,0,4.666666666666667,0.714285714285714,3.952380952380953,5.333333333333333,3.424040367633808,0.3153153153153153,152,44392,2,2651.7805009846334,,,0.714285714285714
3692.HK,2022,Healthcare,0,0,9.245283018867925,5.319148936170213,3.926134082697712,9.622641509433961,3.6906559302130515,0.37321937321937326,220,59610,2,66.56721503323773,,,5.319148936170213
2096.HK,2022,Healthcare,0,0,8.679245283018869,4.893617021276596,3.7856282617422723,7.924528301886793,2.7247107914117117,0.25531914893617025,175,64227,2,78.8420630852035,,,4.893617021276596
2601.HK,2022,Financial Services,0,0,8.653846153846153,4.871794871794872,3.782051282051281,8.269230769230768,3.5112802506255125,0.28936170212765955,334,95122,2,5.067422172098382,,,4.871794871794872
0008.HK,2022,Communication Services,0,0,7.199999999999999,3.5,3.6999999999999993,6.800000000000001,2.577575096659066,0.19469026548672563,182,70609,2,35.362451129904336,,,3.5
1440.HK,2022,Consumer Cyclical,0,0,3.6842105263157894,0.0,3.6842105263157894,4.2105263157894735,2.7711346467752342,0.1797752808988764,73,26343,1,2041.3275986731767,,,0.0
2359.HK,2022,Healthcare,0,0,7.924528301886793,4.25531914893617,3.669209152950623,4.150943396226415,2.37195608901391,0.31849315068493156,199,83897,2,94.153664653122,,,4.25531914893617
0386.HK,2022,Energy,0,0,8.666666666666668,5.0,3.666666666666668,8.0,6.283575431995811,0.22208883553421366,648,103126,2,351.19293470559967,,,5.0
2382.HK,2022,Technology,0,0,6.875,3.225806451612904,3.649193548387096,5.9375,3.2428875798972303,0.1686746987951807,207,63832,2,79.68014398436819,,,3.225806451612904
2232.HK,2022,Consumer Cyclical,0,0,8.771929824561402,5.135135135135135,3.6367946894262673,8.771929824561402,5.371980676328502,0.28350515463917525,278,51750,2,64.60947279087712,,,5.135135135135135
2689.HK,2022,Basic Materials,0,0,7.1875,3.571428571428571,3.616071428571429,8.4375,4.76365868631062,0.26515151515151514,194,40725,1,1655.7623216127427,,,3.571428571428571
0175.HK,2022,Consumer Cyclical,0,0,9.82456140350877,6.216216216216216,3.6083451872925547,9.82456140350877,8.566897645395938,0.22039215686274505,994,116028,2,34.23590771652366,,,6.216216216216216
2196.HK,2022,Healthcare,0,0,6.792452830188679,3.1914893617021276,3.600963468486551,4.716981132075472,2.1620594209957353,0.3079847908745247,182,84179,1,155.40886459086835,,,3.1914893617021276
1876.HK,2022,Consumer Defensive,0,0,9.333333333333334,5.833333333333332,3.5000000000000018,9.333333333333334,8.435420287397736,0.1855388813096862,597,70773,2,76.55974066069774,,,5.833333333333332
0551.HK,2022,Consumer Cyclical,0,0,8.070175438596491,4.594594594594595,3.4755808440018967,9.649122807017545,4.955425462142007,0.3634945397815913,408,82334,2,83.72139481850407,,,4.594594594594595
0966.HK,2022,Financial Services,0,0,7.3076923076923075,3.846153846153846,3.4615384615384617,7.5,2.7894572124477826,0.2807017543859649,205,73491,2,6.805280519141094,,,3.846153846153846
0546.HK,2022,Basic Materials,0,0,5.9375,2.5,3.4375,7.5,3.7989404315803075,0.23834196891191706,147,38695,2,2331.8473898783527,,,2.5
0552.HK,2022,Communication Services,0,0,8.4,5.0,3.4000000000000004,7.199999999999999,2.808235104727494,0.28959276018099545,157,55907,1,22.65673235180353,,,5.0
1177.HK,2022,Healthcare,0,0,8.49056603773585,5.1063829787234045,3.384183059012445,8.11320754716981,2.5596970440758793,0.39669421487603307,146,57038,2,76.65391611303149,,,5.1063829787234045
1585.HK,2022,Consumer Cyclical,0,0,9.298245614035087,5.945945945945946,3.3522996680891417,9.298245614035087,5.878988905410043,0.21406727828746175,257,43715,1,36.38016148583218,,,5.945945945945946
0003.HK,2022,Utilities,0,0,9.545454545454547,6.315789473684211,3.229665071770336,10.0,11.726064857474066,0.26054358013120904,789,67286,2,320.300426227249,,,6.315789473684211
1138.HK,2022,Energy,0,0,5.333333333333333,2.1428571428571432,3.19047619047619,0.6666666666666666,3.745614312355786,0.3471074380165289,237,63274,2,1315.3714829080625,,,2.1428571428571432
0014.HK,2022,Real Estate,0,0,5.365853658536586,2.2222222222222223,3.1436314363143634,4.390243902439025,3.419668460842496,0.3262839879154078,223,65211,2,82.40947976878611,,,2.2222222222222223
1921.HK,2022,Energy,0,0,6.0,2.8571428571428568,3.1428571428571432,1.3333333333333333,4.0824031904098925,0.1800947867298578,173,42377,1,680.2999667439487,,,2.8571428571428568
6049.HK,2022,Real Estate,0,0,3.6585365853658534,0.5555555555555558,3.1029810298102976,3.1707317073170733,2.9947460595446587,0.17788461538461542,171,57100,2,175.8564283972235,,,0.5555555555555558
0868.HK,2022,Basic Materials,0,0,6.25,3.214285714285714,3.035714285714286,9.0625,4.0030073354601425,0.27037037037037037,197,49213,2,1886.9662465364004,,,3.214285714285714
1308.HK,2022,Industrials,0,0,3.90625,0.980392156862745,2.925857843137255,6.875,2.38575885483575,0.35960591133004927,130,54490,3,434.2337808218179,,,0.980392156862745
2282.HK,2022,Consumer Cyclical,0,0,5.614035087719298,2.7027027027027026,2.9113323850165953,4.56140350877193,3.0712530712530715,0.2920353982300885,240,78144,2,165.28055341023338,,,2.7027027027027026
1378.HK,2022,Basic Materials,0,0,4.6875,1.785714285714286,2.901785714285714,3.4375,3.2479126634584317,0.20083682008368198,191,58807,2,4305.257911258794,,,1.785714285714286
6963.HK,2022,Financial Services,0,0,5.961538461538462,3.076923076923077,2.8846153846153846,6.346153846153846,2.3552374756018217,0.20614035087719296,181,76850,2,7.517205398075806,,,3.076923076923077
2318.HK,2022,Financial Services,0,0,9.038461538461538,6.153846153846154,2.884615384615384,8.076923076923077,4.1526151071964215,0.25965996908809896,479,115349,2,4.291266884329091,,,6.153846153846154
1310.HK,2022,Communication Services,0,0,6.800000000000001,4.0,2.8000000000000007,6.4,2.371977567343937,0.3517587939698492,129,54385,1,32.916434689894274,,,4.0
0586.HK,2022,Industrials,0,0,6.71875,3.9215686274509807,2.7971813725490193,8.75,3.658270544209696,0.22968197879858654,218,59591,2,96.29242576480543,,,3.9215686274509807
0027.HK,2022,Consumer Cyclical,0,0,3.333333333333333,0.5405405405405406,2.7927927927927927,4.385964912280701,2.6169919017494694,0.2983425414364641,127,48529,1,426.3499405994164,,,0.5405405405405406
1888.HK,2022,Technology,0,0,4.0625,1.2903225806451613,2.772177419354839,7.8125,2.4744123270723204,0.2567567567567568,110,44455,2,331.0663271876542,,,1.2903225806451613
2388.HK,2022,Financial Services,0,0,6.346153846153846,3.5897435897435894,2.7564102564102564,4.8076923076923075,2.517862009313127,0.23285198555956677,425,168794,3,7.225187253551684,,,3.5897435897435894
2157.HK,2022,Healthcare,0,0,2.641509433962264,0.0,2.641509433962264,5.283018867924528,1.4293748242571938,0.37755102040816324,61,42676,1,2585.795016696635,,,0.0
1866.HK,2022,Basic Materials,0,0,4.0625,1.428571428571429,2.633928571428571,5.3125,2.6573460056019726,0.24489795918367352,111,41771,2,4807.097060116037,,,1.428571428571429
3968.HK,2022,Financial Services,0,0,5.1923076923076925,2.564102564102564,2.6282051282051286,5.961538461538462,1.9631454114212734,0.29210526315789476,269,137025,2,10.0576757884403,,,2.564102564102564
0144.HK,2022,Industrials,0,0,5.15625,2.549019607843137,2.607230392156863,4.0625,2.926246640788295,0.29496402877697847,196,66980,2,180.53968911917096,,,2.549019607843137
2899.HK,2022,Basic Materials,0,0,9.375,6.7857142857142865,2.5892857142857135,8.75,5.45650321378791,0.2638146167557932,826,151379,2,209.61125266993525,,,6.7857142857142865
2005.HK,2022,Healthcare,0,0,4.150943396226415,1.7021276595744683,2.4488157366519467,2.0754716981132075,1.6021136657484962,0.2597402597402597,57,35578,1,301.2323079254432,,,1.7021276595744683
0016.HK,2022,Real Estate,0,0,7.073170731707316,4.722222222222222,2.350948509485094,7.317073170731707,4.631861337580953,0.31684698608964457,442,95426,2,35.830720156404745,,,4.722222222222222
2162.HK,2022,Healthcare,0,0,3.3962264150943393,1.063829787234043,2.3323966278602963,6.226415094339623,1.5087747161121259,0.3214285714285714,57,37779,1,354.63290127219847,,,1.063829787234043
2252.HK,2022,Healthcare,0,0,2.452830188679245,0.21276595744680882,2.240064231232436,2.830188679245283,1.4213242368582175,0.4196428571428571,65,45732,1,1091.461741424802,,,0.21276595744680882
0460.HK,2022,Healthcare,0,0,2.830188679245283,0.6382978723404253,2.1918908069048575,5.471698113207547,1.4612057117229207,0.39156626506024095,101,69121,2,406.9817883732221,,,0.6382978723404253
0880.HK,2022,Consumer Cyclical,0,0,2.982456140350877,0.8108108108108103,2.171645329540067,2.807017543859649,2.4946488242812483,0.13829787234042556,162,64939,2,352.4922426213106,,,0.8108108108108103
2186.HK,2022,Healthcare,0,0,6.60377358490566,4.468085106382978,2.135688478522682,9.245283018867925,2.0483002411708346,0.32608695652173914,124,60538,2,93.98508372932177,,,4.468085106382978
0902.HK,2022,Utilities,0,0,3.1818181818181817,1.0526315789473684,2.1291866028708135,1.3636363636363635,4.269357655734524,0.20433996383363473,440,103060,2,10608.786285627884,,,1.0526315789473684
6869.HK,2022,Technology,0,0,4.375,2.2580645161290325,2.1169354838709675,2.8125,2.5429503090475496,0.2142857142857143,209,82188,2,189.86634465335231,,,2.2580645161290325
0285.HK,2022,Technology,0,0,5.0,2.9032258064516125,2.0967741935483875,5.3125,2.7577482605945605,0.12096774193548387,109,39525,1,105.5724888989532,,,2.9032258064516125
0998.HK,2022,Financial Services,0,0,6.153846153846154,4.102564102564102,2.051282051282052,5.384615384615384,2.3565378001401185,0.19346049046321523,296,125608,2,6.582910327749869,,,4.102564102564102
2039.HK,2022,Industrials,0,0,7.5,5.490196078431373,2.0098039215686274,5.78125,4.073804356447066,0.14909638554216864,565,138691,2,42.15456601086529,,,5.490196078431373
1072.HK,2022,Industrials,0,0,8.28125,6.2745098039215685,2.0067401960784315,8.59375,4.532549683717687,0.1651376146788991,182,40154,2,35.633403512116104,,,6.2745098039215685
0005.HK,2022,Financial Services,0,0,7.884615384615384,5.897435897435898,1.9871794871794863,7.884615384615384,3.160565267276213,0.393296853625171,887,280646,1,4.5172657718870415,,,5.897435897435898
1898.HK,2022,Energy,0,0,3.333333333333333,1.428571428571429,1.904761904761904,8.666666666666668,3.0021604332089447,0.19548872180451127,214,71282,2,1512.2891925847941,,,1.428571428571429
3988.HK,2022,Financial Services,0,0,2.884615384615384,1.0256410256410253,1.8589743589743588,2.692307692307692,1.0944682447856406,0.38053097345132747,210,191874,2,18.93264012641905,,,1.0256410256410253
0636.HK,2022,Industrials,0,0,7.8125,6.07843137254902,1.7340686274509798,5.625,4.109270872416072,0.33333333333333337,230,55971,2,38.16127292789655,,,6.07843137254902
6666.HK,2022,Real Estate,0,0,1.951219512195122,0.2777777777777779,1.673441734417344,3.6585365853658534,1.9945482348248122,0.3129770992366412,90,45123,2,316.8561444083821,,,0.2777777777777779
6881.HK,2022,Financial Services,0,0,5.0,3.333333333333334,1.666666666666666,4.230769230769231,1.9609636154885643,0.21544715447154472,193,98421,2,7.3470483319597,,,3.333333333333334
0012.HK,2022,Real Estate,0,0,6.585365853658537,5.0,1.585365853658537,6.097560975609756,4.339779872512202,0.24624060150375937,401,92401,2,35.29522132206175,,,5.0
3918.HK,2022,Consumer Cyclical,0,0,7.192982456140351,5.675675675675675,1.5173067804646756,7.543859649122807,4.130043418405168,0.23228346456692917,195,47215,1,45.32743752927239,,,5.675675675675675
9926.HK,2022,Healthcare,0,0,3.7735849056603774,2.3404255319148937,1.4331593737454837,5.09433962264151,1.5552430866249094,0.3652173913043478,73,46938,2,204.05529716255836,,,2.3404255319148937
6078.HK,2022,Healthcare,0,0,7.169811320754716,5.74468085106383,1.4251304696908864,6.415094339622641,2.186355718297842,0.3089887640449438,123,56258,2,56.454352919971164,,,5.74468085106383
0728.HK,2022,Communication Services,0,0,2.4,0.9999999999999998,1.4000000000000001,2.0,1.1623777081786186,0.09999999999999998,72,61942,1,235.83855369634932,,,0.9999999999999998
1789.HK,2022,Healthcare,0,0,9.056603773584905,7.659574468085106,1.3970293054997995,8.679245283018869,3.5792130320064244,0.3035714285714286,156,43585,1,29.841024212796576,,,7.659574468085106
0522.HK,2022,Technology,0,0,7.5,6.129032258064516,1.370967741935484,7.1875,3.643789541122768,0.41666666666666663,182,49948,2,25.94159783654758,,,6.129032258064516
2778.HK,2022,Real Estate,0,0,5.121951219512195,3.8888888888888884,1.2330623306233068,5.121951219512195,3.41152172309508,0.3620689655172413,185,54228,2,52.827108102620976,,,3.8888888888888884
2018.HK,2022,Technology,0,0,2.8125,1.6129032258064513,1.1995967741935487,6.25,1.9542826020792285,0.37435897435897436,122,62427,2,208.87447192962824,,,1.6129032258064513
0696.HK,2022,Technology,0,0,3.75,2.5806451612903225,1.1693548387096775,3.4375,2.39002165957129,0.22330097087378642,160,66945,2,160.784758852361,,,2.5806451612903225
2799.HK,2022,Financial Services,0,0,1.153846153846154,0.0,1.153846153846154,2.5,0.7368934000499185,0.2530120481927711,62,84137,1,196.40485986087737,,,0.0
6069.HK,2022,Financial Services,0,0,8.076923076923077,6.923076923076923,1.1538461538461533,7.3076923076923075,3.169421422119392,0.2592592592592593,200,63103,2,3.2693131773745194,,,6.923076923076923
0308.HK,2022,Consumer Cyclical,0,0,4.385964912280701,3.2432432432432434,1.1427216690374578,6.842105263157895,2.8333333333333335,0.1952662721893491,136,48000,1,138.01912837210284,,,3.2432432432432434
0020.HK,2022,Technology,0,0,5.3125,4.193548387096774,1.118951612903226,1.5625,2.810359873977547,0.12037037037037035,190,67607,1,56.45533817687232,,,4.193548387096774
1913.HK,2022,Consumer Cyclical,0,0,9.473684210526315,8.378378378378379,1.095305832147936,8.070175438596491,6.226158635506643,0.202247191011236,426,68421,2,7.990059776987303,,,8.378378378378379
0168.HK,2022,Consumer Defensive,0,0,4.0,2.916666666666666,1.083333333333334,3.0,2.616710278504642,0.25943396226415094,157,59999,2,166.52876837312851,,,2.916666666666666
0656.HK,2022,Industrials,0,0,5.78125,4.705882352941177,1.0753676470588234,4.375,3.159502325842067,0.2303754266211604,451,142744,2,63.02137143746678,,,4.705882352941177
0570.HK,2022,Healthcare,0,0,3.584905660377358,2.5531914893617023,1.0317141710156559,5.849056603773585,1.5369938520245918,0.3695652173913043,87,56604,2,190.19008766770025,,,2.5531914893617023
2015.HK,2022,Consumer Cyclical,0,0,8.596491228070175,7.567567567567568,1.0289236605026062,8.596491228070175,5.18884241642819,0.2325581395348837,330,63598,2,16.65128906390769,,,7.567567567567568
1811.HK,2022,Utilities,0,0,4.090909090909091,3.1578947368421053,0.9330143540669855,4.545454545454545,5.174277222372332,0.2119341563786008,383,74020,2,6820.904287802421,,,3.1578947368421053
0363.HK,2022,Industrials,0,0,3.28125,2.3529411764705888,0.9283088235294112,7.1875,2.0854377790087653,0.2727272727272727,128,61378,2,192.88905849423793,,,2.3529411764705888
0939.HK,2022,Financial Services,0,0,2.692307692307692,1.7948717948717952,0.8974358974358969,2.884615384615384,1.0669946017307015,0.4380952380952381,118,110591,1,15.482716908222438,,,1.7948717948717952
2020.HK,2022,Consumer Cyclical,0,0,7.894736842105264,7.027027027027026,0.8677098150782374,8.421052631578947,4.842644399402862,0.2962962962962963,399,82393,2,23.99427410486291,,,7.027027027027026
2386.HK,2022,Industrials,0,0,8.90625,8.03921568627451,0.8670343137254903,8.90625,5.538444539590901,0.22286821705426352,401,72403,2,14.287790110831533,,,8.03921568627451
0817.HK,2022,Real Estate,0,0,6.341463414634147,5.555555555555555,0.7859078590785913,4.634146341463415,4.273776870574728,0.18458417849898578,402,94062,2,23.369519231469024,,,5.555555555555555
1052.HK,2022,Industrials,0,0,6.40625,5.686274509803921,0.7199754901960791,6.09375,3.536132015595249,0.34782608695652173,195,55145,2,39.6085891946999,,,5.686274509803921
0688.HK,2022,Real Estate,0,0,6.829268292682928,6.111111111111112,0.718157181571816,7.073170731707316,4.580978335789954,0.3802008608321378,432,94303,2,15.74139807978268,,,6.111111111111112
0189.HK,2022,Basic Materials,0,0,5.3125,4.642857142857143,0.6696428571428568,4.0625,3.329129886506936,0.3015873015873016,132,39650,1,909.7177014485927,,,4.642857142857143
0867.HK,2022,Healthcare,0,0,9.81132075471698,9.148936170212766,0.6623845845042151,9.433962264150944,4.029293256080703,0.2654155495978552,274,68002,2,7.759653267794105,,,9.148936170212766
1316.HK,2022,Consumer Cyclical,0,0,5.964912280701754,5.405405405405405,0.559506875296349,7.368421052631579,3.3488033488033486,0.4540059347181009,184,54945,2,58.38863057897968,,,5.405405405405405
1128.HK,2022,Consumer Cyclical,0,0,2.1052631578947367,1.6216216216216217,0.483641536273115,2.1052631578947367,1.9539450311662308,0.22435897435897434,121,61926,2,204.28505618415502,,,1.6216216216216217
6855.HK,2022,Healthcare,0,0,3.2075471698113205,2.7659574468085104,0.4415897230028101,5.660377358490566,1.5077132402963944,0.3787878787878788,82,54387,2,185.67197714950572,,,2.7659574468085104
1729.HK,2022,Industrials,0,0,4.53125,4.117647058823529,0.413602941176471,3.125,2.525571410531633,0.23076923076923073,100,39595,1,75.28620771969268,,,4.117647058823529
1836.HK,2022,Consumer Cyclical,0,0,5.263157894736842,4.864864864864865,0.3982930298719767,5.7894736842105265,2.9549272399765223,0.3423423423423423,146,49409,2,73.32421290297657,,,4.864864864864865
1071.HK,2022,Utilities,0,0,0.9090909090909092,0.5263157894736847,0.38277511961722444,0.4545454545454546,3.262846343115929,0.2591093117408907,183,56086,2,11430.778392112516,,,0.5263157894736847
1810.HK,2022,Technology,0,0,9.0625,8.709677419354838,0.3528225806451619,7.5,5.869526256048748,0.18969072164948453,393,66956,1,2.2044634297774106,,,8.709677419354838
1186.HK,2022,Industrials,0,0,4.0625,3.7254901960784315,0.33700980392156854,1.71875,2.424771690558255,0.06451612903225812,261,107639,1,101.78722092842133,,,3.7254901960784315
1788.HK,2022,Financial Services,0,0,7.5,7.17948717948718,0.32051282051282026,8.846153846153847,3.100374628600956,0.3978494623655914,168,54187,2,3.2629765991610067,,,7.17948717948718
0669.HK,2022,Industrials,0,0,8.75,8.431372549019608,0.3186274509803919,8.4375,4.975723285582441,0.3392539964476021,372,74763,2,13.571082420389384,,,8.431372549019608
6098.HK,2022,Real Estate,0,0,1.707317073170732,1.3888888888888884,0.3184281842818435,1.707317073170732,1.9644095216085047,0.2850467289719626,153,77886,2,111.67042703779208,,,1.3888888888888884
1883.HK,2022,Communication Services,0,0,4.8,4.5,0.2999999999999998,5.6000000000000005,1.9089069598747757,0.28057553956834536,100,52386,1,27.192924537632276,,,4.5
1066.HK,2022,Healthcare,0,0,6.226415094339623,5.957446808510638,0.2689682858289846,8.30188679245283,2.00152843989956,0.22535211267605637,110,54958,1,54.68027236714703,,,5.957446808510638
1109.HK,2022,Real Estate,0,0,6.097560975609756,5.833333333333332,0.26422764227642404,6.585365853658537,4.151989310836029,0.23732251521298176,376,90559,2,16.93182469471731,,,5.833333333333332
0916.HK,2022,Utilities,0,0,5.0,4.736842105263158,0.2631578947368416,2.2727272727272725,5.338224424429905,0.20408163265306123,390,73058,2,1847.8532020471862,,,4.736842105263158
2016.HK,2022,Financial Services,0,0,0.7692307692307693,0.5128205128205132,0.25641025641025605,0.576923076923077,0.4947526236881559,0.05714285714285716,33,66700,1,26.889060876372543,,,0.5128205128205132
6099.HK,2022,Financial Services,0,0,2.307692307692308,2.051282051282052,0.25641025641025594,3.4615384615384617,0.999078519811824,0.3941176470588236,103,103095,2,11.429134350054227,,,2.051282051282052
0839.HK,2022,Consumer Defensive,0,0,1.0,0.8333333333333337,0.1666666666666663,1.3333333333333333,1.4727291194095542,0.2564102564102564,87,59074,1,224.34146341463415,,,0.8333333333333337
0041.HK,2022,Real Estate,0,0,2.926829268292683,2.7777777777777777,0.14905149051490518,2.926829268292683,2.705167643103368,0.23580786026200873,175,64691,1,64.56234310339238,,,2.7777777777777777
0763.HK,2022,Technology,0,0,5.9375,5.806451612903225,0.1310483870967749,5.0,3.112958831879943,0.17914438502673802,307,98620,2,30.41205211511798,,,5.806451612903225
3868.HK,2022,Utilities,0,0,6.8181818181818175,6.842105263157895,-0.023923444976077235,6.8181818181818175,7.468094528765248,0.24285714285714288,371,49678,2,80.08219010969171,,,6.842105263157895
0340.HK,2022,Basic Materials,0,0,8.125,8.214285714285714,-0.08928571428571352,7.8125,5.17250297418921,0.2857142857142857,200,38666,1,72.53727314791013,,,8.214285714285714
0826.HK,2022,Basic Materials,0,0,5.625,5.7142857142857135,-0.08928571428571352,7.1875,3.660716208359353,0.25110132158590304,170,46439,1,575.3236687325963,,,5.7142857142857135
2727.HK,2022,Industrials,0,0,8.125,8.235294117647058,-0.11029411764705799,8.125,4.4904169220040995,0.10526315789473684,425,94646,2,14.043216708470522,,,8.235294117647058
0667.HK,2022,Consumer Defensive,0,0,4.333333333333334,4.583333333333334,-0.25,4.0,2.7797841836846366,0.1858974358974359,127,45687,1,130.24651442175508,5.0,5.0,4.791666666666667
1114.HK,2022,Consumer Cyclical,0,0,3.508771929824561,3.783783783783784,-0.275011853959223,3.859649122807017,2.6405130139569972,0.26315789473684215,112,42416,1,125.0745495146919,,,3.783783783783784
1030.HK,2022,Real Estate,0,0,4.878048780487805,5.277777777777778,-0.3997289972899729,2.682926829268293,3.296173810201713,0.24750000000000005,301,91318,2,32.7296119816754,,,5.277777777777778
0883.HK,2022,Energy,0,0,6.666666666666666,7.142857142857143,-0.47619047619047716,10.0,4.310958085536238,0.36875,303,70286,2,181.23893805309734,,,7.142857142857143
0081.HK,2022,Real Estate,0,0,7.560975609756097,8.055555555555555,-0.4945799457994582,5.609756097560976,4.813696919233972,0.116945107398568,370,76864,2,2.600670444373687,,,8.055555555555555
1359.HK,2022,Financial Services,0,0,3.8461538461538463,4.3589743589743595,-0.5128205128205132,4.423076923076923,1.4643465925341204,0.2514619883040936,128,87411,2,6.279317947367317,,,4.3589743589743595
1302.HK,2022,Healthcare,0,0,6.037735849056603,6.595744680851063,-0.55800883179446,7.3584905660377355,1.9843506888853812,0.3623188405797102,88,44347,2,44.81504770757579,,,6.595744680851063
0135.HK,2022,Energy,0,0,8.0,8.571428571428573,-0.571428571428573,7.333333333333333,5.149922325551701,0.41686746987951806,242,46991,2,65.19018285023031,,,8.571428571428573
1548.HK,2022,Healthcare,0,0,3.0188679245283017,3.6170212765957444,-0.5981533520674427,3.3962264150943393,1.499065016149721,0.39751552795031053,97,64707,2,116.05034697250112,,,3.6170212765957444
3899.HK,2022,Energy,0,0,9.333333333333334,10.0,-0.6666666666666661,4.0,6.921281953251684,0.17452830188679247,525,75853,2,34.835521155471696,,,10.0
9985.HK,2022,Consumer Defensive,0,0,2.6666666666666665,3.333333333333334,-0.6666666666666674,4.333333333333334,2.0218863991662324,0.4294117647058824,97,47975,2,163.62818786063966,,,3.333333333333334
0440.HK,2022,Financial Services,0,0,4.423076923076923,5.128205128205128,-0.7051282051282044,5.0,1.5445314411548814,0.43575418994413406,101,65392,2,5.047612128961018,,,5.128205128205128
0506.HK,2022,Consumer Defensive,0,0,4.666666666666667,5.416666666666668,-0.7500000000000009,6.333333333333333,2.816329637429275,0.40957446808510634,111,39413,1,89.06143709529981,,,5.416666666666668
2356.HK,2022,Financial Services,0,0,4.615384615384616,5.384615384615384,-0.7692307692307683,5.1923076923076925,1.5889747179963185,0.43575418994413406,101,63563,2,5.008829853262599,,,5.384615384615384
2314.HK,2022,Basic Materials,0,0,3.125,3.928571428571429,-0.8035714285714288,2.8125,2.34216148045196,0.30534351145038163,91,38853,1,1264.6667792922428,,,3.928571428571429
0975.HK,2022,Basic Materials,0,0,3.4375,4.2857142857142865,-0.8482142857142865,9.6875,2.4393351901407168,0.3495145631067961,134,54933,1,1161.4912640412413,,,4.2857142857142865
0354.HK,2022,Technology,0,0,7.1875,8.064516129032258,-0.877016129032258,4.6875,3.437464586559891,0.17272727272727273,182,52946,1,7.956102949582385,,,8.064516129032258
3908.HK,2022,Financial Services,0,0,6.538461538461538,7.435897435897436,-0.8974358974358978,6.730769230769232,2.632919177068619,0.30456852791878175,274,104067,2,2.901546420480846,,,7.435897435897436
6993.HK,2022,Consumer Defensive,0,0,7.0,7.916666666666666,-0.9166666666666661,6.666666666666666,4.1551808010377815,0.32343234323432346,205,49336,2,17.285722321361494,,,7.916666666666666
6066.HK,2022,Financial Services,0,0,6.730769230769232,7.692307692307692,-0.9615384615384599,7.115384615384616,2.655440414507772,0.31855955678670356,246,92640,2,2.72340997462907,,,7.692307692307692
1083.HK,2022,Utilities,0,0,6.363636363636363,7.36842105263158,-1.0047846889952163,7.272727272727273,7.299461043378159,0.26385224274406327,558,76444,2,32.351778831376066,,,7.36842105263158
0152.HK,2022,Industrials,0,0,4.84375,5.882352941176471,-1.038602941176471,5.0,2.8683391912091465,0.2755102040816326,213,74259,2,38.17920265696441,,,5.882352941176471
0751.HK,2022,Technology,0,0,5.625,6.774193548387098,-1.1491935483870979,4.375,2.835610703003083,0.16759776536312854,149,52546,2,12.136531379110503,,,6.774193548387098
1910.HK,2022,Consumer Cyclical,0,0,7.719298245614034,8.91891891891892,-1.199620673304885,6.140350877192983,4.836004836004836,0.28185328185328185,372,76923,2,7.2398944297819146,,,8.91891891891892
1860.HK,2022,Communication Services,0,0,8.8,10.0,-1.1999999999999993,9.200000000000001,2.983425414364641,0.3596837944664032,162,54300,2,0.19823234440773474,,,10.0
1099.HK,2022,Healthcare,0,0,8.30188679245283,9.574468085106384,-1.2725812926535536,7.169811320754716,2.48255400311833,0.3948339483394834,164,66061,2,3.3004909937570126,,,9.574468085106384
0123.HK,2022,Real Estate,0,0,5.853658536585366,7.222222222222222,-1.3685636856368566,5.365853658536586,3.988402517502298,0.2316076294277929,282,70705,2,6.3762908243457845,,,7.222222222222222
2057.HK,2022,Industrials,0,0,0.0,1.3725490196078427,-1.3725490196078427,0.0,0.10305854870661521,0.09999999999999998,9,87329,1,334.3393656148758,,,1.3725490196078427
2696.HK,2022,Healthcare,0,0,4.90566037735849,6.382978723404255,-1.4773183460457648,4.528301886792453,1.750738592843856,0.30810810810810807,128,73112,2,47.40065137663194,,,6.382978723404255
1070.HK,2022,Technology,0,0,6.25,7.741935483870968,-1.491935483870968,6.5625,3.121524618339905,0.26047904191616766,247,79128,2,9.67956977447469,,,7.741935483870968
0136.HK,2022,Communication Services,0,0,8.0,9.5,-1.5,8.4,2.787486330595879,0.22155688622754488,130,46637,2,1.0335836500172737,,,9.5
9899.HK,2022,Communication Services,0,0,6.0,7.5,-1.5,6.0,2.1409962081151495,0.27192982456140347,83,38767,1,2.2836538381340934,,,7.5
0317.HK,2022,Industrials,0,0,3.59375,5.098039215686274,-1.5042892156862742,4.6875,2.2920724424022643,0.24734982332155475,213,92929,2,51.964416468603275,,,5.098039215686274
1361.HK,2022,Consumer Cyclical,0,0,5.7894736842105265,7.297297297297297,-1.5078236130867708,4.035087719298246,3.3254927406926758,0.215311004784689,164,49316,2,18.390093359609907,,,7.297297297297297
9969.HK,2022,Healthcare,0,0,2.2641509433962264,3.829787234042553,-1.5656362906463266,2.641509433962264,1.4030279300443749,0.3228346456692913,86,61296,1,109.59587082909607,,,3.829787234042553
1171.HK,2022,Energy,0,0,2.0,3.571428571428571,-1.5714285714285712,4.666666666666667,2.944888514934792,0.25144508670520227,259,87949,2,521.8127786591449,,,3.571428571428571
1988.HK,2022,Financial Services,0,0,4.8076923076923075,6.41025641025641,-1.6025641025641022,4.615384615384616,1.7663961448607641,0.3154574132492114,217,122849,2,4.261465509980627,,,6.41025641025641
6969.HK,2022,Consumer Defensive,0,0,5.0,6.666666666666668,-1.6666666666666679,5.333333333333333,2.940360610263523,0.44791666666666663,159,54075,2,48.8514135058271,,,6.666666666666668
1478.HK,2022,Technology,0,0,1.875,3.548387096774194,-1.673387096774194,5.625,1.6842381556498534,0.3362068965517241,77,45718,1,67.08858165136414,,,3.548387096774194
2688.HK,2022,Utilities,0,0,7.272727272727273,8.947368421052632,-1.6746411483253585,1.8181818181818183,7.697474476088125,0.20305980528511824,573,74440,2,15.050210029895227,,,8.947368421052632
9626.HK,2022,Communication Services,0,0,5.2,7.0,-1.7999999999999998,4.8,2.0693961288020692,0.3053892215568862,116,56055,2,2.379378174521433,,,7.0
1772.HK,2022,Basic Materials,0,0,7.8125,9.642857142857142,-1.8303571428571423,5.625,5.071186440677966,0.14806378132118447,374,73750,2,14.82780485064648,,,9.642857142857142
1530.HK,2022,Healthcare,0,0,4.339622641509434,6.170212765957447,-1.8305901244480127,6.60377358490566,1.6440677966101696,0.35761589403973515,97,59000,2,48.13107875558843,,,6.170212765957447
3888.HK,2022,Communication Services,0,0,3.5999999999999996,5.5,-1.9000000000000004,4.0,1.3548466559921173,0.28037383177570097,77,56833,2,11.477734945381819,,,5.5
2400.HK,2022,Communication Services,0,0,4.0,6.0,-2.0,3.5999999999999996,1.382348117429301,0.29761904761904767,59,42681,1,7.217720178983227,,,6.0
0512.HK,2022,Healthcare,0,0,0.9433962264150944,2.978723404255319,-2.035327177840225,3.9622641509433967,1.039392994491217,0.2857142857142857,60,57726,1,164.80414461606196,,,2.978723404255319
2038.HK,2022,Technology,0,0,3.125,5.161290322580645,-2.036290322580645,1.875,2.066078420758224,0.338150289017341,229,110838,2,41.05853548298711,,,5.161290322580645
1610.HK,2022,Consumer Defensive,0,0,1.6666666666666665,3.75,-2.0833333333333335,2.0,1.7257222259575518,0.31858407079646023,77,44619,2,161.85188320247204,,,3.75
2357.HK,2022,Industrials,0,0,4.375,6.470588235294117,-2.095588235294117,4.53125,2.4649064171122994,0.313953488372093,177,71808,1,33.27540086508266,,,6.470588235294117
1357.HK,2022,Communication Services,0,0,4.4,6.5,-2.0999999999999996,4.4,1.8297053608480778,0.21138211382113825,97,53014,1,3.9366565179882893,,,6.5
0390.HK,2022,Industrials,0,0,1.40625,3.5294117647058822,-2.1231617647058822,0.625,1.35236664162284,0.1089108910891089,90,66550,1,101.85041268791568,,,3.5294117647058822
1882.HK,2022,Industrials,0,0,3.125,5.294117647058823,-2.1691176470588234,7.8125,2.0605968098908645,0.44897959183673475,81,39309,2,44.016436540689256,,,5.294117647058823
0659.HK,2022,Industrials,0,0,5.46875,7.647058823529411,-2.1783088235294112,3.90625,3.0016723603150326,0.4050991501416431,210,69961,1,15.175364338794934,,,7.647058823529411
1211.HK,2022,Consumer Cyclical,0,0,1.2280701754385963,3.513513513513513,-2.285443338074917,0.7017543859649122,1.2883376598404,0.09459459459459463,134,104010,2,136.88180229225944,,,3.513513513513513
1209.HK,2022,Real Estate,0,0,4.634146341463415,6.944444444444445,-2.3102981029810294,2.4390243902439024,3.231462064697996,0.17543859649122806,188,58178,2,7.417776982183772,,,6.944444444444445
0297.HK,2022,Basic Materials,0,0,3.75,6.071428571428572,-2.321428571428572,4.6875,2.6334133684455114,0.3615023474178404,136,51644,2,540.3610297764598,,,6.071428571428572
0697.HK,2022,Industrials,0,0,2.1875,4.509803921568627,-2.3223039215686274,2.5,1.776701624188299,0.3192771084337349,113,63601,2,67.43149338452275,,,4.509803921568627
0142.HK,2022,Consumer Defensive,0,0,7.666666666666667,10.0,-2.333333333333333,7.666666666666667,5.022133339325439,0.25993377483443714,447,89006,2,0.006210637657813273,,,10.0
0358.HK,2022,Basic Materials,0,0,6.875,9.285714285714286,-2.4107142857142865,4.375,4.531703248135653,0.18385650224215244,364,80323,2,34.73098281528592,,,9.285714285714286
9868.HK,2022,Consumer Cyclical,0,0,4.035087719298246,6.486486486486487,-2.451398767188241,2.280701754385965,2.784163239886802,0.19363395225464186,304,109189,2,27.260411692832196,,,6.486486486486487
6618.HK,2022,Healthcare,0,0,7.547169811320755,10.0,-2.452830188679245,3.0188679245283017,2.2711142654364798,0.22162162162162158,144,63405,2,0.2994901377199448,,,10.0
9658.HK,2022,Consumer Cyclical,0,0,1.5789473684210527,4.0540540540540535,-2.475106685633001,1.9298245614035086,1.6480162767039674,0.19801980198019797,81,49150,1,106.38423574723453,,,4.0540540540540535
1112.HK,2022,Consumer Defensive,0,0,6.666666666666666,9.166666666666666,-2.5,3.333333333333333,3.7141208711957305,0.2896551724137931,309,83196,2,1.258994072752838,,,9.166666666666666
0604.HK,2022,Real Estate,0,0,4.146341463414634,6.666666666666668,-2.5203252032520336,6.341463414634147,3.1745569454354823,0.24305555555555558,218,68671,2,10.780576271076812,,,6.666666666666668
0270.HK,2022,Utilities,0,0,2.727272727272727,5.2631578947368425,-2.5358851674641154,6.363636363636363,4.057748691747182,0.28695652173913044,328,80833,2,1032.3820333279903,,,5.2631578947368425
3698.HK,2022,Financial Services,0,0,3.076923076923077,5.6410256410256405,-2.5641025641025634,3.8461538461538463,1.1069686811408044,0.28378378378378377,106,95757,2,4.628162994575495,,,5.6410256410256405
3877.HK,2022,Industrials,0,0,7.03125,9.607843137254902,-2.5765931372549016,6.40625,3.7606596161655395,0.25,213,56639,2,0.2493477736405171,,,9.607843137254902
0066.HK,2022,Industrials,0,0,6.5625,9.215686274509805,-2.653186274509805,2.65625,3.633376245003049,0.16046966731898238,429,118072,2,6.8825064837279335,,,9.215686274509805
1801.HK,2022,Healthcare,0,0,4.716981132075472,7.446808510638299,-2.7298273785628266,3.2075471698113205,1.7499160040318065,0.2647058823529411,125,71432,2,35.24316233501156,,,7.446808510638299
0960.HK,2022,Real Estate,0,0,3.414634146341464,6.388888888888888,-2.9742547425474246,4.878048780487805,2.9291632629244955,0.3008356545961003,251,85690,2,13.155712602872512,,,6.388888888888888
9863.HK,2022,Consumer Cyclical,0,0,4.7368421052631575,7.837837837837838,-3.10099573257468,5.43859649122807,2.9031302458773576,0.25757575757575757,147,50635,2,9.044650344822575,,,7.837837837837838
0336.HK,2022,Basic Materials,0,0,4.375,7.5,-3.125,2.5,2.8253547655913294,0.27755102040816326,177,62647,2,92.19761691352065,,,7.5
1918.HK,2022,Real Estate,0,0,0.975609756097561,4.166666666666666,-3.191056910569105,1.2195121951219512,1.5571937380932659,0.2824427480916031,94,60365,2,49.89521158497947,,,4.166666666666666
2155.HK,2022,Industrials,0,0,3.75,7.0588235294117645,-3.3088235294117645,4.21875,2.352796759278203,0.20138888888888884,115,48878,1,26.203328658335128,,,7.0588235294117645
0853.HK,2022,Healthcare,0,0,2.0754716981132075,5.531914893617022,-3.456443195503814,2.452830188679245,1.3863856924996534,0.34306569343065696,90,64917,2,57.45506528660337,,,5.531914893617022
6818.HK,2022,Financial Services,0,0,5.769230769230768,9.230769230769232,-3.4615384615384635,6.153846153846154,2.2713065221921234,0.24567474048442905,218,95980,2,0.1968431919311777,,,9.230769230769232
1833.HK,2022,Healthcare,0,0,5.471698113207547,8.936170212765957,-3.4644720995584093,1.320754716981132,1.8938077698241713,0.24305555555555558,109,57556,1,9.415932295495853,,,8.936170212765957
2338.HK,2022,Consumer Cyclical,0,0,3.1578947368421053,6.756756756756756,-3.598862019914651,5.964912280701754,2.59532165062457,0.23588039867109634,230,88621,2,26.496498568662552,,,6.756756756756756
2331.HK,2022,Consumer Cyclical,0,0,6.140350877192983,10.0,-3.859649122807017,5.614035087719298,3.399794595743174,0.323943661971831,192,56474,1,1.7876260643807829,,,10.0
3633.HK,2022,Utilities,0,0,4.545454545454545,8.421052631578947,-3.875598086124402,5.0,5.230376845879461,0.23306233062330628,283,54107,2,18.017391582666026,,,8.421052631578947
6186.HK,2022,Consumer Defensive,0,0,2.3333333333333335,6.25,-3.9166666666666665,2.6666666666666665,2.0082797498458556,0.3448275862068966,114,56765,2,54.327044245317644,,,6.25
3993.HK,2022,Basic Materials,0,0,5.0,8.928571428571429,-3.928571428571429,1.875,3.3139321482879764,0.24220623501199046,316,95355,2,55.0373262130352,,,8.928571428571429
0371.HK,2022,Utilities,0,0,1.8181818181818183,5.7894736842105265,-3.971291866028708,5.909090909090909,3.711355984083257,0.32482598607888635,291,78408,2,373.3304041361257,,,5.7894736842105265
0268.HK,2022,Technology,0,0,3.4375,7.419354838709678,-3.981854838709678,3.125,2.38290879211175,0.39075630252100846,145,60850,2,9.74102962964333,,,7.419354838709678
1157.HK,2022,Industrials,0,0,2.65625,6.666666666666668,-4.010416666666668,3.4375,2.0171759536648692,0.3129251700680272,101,50070,1,29.9278255156916,,,6.666666666666668
1579.HK,2022,Consumer Defensive,0,0,3.0,7.083333333333332,-4.083333333333332,3.6666666666666665,2.2402751691520897,0.2773722627737226,99,44191,1,47.73094826087019,,,7.083333333333332
6060.HK,2022,Financial Services,0,0,5.576923076923077,9.743589743589743,-4.166666666666666,5.576923076923077,2.2424899163205105,0.2660098522167488,149,66444,2,0.07634596035978775,,,9.743589743589743
6030.HK,2022,Financial Services,0,0,2.5,6.666666666666668,-4.166666666666668,1.346153846153846,1.0236030828516378,0.0957446808510638,85,83040,1,3.68716496131663,,,6.666666666666668
3896.HK,2022,Technology,0,0,1.25,5.483870967741935,-4.233870967741935,2.1875,1.4618173313062799,0.38524590163934425,75,51306,2,31.554898731764755,,,5.483870967741935
2616.HK,2022,Healthcare,0,0,5.09433962264151,9.361702127659575,-4.267362505018065,3.7735849056603774,1.7946730839825427,0.3481481481481481,88,49034,2,7.572995847208864,,,9.361702127659575
2858.HK,2022,Financial Services,0,0,3.6538461538461537,7.948717948717949,-4.294871794871796,4.038461538461538,1.4445909099116994,0.33884297520661155,80,55379,1,1.6128445827633062,,,7.948717948717949
2142.HK,2022,Healthcare,0,0,3.9622641509433967,8.297872340425531,-4.3356081894821346,3.584905660377358,1.579748020439209,0.3671875,81,51274,2,22.54777540028038,,,8.297872340425531
0934.HK,2022,Energy,0,0,1.3333333333333333,5.7142857142857135,-4.3809523809523805,3.333333333333333,2.5216400358848774,0.4285714285714286,104,41243,2,323.67656444784956,,,5.7142857142857135
3939.HK,2022,Basic Materials,0,0,0.9375,5.357142857142857,-4.419642857142857,0.9375,0.9670896462796355,0.2142857142857143,33,34123,1,669.451291277894,,,5.357142857142857
1415.HK,2022,Technology,0,0,0.3125,4.838709677419355,-4.526209677419355,4.0625,0.991571641051066,0.46875,34,34289,1,48.28302917909712,,,4.838709677419355
2628.HK,2022,Financial Services,0,0,4.038461538461538,8.717948717948719,-4.679487179487181,3.6538461538461537,1.4692953404068263,0.3184357541899442,122,83033,2,0.4236534619149829,,,8.717948717948719
0772.HK,2022,Communication Services,0,0,3.2,8.0,-4.8,2.8000000000000003,1.2910581646853674,0.20618556701030932,77,59641,2,1.9060929062573517,,,8.0
0598.HK,2022,Industrials,0,0,2.96875,7.8431372549019605,-4.8743872549019605,1.40625,2.055629952490212,0.16027874564459932,241,117239,2,15.028686848099742,,,7.8431372549019605
0639.HK,2022,Basic Materials,0,0,2.1875,7.142857142857143,-4.955357142857143,9.375,1.9427929404054118,0.40287769784172667,83,42722,1,110.76819450549678,,,7.142857142857143
3900.HK,2022,Real Estate,0,0,3.902439024390244,8.88888888888889,-4.9864498644986455,4.146341463414634,3.136986301369863,0.25889967637540456,229,73000,2,1.4056019771634143,,,8.88888888888889
9636.HK,2022,Consumer Defensive,0,0,3.333333333333333,8.333333333333334,-5.000000000000001,1.0,2.2756210549129032,0.22935779816513757,84,36913,1,13.559174138619703,,,8.333333333333334
6160.HK,2022,Healthcare,0,1,1.8867924528301887,7.0212765957446805,-5.134484142914491,0.5660377358490566,1.3780111287481032,0.27522935779816515,158,114658,2,40.44081555397511,,,7.0212765957446805
2602.HK,2022,Real Estate,0,0,3.1707317073170733,8.333333333333334,-5.162601626016261,5.853658536585366,2.847159311505112,0.24137931034482762,198,69543,2,1.958931306366417,,,8.333333333333334
0576.HK,2022,Industrials,0,0,2.03125,7.254901960784314,-5.223651960784314,0.9375,1.479791046372729,0.19417475728155342,83,56089,2,18.677349664034377,,,7.254901960784314
0921.HK,2022,Consumer Cyclical,0,0,4.2105263157894735,9.45945945945946,-5.248933143669986,7.017543859649122,2.8279799016126064,0.3994413407821229,215,76026,2,3.9057989620305995,,,9.45945945945946
0856.HK,2022,Technology,0,0,4.6875,10.0,-5.3125,3.75,2.6631596251849414,0.37209302325581395,81,30415,1,0.009280431116892382,,,10.0
2145.HK,2022,Consumer Defensive,0,1,2.0,7.5,-5.5,2.3333333333333335,1.9526360586792169,0.3553719008264463,78,39946,2,27.549389589549854,,,7.5
1951.HK,2022,Healthcare,0,1,1.1320754716981132,6.808510638297872,-5.676435166599759,0.7547169811320754,1.206801974766868,0.2978723404255319,99,82035,2,41.34091273384116,,,6.808510638297872
1258.HK,2022,Basic Materials,0,0,2.8125,8.571428571428573,-5.758928571428573,3.125,2.232519745605313,0.3081395348837209,119,53303,1,55.328550258430624,,,8.571428571428573
2883.HK,2022,Energy,0,0,0.6666666666666666,6.428571428571428,-5.761904761904761,2.0,2.059536445873798,0.19753086419753085,130,63121,1,232.5595294030172,,,6.428571428571428
2588.HK,2022,Industrials,0,0,4.21875,10.0,-5.78125,2.1875,2.4370602695600576,0.33526011560693647,115,47188,1,0.038627644580447255,,,10.0
1208.HK,2022,Basic Materials,0,0,0.625,6.428571428571428,-5.803571428571428,0.625,0.8193973704793475,0.2542372881355932,44,53698,1,255.8886976829943,,,6.428571428571428
1385.HK,2022,Technology,0,0,0.625,6.451612903225806,-5.826612903225806,0.3125,1.0963866908189532,0.061224489795918324,46,41956,2,14.471579140661682,,,6.451612903225806
1675.HK,2022,Technology,0,0,2.5,8.387096774193548,-5.887096774193548,2.5,1.9003260363297625,0.38181818181818183,102,53675,1,5.861843444385327,,,8.387096774193548
6699.HK,2022,Healthcare,0,1,1.320754716981132,7.234042553191489,-5.9132878362103565,1.5094339622641508,1.2142620598300033,0.38888888888888884,55,45295,1,37.17899297947722,,,7.234042553191489
6055.HK,2022,Consumer Defensive,0,0,3.6666666666666665,9.583333333333334,-5.916666666666668,1.6666666666666665,2.5251881137609997,0.2773722627737226,99,39205,1,0.5289045620572775,,,9.583333333333334
1735.HK,2022,Industrials,0,0,3.4375,9.411764705882353,-5.974264705882353,2.96875,2.2583838633832447,0.28431372549019607,73,32324,1,0.42924045683023665,,,9.411764705882353
2013.HK,2022,Technology,0,1,0.9375,7.096774193548388,-6.159274193548388,0.625,1.1113413324794212,0.25316455696202533,59,53089,2,11.58146545817591,,,7.096774193548388
2007.HK,2022,Real Estate,0,0,2.4390243902439024,8.61111111111111,-6.172086720867208,2.1951219512195124,2.2104721116288415,0.24137931034482762,176,79621,2,1.914347686066208,,,8.61111111111111
2273.HK,2022,Healthcare,0,1,1.6981132075471697,7.872340425531915,-6.174227217984745,1.6981132075471697,1.352755827573123,0.2991452991452992,82,60617,1,25.811994748119645,,,7.872340425531915
3380.HK,2022,Real Estate,0,1,1.2195121951219512,7.5,-6.280487804878049,3.902439024390244,1.9338906905477373,0.37799043062200954,130,67222,2,3.7208584469615618,,,7.5
3330.HK,2022,Basic Materials,0,1,1.5625,7.857142857142857,-6.294642857142857,2.1875,1.750789990605517,0.359375,82,46836,2,88.70682799454656,,,7.857142857142857
0956.HK,2022,Utilities,0,0,3.6363636363636367,10.0,-6.363636363636363,3.6363636363636367,4.702674399075272,0.15602836879432624,476,101219,2,7.837778391374734,,,10.0
0177.HK,2022,Industrials,0,1,0.46875,6.862745098039216,-6.393995098039216,1.25,0.8079085268012433,0.23404255319148937,72,89119,1,28.348627289628837,,,6.862745098039216
2285.HK,2022,Industrials,0,0,2.34375,8.823529411764707,-6.4797794117647065,2.34375,1.7881609809340238,0.33043478260869563,77,43061,2,12.3577374728545,,,8.823529411764707
1896.HK,2022,Communication Services,0,1,2.0,8.5,-6.5,3.2,1.0365324815433756,0.3098591549295775,49,47273,1,1.7386954041794764,,,8.5
0881.HK,2022,Consumer Cyclical,0,0,2.631578947368421,9.18918918918919,-6.557610241820768,5.087719298245615,2.269861286254729,0.39634146341463417,99,43615,1,4.418490132259094,,,9.18918918918919
2172.HK,2022,Healthcare,0,1,1.5094339622641508,8.085106382978724,-6.575672420714573,2.2641509433962264,1.3093595828754472,0.3563218390804598,56,42769,1,24.205206906001642,,,8.085106382978724
1164.HK,2022,Energy,0,0,2.6666666666666665,9.285714285714286,-6.61904761904762,0.0,2.970657182119473,0.24615384615384617,147,49484,2,56.45057280989288,,,9.285714285714286
3660.HK,2022,Financial Services,0,1,1.7307692307692308,8.461538461538462,-6.730769230769231,2.1153846153846154,0.8024751901420382,0.25619834710743805,90,112153,2,0.6546861613748594,,,8.461538461538462
9992.HK,2022,Consumer Cyclical,0,1,1.7543859649122806,8.64864864864865,-6.894262683736368,2.631578947368421,1.8852968271311352,0.3529411764705882,88,46677,1,7.851877840931241,5.0,5.0,6.824324324324325
9896.HK,2022,Consumer Cyclical,0,0,2.807017543859649,9.72972972972973,-6.922712185870081,2.4561403508771926,2.4508289568530532,0.23225806451612907,119,48555,2,3.1404971559093515,,,9.72972972972973
2423.HK,2022,Real Estate,0,1,0.7317073170731707,7.777777777777778,-7.046070460704607,0.24390243902439024,1.5539823881996004,0.24096385542168675,126,81082,2,3.637275376845807,,,7.777777777777778
3969.HK,2022,Industrials,0,1,1.5625,8.627450980392158,-7.064950980392158,0.46875,1.388901496927169,0.13068181818181823,153,110159,2,13.259658358758264,,,8.627450980392158
1196.HK,2022,Industrials,0,1,1.875,9.019607843137255,-7.144607843137255,3.28125,1.4347766268991136,0.45925925925925926,73,50879,1,11.82977118976318,,,9.019607843137255
3738.HK,2022,Technology,0,0,2.1875,9.35483870967742,-7.16733870967742,0.9375,1.7239867925079624,0.2804878048780488,59,34223,2,0.8844238807211627,,,9.35483870967742
1193.HK,2022,Utilities,0,0,2.2727272727272725,9.473684210526317,-7.200956937799044,8.181818181818182,3.808247388980599,0.2874617737003058,233,61183,2,11.611949264015474,,,9.473684210526317
0780.HK,2022,Consumer Cyclical,0,1,0.8771929824561403,8.108108108108107,-7.230915125651967,1.0526315789473684,1.2086348545813381,0.24761904761904763,79,65363,1,8.70499551533821,,,8.108108108108107
2367.HK,2022,Consumer Defensive,0,1,1.3333333333333333,8.75,-7.416666666666667,4.666666666666667,1.6088581838830265,0.3982300884955752,68,42266,1,13.420417899337899,,,8.75
1816.HK,2022,Utilities,0,1,0.4545454545454546,7.894736842105264,-7.440191387559809,5.454545454545454,2.100189017011531,0.29292929292929293,210,99991,2,32.27161594278973,,,7.894736842105264
1277.HK,2022,Energy,0,1,0.0,7.857142857142857,-7.857142857142857,2.6666666666666665,1.0503070128191316,0.3709677419354839,39,37132,1,83.31224221591563,,,7.857142857142857
1963.HK,2022,Financial Services,0,0,2.1153846153846154,10.0,-7.884615384615385,3.269230769230769,0.9286775631500743,0.23423423423423428,85,91528,2,0.011468223952545447,,,10.0
9688.HK,2022,Healthcare,0,1,0.5660377358490566,8.51063829787234,-7.944600562023283,0.3773584905660377,0.8120770432066632,0.3709677419354839,78,96050,2,18.47563244047619,,,8.51063829787234
0013.HK,2022,Healthcare,0,1,0.7547169811320754,8.72340425531915,-7.968687274187074,1.8867924528301887,1.0337658113900086,0.6283924843423799,178,172186,2,15.653984789251634,,,8.72340425531915
0173.HK,2022,Real Estate,0,1,1.4634146341463414,9.444444444444445,-7.981029810298104,0.7317073170731707,1.9414177202902418,0.2920353982300885,80,41207,2,0.5357198416322936,,,9.444444444444445
9699.HK,2022,Industrials,0,1,1.71875,9.80392156862745,-8.08517156862745,1.5625,1.3944874169299488,0.3402061855670103,64,45895,1,0.219467665129795,,,9.80392156862745
9911.HK,2022,Technology,0,1,1.5625,9.67741935483871,-8.11491935483871,1.25,1.5010706165426813,0.3584905660377359,68,45301,2,0.09575318480779,,,9.67741935483871
0990.HK,2022,Basic Materials,0,1,1.875,10.0,-8.125,1.5625,1.8365472910927456,0.3580246913580247,52,28314,1,2.1313543746006745,,,10.0
1336.HK,2022,Financial Services,0,1,0.0,8.205128205128204,-8.205128205128204,0.0,0.1817671067633888,0.3125,11,60517,1,1.220949397996127,,,8.205128205128204
1339.HK,2022,Financial Services,0,1,0.576923076923077,8.974358974358974,-8.397435897435898,0.7692307692307693,0.40187541862022774,0.3076923076923077,27,67185,1,0.26672674230145865,,,8.974358974358974
9993.HK,2022,Real Estate,0,1,0.24390243902439024,9.166666666666666,-8.922764227642276,0.975609756097561,1.3328293779466471,0.30208333333333337,67,50269,2,0.9343832945481091,,,9.166666666666666
2869.HK,2022,Real Estate,0,1,0.4878048780487805,9.722222222222221,-9.23441734417344,0.0,1.412870262366722,0.2773109243697479,86,60869,2,0.2854199044812038,,,9.722222222222221
2328.HK,2022,Financial Services,0,1,0.19230769230769232,9.487179487179487,-9.294871794871796,0.19230769230769232,0.1951638400437167,0.2857142857142857,10,51239,1,0.08369100213867323,,,9.487179487179487
2192.HK,2022,Healthcare,0,1,0.0,9.787234042553191,-9.787234042553191,0.0,0.08106749679783387,0.375,5,61677,2,1.5534194756315791,,,9.787234042553191
1908.HK,2022,Real Estate,0,1,0.0,10.0,-10.0,0.4878048780487805,1.039826790496268,0.3916666666666667,73,70204,1,0.11576524315364259,,,10.0
3933.HK,2023,Healthcare,1,0,9.818181818181818,0.0,9.818181818181818,10.0,5.398096732242016,0.29892761394101874,523,96886,2,938.1038071732654,2.1739130434782608,1.5217391304347827,0.9565217391304347
0968.HK,2023,Technology,1,0,10.0,0.27027027027026973,9.72972972972973,10.0,10.358346021507955,0.2558139534883721,864,83411,2,1701.4659240255214,4.333333333333334,1.6666666666666663,1.7684684684684682
2343.HK,2023,Industrials,1,0,9.846153846153847,0.16666666666666718,9.679487179487179,9.384615384615385,9.480855659133859,0.3090277777777778,597,62969,2,1249.8121153589925,1.6000000000000003,3.8,1.3233333333333337
0293.HK,2023,Industrials,1,0,10.0,0.33333333333333326,9.666666666666666,9.538461538461538,13.197608363840848,0.17798427448177268,1150,87137,2,962.0087505953325,4.2,0.6000000000000005,1.5466666666666669
0941.HK,2023,Communication Services,1,0,10.0,0.45454545454545414,9.545454545454547,9.62962962962963,5.327034095428633,0.23924268502581758,442,82973,2,251.6018384855381,4.5,5.0,2.577272727272727
0257.HK,2023,Industrials,1,0,9.230769230769232,0.0,9.230769230769232,9.846153846153847,6.960084078673616,0.30364806866952787,649,93246,2,3723.7868861363213,2.6,3.0000000000000004,1.3800000000000001
9858.HK,2023,Consumer Defensive,1,0,9.411764705882353,0.2941176470588236,9.117647058823529,8.823529411764707,8.206432945460895,0.19164619164619168,658,80181,2,1184.2024352761994,,,0.2941176470588236
1038.HK,2023,Utilities,1,0,9.09090909090909,0.0,9.09090909090909,8.181818181818182,12.549278875584612,0.24410029498525077,1025,81678,2,10691.174824707843,1.6666666666666663,5.555555555555555,1.6111111111111112
3800.HK,2023,Technology,1,0,8.823529411764707,0.0,8.823529411764707,9.411764705882353,5.407757334659373,0.22459893048128343,435,80440,2,1907.68360295413,0.9999999999999998,0.6666666666666665,0.43333333333333324
0010.HK,2023,Real Estate,1,0,10.0,1.2195121951219512,8.78048780487805,10.0,14.90077515855516,0.244815668202765,1311,87982,2,136.22293906810035,4.722222222222222,4.583333333333334,2.943089430894309
0101.HK,2023,Real Estate,1,0,9.75609756097561,0.9756097560975607,8.78048780487805,9.75609756097561,14.85287985845814,0.2429638139000574,1318,88737,2,143.68377278014734,5.0,4.583333333333334,2.9044715447154474
0914.HK,2023,Basic Materials,1,0,9.0625,0.34482758620689613,8.717672413793103,7.5,5.915244589783368,0.1382113821138211,530,89599,2,9373.98577196085,9.285714285714286,7.857142857142857,4.529556650246305
3323.HK,2023,Basic Materials,1,0,9.6875,1.0344827586206895,8.65301724137931,9.0625,7.268700291956106,0.21179039301310043,722,99330,2,6759.31930231487,7.142857142857143,10.0,4.6600985221674875
3360.HK,2023,Financial Services,1,0,8.679245283018869,0.22222222222222254,8.457023060796645,8.49056603773585,4.003871427843716,0.162046908315565,393,98155,2,25.29526906333906,8.64864864864865,8.91891891891892,4.48948948948949
0006.HK,2023,Utilities,1,0,9.545454545454547,1.5000000000000002,8.045454545454547,8.636363636363637,14.558117416049212,0.25859374999999996,949,65187,2,9080.201769371568,7.222222222222222,3.333333333333334,3.5833333333333335
1378.HK,2023,Basic Materials,1,0,9.375,1.3793103448275867,7.995689655172413,8.125,6.269453746183009,0.2784380305602716,425,67789,2,5182.164160902317,2.8571428571428568,2.5,2.0467980295566504
1044.HK,2023,Consumer Defensive,1,0,8.823529411764707,0.8823529411764708,7.9411764705882355,9.117647058823529,7.120409309669485,0.31029411764705883,469,65867,3,476.3839148674921,4.545454545454546,5.454545454545454,2.89572192513369
1972.HK,2023,Real Estate,1,0,9.512195121951219,1.7073170731707321,7.804878048780487,9.512195121951219,10.598895466119911,0.34625191228964813,1282,120956,2,86.74642126789364,5.833333333333332,6.388888888888888,3.8814363143631434
6655.HK,2023,Basic Materials,1,0,8.4375,0.6896551724137934,7.747844827586206,6.25,5.449179877839544,0.23210831721470015,397,72855,2,6864.627807868055,9.642857142857142,9.285714285714286,5.094827586206897
0001.HK,2023,Industrials,1,0,9.384615384615385,1.6666666666666663,7.717948717948719,8.615384615384617,7.267203153227131,0.16998827667057448,708,97424,2,259.24205388732645,7.6,7.6,4.633333333333333
0728.HK,2023,Communication Services,1,0,8.518518518518519,0.9090909090909094,7.60942760942761,7.4074074074074066,3.7956304519315416,0.1761786600496278,332,87469,2,212.68384250055007,7.5,7.0,4.1045454545454545
0788.HK,2023,Communication Services,1,0,8.88888888888889,1.3636363636363635,7.525252525252526,9.25925925925926,3.8770913770913773,0.2200647249190939,241,62160,2,68.44243457541299,1.9999999999999996,3.5,1.981818181818182
0316.HK,2023,Industrials,1,0,8.153846153846153,0.6666666666666665,7.487179487179487,7.0769230769230775,5.024398584750556,0.382875605815832,382,76029,2,754.8667241061298,0.6000000000000005,4.3999999999999995,1.3933333333333333
2877.HK,2023,Healthcare,1,0,9.272727272727273,1.8867924528301883,7.385934819897085,9.636363636363637,4.240408864686321,0.29104477611940294,190,44807,2,190.48012437845094,6.086956521739131,5.6521739130434785,3.899917965545529
1308.HK,2023,Industrials,1,0,8.307692307692308,0.9999999999999998,7.307692307692308,9.076923076923077,5.225194524904867,0.4531946508172363,368,70428,2,661.412975682175,1.8000000000000005,9.0,2.84
0863.HK,2023,Financial Services,1,0,8.49056603773585,1.333333333333333,7.157232704402516,8.11320754716981,3.6692712789216526,0.33448275862068966,193,52599,2,14.28137077827075,8.378378378378379,1.3513513513513509,3.4504504504504503
0179.HK,2023,Consumer Cyclical,1,0,9.830508474576272,2.7450980392156863,7.085410435360585,10.0,8.24930079798835,0.23905325443786984,643,77946,2,92.07598545192847,,,2.7450980392156863
0700.HK,2023,Communication Services,1,0,9.62962962962963,2.727272727272727,6.902356902356903,8.518518518518519,4.220008521171052,0.35901386748844377,416,98578,2,33.53653515923253,6.5,5.5,4.413636363636364
6855.HK,2023,Healthcare,1,0,8.181818181818182,1.3207547169811318,6.86106346483705,7.454545454545455,3.203902936304225,0.3646209386281588,176,54933,2,252.23417903993078,1.3043478260869568,1.9565217391304346,1.44298605414274
1997.HK,2023,Real Estate,1,0,8.78048780487805,1.9512195121951215,6.829268292682928,9.02439024390244,8.26488971537786,0.38223938223938225,480,58077,2,86.53626935217193,5.277777777777778,3.8888888888888884,3.3367208672086717
0023.HK,2023,Financial Services,1,0,9.622641509433961,2.8888888888888884,6.733752620545073,9.622641509433961,5.38163001293661,0.42794279427942794,520,96625,2,8.664323287940611,7.567567567567568,7.297297297297297,5.1741741741741745
2128.HK,2023,Industrials,1,0,8.615384615384617,2.333333333333333,6.282051282051284,9.230769230769232,5.6941310098489035,0.38942307692307687,381,66911,2,192.19956946755292,4.0,2.6,2.8866666666666663
1681.HK,2023,Healthcare,1,0,9.454545454545455,3.2075471698113214,6.246998284734134,8.727272727272727,4.441951766685362,0.22957198443579763,198,44575,2,112.85043019325396,3.2608695652173916,4.130434782608695,3.4081214109926172
2380.HK,2023,Utilities,1,0,8.181818181818182,1.9999999999999996,6.181818181818182,3.1818181818181817,8.350015522464753,0.24491771539206197,780,93413,2,7987.565593574246,7.777777777777778,8.333333333333334,5.0
0083.HK,2023,Real Estate,1,0,8.292682926829269,2.195121951219512,6.097560975609756,8.292682926829269,7.44290174976925,0.380718954248366,758,101842,2,85.7812238027102,1.6666666666666663,3.055555555555556,2.208672086720867
2196.HK,2023,Healthcare,1,0,8.545454545454545,2.4528301886792447,6.0926243567753,7.818181818181818,3.6224434849864404,0.1885964912280702,370,102141,1,154.55702318461945,3.913043478260869,6.521739130434783,3.7046759639048403
0551.HK,2023,Consumer Cyclical,1,0,8.983050847457628,2.9411764705882346,6.041874376869393,9.661016949152541,6.0562623185809,0.34070221066319895,507,83715,2,83.90188903455541,3.055555555555556,8.61111111111111,4.109477124183006
0486.HK,2023,Basic Materials,1,0,8.75,2.7586206896551726,5.991379310344827,7.8125,5.740967544396816,0.2381489841986456,675,117576,2,2322.9027266028,3.928571428571429,7.142857142857143,3.986453201970444
0291.HK,2023,Consumer Defensive,1,0,8.529411764705882,2.6470588235294112,5.882352941176471,8.235294117647058,6.728434208287575,0.2090909090909091,435,64651,1,149.05989931162026,7.727272727272727,7.727272727272727,5.187165775401069
0002.HK,2023,Utilities,1,0,8.636363636363637,3.0000000000000004,5.636363636363637,4.545454545454545,8.945916183075761,0.2124183006535948,723,80819,1,3435.36807810116,3.333333333333334,7.222222222222222,3.944444444444445
2618.HK,2023,Industrials,1,0,8.76923076923077,3.1666666666666665,5.602564102564104,6.923076923076923,6.088038651115124,0.30112044817927175,499,81964,2,114.33598156796813,6.6,2.8000000000000003,4.123333333333333
0066.HK,2023,Industrials,1,0,8.0,3.0000000000000004,5.0,3.6923076923076925,4.978932251802989,0.14844804318488525,631,126734,2,133.0576076655786,0.20000000000000018,0.20000000000000018,1.6000000000000003
0762.HK,2023,Communication Services,0,0,7.4074074074074066,0.0,7.4074074074074066,5.555555555555555,3.2947985159081465,0.23841059602649006,230,69807,2,256.0407088623902,5.0,6.5,2.8
9987.HK,2023,Consumer Cyclical,0,0,7.966101694915254,0.7843137254901966,7.1817879694250575,4.406779661016949,4.978454096070074,0.171875,424,85167,2,201.46365458189106,2.5,3.6111111111111116,1.8643790849673207
1672.HK,2023,Healthcare,0,0,7.454545454545455,0.5660377358490565,6.888507718696399,6.909090909090909,2.9014978672750718,0.3076923076923077,117,40324,1,409.8272669446604,1.0869565217391308,2.1739130434782608,1.0438884331419196
1313.HK,2023,Basic Materials,0,0,6.875,0.0,6.875,5.625,4.582578324010609,0.213963963963964,349,76158,2,11766.771690944626,5.0,8.571428571428573,3.2142857142857144
1398.HK,2023,Financial Services,0,0,6.981132075471698,0.6666666666666665,6.314465408805031,5.660377358490566,2.6658948266406677,0.33460076045627374,350,131288,2,17.438810187483295,5.135135135135135,6.216216216216216,3.1171171171171173
1513.HK,2023,Healthcare,0,0,7.090909090909091,0.9433962264150941,6.147512864493997,9.09090909090909,2.693929712460064,0.34857849196538937,527,195625,2,297.9232648307786,5.434782608695652,7.391304347826086,3.58039376538146
2313.HK,2023,Consumer Cyclical,0,0,6.440677966101695,0.39215686274509776,6.048521103356597,8.47457627118644,4.352842458569331,0.24085365853658536,249,57204,2,296.10354783892467,5.277777777777778,8.88888888888889,3.55718954248366
0392.HK,2023,Industrials,0,0,9.538461538461538,3.5,6.038461538461538,10.0,8.477416311889483,0.5032727272727273,683,80567,3,105.92694881950531,6.2,5.800000000000001,4.77
1088.HK,2023,Energy,0,0,6.0,0.0,6.0,6.666666666666666,5.032813054274565,0.27707006369426757,454,90208,2,4027.352699417618,5.0,2.8571428571428568,2.071428571428571
2238.HK,2023,Consumer Cyclical,0,0,9.661016949152541,3.7254901960784315,5.93552675307411,9.491525423728813,8.151726675121743,0.17369970559371928,842,103291,2,58.89087714009594,7.5,9.444444444444445,6.0016339869281055
0267.HK,2023,Industrials,0,0,7.0769230769230775,1.166666666666667,5.910256410256411,6.3076923076923075,4.38718863949047,0.17985611510791366,456,103939,2,452.36327777016214,9.399999999999999,9.6,5.323333333333332
1919.HK,2023,Industrials,0,0,6.3076923076923075,0.5000000000000004,5.807692307692307,5.846153846153847,4.001819008640291,0.30708661417322836,352,87960,2,823.6024268041052,0.7999999999999996,7.4,1.9700000000000002
0288.HK,2023,Consumer Defensive,0,0,7.941176470588235,2.3529411764705888,5.588235294117646,7.352941176470589,5.833919483636063,0.29500000000000004,423,72507,2,151.03796310413173,7.272727272727273,8.636363636363637,5.0855614973262036
1907.HK,2023,Basic Materials,0,0,10.0,4.482758620689655,5.517241379310345,10.0,7.6993583868011,0.13993174061433444,504,65460,2,1389.9257672096512,0.714285714285714,1.071428571428571,2.6699507389162562
0981.HK,2023,Technology,0,0,6.764705882352942,1.3513513513513509,5.413354531001591,6.764705882352942,3.5890345915902078,0.2719546742209632,257,71607,2,412.54674479084275,2.666666666666667,5.0,2.4756756756756753
0683.HK,2023,Real Estate,0,0,9.26829268292683,3.902439024390244,5.365853658536587,8.78048780487805,9.897118509229669,0.2241014799154334,734,74163,2,55.067165775401065,2.7777777777777777,3.333333333333334,3.451219512195122
0823.HK,2023,Real Estate,0,0,9.02439024390244,3.6585365853658534,5.365853658536587,9.26829268292683,9.476546208061663,0.2900461437046803,1077,113649,2,58.20799411476214,,,3.6585365853658534
2269.HK,2023,Healthcare,0,0,9.636363636363637,4.339622641509434,5.296740994854202,9.272727272727273,5.035271523015746,0.3518225039619651,409,81227,2,76.89183941416869,4.782608695652174,4.347826086956522,4.474159146841674
1117.HK,2023,Consumer Defensive,0,0,5.294117647058823,0.0,5.294117647058823,5.588235294117647,3.8669206421952653,0.26027397260273977,270,69823,2,1235.4560972871382,4.090909090909091,4.090909090909091,2.0454545454545454
2638.HK,2023,Utilities,0,0,7.727272727272727,2.5,5.227272727272727,1.3636363636363635,8.090413094310211,0.21482602118003025,519,64150,2,4540.7680168332445,6.111111111111112,5.0,4.083333333333334
2669.HK,2023,Real Estate,0,0,5.365853658536586,0.24390243902439046,5.121951219512195,5.365853658536586,4.544952202022435,0.23842592592592593,329,72388,2,373.6866890144622,7.5,5.555555555555555,3.4830623306233064
2666.HK,2023,Financial Services,0,0,5.09433962264151,0.0,5.09433962264151,5.283018867924528,2.2283374723135783,0.2844827586206896,166,74495,2,26.21604968072636,1.6216216216216217,1.6216216216216217,0.8108108108108109
3931.HK,2023,Industrials,0,0,6.923076923076923,1.8333333333333335,5.089743589743589,6.615384615384615,4.3598950004525845,0.3341013824884793,289,66286,2,255.74991199140484,3.5999999999999996,0.7999999999999996,2.1566666666666663
0857.HK,2023,Energy,0,0,9.333333333333334,4.2857142857142865,5.0476190476190474,9.333333333333334,7.383608968714014,0.25922330097087376,763,103337,2,409.08493460594286,4.2857142857142865,3.571428571428571,4.142857142857143
0087.HK,2023,Industrials,0,0,9.692307692307692,4.666666666666667,5.025641025641025,9.692307692307692,8.959676348293371,0.32434514637904466,877,97883,2,59.47291268995917,5.0,3.5999999999999996,4.553333333333334
1286.HK,2023,Industrials,0,0,6.461538461538462,1.5000000000000002,4.961538461538462,7.6923076923076925,4.131920967620765,0.3015873015873016,220,53244,2,262.5287498115923,8.0,8.0,4.75
2268.HK,2023,Healthcare,0,0,8.909090909090908,3.9622641509433967,4.946826758147512,8.909090909090908,3.951055645484135,0.42385786802030456,227,57453,2,86.02007967647265,,,3.9622641509433967
2611.HK,2023,Financial Services,0,0,7.3584905660377355,2.4444444444444446,4.914046121593291,6.981132075471698,2.954146873031278,0.3046092184368737,347,117462,2,9.464890197720347,2.432432432432432,2.7027027027027026,2.4924924924924925
0836.HK,2023,Utilities,0,0,5.909090909090909,0.9999999999999998,4.909090909090909,3.6363636363636367,6.476273951257517,0.20833333333333337,532,82146,2,10525.626906421274,6.666666666666668,6.111111111111112,3.7222222222222228
0425.HK,2023,Consumer Cyclical,0,0,6.271186440677966,1.3725490196078427,4.898637421070124,6.101694915254238,4.289584587597832,0.29280397022332505,285,66440,2,160.91890759909754,4.444444444444445,5.277777777777778,3.07516339869281
1548.HK,2023,Healthcare,0,0,6.363636363636363,1.5094339622641506,4.854202401372213,8.363636363636363,2.319720488000458,0.3932584269662921,162,69836,2,236.54749500428207,0.21739130434782594,0.8695652173913049,0.9938474159146841
1347.HK,2023,Technology,0,0,6.470588235294118,1.6216216216216217,4.848966613672496,9.117647058823529,3.544210440055724,0.25108225108225113,173,48812,1,234.9271448961622,3.0000000000000004,3.333333333333334,2.377477477477478
3311.HK,2023,Industrials,0,0,9.076923076923077,4.333333333333334,4.743589743589743,8.307692307692308,6.453795834482067,0.22205438066465255,515,79798,2,64.32886008721829,8.6,6.2,5.986666666666666
0345.HK,2023,Consumer Defensive,0,0,8.235294117647058,3.5294117647058822,4.705882352941176,6.470588235294118,6.000899157528489,0.2690476190476191,307,51159,2,137.349088621366,,,3.5294117647058822
9633.HK,2023,Consumer Defensive,0,0,6.470588235294118,1.7647058823529416,4.705882352941176,9.411764705882353,4.74251776620117,0.25629290617848965,325,68529,2,185.88769116226246,6.363636363636363,2.727272727272727,3.336898395721925
6099.HK,2023,Financial Services,0,0,6.415094339622641,1.7777777777777781,4.637316561844862,5.471698113207547,2.5194668178346755,0.31769722814498935,320,127011,2,11.993255110457252,4.864864864864865,4.0540540540540535,3.1591591591591595
0004.HK,2023,Real Estate,0,0,7.804878048780488,3.1707317073170724,4.634146341463415,8.048780487804878,6.937416342920571,0.40225035161744027,425,61262,2,64.02503430079155,3.8888888888888884,2.7777777777777777,3.3075880758807585
0014.HK,2023,Real Estate,0,0,6.097560975609756,1.4634146341463417,4.634146341463414,6.097560975609756,5.584205097981435,0.3397212543554007,379,67870,2,88.91757009345794,3.333333333333334,5.833333333333332,2.8983739837398375
2276.HK,2023,Healthcare,0,0,7.272727272727273,2.6415094339622645,4.631217838765009,6.0,2.7257910414207833,0.2362204724409449,97,35586,2,145.38804221997555,3.0434782608695654,3.4782608695652173,2.9294503691550453
2359.HK,2023,Healthcare,0,0,8.0,3.3962264150943398,4.60377358490566,6.7272727272727275,3.140889642175629,0.3793911007025761,265,84371,2,95.78128161336151,3.695652173913043,4.782608695652174,3.7633305988515175
3606.HK,2023,Consumer Cyclical,0,0,4.745762711864407,0.19607843137254943,4.549684280491857,7.288135593220338,3.2330766547718066,0.2848664688427299,241,74542,2,432.7520976331925,6.666666666666668,7.222222222222222,3.5424836601307197
0175.HK,2023,Consumer Cyclical,0,0,10.0,5.490196078431373,4.509803921568627,9.830508474576272,8.809204720033994,0.2651670074982958,1078,122372,2,31.383335217968174,4.722222222222222,5.0,5.161764705882353
0003.HK,2023,Utilities,0,0,10.0,5.5,4.5,10.0,14.825376171426198,0.2019374068554396,1071,72241,2,303.12210927996824,4.444444444444445,6.666666666666668,5.416666666666667
6088.HK,2023,Technology,0,0,8.529411764705882,4.0540540540540535,4.475357710651829,8.235294117647058,5.08878302295366,0.1730205278592375,282,55416,2,61.2652667707452,5.666666666666666,5.666666666666666,4.86036036036036
6979.HK,2023,Consumer Defensive,0,0,7.647058823529411,3.2352941176470584,4.411764705882353,6.764705882352942,5.733461169702781,0.19839142091152817,299,52150,2,140.3497093436325,3.1818181818181825,1.3636363636363635,2.8449197860962565
0666.HK,2023,Consumer Cyclical,0,0,4.915254237288136,0.5882352941176472,4.327018943170488,6.440677966101695,3.2482851232170726,0.31939163498098855,179,55106,2,223.18703688160386,,,0.5882352941176472
2888.HK,2023,Financial Services,0,0,10.0,5.777777777777777,4.222222222222223,9.81132075471698,5.81329077852502,0.4450777202072539,1071,184233,1,5.398086617781852,5.945945945945946,5.945945945945946,5.861861861861861
2600.HK,2023,Basic Materials,0,0,6.25,2.068965517241379,4.181034482758621,5.9375,4.248271114982953,0.24329501915708818,395,92979,2,3645.710479758648,2.5,6.428571428571428,3.070197044334975
2328.HK,2023,Financial Services,0,0,7.735849056603774,3.5555555555555554,4.180293501048219,7.735849056603774,3.16109851111085,0.2768817204301075,269,85097,2,7.763998991411093,0.0,0.0,1.7777777777777777
2005.HK,2023,Healthcare,0,0,4.363636363636363,0.18867924528301883,4.174957118353344,2.727272727272727,1.9717384160368059,0.2727272727272727,72,36516,1,507.9261687551417,0.8695652173913049,1.3043478260869568,0.6160787530762922
3996.HK,2023,Industrials,0,0,6.615384615384615,2.5,4.115384615384615,7.384615384615385,4.200234808307356,0.1056034482758621,415,98804,2,143.5288455500663,4.6,2.1999999999999997,3.07
2382.HK,2023,Technology,0,0,7.058823529411765,2.972972972972973,4.085850556438793,7.352941176470589,3.8639432330719066,0.2292263610315186,269,69618,2,87.16680311430784,4.0,4.666666666666667,3.6198198198198197
3692.HK,2023,Healthcare,0,0,9.09090909090909,5.09433962264151,3.9965694682675803,9.454545454545455,4.231421415348237,0.37614678899082565,272,64281,2,65.63930780143642,4.347826086956522,4.565217391304348,4.764561115668581
0778.HK,2023,Real Estate,0,0,6.341463414634147,2.4390243902439024,3.9024390243902443,6.829268292682928,5.717636710159801,0.33251833740831294,273,47747,2,84.47953797929776,4.166666666666666,3.6111111111111116,3.1917344173441733
1113.HK,2023,Real Estate,0,0,6.829268292682928,2.9268292682926833,3.9024390243902443,7.073170731707316,6.128936663164417,0.31784107946026985,455,74238,2,78.1190398577567,2.5,4.166666666666666,3.046747967479675
2778.HK,2023,Real Estate,0,0,8.048780487804878,4.146341463414634,3.902439024390244,7.804878048780488,7.138999527442111,0.3806734992679356,423,59252,2,54.17034275566515,4.444444444444445,5.0,4.40650406504065
2057.HK,2023,Industrials,0,0,5.230769230769231,1.333333333333333,3.897435897435898,3.8461538461538463,3.2779413826952744,0.26086956521739135,187,57048,2,335.64098309387447,5.6000000000000005,4.2,3.1866666666666665
0586.HK,2023,Industrials,0,0,7.538461538461538,3.666666666666667,3.8717948717948714,8.923076923076923,4.551539491298527,0.2060439560439561,289,63495,2,100.81621057761298,5.4,4.8,4.413333333333334
0144.HK,2023,Industrials,0,0,6.0,2.166666666666667,3.833333333333333,5.692307692307692,3.786332606094729,0.25277777777777777,269,71045,2,194.22692910642743,4.8,6.6,3.8433333333333337
2319.HK,2023,Consumer Defensive,0,0,9.117647058823529,5.294117647058823,3.8235294117647056,8.529411764705882,7.134755405949289,0.1852367688022284,585,81993,2,103.90732215079282,5.909090909090908,6.363636363636363,5.692513368983957
0200.HK,2023,Consumer Cyclical,0,0,7.11864406779661,3.333333333333334,3.785310734463276,8.64406779661017,4.548182727575859,0.40695652173913044,341,74975,2,71.98871989309092,8.61111111111111,3.333333333333334,4.916666666666667
0148.HK,2023,Industrials,0,0,4.615384615384616,0.8333333333333337,3.782051282051282,6.76923076923077,2.915395230413403,0.2146596858638743,150,51451,2,680.3189927684983,3.8,6.799999999999999,2.9166666666666665
0303.HK,2023,Technology,0,0,9.117647058823529,5.405405405405405,3.7122416534181237,9.705882352941176,5.921071541490615,0.3748103186646434,412,69582,2,32.663603515189365,,,5.405405405405405
1310.HK,2023,Communication Services,0,0,7.777777777777778,4.090909090909091,3.686868686868687,7.777777777777778,3.51639807746678,0.34967320261437906,199,56592,1,29.25753170325181,8.5,9.0,6.3954545454545455
6823.HK,2023,Communication Services,0,0,5.925925925925926,2.272727272727273,3.6531986531986527,6.296296296296297,2.5230567473949796,0.23043478260869565,177,70153,2,33.872403145936495,6.0,8.0,4.536363636363637
2232.HK,2023,Consumer Cyclical,0,0,6.779661016949152,3.1372549019607843,3.642406114988368,7.966101694915254,4.478477317711978,0.3293413173652695,224,50017,2,75.29776161526347,1.3888888888888884,6.388888888888888,3.2630718954248366
3396.HK,2023,Technology,0,0,8.235294117647058,4.594594594594595,3.6406995230524632,8.823529411764707,4.611001152750288,0.21042830540037238,424,91954,2,59.740914851047464,3.333333333333334,4.333333333333334,4.1639639639639645
1888.HK,2023,Technology,0,0,4.705882352941177,1.0810810810810811,3.6248012718600955,7.941176470588235,2.943921878365764,0.18000000000000005,123,41781,2,414.07351700106165,1.9999999999999996,7.0,2.5405405405405403
0552.HK,2023,Communication Services,0,0,8.148148148148147,4.545454545454546,3.602693602693601,7.037037037037037,3.7790504095358592,0.25082508250825086,227,60068,1,20.178357082311308,8.0,7.5,6.172727272727273
1440.HK,2023,Consumer Cyclical,0,0,3.559322033898305,0.0,3.559322033898305,3.389830508474576,2.751516861859743,0.19587628865979378,78,28348,1,833.1168635557249,8.88888888888889,7.777777777777778,4.222222222222222
2689.HK,2023,Basic Materials,0,0,6.5625,3.1034482758620685,3.4590517241379315,6.875,4.413191076624636,0.2806324110671937,182,41240,1,1727.3702666082006,5.357142857142857,8.928571428571429,4.944581280788177
0868.HK,2023,Basic Materials,0,0,7.1875,3.793103448275862,3.394396551724138,8.4375,4.727381070612772,0.2676923076923077,238,50345,2,1659.2329039746273,8.928571428571429,7.5,6.075123152709359
1024.HK,2023,Communication Services,0,0,5.185185185185185,1.8181818181818177,3.3670033670033677,6.666666666666666,2.308257265764348,0.34468085106382984,154,66717,1,66.96184013395612,3.0000000000000004,1.5000000000000002,2.1090909090909093
2318.HK,2023,Financial Services,0,0,9.81132075471698,6.444444444444444,3.366876310272537,8.867924528301888,5.546333519522308,0.21492204899777279,705,127111,2,3.677676788078727,7.027027027027026,7.837837837837838,6.897897897897898
0570.HK,2023,Healthcare,0,0,6.181818181818182,2.8301886792452837,3.351629502572898,4.363636363636363,2.2919452016738147,0.3089005235602095,132,57593,2,134.60614889386912,7.608695652173914,7.826086956521739,5.262920426579164
2477.HK,2023,Communication Services,0,0,9.25925925925926,5.909090909090908,3.3501683501683512,10.0,3.945530726256983,0.256578947368421,113,28640,1,7.241097206974555,0.0,0.0,2.954545454545454
0151.HK,2023,Consumer Defensive,0,0,6.176470588235294,2.9411764705882346,3.2352941176470598,7.941176470588235,4.697366394578777,0.3936381709741551,305,64930,2,146.7566868582335,,,2.9411764705882346
0506.HK,2023,Consumer Defensive,0,0,7.352941176470589,4.117647058823529,3.2352941176470598,7.647058823529411,5.2550511914469515,0.24675324675324672,232,44148,2,124.55832113083963,0.45454545454545414,0.9090909090909094,2.377005347593583
0322.HK,2023,Consumer Defensive,0,0,4.705882352941177,1.470588235294118,3.235294117647059,4.411764705882353,3.786157807057398,0.10313901345291476,200,52824,1,196.97064372655026,5.454545454545454,6.818181818181818,3.735294117647059
0290.HK,2023,Financial Services,0,0,4.339622641509434,1.1111111111111116,3.2285115303983227,6.037735849056603,1.8835457166775185,0.39097744360902253,81,43004,1,14.629588132478823,,,1.1111111111111116
0016.HK,2023,Real Estate,0,0,7.560975609756097,4.390243902439024,3.1707317073170733,7.317073170731707,6.844306648337184,0.3157894736842105,702,102567,2,38.44508743591544,3.6111111111111116,6.944444444444445,4.667344173441735
1585.HK,2023,Consumer Cyclical,0,0,8.813559322033898,5.686274509803921,3.127284812229977,9.152542372881356,6.0488525649905345,0.26815642458100564,262,43314,2,31.10655164663723,6.388888888888888,8.055555555555555,6.370915032679738
1177.HK,2023,Healthcare,0,0,7.818181818181818,4.716981132075472,3.1012006861063464,7.272727272727273,3.1174325716035294,0.32121212121212117,224,71854,2,65.74672214934313,6.521739130434783,8.91304347826087,6.097621000820345
0027.HK,2023,Consumer Cyclical,0,0,4.067796610169491,0.980392156862745,3.087404453306746,5.76271186440678,2.9016979613231744,0.31718061674008813,155,53417,2,188.7671318214227,8.333333333333334,1.9444444444444442,3.3790849673202614
2628.HK,2023,Financial Services,0,0,4.528301886792453,1.5555555555555556,2.9727463312368974,3.3962264150943393,1.994920151778461,0.174468085106383,194,97247,2,12.527751570090345,0.5405405405405406,0.8108108108108103,1.102102102102102
1866.HK,2023,Basic Materials,0,0,4.6875,1.7241379310344829,2.963362068965517,5.0,2.9599923613100354,0.2790697674418605,124,41892,2,4350.527508315322,8.214285714285714,8.214285714285714,4.969211822660098
1876.HK,2023,Consumer Defensive,0,0,9.705882352941176,6.764705882352942,2.9411764705882337,9.705882352941176,8.74376885475987,0.18496240601503755,542,61987,2,52.376312718786465,9.09090909090909,9.09090909090909,7.927807486631016
2388.HK,2023,Financial Services,0,0,7.547169811320755,4.666666666666667,2.880503144654088,6.792452830188679,3.04579623100535,0.28619153674832964,641,210454,4,5.766692506459948,7.837837837837838,5.405405405405405,5.7657657657657655
2601.HK,2023,Financial Services,0,0,8.11320754716981,5.333333333333333,2.779874213836478,7.547169811320755,3.382903626355361,0.3188976377952756,346,102279,2,5.546985824421785,3.513513513513513,4.864864864864865,4.693693693693693
3918.HK,2023,Consumer Cyclical,0,0,7.4576271186440675,4.705882352941177,2.751744765702891,8.305084745762713,4.922084450402145,0.2467948717948718,235,47744,1,42.05512526295659,4.166666666666666,5.833333333333332,4.769607843137255
0636.HK,2023,Industrials,0,0,7.6923076923076925,5.0,2.6923076923076925,6.153846153846154,4.770164787510842,0.3486842105263158,297,62262,2,48.525704518977655,3.1999999999999993,9.399999999999999,5.34
3968.HK,2023,Financial Services,0,0,4.90566037735849,2.2222222222222223,2.683438155136268,4.90566037735849,2.2277048109716278,0.2810304449648712,307,137810,2,10.770688584778714,4.324324324324325,5.135135135135135,3.4354354354354353
1928.HK,2023,Consumer Cyclical,0,0,6.101694915254238,3.5294117647058822,2.5722831505483557,8.135593220338983,4.1053227633069085,0.3303730017761989,377,91832,2,71.27410468319559,9.444444444444445,3.055555555555556,5.209150326797385
6808.HK,2023,Consumer Cyclical,0,0,3.7288135593220337,1.1764705882352944,2.5523429710867394,2.3728813559322033,2.856425387657731,0.2384937238493724,182,63716,2,165.23846812172792,,,1.1764705882352944
1114.HK,2023,Consumer Cyclical,0,0,5.084745762711864,2.549019607843137,2.535726154868727,5.084745762711864,3.3419311427610183,0.2587064676616916,149,44585,1,100.99545768261561,6.944444444444445,9.166666666666666,5.1911764705882355
9995.HK,2023,Healthcare,0,0,2.909090909090909,0.37735849056603765,2.5317324185248715,5.2727272727272725,1.6404313985550243,0.3237410071942446,94,57302,2,469.6547294471858,1.7391304347826086,1.0869565217391308,0.9278096800656276
1686.HK,2023,Real Estate,0,0,2.4390243902439024,0.0,2.4390243902439024,1.707317073170732,2.3828071300921048,0.22962962962962963,104,43646,2,643.7892785848347,,,0.0
2282.HK,2023,Consumer Cyclical,0,0,7.288135593220338,4.901960784313726,2.3861748089066124,7.11864406779661,4.646660212971926,0.3263157894736842,384,82640,2,39.67999786098076,10.0,4.444444444444445,6.339869281045752
3988.HK,2023,Financial Services,0,0,2.830188679245283,0.444444444444444,2.385744234800839,2.641509433962264,1.1244179015816105,0.2861952861952862,212,188542,2,18.454778397360446,5.675675675675675,5.675675675675675,3.0600600600600596
6699.HK,2023,Healthcare,0,0,6.909090909090909,4.528301886792453,2.3807890222984565,4.181818181818182,2.515310586176728,0.41025641025641024,138,54864,2,69.10016410960995,0.4347826086956519,0.21739130434782594,2.4380639868744876
1519.HK,2023,Industrials,0,0,5.692307692307692,3.333333333333334,2.3589743589743577,3.384615384615385,3.5035730271179637,0.22525597269624575,227,64791,1,111.88517536681918,,,3.333333333333334
0363.HK,2023,Industrials,0,0,4.307692307692308,1.9999999999999996,2.307692307692309,7.538461538461538,2.8240989779451318,0.2186046511627907,168,59488,2,247.3806848776934,3.0000000000000004,1.9999999999999996,2.3
1766.HK,2023,Industrials,0,0,6.76923076923077,4.5,2.26923076923077,6.0,4.216346984620702,0.16055045871559637,366,86805,2,61.73760137143142,,,4.5
6869.HK,2023,Technology,0,0,4.411764705882353,2.1621621621621623,2.249602543720191,5.0,2.933850649039613,0.3039772727272727,245,83508,2,209.8853740957529,3.666666666666667,4.0,2.981081081081081
1735.HK,2023,Industrials,0,0,5.076923076923077,2.833333333333333,2.2435897435897436,5.384615384615384,3.220098053436222,0.20714285714285718,111,34471,1,135.37988366801966,0.0,0.0,1.4166666666666665
0880.HK,2023,Consumer Cyclical,0,0,4.23728813559322,2.1568627450980395,2.08042539049518,3.559322033898305,2.9054810689749098,0.2615384615384615,192,66082,2,113.06180335855547,9.166666666666666,6.111111111111112,5.050653594771242
0522.HK,2023,Technology,0,0,7.941176470588235,5.945945945945946,1.995230524642289,6.470588235294118,4.413430151222437,0.3391521197007481,265,60044,2,24.99610647777998,6.666666666666668,9.666666666666666,6.906306306306307
1789.HK,2023,Healthcare,0,0,8.363636363636363,6.415094339622643,1.9485420240137206,7.636363636363637,3.5111185420498243,0.2911392405063291,168,47848,1,38.61964306283608,1.5217391304347827,2.6086956521739135,4.185808039376539
2162.HK,2023,Healthcare,0,0,3.6363636363636367,1.6981132075471694,1.9382504288164673,6.181818181818182,1.8255313600208631,0.4354838709677419,70,38345,1,202.92249255143398,8.478260869565217,0.4347826086956519,3.47949138638228
0008.HK,2023,Communication Services,0,0,5.555555555555555,3.6363636363636367,1.9191919191919187,5.185185185185185,2.395111794564729,0.23478260869565215,176,73483,2,32.33930173054171,7.0,8.5,5.618181818181819
1138.HK,2023,Energy,0,0,4.0,2.1428571428571432,1.8571428571428568,2.6666666666666665,3.7629806682924465,0.47874720357941836,233,61919,2,1132.4164650456376,8.571428571428573,5.0,4.642857142857143
1171.HK,2023,Energy,0,0,4.666666666666667,2.8571428571428568,1.8095238095238102,4.0,3.924638478382753,0.1737193763919822,371,94531,2,1060.0798756899017,0.0,2.1428571428571432,1.857142857142857
0285.HK,2023,Technology,0,0,5.294117647058823,3.513513513513513,1.7806041335453102,4.411764705882353,3.216877384603875,0.18354430379746833,129,40101,1,78.64453495507192,8.666666666666668,7.333333333333334,5.8234234234234235
0902.HK,2023,Utilities,0,0,2.2727272727272725,0.5000000000000004,1.772727272727272,1.8181818181818183,4.41164953925672,0.20781249999999996,507,114923,2,10675.347197399959,2.7777777777777777,2.2222222222222223,1.527777777777778
1921.HK,2023,Energy,0,0,5.333333333333333,3.571428571428571,1.7619047619047619,0.6666666666666666,4.732151061288247,0.22846441947565543,206,43532,1,686.5244190939268,7.142857142857143,10.0,5.928571428571429
0386.HK,2023,Energy,0,0,6.666666666666666,5.0,1.666666666666666,6.0,5.0527734111834715,0.2931937172774869,540,106872,2,378.15627761134624,5.7142857142857135,5.7142857142857135,5.357142857142856
1913.HK,2023,Consumer Cyclical,0,0,9.491525423728813,7.8431372549019605,1.6483881688268527,9.322033898305085,7.367844831412466,0.24430955993930192,498,67591,2,7.062825933211941,5.833333333333332,6.944444444444445,7.060457516339869
1316.HK,2023,Consumer Cyclical,0,0,5.932203389830509,4.313725490196079,1.6184778996344296,6.610169491525424,3.993932295166958,0.4157303370786517,208,52079,2,51.547104884885,6.111111111111112,7.5,5.490196078431373
0123.HK,2023,Real Estate,0,0,8.536585365853659,7.073170731707316,1.4634146341463428,8.536585365853659,8.02118040363926,0.3071705426356589,715,89139,2,5.774349486202732,6.666666666666668,5.277777777777778,6.592140921409214
0041.HK,2023,Real Estate,0,0,4.878048780487805,3.414634146341463,1.4634146341463419,4.878048780487805,3.6525092331088422,0.3374384236453202,269,73648,2,60.99768868519238,5.555555555555555,2.5,3.873983739837398
6666.HK,2023,Real Estate,0,0,1.951219512195122,0.4878048780487809,1.463414634146341,3.6585365853658534,2.274388758021282,0.2866242038216561,112,49244,2,294.9431419934931,6.111111111111112,6.666666666666668,3.4105691056910574
0308.HK,2023,Consumer Cyclical,0,0,3.2203389830508473,1.7647058823529416,1.4556331006979057,4.745762711864407,2.7150821778689713,0.21084337349397586,131,48249,1,134.48535059880365,3.333333333333334,1.6666666666666663,2.215686274509804
6078.HK,2023,Healthcare,0,0,6.7272727272727275,5.283018867924528,1.4442538593481995,7.090909090909091,2.5021793174700546,0.39688715953307396,155,61946,2,64.12847709410599,2.8260869565217392,1.7391304347826086,3.8371616078753075
3998.HK,2023,Consumer Cyclical,0,0,8.64406779661017,7.254901960784314,1.3891658358258558,8.813559322033898,5.873004905686451,0.2772108843537415,425,72365,2,15.567274066990896,,,7.254901960784314
0992.HK,2023,Technology,0,0,9.705882352941176,8.378378378378379,1.3275039745627968,8.529411764705882,6.492290405143891,0.1657754010695187,624,96114,2,3.3697110752387847,,,8.378378378378379
3888.HK,2023,Communication Services,0,0,6.296296296296297,5.0,1.2962962962962967,5.925925925925926,2.7113806635747415,0.2549019607843137,190,70075,2,10.715073841542576,5.5,4.0,4.95
0467.HK,2023,Energy,0,0,2.0,0.714285714285714,1.285714285714286,5.333333333333333,3.107533160924335,0.3004694835680751,149,47948,2,2036.812040254358,10.0,8.571428571428573,5.071428571428571
2020.HK,2023,Consumer Cyclical,0,0,8.135593220338983,6.862745098039216,1.2728481222997665,7.627118644067796,5.280507264634249,0.28449502133712656,503,95256,2,23.113875168387967,3.6111111111111116,4.722222222222222,5.459150326797387
1772.HK,2023,Basic Materials,0,0,7.8125,6.551724137931034,1.2607758620689662,4.6875,4.860033306521961,0.2325581395348837,429,88271,2,218.45656523632167,0.0,0.0,3.275862068965517
1898.HK,2023,Energy,0,0,2.6666666666666665,1.428571428571429,1.2380952380952375,8.666666666666668,3.1410895483659504,0.32551319648093846,230,73223,2,1812.2587076478897,3.571428571428571,7.857142857142857,3.3571428571428577
2899.HK,2023,Basic Materials,0,0,8.125,6.8965517241379315,1.2284482758620685,8.75,5.295211231489198,0.3011844331641286,826,155990,2,209.07744371969144,6.071428571428572,5.0,6.269704433497537
0012.HK,2023,Real Estate,0,0,5.853658536585366,4.634146341463414,1.2195121951219514,6.585365853658537,5.189205689048296,0.37471264367816093,544,104833,2,38.2737540805223,3.055555555555556,1.9444444444444442,3.6226287262872625
2555.HK,2023,Consumer Defensive,0,0,10.0,8.823529411764707,1.1764705882352935,10.0,11.76614781223189,0.3142857142857143,96,8159,1,6.687031395750614,,,8.823529411764707
9863.HK,2023,Consumer Cyclical,0,0,7.627118644067796,6.470588235294117,1.156530408773679,7.796610169491526,4.9316960102579275,0.24433249370277077,300,60831,2,24.752603932634088,0.2777777777777779,0.2777777777777779,3.3741830065359473
0867.HK,2023,Healthcare,0,0,10.0,8.867924528301888,1.132075471698112,9.818181818181818,6.1116660533095,0.30180180180180183,465,76084,2,5.174866487339462,8.043478260869566,9.782608695652174,8.803527481542249
0005.HK,2023,Financial Services,0,0,8.867924528301888,7.777777777777778,1.0901467505241103,9.433962264150944,4.660885422729213,0.5005197505197505,961,206184,1,2.8529010662038186,8.91891891891892,8.64864864864865,8.294294294294295
0460.HK,2023,Healthcare,0,0,1.8181818181818183,0.7547169811320753,1.063464837049743,2.3636363636363638,1.4746752878452725,0.3459119496855346,104,70524,2,402.72588964810734,4.130434782608695,9.130434782608695,3.4425758818703853
2038.HK,2023,Technology,0,0,5.882352941176471,4.864864864864865,1.017488076311606,6.176470588235294,3.396832683038788,0.37815126050420167,370,108925,2,43.80125315748338,5.333333333333333,9.333333333333334,5.899099099099099
1811.HK,2023,Utilities,0,0,5.0,4.0,1.0,4.090909090909091,5.641893624660204,0.24398625429553267,440,77988,2,1546.0983767727614,9.444444444444445,9.444444444444445,6.722222222222223
6069.HK,2023,Financial Services,0,0,8.30188679245283,7.333333333333334,0.9685534591194962,7.169811320754716,3.3955013747639713,0.262589928057554,205,60374,2,2.911480636583852,6.756756756756756,4.594594594594595,6.6126126126126135
0883.HK,2023,Energy,0,0,7.333333333333333,6.428571428571428,0.9047619047619051,10.0,5.312349080992017,0.31123388581952116,374,70402,2,263.69084050957224,1.428571428571429,1.428571428571429,3.928571428571429
1883.HK,2023,Communication Services,0,0,4.0740740740740735,3.1818181818181825,0.892255892255891,4.814814814814815,1.9900315849049715,0.29220779220779225,109,54773,1,32.47000901171522,0.9999999999999998,1.9999999999999996,2.290909090909091
0189.HK,2023,Basic Materials,0,0,5.0,4.137931034482759,0.8620689655172411,5.3125,3.1773093614383137,0.33513513513513515,123,38712,1,1412.7399012634992,1.071428571428571,3.928571428571429,3.1761083743842367
0020.HK,2023,Technology,0,0,3.235294117647059,2.432432432432432,0.8028616852146269,1.4705882352941178,2.588238499366563,0.19491525423728817,190,73409,2,155.0727015522153,0.0,0.0,1.216216216216216
0659.HK,2023,Industrials,0,0,8.461538461538462,7.666666666666666,0.7948717948717956,8.0,5.354359171316902,0.3746701846965699,474,88526,2,24.263017395857144,1.4000000000000001,1.4000000000000001,4.533333333333333
2186.HK,2023,Healthcare,0,0,4.545454545454545,3.7735849056603774,0.7718696397941676,8.545454545454545,2.0068567605987124,0.3142857142857143,120,59795,2,89.31186314092056,5.0,6.304347826086957,4.64766201804758
1810.HK,2023,Technology,0,0,9.411764705882353,8.64864864864865,0.7631160572337041,7.647058823529411,6.3747671014107,0.09792843691148778,479,75140,1,3.101457706367728,1.6666666666666663,2.333333333333333,5.290990990990991
2018.HK,2023,Technology,0,0,2.6470588235294117,1.8918918918918914,0.7551669316375202,7.058823529411765,2.4370561652679146,0.37344398340248963,151,61960,2,226.0282151901908,4.666666666666667,3.666666666666667,3.0792792792792794
6690.HK,2023,Consumer Cyclical,0,0,7.796610169491526,7.0588235294117645,0.7377866400797615,6.271186440677966,4.932642032686974,0.17431192660550454,450,91229,2,17.08533222396243,,,7.0588235294117645
1929.HK,2023,Consumer Cyclical,0,0,9.152542372881356,8.431372549019608,0.7211698238617483,7.4576271186440675,6.069167582273845,0.17535545023696686,348,57339,2,4.82551085500885,,,8.431372549019608
0656.HK,2023,Industrials,0,0,5.538461538461538,4.833333333333333,0.7051282051282053,4.307692307692308,3.35659827334903,0.2585139318885449,479,142704,2,56.14984961426145,7.800000000000001,7.0,6.156666666666667
1302.HK,2023,Healthcare,0,0,6.545454545454545,5.849056603773585,0.69639794168096,8.0,2.3465260240910006,0.375,105,44747,2,51.797044607098464,2.6086956521739135,2.8260869565217392,4.272354388843314
2314.HK,2023,Basic Materials,0,0,4.0625,3.4482758620689657,0.6142241379310343,4.0625,2.7481497605572485,0.28873239436619713,101,36752,1,1699.6179901233836,2.1428571428571432,3.571428571428571,3.0812807881773403
0839.HK,2023,Consumer Defensive,0,0,1.7647058823529413,1.1764705882352944,0.588235294117647,2.0588235294117645,1.7247454609521338,0.23770491803278693,93,53921,1,199.2679487179487,6.818181818181818,5.0,3.6336898395721926
2356.HK,2023,Financial Services,0,0,5.471698113207547,4.888888888888889,0.582809224318658,8.30188679245283,2.255778774448661,0.556135770234987,170,75362,3,5.735831616584051,2.972972972972973,6.486486486486487,4.633633633633634
1072.HK,2023,Industrials,0,0,7.230769230769231,6.666666666666668,0.564102564102563,8.153846153846153,4.461277505402328,0.2514619883040936,384,86074,2,32.63201238809419,7.199999999999999,6.0,6.693333333333334
1052.HK,2023,Industrials,0,0,7.384615384615385,6.833333333333334,0.5512820512820511,7.846153846153846,4.467809433034983,0.45155393053016457,300,67147,2,32.36684358839002,9.200000000000001,6.4,7.456666666666668
2378.HK,2023,Financial Services,0,0,9.433962264150944,8.88888888888889,0.5450733752620547,10.0,5.359533171588723,0.5502413339183853,1025,191248,2,1.0675788594109046,,,8.88888888888889
1428.HK,2023,Financial Services,0,0,3.2075471698113205,2.666666666666667,0.5408805031446535,2.452830188679245,1.2378902045209903,0.14814814814814814,46,37160,1,9.17352531888905,,,2.666666666666667
0512.HK,2023,Healthcare,0,0,1.6363636363636362,1.132075471698113,0.5042881646655233,5.818181818181818,1.4665020067922199,0.3870967741935484,114,77736,3,280.40676246653476,0.6521739130434778,0.6521739130434778,0.8921246923707954
0763.HK,2023,Technology,0,0,6.176470588235294,5.675675675675675,0.5007949125596189,3.8235294117647056,3.5280163018684294,0.17142857142857137,348,98639,2,29.23070692506495,7.0,6.0,6.137837837837838
6049.HK,2023,Real Estate,0,0,1.2195121951219512,0.7317073170731703,0.4878048780487809,1.4634146341463414,2.0295110874519655,0.3184357541899442,122,60113,2,218.2784615284515,2.2222222222222223,1.3888888888888884,1.3102981029810294
1836.HK,2023,Consumer Cyclical,0,0,4.576271186440678,4.117647058823529,0.4586241276171492,5.254237288135593,3.0689909157868893,0.33460076045627374,175,57022,2,51.56731211783598,7.222222222222222,10.0,6.225490196078431
1359.HK,2023,Financial Services,0,0,3.7735849056603774,3.333333333333334,0.4402515723270435,3.584905660377358,1.5314468692353207,0.24571428571428566,132,86193,2,7.948934399490895,2.1621621621621623,3.2432432432432434,2.9639639639639643
1066.HK,2023,Healthcare,0,0,6.0,5.660377358490566,0.33962264150943433,8.181818181818182,2.242877348959386,0.22377622377622375,111,49490,2,55.63966098976276,3.4782608695652173,6.086956521739131,5.091058244462674
0354.HK,2023,Technology,0,0,7.352941176470589,7.027027027027026,0.32591414944356245,5.294117647058823,4.090676666098517,0.16279069767441856,216,52803,1,8.210414810070098,6.0,7.666666666666666,6.846846846846846
1083.HK,2023,Utilities,0,0,7.272727272727273,7.0,0.2727272727272734,6.8181818181818175,7.7355836849507735,0.2310984308131241,539,69678,2,41.01764225516897,0.5555555555555558,0.5555555555555558,3.777777777777778
0696.HK,2023,Technology,0,0,2.9411764705882355,2.7027027027027026,0.23847376788553287,1.7647058823529413,2.4562249480124168,0.21634615384615385,163,66362,2,90.64621441745105,9.333333333333334,9.0,5.951351351351351
0546.HK,2023,Basic Materials,0,0,2.5,2.4137931034482762,0.08620689655172376,2.8125,2.3176722509132133,0.4424242424242424,92,39695,2,2549.239976541474,4.2857142857142865,4.642857142857143,3.4211822660098528
2013.HK,2023,Technology,0,0,7.647058823529411,7.567567567567568,0.07949125596184281,4.117647058823529,4.158039732379665,0.2702702702702703,243,58441,2,6.249827174769851,9.666666666666666,10.0,8.683783783783785
0388.HK,2023,Financial Services,0,0,2.0754716981132075,1.9999999999999996,0.07547169811320797,0.7547169811320754,0.8340441664297223,0.12,44,52755,1,11.70681774036905,,,1.9999999999999996
1186.HK,2023,Industrials,0,0,3.8461538461538463,3.833333333333333,0.012820512820513219,0.9230769230769231,2.7580239569531946,0.09198813056379818,306,110949,1,100.00275168534664,6.0,5.6000000000000005,4.836666666666666
0667.HK,2023,Consumer Defensive,0,0,3.8235294117647056,3.8235294117647056,0.0,2.9411764705882355,2.4017136551485385,0.23972602739726023,111,46217,1,133.22669425388585,3.6363636363636367,4.545454545454546,3.9117647058823533
3899.HK,2023,Energy,0,0,10.0,10.0,0.0,4.666666666666667,8.053825567144393,0.24146054181389875,644,79962,2,56.591432277592254,0.714285714285714,0.714285714285714,5.357142857142858
0939.HK,2023,Financial Services,0,0,0.7547169811320754,0.8888888888888891,-0.13417190775681365,0.9433962264150944,0.48277495399974496,0.5,53,109782,1,15.438716758718945,5.405405405405405,7.027027027027026,3.4714714714714714
3868.HK,2023,Utilities,0,0,6.363636363636363,6.5,-0.1363636363636367,5.909090909090909,6.914155930295661,0.2602150537634409,344,49753,2,58.60079331082973,8.333333333333334,7.777777777777778,7.305555555555555
3908.HK,2023,Financial Services,0,0,6.037735849056603,6.222222222222222,-0.184486373165619,4.716981132075472,2.502918515059538,0.2534818941504178,268,107075,2,4.369219475724192,1.8918918918918914,2.432432432432432,4.165165165165165
0826.HK,2023,Basic Materials,0,0,5.3125,5.517241379310345,-0.2047413793103452,2.1875,3.238827254489643,0.27567567567567564,134,41373,1,545.1727881322547,7.5,6.7857142857142865,6.36576354679803
2039.HK,2023,Industrials,0,0,4.923076923076923,5.166666666666666,-0.24358974358974272,1.2307692307692308,3.1152221393017796,0.12331406551059731,455,146057,2,48.50745741402876,4.3999999999999995,5.4,4.9833333333333325
1405.HK,2023,Consumer Cyclical,0,0,1.694915254237288,1.96078431372549,-0.26586905948820183,1.3559322033898304,1.7617961285659431,0.24271844660194175,78,44273,2,127.4131998564271,5.0,2.2222222222222223,2.92483660130719
2473.HK,2023,Financial Services,0,0,5.283018867924528,5.555555555555555,-0.27253668763102734,7.924528301886793,2.23501001901043,0.39160839160839156,87,38926,1,5.502364795709097,,,5.555555555555555
6963.HK,2023,Financial Services,0,0,4.150943396226415,4.444444444444445,-0.2935010482180296,4.339622641509434,1.8437536934168537,0.2941176470588235,156,84610,2,6.757901449092542,6.216216216216216,7.567567567567568,5.600600600600601
0916.HK,2023,Utilities,0,0,3.1818181818181817,3.5,-0.31818181818181834,0.9090909090909092,4.621178272802706,0.1620370370370371,362,78335,2,1899.8556576331232,2.2222222222222223,4.444444444444445,3.3055555555555554
1658.HK,2023,Financial Services,0,0,5.660377358490566,6.0,-0.33962264150943433,5.09433962264151,2.4760461294897094,0.3110647181628392,330,133277,2,4.653538304697455,,,6.0
6066.HK,2023,Financial Services,0,0,7.169811320754716,7.555555555555555,-0.3857442348008391,6.226415094339623,2.945868339891524,0.18289085545722716,277,94030,2,2.8581069970126345,4.594594594594595,4.324324324324325,6.021021021021021
0669.HK,2023,Industrials,0,0,8.923076923076923,9.333333333333334,-0.4102564102564106,8.461538461538462,6.156335266614564,0.2906793048973144,449,72933,2,3.715568633114252,10.0,10.0,9.666666666666668
0340.HK,2023,Basic Materials,0,0,7.5,7.931034482758621,-0.431034482758621,7.1875,4.839654601492652,0.3065693430656934,190,39259,1,121.62331122147744,0.357142857142857,0.357142857142857,4.144088669950738
0817.HK,2023,Real Estate,0,0,4.634146341463415,5.121951219512195,-0.48780487804878003,2.926829268292683,3.6332929634115176,0.21770334928229662,327,90001,2,35.22942016719525,1.3888888888888884,1.6666666666666663,3.310975609756097
1788.HK,2023,Financial Services,0,0,7.924528301886793,8.444444444444445,-0.5199161425576513,8.679245283018869,3.33889816360601,0.4,186,55707,2,1.5863418964297566,9.18918918918919,9.18918918918919,8.816816816816818
1530.HK,2023,Healthcare,0,0,4.909090909090909,5.471698113207547,-0.5626072041166381,6.545454545454545,2.0593709003264484,0.28191489361702127,135,65554,2,55.87002046331484,2.3913043478260865,3.0434782608695654,4.0619360131255124
0168.HK,2023,Consumer Defensive,0,0,5.0,5.588235294117647,-0.5882352941176467,5.294117647058823,3.8583501257478483,0.26047904191616766,247,64017,2,96.23529272356336,9.545454545454547,9.545454545454547,7.566844919786097
0135.HK,2023,Energy,0,0,8.666666666666668,9.285714285714286,-0.6190476190476186,7.333333333333333,7.272172497965826,0.2990196078431373,429,58992,2,59.60499340302446,7.857142857142857,9.285714285714286,8.857142857142858
1209.HK,2023,Real Estate,0,0,6.585365853658537,7.317073170731707,-0.7317073170731696,6.341463414634147,5.884133015029757,0.28861788617886175,350,59482,2,5.759292235797882,8.055555555555555,7.5,7.575203252032519
0081.HK,2023,Real Estate,0,0,7.317073170731707,8.048780487804878,-0.7317073170731714,5.853658536585366,6.386626180685498,0.18803418803418803,570,89249,2,4.206924446938016,1.1111111111111116,0.5555555555555558,4.468834688346883
1800.HK,2023,Industrials,0,0,5.384615384615384,6.166666666666667,-0.7820512820512828,3.230769230769231,3.334030100334448,0.2181372549019608,319,95680,2,39.254347368685714,,,6.166666666666667
3896.HK,2023,Technology,0,0,3.5294117647058827,4.324324324324325,-0.7949125596184419,2.6470588235294117,2.66076920418812,0.24878048780487805,154,57878,2,60.28508820410641,0.33333333333333326,0.9999999999999998,2.462162162162162
6993.HK,2023,Consumer Defensive,0,0,6.764705882352942,7.647058823529411,-0.8823529411764692,5.882352941176471,4.777242951757084,0.3052631578947368,264,55262,2,16.492878026613386,5.0,8.181818181818182,6.959893048128342
6969.HK,2023,Consumer Defensive,0,0,5.588235294117647,6.470588235294117,-0.8823529411764701,6.176470588235294,3.9234096777438716,0.4454976303317536,234,59642,2,53.02971191395354,2.727272727272727,5.909090909090908,5.235294117647058
6618.HK,2023,Healthcare,0,0,8.727272727272727,9.622641509433961,-0.8953687821612348,5.454545454545454,3.6464816577579264,0.17000000000000004,249,68285,2,0.707990916709585,0.0,0.0,4.811320754716981
0697.HK,2023,Industrials,0,0,1.6923076923076925,2.666666666666667,-0.9743589743589745,1.3846153846153846,2.0463847203274215,0.3315217391304348,123,60106,2,137.85446157119927,0.9999999999999998,3.1999999999999993,2.2733333333333334
1361.HK,2023,Consumer Cyclical,0,0,5.254237288135593,6.2745098039215685,-1.020272515785975,4.067796610169491,3.3781261664800297,0.30916030534351147,181,53580,2,28.80091632013602,0.5555555555555558,0.5555555555555558,3.415032679738562
1211.HK,2023,Consumer Cyclical,0,0,0.5084745762711864,1.5686274509803921,-1.0601528747092057,0.3389830508474576,1.0703394793707213,0.07017543859649122,106,99034,2,147.52816014051004,1.6666666666666663,1.3888888888888884,1.5620915032679736
0921.HK,2023,Consumer Cyclical,0,0,5.59322033898305,6.666666666666668,-1.0734463276836177,5.59322033898305,3.798838002493355,0.2993492407809111,323,85026,2,23.267135482455135,0.0,0.0,3.333333333333334
9658.HK,2023,Consumer Cyclical,0,0,1.1864406779661016,2.3529411764705888,-1.1665004985044871,1.1864406779661016,1.5707307729144717,0.16326530612244894,82,52205,1,112.36231026775958,2.2222222222222223,2.5,2.343137254901961
2157.HK,2023,Healthcare,0,0,1.0909090909090908,2.264150943396226,-1.173241852487135,4.0,1.4087559601213697,0.3689320388349514,65,46140,1,167.38134119067058,9.782608695652174,6.739130434782608,5.414684167350286
1128.HK,2023,Consumer Cyclical,0,0,2.711864406779661,3.9215686274509807,-1.2097042206713198,2.711864406779661,2.5167901886897397,0.3986710963455149,181,71917,2,51.66907297641492,9.722222222222221,5.555555555555555,5.988562091503267
0017.HK,2023,Real Estate,0,0,5.121951219512195,6.341463414634147,-1.2195121951219514,3.902439024390244,3.77739256422861,0.4040816326530612,292,77302,1,16.775098870729497,,,6.341463414634147
6098.HK,2023,Real Estate,0,0,1.4634146341463414,2.682926829268293,-1.2195121951219514,2.1951219512195124,2.1220576099343735,0.3047210300429185,162,76341,2,82.16205691462102,8.333333333333334,8.61111111111111,5.563685636856369
2202.HK,2023,Real Estate,0,0,7.073170731707316,8.292682926829269,-1.2195121951219523,7.560975609756097,6.209862495901876,0.3461928934010152,644,103706,2,3.149563799513103,,,8.292682926829269
2331.HK,2023,Consumer Cyclical,0,0,8.305084745762713,9.607843137254902,-1.3027583914921887,6.779661016949152,5.404057199866977,0.1995073891625616,325,60140,1,1.9010239364173933,1.9444444444444442,4.166666666666666,6.220588235294117
6160.HK,2023,Healthcare,0,0,5.2727272727272725,6.603773584905661,-1.3310463121783886,0.9090909090909092,2.090466750765904,0.35376044568245124,232,110980,2,32.10821306022217,6.739130434782608,2.3913043478260865,5.80188679245283
0975.HK,2023,Basic Materials,0,0,3.4375,4.827586206896552,-1.3900862068965516,9.375,2.622950819672131,0.2421052631578947,144,54900,1,1145.4837020122322,6.428571428571428,0.714285714285714,4.485221674876847
1099.HK,2023,Healthcare,0,0,7.636363636363637,9.056603773584905,-1.4202401372212687,3.4545454545454546,2.9092983456930974,0.2791519434628975,204,70120,2,3.179159741412554,4.565217391304348,5.217391304347826,6.941345365053322
0855.HK,2023,Utilities,0,0,4.545454545454545,6.0,-1.454545454545455,9.545454545454547,5.37256684712981,0.25287356321839083,260,48394,2,120.28139860695556,,,6.0
0604.HK,2023,Real Estate,0,0,3.902439024390244,5.365853658536586,-1.4634146341463419,5.609756097560976,3.3869365019383912,0.28189910979228483,242,71451,2,33.143782025061434,0.0,0.8333333333333337,2.8495934959349594
0960.HK,2023,Real Estate,0,0,4.390243902439025,5.853658536585367,-1.4634146341463419,4.390243902439025,3.5842736901951575,0.2892156862745098,290,80909,2,25.449214095154783,0.8333333333333337,1.1111111111111116,3.3990514905149056
2419.HK,2023,Consumer Defensive,0,0,3.5294117647058827,5.0,-1.4705882352941173,2.6470588235294117,2.266326350994543,0.3905325443786982,103,45448,2,105.68376714874248,,,5.0
1339.HK,2023,Financial Services,0,0,2.452830188679245,4.0,-1.5471698113207548,3.0188679245283017,0.9962856921767391,0.22556390977443608,103,103384,2,7.707509505703422,0.8108108108108103,0.5405405405405406,2.351351351351351
1070.HK,2023,Technology,0,0,5.588235294117647,7.297297297297297,-1.7090620031796506,5.882352941176471,3.26494810194435,0.29100529100529104,268,82084,2,7.357685274708712,8.333333333333334,8.666666666666668,7.8819819819819825
2252.HK,2023,Healthcare,0,0,0.36363636363636365,2.075471698113207,-1.7118353344768433,1.4545454545454546,1.1235955056179776,0.4444444444444444,55,48950,1,176.92014685635615,9.565217391304348,9.347826086956522,5.776866283839213
0440.HK,2023,Financial Services,0,0,3.3962264150943393,5.111111111111111,-1.7148846960167714,4.528301886792453,1.3256536844029987,0.5583756345177665,87,65628,2,5.611260351234253,3.2432432432432434,6.756756756756756,4.87987987987988
1478.HK,2023,Technology,0,0,2.0588235294117645,3.783783783783784,-1.7249602543720197,4.705882352941177,1.853486319505737,0.33333333333333337,84,45320,1,63.5961362080742,7.333333333333334,8.333333333333334,5.758558558558559
0751.HK,2023,Technology,0,0,5.0,6.756756756756756,-1.7567567567567561,3.5294117647058827,3.1002738892270236,0.19306930693069302,163,52576,2,8.300914429748953,9.0,8.0,7.678378378378378
0270.HK,2023,Utilities,0,0,2.727272727272727,4.5,-1.772727272727273,7.272727272727273,4.440563801920918,0.39249146757679176,356,80170,2,1294.822046898021,1.1111111111111116,1.1111111111111116,2.805555555555556
2357.HK,2023,Industrials,0,0,4.0,5.833333333333332,-1.8333333333333321,5.230769230769231,2.7851530750474125,0.276056338028169,257,92275,2,41.80593763338463,3.3999999999999995,1.8000000000000005,4.296666666666666
1357.HK,2023,Communication Services,0,0,4.444444444444445,6.363636363636363,-1.9191919191919187,3.7037037037037033,2.025810324129652,0.21739130434782605,108,53312,1,5.412330130005215,0.5000000000000004,0.5000000000000004,3.431818181818182
1988.HK,2023,Financial Services,0,0,4.716981132075472,6.666666666666668,-1.9496855345911959,4.150943396226415,2.1329458091130697,0.3123425692695214,273,127992,2,3.3729978056626684,8.108108108108107,8.378378378378379,7.441441441441441
0688.HK,2023,Real Estate,0,0,5.609756097560976,7.560975609756097,-1.951219512195121,5.121951219512195,4.723560740552879,0.24620573355817876,447,94632,2,5.135496265384634,10.0,10.0,8.78048780487805
1030.HK,2023,Real Estate,0,0,3.6585365853658534,5.609756097560976,-1.9512195121951228,2.682926829268293,3.3024190219335665,0.34065934065934067,240,72674,2,29.808722377448586,6.388888888888888,7.777777777777778,6.27710027100271
0297.HK,2023,Basic Materials,0,0,3.125,5.1724137931034475,-2.0474137931034475,3.125,2.533920388175038,0.3948497854077253,141,55645,2,642.5977599534611,3.214285714285714,4.2857142857142865,4.407635467980295
0220.HK,2023,Consumer Defensive,0,0,0.0,2.0588235294117654,-2.0588235294117654,0.29411764705882354,0.02856000456960073,0.5,1,35014,1,162.45716393650355,,,2.0588235294117654
6186.HK,2023,Consumer Defensive,0,0,4.117647058823529,6.176470588235294,-2.0588235294117654,3.8235294117647056,2.713086852482222,0.29385964912280704,161,59342,2,69.2272141550034,0.9090909090909094,3.1818181818181825,3.997326203208557
6818.HK,2023,Financial Services,0,0,5.849056603773585,8.0,-2.150943396226415,7.3584905660377355,2.4795637580510226,0.38035264483627207,246,99211,2,2.5410672507191947,1.0810810810810811,1.0810810810810811,4.54054054054054
9969.HK,2023,Healthcare,0,0,2.0,4.150943396226415,-2.150943396226415,2.909090909090909,1.5198016880127487,0.35624999999999996,103,67772,2,85.33283505091823,6.956521739130435,7.173913043478262,5.59721082854799
0390.HK,2023,Industrials,0,0,1.8461538461538463,4.0,-2.1538461538461537,1.5384615384615385,2.066851970636448,0.20547945205479456,174,84186,2,98.45484036141276,6.4,5.0,4.92
2338.HK,2023,Consumer Cyclical,0,0,3.050847457627119,5.294117647058823,-2.2432701894317044,4.915254237288136,2.628751447378029,0.2901408450704225,252,95863,2,35.76343113040334,1.1111111111111116,0.8333333333333337,3.147058823529412
1801.HK,2023,Healthcare,0,0,5.09090909090909,7.358490566037736,-2.2675814751286465,3.090909090909091,2.0740268028079134,0.3222748815165877,143,68948,2,18.439982791041672,8.91304347826087,9.565217391304348,8.266201804757998
1910.HK,2023,Consumer Cyclical,0,0,5.76271186440678,8.03921568627451,-2.2765038218677294,4.23728813559322,3.9373412362404743,0.38681318681318677,279,70860,2,6.4745817944818596,5.555555555555555,3.8888888888888884,6.464052287581699
3613.HK,2023,Healthcare,0,0,5.818181818181818,8.11320754716981,-2.2950257289879925,5.636363636363636,2.232938214124522,0.21666666666666667,94,42097,1,9.79152690752781,,,8.11320754716981
6990.HK,2023,Healthcare,0,0,1.2727272727272725,3.584905660377359,-2.3121783876500865,6.363636363636363,1.4097018384056852,0.4206349206349206,73,51784,1,93.02479660731986,,,3.584905660377359
1610.HK,2023,Consumer Defensive,0,0,2.3529411764705883,4.705882352941177,-2.3529411764705883,3.235294117647059,1.9957473794158243,0.2517482517482518,107,53614,2,115.07168108320994,8.636363636363637,7.272727272727273,6.398395721925134
0934.HK,2023,Energy,0,0,3.333333333333333,5.7142857142857135,-2.3809523809523805,3.333333333333333,3.606505319028285,0.3205128205128205,159,44087,2,338.72661804444215,6.428571428571428,6.428571428571428,6.07142857142857
1109.HK,2023,Real Estate,0,0,4.146341463414634,6.585365853658535,-2.439024390243901,3.414634146341464,3.561489769728779,0.29428571428571426,247,69353,2,13.569249462911898,7.777777777777778,7.222222222222222,7.070460704607045
9626.HK,2023,Communication Services,0,0,4.814814814814815,7.272727272727273,-2.4579124579124585,3.333333333333333,2.1502656210473057,0.2420382165605095,119,55342,2,2.3120041750734317,3.5,6.0,5.886363636363637
1833.HK,2023,Healthcare,0,0,5.454545454545454,7.924528301886793,-2.469982847341339,1.6363636363636362,2.121124705163666,0.3016759776536313,125,58931,1,11.552846415646139,1.9565217391304346,6.956521739130435,5.9405250205086135
3633.HK,2023,Utilities,0,0,5.454545454545454,8.0,-2.545454545454546,5.454545454545454,6.456534682941352,0.17966903073286056,347,53744,2,16.85162846803377,5.555555555555555,3.8888888888888884,6.444444444444444
1880.HK,2023,Consumer Cyclical,0,0,6.610169491525424,9.215686274509805,-2.605516782984381,5.932203389830509,4.379273323162118,0.30493273542600896,310,70788,2,2.625853204983404,,,9.215686274509805
1415.HK,2023,Technology,0,0,0.5882352941176471,3.2432432432432434,-2.6550079491255962,2.9411764705882355,0.8914642299977713,0.5076923076923077,32,35896,1,79.69077097265128,1.333333333333333,1.9999999999999996,2.4216216216216213
2688.HK,2023,Utilities,0,0,6.8181818181818175,9.5,-2.6818181818181825,2.2727272727272725,7.05609867765479,0.31143232588699077,524,74262,2,5.875942524899435,8.88888888888889,8.88888888888889,9.194444444444445
2400.HK,2023,Communication Services,0,0,2.5925925925925926,5.454545454545454,-2.8619528619528616,2.962962962962963,1.376126426066498,0.31868131868131866,62,45054,1,7.943223421607343,1.5000000000000002,3.0000000000000004,3.7772727272727273
6886.HK,2023,Financial Services,0,0,1.320754716981132,4.222222222222223,-2.901467505241091,1.320754716981132,0.7185972980741593,0.31999999999999995,85,118286,1,7.478706004192881,,,4.222222222222223
1860.HK,2023,Communication Services,0,0,7.037037037037037,10.0,-2.962962962962963,8.88888888888889,3.269230769230769,0.3359375,170,52000,2,0.19647241417257696,2.5,2.5,6.25
6110.HK,2023,Consumer Cyclical,0,0,6.9491525423728815,10.0,-3.0508474576271185,5.423728813559322,4.4974829427848615,0.2573839662447257,176,39133,2,0.41048712379770397,,,10.0
9868.HK,2023,Consumer Cyclical,0,0,2.0338983050847457,5.098039215686274,-3.0641409106015285,1.5254237288135595,2.180220369966626,0.2168674698795181,260,119254,2,36.90848634539754,0.8333333333333337,1.1111111111111116,3.0212418300653594
6881.HK,2023,Financial Services,0,0,0.0,3.111111111111111,-3.111111111111111,0.0,0.0860616939400273,0.125,7,81337,1,8.035724997119821,3.783783783783784,2.972972972972973,3.2852852852852856
0371.HK,2023,Utilities,0,0,1.8181818181818183,5.0,-3.1818181818181817,6.363636363636363,4.187108246837599,0.3464566929133859,332,79291,2,352.7790554522313,5.0,1.6666666666666663,4.333333333333333
2016.HK,2023,Financial Services,0,0,0.5660377358490566,3.7777777777777777,-3.211740041928721,0.5660377358490566,0.46848733706286,0.05555555555555558,34,72574,1,7.746189377324305,9.45945945945946,9.45945945945946,6.618618618618618
1579.HK,2023,Consumer Defensive,0,0,2.6470588235294117,5.882352941176471,-3.2352941176470593,2.3529411764705883,2.0821120297560087,0.2695035460992907,103,49469,1,72.45546559593518,0.0,0.45454545454545414,3.0320855614973263
9992.HK,2023,Consumer Cyclical,0,0,4.406779661016949,7.647058823529411,-3.2402791625124623,3.050847457627119,3.030116905186004,0.2815533980582524,148,48843,1,7.333702163560653,3.8888888888888884,2.7777777777777777,5.545751633986928
1783.HK,2023,Industrials,0,0,5.846153846153847,9.166666666666666,-3.3205128205128194,5.538461538461538,3.612534655128959,0.2833333333333333,129,35709,1,4.098307719906715,,,9.166666666666666
0317.HK,2023,Industrials,0,0,2.0,5.333333333333333,-3.333333333333333,2.769230769230769,2.0851982518034857,0.2016129032258065,198,94955,2,45.527169097343766,8.4,4.0,5.986666666666666
1258.HK,2023,Basic Materials,0,0,5.625,8.96551724137931,-3.3405172413793096,6.5625,3.502141160561036,0.3082191780821918,202,57679,2,77.93371877548407,1.428571428571429,2.1428571428571432,5.3399014778325125
6060.HK,2023,Financial Services,0,0,6.60377358490566,10.0,-3.3962264150943398,6.60377358490566,2.5806451612903225,0.3004115226337448,170,65875,2,0.08290567327098472,4.0540540540540535,2.1621621621621623,6.648648648648648
1336.HK,2023,Financial Services,0,0,3.584905660377358,7.111111111111112,-3.5262054507337535,3.9622641509433967,1.4379460900938588,0.36046511627906974,110,76498,2,3.012263281027104,1.3513513513513509,1.8918918918918914,4.33933933933934
2696.HK,2023,Healthcare,0,0,3.4545454545454546,6.981132075471699,-3.526586620926244,3.8181818181818183,1.8087459824969043,0.3838862559241706,130,71873,2,29.32498027306855,8.26086956521739,5.434782608695652,7.055783429040197
0998.HK,2023,Financial Services,0,0,6.226415094339623,9.777777777777777,-3.551362683438154,6.415094339622641,2.509944058026503,0.264033264033264,354,141039,2,0.27046633942803106,10.0,10.0,9.88888888888889
1729.HK,2023,Industrials,0,0,2.769230769230769,6.333333333333333,-3.564102564102564,2.307692307692308,2.429634059731619,0.25287356321839083,195,80259,2,38.96186755605837,9.6,9.200000000000001,7.886666666666667
2155.HK,2023,Industrials,0,0,3.6923076923076925,7.333333333333334,-3.6410256410256414,4.769230769230769,2.74173294265383,0.22023809523809523,131,47780,1,24.783210162899092,6.799999999999999,4.6,6.626666666666667
0853.HK,2023,Healthcare,0,0,2.3636363636363638,6.037735849056603,-3.6740994854202396,1.8181818181818183,1.5348958573160811,0.32885906040268453,100,65151,2,51.273501801256934,5.869565217391304,5.869565217391304,5.9536505332239535
0358.HK,2023,Basic Materials,0,0,5.9375,9.655172413793103,-3.717672413793103,3.75,3.8872579166618317,0.21911421911421913,335,86179,2,31.560981650491424,7.857142857142857,5.7142857142857135,8.327586206896552
1112.HK,2023,Consumer Defensive,0,0,5.882352941176471,9.705882352941176,-3.8235294117647047,5.0,4.625197379054819,0.2776699029126214,372,80429,2,1.406759932703693,2.272727272727273,2.272727272727273,5.989304812834224
0384.HK,2023,Utilities,0,0,3.6363636363636367,7.5,-3.8636363636363633,9.09090909090909,5.155420773313116,0.35238095238095235,476,92330,2,28.638893395795524,,,7.5
3306.HK,2023,Consumer Cyclical,0,0,5.423728813559322,9.411764705882353,-3.9880358923230315,3.7288135593220337,3.6344755970924196,0.2075471698113207,168,46224,1,2.4190683170277016,,,9.411764705882353
9926.HK,2023,Healthcare,0,0,2.1818181818181817,6.226415094339623,-4.044596912521441,4.545454545454545,1.5319115072417635,0.4338235294117647,77,50264,2,44.90511157904783,9.347826086956522,3.695652173913043,6.656685808039376
1368.HK,2023,Consumer Cyclical,0,0,3.389830508474576,7.450980392156863,-4.061149883682287,2.0338983050847457,2.7271144807844805,0.2078651685393258,141,51703,2,13.64414231482299,,,7.450980392156863
2423.HK,2023,Real Estate,0,0,2.682926829268293,6.829268292682926,-4.1463414634146325,0.975609756097561,2.427070078703049,0.3201320132013201,206,84876,2,9.726977351073709,0.2777777777777779,0.0,3.4979674796747964
3808.HK,2023,Industrials,0,0,2.307692307692308,6.5,-4.192307692307692,4.461538461538462,2.1375191724047906,0.4425531914893617,131,61286,2,36.74892373842276,,,6.5
1951.HK,2023,Healthcare,0,0,2.545454545454545,6.7924528301886795,-4.2469982847341345,2.1818181818181817,1.5398236901874736,0.4759825327510917,120,77931,2,31.26798354912851,7.173913043478262,8.26086956521739,7.200574241181297
2498.HK,2023,Technology,0,0,0.8823529411764707,5.135135135135135,-4.252782193958664,2.3529411764705883,1.459345254949794,0.4017857142857143,67,45911,1,40.99938133230491,,,5.135135135135135
3939.HK,2023,Basic Materials,0,0,1.5625,5.862068965517242,-4.299568965517242,2.5,1.8425037859666835,0.3813559322033898,73,39620,2,456.8316863300885,10.0,1.785714285714286,6.288177339901479
1157.HK,2023,Industrials,0,0,2.6153846153846154,7.0,-4.384615384615385,2.6153846153846154,2.2256331542594014,0.275,116,52120,1,31.642154010389604,5.2,2.4,5.540000000000001
0119.HK,2023,Real Estate,0,0,1.707317073170732,6.097560975609756,-4.390243902439025,1.951219512195122,2.1830114434294137,0.23786407766990292,157,71919,2,23.320025706763765,,,6.097560975609756
1918.HK,2023,Real Estate,0,0,0.4878048780487805,4.878048780487805,-4.390243902439025,0.4878048780487805,1.5433910986595984,0.28682170542635654,92,59609,2,36.02768223631878,8.61111111111111,2.2222222222222223,5.46680216802168
9890.HK,2023,Communication Services,0,0,3.333333333333333,7.727272727272727,-4.393939393939394,4.444444444444445,1.5413992223986013,0.3431372549019608,67,43467,2,1.9217985489482445,,,7.727272727272727
9899.HK,2023,Communication Services,0,0,3.7037037037037033,8.181818181818182,-4.478114478114478,4.0740740740740735,1.803968731208659,0.2584269662921348,66,36586,1,1.9090407108587368,9.0,10.0,8.790909090909091
0013.HK,2023,Healthcare,0,0,4.0,8.49056603773585,-4.490566037735849,1.2727272727272725,1.9462560180284767,0.28,342,175722,2,8.305499171240061,8.695652173913043,5.0,7.853978671041837
2858.HK,2023,Financial Services,0,0,3.9622641509433967,8.666666666666668,-4.704402515723271,3.7735849056603774,1.5340147588367323,0.4025157232704403,95,61929,1,1.3715919497706468,7.297297297297297,3.783783783783784,7.27927927927928
9636.HK,2023,Consumer Defensive,0,0,3.235294117647059,7.9411764705882355,-4.705882352941177,0.8823529411764707,2.188430647053515,0.302158273381295,97,44324,1,15.575424076784875,1.3636363636363635,1.8181818181818177,4.74331550802139
0598.HK,2023,Industrials,0,0,3.384615384615385,8.166666666666666,-4.782051282051281,0.7692307692307693,2.636422424513754,0.17402597402597397,318,120618,2,21.873192159245274,2.1999999999999997,1.6000000000000003,5.0633333333333335
1193.HK,2023,Utilities,0,0,4.090909090909091,9.0,-4.909090909090909,7.727272727272727,5.163282585957863,0.22055137844611528,311,60233,2,11.172177258836,3.8888888888888884,2.7777777777777777,6.222222222222221
0177.HK,2023,Industrials,0,0,2.9230769230769234,7.833333333333333,-4.91025641025641,2.9230769230769234,2.4910434393193013,0.2583333333333333,267,107184,2,23.193737942332017,9.0,8.6,8.336666666666666
1882.HK,2023,Industrials,0,0,1.076923076923077,6.0,-4.923076923076923,6.461538461538462,1.881355528565645,0.4357142857142857,79,41991,2,40.072851605674266,7.4,7.199999999999999,6.66
2142.HK,2023,Healthcare,0,0,3.2727272727272725,8.30188679245283,-5.029159519725558,3.2727272727272725,1.7901139513396982,0.41874999999999996,93,51952,2,9.15677861947219,9.130434782608695,8.043478260869566,8.498769483182937
1952.HK,2023,Healthcare,0,0,4.7272727272727275,9.81132075471698,-5.084048027444253,5.09090909090909,2.015832685887071,0.4181818181818182,96,47623,2,0.3098815233618143,10.0,10.0,9.90566037735849
9988.HK,2023,Consumer Cyclical,0,0,0.847457627118644,6.07843137254902,-5.230973745430376,0.847457627118644,1.2841091492776886,0.18279569892473113,152,118370,1,28.85316989893943,,,6.07843137254902
1060.HK,2023,Communication Services,0,1,1.4814814814814814,6.818181818181818,-5.336700336700337,1.4814814814814814,0.9477600328179594,0.22988505747126442,67,70693,2,3.266802702315891,,,6.818181818181818
3900.HK,2023,Real Estate,0,0,3.414634146341464,8.78048780487805,-5.365853658536586,3.1707317073170733,3.274081903607935,0.25073746312684364,254,77579,2,1.269720082065318,6.944444444444445,8.055555555555555,8.08468834688347
2588.HK,2023,Industrials,0,0,4.461538461538462,9.833333333333332,-5.3717948717948705,2.0,2.87659609693508,0.37387387387387383,139,48321,1,0.1372667673289627,0.40000000000000036,0.40000000000000036,5.116666666666666
6030.HK,2023,Financial Services,0,1,1.5094339622641508,6.888888888888889,-5.379454926624739,1.6981132075471697,0.7877020024861845,0.2558139534883721,64,81249,1,3.3041240043717917,6.486486486486487,8.108108108108107,7.012012012012011
0639.HK,2023,Basic Materials,0,0,2.1875,7.586206896551724,-5.398706896551724,9.6875,2.1848065744638205,0.38068181818181823,109,49890,1,150.37580282556573,1.785714285714286,6.071428571428572,5.543103448275862
2285.HK,2023,Industrials,0,0,3.076923076923077,8.5,-5.423076923076923,3.076923076923077,2.6097571242160207,0.2832369942196532,124,47514,2,16.907516763486807,2.4,7.800000000000001,6.53
0336.HK,2023,Basic Materials,0,0,2.8125,8.275862068965518,-5.463362068965518,1.875,2.3245864232743867,0.34538152610441764,163,70120,2,92.97550455146093,5.7142857142857135,9.642857142857142,7.780788177339902
1675.HK,2023,Technology,0,0,2.3529411764705883,7.837837837837838,-5.48489666136725,2.0588235294117645,2.3552328670090312,0.31794871794871793,133,56470,2,5.525223619943681,7.666666666666666,6.333333333333333,7.485585585585585
9699.HK,2023,Industrials,0,0,4.153846153846154,9.666666666666666,-5.512820512820512,2.153846153846154,2.796725784447476,0.359375,164,58640,2,0.20363568963858164,7.0,3.3999999999999995,7.613333333333333
3993.HK,2023,Basic Materials,0,0,3.75,9.310344827586206,-5.560344827586206,1.5625,2.7156100758497987,0.3012048192771084,290,106790,2,61.554787021227675,3.571428571428571,2.8571428571428568,6.2980295566502456
6055.HK,2023,Consumer Defensive,0,0,4.411764705882353,10.0,-5.588235294117647,4.117647058823529,3.0303030303030303,0.4199134199134199,134,44220,2,0.60069092998517,1.8181818181818177,0.0,5.545454545454545
2616.HK,2023,Healthcare,0,0,3.090909090909091,8.679245283018869,-5.588336192109778,2.545454545454545,1.7593173039978969,0.33587786259541985,87,49451,2,6.932826264115798,5.6521739130434785,8.695652173913043,7.774405250205086
3380.HK,2023,Real Estate,0,0,2.926829268292683,8.536585365853659,-5.609756097560976,4.634146341463415,2.452307877474875,0.38951310861423216,163,66468,2,2.2931051038095935,8.88888888888889,8.88888888888889,8.712737127371275
0772.HK,2023,Communication Services,0,0,2.962962962962963,8.636363636363637,-5.673400673400674,1.8518518518518516,1.4147994604020662,0.17307692307692313,86,60786,2,1.8248123694608436,4.0,9.5,7.418181818181819
0152.HK,2023,Industrials,0,0,3.230769230769231,9.0,-5.769230769230769,4.923076923076923,2.6148624555935607,0.2773722627737226,198,75721,2,11.961359198721405,9.8,9.8,9.4
1651.HK,2023,Industrials,0,1,1.3846153846153846,7.166666666666667,-5.782051282051283,3.5384615384615388,2.0239953179867345,0.36641221374045807,83,41008,1,30.45413998164522,,,7.166666666666667
2883.HK,2023,Energy,0,1,1.3333333333333333,7.142857142857143,-5.80952380952381,1.3333333333333333,2.316244595429277,0.15254237288135597,150,64760,1,198.90432129163494,9.285714285714286,4.2857142857142865,7.214285714285715
2602.HK,2023,Real Estate,0,0,3.1707317073170733,9.02439024390244,-5.853658536585367,4.146341463414634,3.0329407284498,0.28525641025641024,223,73526,2,1.1298894768592231,9.166666666666666,9.166666666666666,9.095528455284553
0590.HK,2023,Consumer Cyclical,0,0,2.3728813559322033,8.235294117647058,-5.862412761714855,2.88135593220339,2.394223934757398,0.17419354838709677,128,53462,2,5.8822000019369085,,,8.235294117647058
2145.HK,2023,Consumer Defensive,0,1,1.4705882352941178,7.352941176470589,-5.882352941176471,1.1764705882352942,1.6235847041230507,0.38211382113821135,76,46810,2,19.837884930228093,8.181818181818182,3.6363636363636367,6.858288770053476
1208.HK,2023,Basic Materials,0,0,0.3125,6.206896551724138,-5.894396551724138,0.3125,1.1029274311137698,0.15714285714285714,59,53494,1,227.32512826412054,8.571428571428573,3.214285714285714,6.317733990147783
9896.HK,2023,Consumer Cyclical,0,0,3.898305084745763,9.80392156862745,-5.905616483881687,2.2033898305084745,2.866794485529079,0.24337349397590358,314,109530,4,1.8780030833573311,7.777777777777778,9.722222222222221,9.179738562091503
2172.HK,2023,Healthcare,0,1,1.4545454545454546,7.547169811320755,-6.0926243567753,2.0,1.4370674979549425,0.35,65,45231,1,18.01146593271877,7.391304347826086,7.608695652173914,7.512715340442986
0856.HK,2023,Technology,0,0,3.8235294117647056,10.0,-6.176470588235294,3.235294117647059,2.7173012559233856,0.359375,82,30177,1,0.009120424684390432,6.333333333333333,6.666666666666668,8.233333333333334
1385.HK,2023,Technology,0,0,0.0,6.216216216216216,-6.216216216216216,0.29411764705882354,0.6298181085302564,0.19354838709677424,25,39694,2,17.346960347595466,2.333333333333333,2.666666666666667,4.341441441441441
1787.HK,2023,Basic Materials,0,1,0.9375,7.241379310344827,-6.303879310344827,1.25,1.6346378384318465,0.2222222222222222,119,72799,2,161.51489939756544,,,7.241379310344827
0376.HK,2023,Financial Services,0,1,1.8867924528301887,8.222222222222221,-6.335429769392032,2.0754716981132075,0.8274793570309337,0.381578947368421,47,56799,1,2.2729249927262143,,,8.222222222222221
2273.HK,2023,Healthcare,0,1,0.7272727272727273,7.169811320754718,-6.4425385934819905,0.7272727272727273,1.2917995257951107,0.3008849557522124,79,61155,1,22.908686634090156,6.304347826086957,3.2608695652173916,6.128383921246924
1963.HK,2023,Financial Services,0,0,2.641509433962264,9.11111111111111,-6.469601677148846,2.830188679245283,1.048659985513357,0.1339285714285714,97,92499,2,0.9821920175554306,0.27027027027026973,0.27027027027026973,4.6906906906906904
6683.HK,2023,Consumer Defensive,0,0,2.0588235294117645,8.529411764705882,-6.470588235294118,1.4705882352941178,1.8290386787885309,0.3928571428571429,68,37178,1,6.729503757441081,,,8.529411764705882
2192.HK,2023,Healthcare,0,0,2.727272727272727,9.245283018867925,-6.518010291595198,0.5454545454545454,1.5675073150341368,0.2913385826771654,90,57416,2,1.0503160163493557,7.826086956521739,8.478260869565217,8.666119770303528
3698.HK,2023,Financial Services,0,0,3.0188679245283017,9.555555555555555,-6.536687631027254,3.2075471698113205,1.1859446431645593,0.33689839572192515,124,104558,2,0.5777724517761403,9.72972972972973,9.72972972972973,9.642642642642642
0576.HK,2023,Industrials,0,1,0.9230769230769231,7.5,-6.576923076923077,0.46153846153846156,1.8436635782697686,0.20805369127516782,118,64003,2,24.72951408733639,2.8000000000000003,0.9999999999999998,4.79
0881.HK,2023,Consumer Cyclical,0,0,2.2033898305084745,8.823529411764707,-6.6201395812562325,4.576271186440678,2.367424242424242,0.38235294117647056,105,44352,1,4.4509554468243815,2.7777777777777777,6.666666666666668,6.57843137254902
3330.HK,2023,Basic Materials,0,1,1.875,8.620689655172413,-6.745689655172413,3.4375,2.0771911015813456,0.30597014925373134,93,44772,2,85.26228352652791,6.7857142857142865,5.357142857142857,7.417487684729064
2007.HK,2023,Real Estate,0,1,0.975609756097561,7.804878048780488,-6.829268292682927,2.4390243902439024,2.009529466779571,0.3614457831325302,159,79123,2,4.873198219517973,0.5555555555555558,0.2777777777777779,4.124661246612466
0173.HK,2023,Real Estate,0,0,2.1951219512195124,9.26829268292683,-7.073170731707318,0.7317073170731707,2.277412858992185,0.22764227642276424,95,41714,2,0.6727534812247933,1.9444444444444442,8.333333333333334,6.884146341463415
0780.HK,2023,Consumer Cyclical,0,1,1.5254237288135595,8.627450980392158,-7.1020272515785985,1.0169491525423728,1.581615410611693,0.2547770700636943,117,73975,2,4.5377771336902635,8.055555555555555,8.333333333333334,8.397058823529413
0956.HK,2023,Utilities,0,1,1.3636363636363635,8.5,-7.136363636363637,2.727272727272727,4.056518220202631,0.18908382066276808,416,102551,2,12.386478995647433,0.0,0.0,4.25
9688.HK,2023,Healthcare,0,1,0.5454545454545454,7.735849056603774,-7.190394511149229,0.36363636363636365,1.2747682520823278,0.3354838709677419,103,80799,2,17.542807224082274,5.217391304347826,3.913043478260869,6.2157506152584086
1896.HK,2023,Communication Services,0,1,1.8518518518518516,9.09090909090909,-7.239057239057239,2.2222222222222223,1.1652542372881356,0.375,55,47200,1,0.8780079913918807,10.0,4.5,8.445454545454545
0136.HK,2023,Communication Services,0,0,2.2222222222222223,9.545454545454547,-7.323232323232324,2.5925925925925926,1.222409299536407,0.3026315789473685,53,43357,2,0.5357253035153106,9.5,0.9999999999999998,7.822727272727273
2517.HK,2023,Consumer Defensive,0,1,0.8823529411764707,8.235294117647058,-7.352941176470587,1.7647058823529413,1.5503179275170198,0.4152542372881356,69,44507,1,11.533295788847711,,,8.235294117647058
1196.HK,2023,Industrials,0,1,0.6153846153846154,8.0,-7.384615384615385,2.4615384615384617,1.5001558603491272,0.44202898550724634,77,51328,1,22.12780679285453,1.2,8.4,6.040000000000001
3738.HK,2023,Technology,0,1,1.7647058823529413,9.18918918918919,-7.424483306836248,0.5882352941176471,1.8089315997738835,0.2727272727272727,64,35380,2,0.9459920069525618,5.0,1.333333333333333,6.361261261261261
9690.HK,2023,Consumer Cyclical,0,1,1.3559322033898304,9.019607843137255,-7.663675639747424,3.2203389830508473,1.5722387556853277,0.4084507042253521,84,53427,1,2.87288844970824,,,9.019607843137255
9880.HK,2023,Industrials,0,0,2.153846153846154,10.0,-7.846153846153846,1.076923076923077,2.108021877848678,0.31481481481481477,111,52656,1,0.012071634122637344,,,10.0
1277.HK,2023,Energy,0,1,0.0,7.857142857142857,-7.857142857142857,2.0,1.1737968582203242,0.3188405797101449,47,40041,1,111.51112871066785,2.1428571428571432,7.142857142857143,6.0
1164.HK,2023,Energy,0,1,0.6666666666666666,8.571428571428573,-7.904761904761906,0.0,1.9271573455840845,0.3694267515923567,99,51371,2,72.10097837594593,2.8571428571428568,0.0,5.142857142857143
2367.HK,2023,Consumer Defensive,0,1,1.1764705882352942,9.117647058823529,-7.941176470588235,4.705882352941177,1.5947244790207529,0.4032258064516129,74,46403,2,3.0761589413369435,10.0,10.0,9.558823529411764
6682.HK,2023,Technology,0,1,1.4705882352941178,9.45945945945946,-7.988871224165342,1.1764705882352942,1.7489069331667708,0.1923076923076923,84,48030,2,0.9028981418800791,8.0,3.0000000000000004,7.72972972972973
2727.HK,2023,Industrials,0,1,0.15384615384615385,8.333333333333334,-8.17948717948718,0.15384615384615385,0.601790326220506,0.25,72,119643,2,20.701978396192093,1.9999999999999996,1.2,5.006666666666667
3969.HK,2023,Industrials,0,1,0.46153846153846156,8.833333333333332,-8.37179487179487,0.3076923076923077,1.3084806429282954,0.21717171717171713,155,118458,2,13.256152600482721,5.800000000000001,8.8,7.916666666666666
3660.HK,2023,Financial Services,0,1,0.9433962264150944,9.333333333333334,-8.38993710691824,1.8867924528301887,0.5323516408160319,0.3370786516853933,59,110829,2,0.7508537199527017,2.7027027027027026,3.513513513513513,6.18018018018018
9911.HK,2023,Technology,0,1,1.1764705882352942,9.72972972972973,-8.553259141494436,0.8823529411764707,1.6367918878997165,0.2991452991452992,82,50098,2,0.1761926888544316,0.6666666666666665,0.33333333333333326,5.1315315315315315
0990.HK,2023,Basic Materials,0,1,1.25,10.0,-8.75,0.9375,1.827485380116959,0.3827160493827161,50,27360,1,2.2941613611497687,4.642857142857143,1.428571428571429,6.678571428571429
1797.HK,2023,Consumer Defensive,0,1,0.5882352941176471,9.411764705882353,-8.823529411764707,0.5882352941176471,1.155590441304727,0.42391304347826086,53,45864,1,1.896366031772453,,,9.411764705882353
2869.HK,2023,Real Estate,0,1,0.7317073170731707,9.75609756097561,-9.024390243902438,0.0,1.5743730621556058,0.29496402877697847,98,62247,2,0.2522906503066434,7.222222222222222,6.111111111111112,8.266937669376695
0241.HK,2023,Healthcare,0,1,0.9090909090909092,10.0,-9.09090909090909,0.18181818181818182,1.3307952765190438,0.19387755102040816,79,59363,2,0.22740665700756593,,,10.0
9993.HK,2023,Real Estate,0,1,0.24390243902439024,9.512195121951219,-9.268292682926829,1.2195121951219512,1.5074858027878162,0.38655462184873945,73,48425,2,0.45010241999072376,9.444444444444445,9.722222222222221,9.533875338753388
3877.HK,2023,Industrials,0,1,0.0,9.5,-9.5,0.0,0.46257748172818947,0.375,20,43236,1,0.20774772568576902,8.8,8.200000000000001,9.030000000000001
1816.HK,2023,Utilities,0,1,0.4545454545454546,10.0,-9.545454545454545,5.0,1.9717939569209968,0.2682926829268293,210,106502,2,2.670790355675826,10.0,10.0,10.0
1908.HK,2023,Real Estate,0,1,0.0,10.0,-10.0,0.24390243902439024,1.2366426736848781,0.33333333333333337,78,63074,1,0.04931060948274371,9.722222222222221,9.444444444444445,9.805555555555555
0914.HK,2024,Basic Materials,1,0,10.0,0.0,10.0,9.393939393939394,8.920104623657034,0.17374517374517373,856,95963,2,14408.010707662255,1.3793103448275867,5.517241379310345,1.5172413793103452
0968.HK,2024,Technology,1,0,10.0,0.2083333333333337,9.791666666666666,10.0,9.444027344213064,0.27867203219315895,717,75921,2,2190.6518123552696,1.3513513513513509,2.432432432432432,0.9960585585585585
2343.HK,2024,Industrials,1,0,9.855072463768117,0.16129032258064502,9.693782141187473,9.27536231884058,10.335306884790858,0.36766034327009933,700,67729,2,1222.6563710512125,5.0,3.3928571428571432,2.2592165898617513
3677.HK,2024,Consumer Cyclical,1,0,10.0,0.34482758620689613,9.655172413793103,10.0,16.2518000411438,0.3070175438596491,158,9722,1,317.7950992112183,,,0.34482758620689613
1038.HK,2024,Utilities,1,0,9.545454545454547,0.0,9.545454545454547,10.0,15.72177227251072,0.29446064139941686,1452,92356,2,12179.819507310232,2.1052631578947367,6.315789473684211,1.8947368421052633
0293.HK,2024,Industrials,1,0,10.0,0.48387096774193505,9.516129032258064,9.565217391304348,15.085249198961574,0.18043202033036854,1290,85514,2,1058.8372019047436,1.964285714285714,1.785714285714286,1.188364055299539
0941.HK,2024,Communication Services,1,0,9.642857142857142,0.4347826086956519,9.20807453416149,8.928571428571429,4.869119531393007,0.2414448669201521,399,81945,2,236.31983965548218,4.545454545454546,5.0,2.5810276679841895
9858.HK,2024,Consumer Defensive,1,0,9.45945945945946,0.2941176470588236,9.165341812400635,9.72972972972973,9.227574162792344,0.2509578544061303,782,84746,2,1204.5496178374376,3.225806451612904,4.193548387096774,1.9535104364326377
0257.HK,2024,Industrials,1,0,9.130434782608695,0.0,9.130434782608695,9.855072463768117,7.95263958770673,0.3308411214953271,716,90033,2,4363.446510971689,1.071428571428571,2.678571428571429,0.8571428571428571
3323.HK,2024,Basic Materials,1,0,9.696969696969697,0.6451612903225812,9.051808406647115,8.484848484848484,7.79296177206145,0.23464912280701755,698,89568,2,6248.976407432643,7.586206896551724,10.0,4.598442714126808
3933.HK,2024,Healthcare,1,0,9.322033898305085,0.33333333333333326,8.98870056497175,9.830508474576272,5.435560005721642,0.3520097442143727,532,97874,2,1003.7057368603402,2.3076923076923075,3.653846153846154,1.5897435897435896
0101.HK,2024,Real Estate,1,0,10.0,1.0256410256410253,8.974358974358974,9.75609756097561,16.410788592823206,0.25011622501162245,1613,98289,2,121.64794520547943,8.205128205128204,6.538461538461538,4.282051282051282
3800.HK,2024,Technology,1,0,8.974358974358974,0.0,8.974358974358974,9.487179487179487,6.475978637379951,0.31662591687041564,559,86319,2,4116.680629187762,0.0,6.756756756756756,1.3513513513513513
0006.HK,2024,Utilities,1,0,10.0,1.578947368421053,8.421052631578947,9.09090909090909,16.651755311335744,0.3041294642857143,1247,74887,2,8140.306377325065,6.842105263157895,7.36842105263158,4.315789473684211
1044.HK,2024,Consumer Defensive,1,0,9.18918918918919,0.8823529411764708,8.306836248012718,9.45945945945946,7.841218813334265,0.36753100338218714,561,71545,3,453.3587598864804,5.483870967741935,8.064516129032258,3.6992409867172675
1308.HK,2024,Industrials,1,0,9.565217391304348,1.2903225806451613,8.274894810659186,9.710144927536232,8.176224617906762,0.41412639405204466,788,96377,2,557.5762272735744,8.035714285714286,4.2857142857142865,3.9130184331797238
1288.HK,2024,Financial Services,1,0,8.679245283018869,0.4347826086956519,8.244462674323216,9.056603773584905,5.005340092136515,0.3136612021857923,628,125466,2,21.675608598657533,,,0.4347826086956519
1313.HK,2024,Basic Materials,1,0,8.484848484848484,0.32258064516129004,8.162267839687194,7.272727272727273,6.695247905125136,0.2542635658914729,481,71842,2,12609.687882808545,4.137931034482759,6.551724137931034,2.7130144605116797
0788.HK,2024,Communication Services,1,0,8.928571428571429,0.8695652173913049,8.059006211180124,10.0,4.281416338810461,0.2952380952380952,296,69136,2,222.0809674753508,0.0,0.45454545454545414,0.5256916996047433
0010.HK,2024,Real Estate,1,0,9.75609756097561,1.7948717948717952,7.961225766103814,10.0,16.394451108855463,0.25210477081384475,1599,97533,2,116.28964285714285,7.948717948717949,6.538461538461538,4.589743589743589
0700.HK,2024,Communication Services,1,0,10.0,2.1739130434782608,7.826086956521739,9.642857142857142,5.484440021711597,0.2857142857142857,485,88432,2,32.554392971221816,3.1818181818181825,2.272727272727273,2.4960474308300395
0316.HK,2024,Industrials,1,0,8.55072463768116,1.1290322580645162,7.421692379616644,7.536231884057971,5.921490352628077,0.33183183183183185,445,75150,2,648.5401763025649,7.857142857142857,2.8571428571428568,3.493087557603686
0388.HK,2024,Financial Services,1,0,9.245283018867925,1.9565217391304346,7.28876127973749,7.547169811320755,5.4788931470121085,0.2117400419287212,376,68627,2,10.926565202352124,4.4186046511627906,1.8604651162790697,2.6759352881698684
0728.HK,2024,Communication Services,1,0,8.571428571428571,1.3043478260869568,7.267080745341614,8.214285714285714,4.082587339726552,0.33333333333333337,384,94058,2,195.15807010352898,5.909090909090908,5.454545454545454,3.515810276679842
0023.HK,2024,Financial Services,1,0,10.0,2.8260869565217392,7.173913043478261,10.0,6.464536101247383,0.44574551131928186,710,109830,2,8.11064473619991,4.186046511627906,5.348837209302326,3.738624873609707
0179.HK,2024,Consumer Cyclical,1,0,9.538461538461538,2.4137931034482762,7.1246684350132625,9.692307692307692,8.86815153916131,0.23182511438739195,1511,170385,4,90.77704889580104,3.3999999999999995,6.4,3.506896551724138
0291.HK,2024,Consumer Defensive,1,0,9.72972972972973,2.9411764705882346,6.788553259141495,9.18918918918919,9.580012262415696,0.21482412060301503,625,65240,1,136.22880807557914,7.741935483870968,8.387096774193548,5.470588235294118
0001.HK,2024,Industrials,1,0,8.985507246376812,2.2580645161290325,6.72744273024778,8.55072463768116,7.017400288470391,0.20967741935483875,686,97757,2,231.3020163425756,7.321428571428572,8.035714285714286,4.932603686635946
1997.HK,2024,Real Estate,1,0,9.26829268292683,2.564102564102564,6.7041901188242665,9.26829268292683,9.282073784048334,0.3663594470046083,550,59254,2,89.50548327137545,4.102564102564102,4.3589743589743595,3.3846153846153846
0267.HK,2024,Industrials,1,0,8.115942028985508,1.4516129032258063,6.664329125759702,6.3768115942028984,5.38604867823454,0.23130193905817176,555,103044,2,498.444880015446,1.785714285714286,2.321428571428571,1.7258064516129032
2359.HK,2024,Healthcare,1,0,9.661016949152541,3.0000000000000004,6.6610169491525415,9.152542372881356,5.7960431736759235,0.41676234213547647,508,87646,2,112.19085072674227,1.7307692307692313,2.3076923076923075,2.4807692307692313
1378.HK,2024,Basic Materials,1,0,8.181818181818182,1.6129032258064513,6.568914956011731,7.575757575757576,5.677296121398631,0.3238546603475514,428,75388,2,4405.746907575346,8.620689655172413,5.1724137931034475,4.427141268075639
2238.HK,2024,Consumer Cyclical,1,0,9.384615384615385,2.931034482758621,6.453580901856764,8.923076923076923,8.642214175811013,0.18576388888888884,938,108537,2,81.42539635115344,0.7999999999999996,3.0000000000000004,2.3055172413793104
1735.HK,2024,Industrials,1,0,9.27536231884058,2.9032258064516125,6.372136512388968,8.985507246376812,8.058688273294646,0.21535181236673773,368,45665,2,183.97883629811938,0.535714285714286,0.17857142857142905,1.648041474654378
2877.HK,2024,Healthcare,1,0,8.64406779661017,2.333333333333333,6.3107344632768365,9.491525423728813,4.270238683867488,0.29368029739776946,190,44494,2,142.5835714416167,7.307692307692308,9.807692307692307,5.32051282051282
2196.HK,2024,Healthcare,1,0,8.47457627118644,2.166666666666667,6.3079096045197725,7.796610169491526,3.894867430253022,0.2151162790697675,405,103983,2,146.86057504827238,3.653846153846154,5.576923076923077,3.294871794871795
0778.HK,2024,Real Estate,1,0,9.02439024390244,3.076923076923077,5.947467166979363,9.02439024390244,9.271724085625983,0.3690322580645161,489,52741,2,79.22914201878068,6.41025641025641,6.923076923076923,4.846153846153847
0486.HK,2024,Basic Materials,1,0,8.787878787878787,2.9032258064516125,5.884652981427175,7.878787878787879,6.948735025315542,0.25086505190311414,866,124627,2,2260.0588478728687,6.206896551724138,6.8965517241379315,4.6929922135706335
0551.HK,2024,Consumer Cyclical,1,0,8.461538461538462,2.5862068965517238,5.8753315649867375,9.384615384615385,6.545553206642776,0.3602209944751381,579,88457,2,86.04083933327638,2.8000000000000003,5.2,3.173103448275862
1138.HK,2024,Energy,1,0,8.0,2.3076923076923075,5.6923076923076925,3.333333333333333,5.91648489514278,0.3495297805642633,415,70143,2,1217.4090639175001,2.3076923076923075,3.076923076923077,2.4615384615384612
2638.HK,2024,Utilities,1,0,8.181818181818182,2.6315789473684212,5.55023923444976,2.727272727272727,9.535231495876456,0.24235294117647055,644,67539,2,3913.9089325702903,7.894736842105264,7.894736842105264,5.2631578947368425
0762.HK,2024,Communication Services,0,0,7.857142857142857,0.0,7.857142857142857,6.7857142857142865,3.805590191188695,0.20596205962059622,293,76992,2,240.2531899001255,5.0,3.6363636363636367,2.2272727272727275
2313.HK,2024,Consumer Cyclical,0,0,7.846153846153846,0.5172413793103448,7.3289124668435015,8.0,5.9497287238225045,0.19217081850533813,227,38153,2,242.57795205781068,7.0,7.800000000000001,3.9186206896551727
6655.HK,2024,Basic Materials,0,0,7.878787878787879,0.9677419354838712,6.911045943304008,6.0606060606060606,5.157201441531005,0.3485086342229199,415,80470,2,6120.86996546306,8.275862068965518,8.275862068965518,4.621802002224694
3360.HK,2024,Financial Services,0,0,7.3584905660377355,0.6521739130434778,6.706316652994258,7.924528301886793,3.597263720710804,0.226215644820296,366,101744,2,21.147946618991956,6.7441860465116275,9.069767441860465,4.1632962588473195
1088.HK,2024,Energy,0,0,6.666666666666666,0.0,6.666666666666666,7.333333333333333,5.480259880227345,0.2832446808510638,539,98353,2,4224.587095483065,3.846153846153846,5.384615384615384,2.230769230769231
2038.HK,2024,Technology,0,0,9.743589743589743,3.333333333333334,6.410256410256409,9.743589743589743,8.018395844254872,0.3668861712135466,673,83932,2,42.98263933273821,4.0540540540540535,8.64864864864865,4.612612612612613
2669.HK,2024,Real Estate,0,0,6.585365853658537,0.2564102564102566,6.328955597248281,6.341463414634147,6.564265859292417,0.3221024258760108,503,76627,2,346.8907094284347,6.666666666666668,4.102564102564102,2.948717948717949
0836.HK,2024,Utilities,0,0,6.8181818181818175,0.5263157894736847,6.2918660287081325,4.545454545454545,7.420612334754454,0.22965440356744704,691,93119,2,10849.52309548425,3.68421052631579,2.6315789473684212,1.8947368421052635
1548.HK,2024,Healthcare,0,0,7.4576271186440675,1.166666666666667,6.2909604519774005,7.11864406779661,3.285746657602538,0.26813880126182965,232,70608,2,255.11815248803165,2.115384615384616,2.115384615384616,1.6410256410256412
1672.HK,2024,Healthcare,0,0,6.271186440677966,0.0,6.271186440677966,6.271186440677966,2.7311844580144804,0.3291139240506329,106,38811,1,14828.35229929852,0.19230769230769273,8.076923076923077,1.6730769230769234
1347.HK,2024,Technology,0,0,7.435897435897436,1.25,6.185897435897436,8.974358974358974,4.555494202098288,0.2870370370370371,231,50708,1,280.68311615858937,1.6216216216216217,4.864864864864865,2.0844594594594597
2005.HK,2024,Healthcare,0,0,6.610169491525424,0.5000000000000004,6.110169491525424,4.067796610169491,2.844425715715452,0.2447552447552448,108,37969,1,444.6765955611491,5.576923076923077,8.846153846153847,3.6923076923076925
0083.HK,2024,Real Estate,0,0,7.560975609756097,1.5384615384615385,6.022514071294559,8.048780487804878,7.588581541184165,0.3797169811320755,789,103972,2,116.43233086138046,2.051282051282052,4.615384615384616,2.307692307692308
1972.HK,2024,Real Estate,0,0,9.512195121951219,3.5897435897435894,5.92245153220763,9.512195121951219,11.89739942484307,0.3297038327526133,1539,129356,2,74.94822567230385,7.435897435897436,8.205128205128204,5.666666666666666
2382.HK,2024,Technology,0,0,7.948717948717948,2.083333333333334,5.865384615384614,6.666666666666666,5.675262296401642,0.2152133580705009,423,74534,2,84.59831363210964,4.594594594594595,2.1621621621621623,2.8524774774774775
2666.HK,2024,Financial Services,0,0,5.849056603773585,0.0,5.849056603773585,5.660377358490566,2.9543962426140093,0.22516556291390732,234,79204,2,29.363959780392776,1.3953488372093026,0.9302325581395354,0.6046511627906979
1310.HK,2024,Communication Services,0,0,9.285714285714286,3.4782608695652173,5.80745341614907,9.285714285714286,4.6478694239183715,0.35516372795969775,256,55079,1,29.017940794233585,2.727272727272727,7.272727272727273,4.011857707509882
0392.HK,2024,Industrials,0,0,9.420289855072463,3.709677419354839,5.710612435717624,10.0,8.114805115497987,0.52311939268461,691,85153,3,102.77872635959926,5.357142857142857,6.25,4.711981566820277
1866.HK,2024,Basic Materials,0,0,7.575757575757576,1.9354838709677424,5.640273704789834,9.09090909090909,5.135503939665165,0.36936936936936937,350,68153,2,4376.276569666277,5.862068965517242,5.862068965517242,3.898776418242492
0004.HK,2024,Real Estate,0,0,7.804878048780488,2.3076923076923075,5.49718574108818,8.292682926829269,8.045571097360623,0.3906976744186047,524,65129,2,101.96463887742466,1.282051282051282,3.846153846153846,2.3076923076923075
0857.HK,2024,Energy,0,0,9.333333333333334,3.846153846153846,5.487179487179488,10.0,9.05581282862031,0.2778571428571428,1011,111641,2,417.7399377327491,6.153846153846154,6.923076923076923,5.153846153846154
2269.HK,2024,Healthcare,0,0,9.152542372881356,3.666666666666667,5.4858757062146895,8.983050847457628,5.233716659064173,0.34730538922155685,436,83306,2,76.58797246919485,3.076923076923077,2.884615384615384,3.333333333333333
1117.HK,2024,Consumer Defensive,0,0,5.405405405405405,0.0,5.405405405405405,5.9459459459459465,4.080880093417737,0.3578336557059961,332,81355,2,1413.4384850970714,2.2580645161290325,3.548387096774194,1.3870967741935485
6088.HK,2024,Technology,0,0,7.6923076923076925,2.291666666666666,5.400641025641026,7.6923076923076925,5.211562630917469,0.2979683972911964,311,59675,2,83.26434450995554,0.8108108108108103,0.8108108108108103,1.551238738738738
3931.HK,2024,Industrials,0,0,7.101449275362319,1.7741935483870963,5.327255726975223,6.811594202898551,4.573460358819857,0.3065843621399177,337,73686,2,298.3167732109578,1.25,1.964285714285714,1.6549539170506908
2319.HK,2024,Consumer Defensive,0,0,10.0,4.705882352941177,5.294117647058823,10.0,10.287047511312217,0.24152910512597736,873,84864,2,105.08332392253968,3.548387096774194,7.741935483870968,4.965844402277041
2577.HK,2024,Technology,0,0,5.6410256410256405,0.4166666666666663,5.2243589743589745,6.410256410256411,4.138157086081862,0.28873239436619713,202,48814,2,591.3839936556909,9.18918918918919,9.45945945945946,4.856981981981981
0288.HK,2024,Consumer Defensive,0,0,7.567567567567568,2.3529411764705888,5.21462639109698,6.486486486486487,5.154573570401293,0.2754919499105546,405,78571,2,147.48309625689063,4.838709677419355,5.483870967741935,3.724857685009488
0027.HK,2024,Consumer Cyclical,0,0,7.0769230769230775,1.8965517241379315,5.180371352785146,9.076923076923077,5.487750556792873,0.4652777777777778,308,56125,2,125.06604969523538,9.0,9.399999999999999,5.528275862068965
2611.HK,2024,Financial Services,0,0,7.547169811320755,2.3913043478260865,5.155865463494669,7.169811320754716,3.6798071469086784,0.21124620060790278,519,141040,2,9.741631687808399,2.325581395348837,4.4186046511627906,2.7770475227502525
6979.HK,2024,Consumer Defensive,0,0,8.64864864864865,3.5294117647058822,5.119236883942767,8.378378378378379,5.889536411556477,0.26730769230769236,381,64691,2,132.23972884978514,6.129032258064516,6.129032258064516,4.829222011385199
0303.HK,2024,Technology,0,0,9.487179487179487,4.375,5.112179487179487,9.230769230769232,7.068943491036069,0.42160278745644597,498,70449,2,32.39921703872862,3.783783783783784,7.027027027027026,4.72804054054054
0345.HK,2024,Consumer Defensive,0,0,8.91891891891892,3.8235294117647056,5.095389507154214,7.837837837837838,6.604303449344411,0.30122950819672134,341,51633,2,127.8386803671087,6.774193548387098,7.096774193548388,5.36337760910816
0981.HK,2024,Technology,0,0,5.897435897435898,0.8333333333333337,5.064102564102564,5.897435897435898,4.2216564480931105,0.2950108459869848,325,76984,2,374.841047626745,5.675675675675675,2.972972972972973,2.7139639639639643
0016.HK,2024,Real Estate,0,0,7.073170731707316,2.051282051282052,5.021888680425264,7.073170731707316,6.950676752321471,0.3055809698078683,759,109198,2,112.92939613459009,0.0,0.0,1.025641025641026
1286.HK,2024,Industrials,0,0,6.956521739130435,1.9354838709677424,5.021037868162692,8.26086956521739,4.532588385473517,0.31754874651810583,245,54053,2,267.66636902190083,4.4642857142857135,5.178571428571428,3.342741935483871
1919.HK,2024,Industrials,0,0,5.797101449275362,0.8064516129032262,4.990649836372136,5.362318840579711,3.66376255329357,0.36,336,91709,2,680.7720712865716,8.214285714285714,3.035714285714286,3.474654377880184
3918.HK,2024,Consumer Cyclical,0,0,9.076923076923077,4.137931034482759,4.938992042440318,9.230769230769232,7.6516416249304395,0.22845691382765532,385,50316,1,40.90794671027355,3.5999999999999996,6.799999999999999,4.5089655172413785
0087.HK,2024,Industrials,0,0,9.710144927536232,4.838709677419355,4.871435250116877,9.420289855072463,9.209985668901517,0.3074604370761115,919,99783,2,60.8059144310654,4.2857142857142865,8.392857142857142,5.383640552995392
2510.HK,2024,Industrials,0,0,5.507246376811594,0.6451612903225812,4.862085086489013,5.797101449275362,3.610963120819274,0.25153374233128833,122,33786,2,801.3067760471145,,,0.6451612903225812
9987.HK,2024,Consumer Cyclical,0,0,5.538461538461538,0.6896551724137934,4.848806366047745,3.5384615384615388,4.506503704209484,0.14099783080260309,396,87873,2,201.47385649827478,3.1999999999999993,6.6,2.624827586206896
0753.HK,2024,Industrials,0,0,4.9275362318840585,0.32258064516129004,4.6049555867227685,4.3478260869565215,3.305918400258023,0.33513513513513515,246,74412,2,1204.2264471123021,,,0.32258064516129004
9995.HK,2024,Healthcare,0,0,5.932203389830509,1.333333333333333,4.598870056497176,6.610169491525424,2.549663694666041,0.36575875486381326,163,63930,2,249.04472584893037,9.423076923076923,7.884615384615384,5.07051282051282
1907.HK,2024,Basic Materials,0,0,9.09090909090909,4.516129032258065,4.574780058651025,9.696969696969697,7.428456035079622,0.24486803519061584,515,69328,2,1467.7650382742988,4.482758620689655,3.1034482758620685,4.2235817575083425
0002.HK,2024,Utilities,0,0,7.727272727272727,3.1578947368421053,4.569377990430621,3.1818181818181817,8.745820012494029,0.19685039370078738,714,81639,1,3294.1031616903388,5.7894736842105265,3.68421052631579,4.052631578947368
6855.HK,2024,Healthcare,0,0,9.491525423728813,5.0,4.491525423728813,8.813559322033898,5.516995906744972,0.36851851851851847,341,61809,2,53.462303574159996,10.0,5.769230769230768,6.653846153846153
3968.HK,2024,Financial Services,0,0,6.226415094339623,1.7391304347826086,4.487284659557014,6.415094339622641,3.0040814071531665,0.2798013245033113,435,144803,2,11.163724108273406,2.0930232558139537,2.325581395348837,1.9625884732052579
0066.HK,2024,Industrials,0,0,7.6811594202898545,3.225806451612904,4.455352968676951,3.4782608695652173,4.986664581650117,0.1521418020679468,574,115107,2,123.73861458732563,6.428571428571428,6.607142857142857,4.862903225806452
2618.HK,2024,Industrials,0,0,7.826086956521739,3.387096774193549,4.43899018232819,5.942028985507246,5.094642284247674,0.35760517799352753,397,77925,2,123.69010520287776,2.1428571428571432,2.1428571428571432,2.764976958525346
3606.HK,2024,Consumer Cyclical,0,0,4.461538461538462,0.17241379310344862,4.289124668435013,5.846153846153847,3.4848372506858456,0.27877237851662406,282,80922,2,410.0384515874,4.0,3.3999999999999995,1.9662068965517243
3396.HK,2024,Technology,0,0,7.17948717948718,2.916666666666666,4.262820512820514,6.923076923076923,4.542248252570378,0.23007246376811596,425,93566,2,58.34270043493124,4.324324324324325,3.2432432432432434,3.404279279279279
0322.HK,2024,Consumer Defensive,0,0,5.675675675675675,1.470588235294118,4.205087440381558,3.783783783783784,4.1159858985953965,0.0897959183673469,223,54179,1,181.0737073605886,7.419354838709678,6.774193548387098,4.315939278937382
2888.HK,2024,Financial Services,0,0,9.622641509433961,5.434782608695652,4.187858900738309,9.622641509433961,5.86018994239452,0.39987244897959184,941,160575,2,4.516262596029133,6.511627906976745,4.186046511627906,5.50808897876643
0285.HK,2024,Technology,0,0,6.666666666666666,2.5,4.166666666666666,8.717948717948719,4.463482236060617,0.3072625698324022,248,55562,2,74.05518481545097,5.405405405405405,1.3513513513513509,3.1418918918918917
3692.HK,2024,Healthcare,0,0,8.813559322033898,4.666666666666667,4.146892655367231,9.322033898305085,4.413980717171852,0.4057450628366248,331,74989,2,59.54010557537207,4.038461538461538,2.6923076923076925,4.083333333333333
6078.HK,2024,Healthcare,0,0,8.135593220338983,4.0,4.135593220338983,7.966101694915254,3.770981096954331,0.3285714285714286,235,62318,2,71.04796091873364,1.923076923076923,1.923076923076923,2.9615384615384612
2276.HK,2024,Healthcare,0,0,6.779661016949152,2.666666666666667,4.112994350282485,5.254237288135593,2.872541241484967,0.26573426573426573,105,36553,2,128.69088062842624,5.0,4.230769230769232,3.6794871794871797
2600.HK,2024,Basic Materials,0,0,6.363636363636363,2.2580645161290325,4.105571847507331,3.6363636363636367,4.347172727663046,0.2166344294003868,405,93164,2,3534.5586111986117,6.8965517241379315,4.827586206896552,4.163515016685206
0522.HK,2024,Technology,0,0,8.205128205128204,4.166666666666666,4.038461538461538,7.948717948717948,5.911622030540781,0.36622073578595316,379,64111,2,34.17865682028263,0.5405405405405406,2.7027027027027026,2.7860360360360357
1398.HK,2024,Financial Services,0,0,4.90566037735849,0.8695652173913049,4.036095159967186,4.339622641509434,2.643219333261409,0.3706422018348624,343,129766,2,16.523411690428297,3.9534883720930236,6.046511627906977,2.8301314459049554
3311.HK,2024,Industrials,0,0,8.695652173913043,4.67741935483871,4.018232819074333,7.826086956521739,6.640722220965224,0.21628838451268362,587,88394,2,65.79815508097018,4.107142857142857,5.0,4.570852534562212
1113.HK,2024,Real Estate,0,0,6.829268292682928,2.8205128205128203,4.008755472170107,6.829268292682928,6.710272580392974,0.29160935350756534,515,76748,2,80.31538140525818,4.615384615384616,4.871794871794872,3.769230769230769
0175.HK,2024,Consumer Cyclical,0,0,9.846153846153847,5.862068965517242,3.9840848806366047,9.846153846153847,10.08895638967238,0.26227069905800693,1488,147488,2,24.60192705109386,7.800000000000001,1.8000000000000005,5.631034482758621
0014.HK,2024,Real Estate,0,0,7.317073170731707,3.333333333333334,3.983739837398373,6.097560975609756,7.167235494880546,0.31407035175879394,546,76180,2,77.5606922851276,7.17948717948718,6.153846153846154,5.051282051282051
2128.HK,2024,Industrials,0,0,6.666666666666666,2.7419354838709675,3.9247311827956985,8.695652173913043,4.32312799704906,0.4332688588007737,293,67775,2,204.17377617293255,3.214285714285714,7.857142857142857,3.9066820276497696
0552.HK,2024,Communication Services,0,0,8.214285714285714,4.347826086956522,3.866459627329191,7.142857142857143,4.015081036086765,0.2678571428571429,246,61269,1,20.20798612384953,1.8181818181818177,2.727272727272727,3.264822134387352
0003.HK,2024,Utilities,0,0,9.09090909090909,5.2631578947368425,3.8277511961722475,9.545454545454547,12.011140144305731,0.32179720704310866,1117,92997,2,301.7478836474812,4.736842105263158,4.736842105263158,5.000000000000001
6823.HK,2024,Communication Services,0,0,6.428571428571429,2.6086956521739135,3.8198757763975153,5.7142857142857135,2.913601615462282,0.25461254612546125,202,69330,2,32.514154001093424,3.6363636363636367,4.090909090909091,3.213438735177866
1836.HK,2024,Consumer Cyclical,0,0,7.230769230769231,3.4482758620689657,3.782493368700265,7.538461538461538,5.620381174640218,0.29512195121951224,289,51420,2,59.59689705743395,1.8000000000000005,1.9999999999999996,2.664137931034483
0939.HK,2024,Financial Services,0,0,5.283018867924528,1.5217391304347827,3.7612797374897453,3.9622641509433967,2.8007316196884084,0.2257336343115124,343,122468,2,12.615036069808381,7.441860465116279,9.30232558139535,4.853892821031344
2689.HK,2024,Basic Materials,0,0,6.969696969696971,3.225806451612904,3.7438905180840667,6.666666666666666,4.558678670423568,0.2710622710622711,199,43653,1,2057.034980204253,2.4137931034482762,2.4137931034482762,2.8197997775305903
1513.HK,2024,Healthcare,0,0,4.576271186440678,0.8333333333333337,3.7429378531073443,6.9491525423728815,2.3396400877014787,0.48694316436251917,334,142757,2,317.6633963995484,2.5,4.423076923076923,2.0512820512820515
2018.HK,2024,Technology,0,0,5.384615384615384,1.6666666666666663,3.717948717948718,8.205128205128204,3.861232339670094,0.3901869158878505,261,67595,2,193.0093868979209,7.027027027027026,4.0540540540540535,3.7522522522522515
1093.HK,2024,Healthcare,0,0,5.084745762711864,1.5000000000000002,3.584745762711864,6.779661016949152,2.3905062750789723,0.3832599118942731,140,58565,2,240.2238502237941,,,1.5000000000000002
3996.HK,2024,Industrials,0,0,7.536231884057971,4.032258064516129,3.5039738195418417,7.246376811594203,4.878186065273882,0.15721231766612642,520,106597,2,95.42324590256932,9.107142857142858,9.285714285714286,6.605414746543779
2268.HK,2024,Healthcare,0,0,8.305084745762713,4.833333333333333,3.47175141242938,8.64406779661017,3.8070634623882524,0.4413965087281796,224,58838,2,57.04287914083785,8.269230769230768,1.3461538461538458,5.166666666666666
6869.HK,2024,Technology,0,0,4.871794871794871,1.4583333333333337,3.4134615384615374,4.871794871794871,3.507995352182814,0.3450413223140496,317,90365,2,208.31805361744384,3.513513513513513,8.378378378378379,3.458896396396397
0868.HK,2024,Basic Materials,0,0,7.272727272727273,3.870967741935484,3.4017595307917894,6.969696969696971,4.57954709361027,0.263768115942029,254,55464,2,1852.461530680869,3.1034482758620685,4.482758620689655,3.7630700778642936
0683.HK,2024,Real Estate,0,0,8.78048780487805,5.384615384615384,3.3958724202626653,7.804878048780488,8.966902545655056,0.27263045793397234,683,76169,2,38.74078670701061,8.974358974358974,3.333333333333334,6.051282051282051
0880.HK,2024,Consumer Cyclical,0,0,6.153846153846154,2.7586206896551726,3.3952254641909816,7.230769230769231,5.029953656606759,0.2992125984251969,445,88470,3,85.06520585130447,8.6,7.4,5.439310344827586
0144.HK,2024,Industrials,0,0,5.942028985507246,2.5806451612903225,3.3613838242169236,6.086956521739131,3.7187592167523693,0.4357976653696498,290,77983,2,207.3927258908968,3.035714285714286,3.214285714285714,2.84389400921659
6098.HK,2024,Real Estate,0,0,4.634146341463415,1.282051282051282,3.3520950594121333,3.1707317073170733,4.508000273903814,0.18724279835390945,395,87622,2,116.88885883352647,1.7948717948717952,0.5128205128205132,1.2820512820512822
2380.HK,2024,Utilities,0,0,5.454545454545454,2.1052631578947367,3.3492822966507174,1.8181818181818183,6.252544336697947,0.312284730195178,599,95801,2,6680.609506332011,8.421052631578947,3.1578947368421053,4.2105263157894735
1888.HK,2024,Technology,0,0,4.3589743589743595,1.0416666666666663,3.3173076923076934,6.153846153846154,3.085829107262463,0.18354430379746833,129,41804,2,368.56433233869205,5.945945945945946,5.675675675675675,3.439752252252252
1681.HK,2024,Healthcare,0,0,7.11864406779661,3.833333333333333,3.285310734463277,8.135593220338983,3.173164097914778,0.3502109704641351,154,48532,2,75.65025891107376,8.076923076923077,9.038461538461538,6.147435897435897
2356.HK,2024,Financial Services,0,0,8.49056603773585,5.217391304347826,3.2731747333880232,8.679245283018869,4.546270263803314,0.36,304,66868,2,4.527651893944339,8.372093023255813,6.511627906976745,6.422649140546007
2016.HK,2024,Financial Services,0,0,7.169811320754716,3.913043478260869,3.256767842493847,7.3584905660377355,3.495662974017909,0.3223300970873786,349,99838,2,6.1629999696039395,7.906976744186046,3.0232558139534884,4.933265925176946
1440.HK,2024,Consumer Cyclical,0,0,3.230769230769231,0.0,3.230769230769231,3.076923076923077,2.6051717483597066,0.20588235294117652,81,31092,1,496.4899844493371,9.200000000000001,3.8,3.5200000000000005
2020.HK,2024,Consumer Cyclical,0,0,9.230769230769232,6.0344827586206895,3.1962864721485422,8.615384615384617,7.8385832486572795,0.22430939226519342,702,89557,2,24.18759212718493,2.6,2.1999999999999997,4.237241379310344
0823.HK,2024,Real Estate,0,0,8.292682926829269,5.128205128205128,3.164477798624141,8.536585365853659,8.611688611688612,0.37069547602970965,932,108225,1,49.84865223155103,7.692307692307692,5.6410256410256405,6.0
1898.HK,2024,Energy,0,0,4.666666666666667,1.5384615384615385,3.1282051282051286,9.333333333333334,4.6118270629806695,0.19501133786848068,355,76976,2,1726.2877415301748,6.923076923076923,9.230769230769232,4.6923076923076925
0148.HK,2024,Industrials,0,0,4.057971014492754,0.9677419354838712,3.090229079008883,6.231884057971015,3.093671679197995,0.202020202020202,158,51072,2,660.2223090520065,5.178571428571428,4.642857142857143,2.9660138248847927
2460.HK,2024,Consumer Defensive,0,0,8.378378378378379,5.294117647058823,3.0842607313195556,8.64864864864865,5.8367229673536665,0.2811918063314711,386,66133,2,91.74137945570992,0.0,0.0,2.6470588235294117
2318.HK,2024,Financial Services,0,0,9.81132075471698,6.739130434782608,3.0721903199343723,9.433962264150944,6.310859622859184,0.3388489208633093,919,145622,2,2.9091027312448516,8.13953488372093,6.976744186046512,7.206774519716885
3896.HK,2024,Technology,0,0,6.153846153846154,3.125,3.028846153846154,4.615384615384616,4.386166705007285,0.23324396782841827,286,65205,2,53.359126956602154,6.486486486486487,6.216216216216216,4.7516891891891895
0008.HK,2024,Communication Services,0,0,6.071428571428571,3.0434782608695654,3.0279503105590058,5.0,2.891021075124649,0.25,207,71601,2,30.328340602284527,5.454545454545454,4.545454545454546,4.067193675889328
0290.HK,2024,Financial Services,0,0,3.2075471698113205,0.21739130434782594,2.9901558654634943,4.528301886792453,2.0091278896715945,0.38636363636363635,81,40316,1,27.518278874150763,0.23255813953488413,0.23255813953488413,0.22497472194135504
0151.HK,2024,Consumer Defensive,0,0,6.216216216216216,3.2352941176470584,2.9809220985691574,8.108108108108109,4.506677116932445,0.3922764227642277,299,66346,2,135.1154342937754,7.096774193548388,5.806451612903225,4.907969639468691
1585.HK,2024,Consumer Cyclical,0,0,7.384615384615385,4.482758620689655,2.90185676392573,8.76923076923077,5.62953995157385,0.31784841075794623,279,49560,2,34.396047973232704,2.1999999999999997,8.200000000000001,4.541379310344828
2282.HK,2024,Consumer Cyclical,0,0,7.6923076923076925,4.827586206896552,2.864721485411141,7.846153846153846,5.732355832435185,0.3414965986394558,484,84433,2,32.65089174217924,6.799999999999999,6.0,5.653793103448275
1766.HK,2024,Industrials,0,0,7.971014492753623,5.161290322580645,2.809724170172978,6.666666666666666,5.174512987012987,0.22596964586846546,459,88704,2,58.42687339007868,5.892857142857143,6.071428571428572,5.56278801843318
3998.HK,2024,Consumer Cyclical,0,0,9.692307692307692,6.8965517241379315,2.79575596816976,9.538461538461538,8.86860491322966,0.30292294065544734,787,88740,2,14.178806414206443,4.8,1.4000000000000001,5.168275862068966
2232.HK,2024,Consumer Cyclical,0,0,5.846153846153847,3.1034482758620685,2.742705570291778,6.923076923076923,4.634334729054027,0.368421052631579,228,49198,2,72.23554631080215,3.8,4.0,3.491724137931034
0200.HK,2024,Consumer Cyclical,0,0,6.0,3.275862068965517,2.724137931034483,7.384615384615385,4.689407079077536,0.39868204283360786,365,77835,2,63.24812348844324,5.4,4.3999999999999995,4.137931034482758
0512.HK,2024,Healthcare,0,0,3.389830508474576,0.6666666666666665,2.7231638418079096,7.288135593220338,1.9140610803542224,0.4768211920529801,158,82547,2,338.4615896824117,1.5384615384615385,0.9615384615384615,0.9871794871794871
0386.HK,2024,Energy,0,0,7.333333333333333,4.615384615384616,2.717948717948717,6.0,5.842430874864309,0.2676991150442478,662,113309,2,393.4911454404762,4.615384615384616,6.153846153846154,4.923076923076923
1024.HK,2024,Communication Services,0,0,7.5,4.782608695652174,2.717391304347826,8.571428571428571,3.640845469484898,0.33072916666666663,257,70588,1,15.665495122066542,10.0,10.0,7.391304347826087
6808.HK,2024,Consumer Cyclical,0,0,4.769230769230769,2.068965517241379,2.70026525198939,5.538461538461538,3.857325075686558,0.4845995893223819,251,65071,2,124.51579809004093,8.4,9.6,5.47448275862069
0308.HK,2024,Consumer Cyclical,0,0,3.6923076923076925,1.0344827586206895,2.657824933687003,4.307692307692308,2.7071680235682862,0.2272727272727273,136,50237,1,155.0905883126185,1.9999999999999996,5.0,2.117241379310345
0440.HK,2024,Financial Services,0,0,8.30188679245283,5.6521739130434785,2.6497128794093516,8.30188679245283,4.453511090679232,0.3555093555093555,310,69608,2,4.473533133129179,7.674418604651163,6.279069767441861,6.38422649140546
0425.HK,2024,Consumer Cyclical,0,0,3.8461538461538463,1.2068965517241381,2.639257294429708,2.769230769230769,2.7772044059972605,0.38842975206611574,148,53291,2,149.48280181515432,4.3999999999999995,5.800000000000001,3.083448275862069
1772.HK,2024,Basic Materials,0,0,9.393939393939394,6.774193548387098,2.6197458455522966,10.0,7.488462257559805,0.38029315960912047,761,101623,3,457.5973561658188,0.34482758620689613,2.7586206896551726,4.042269187986652
0902.HK,2024,Utilities,0,0,3.6363636363636367,1.0526315789473684,2.5837320574162685,1.3636363636363635,4.798924156734152,0.27739251040221913,521,108566,2,10751.417108889444,4.2105263157894735,4.2105263157894735,2.631578947368421
1114.HK,2024,Consumer Cyclical,0,0,4.307692307692308,1.7241379310344829,2.5835543766578253,4.615384615384616,3.4620794114465,0.3162393162393162,160,46215,1,128.4837378381658,0.9999999999999998,1.6000000000000003,1.4820689655172414
0467.HK,2024,Energy,0,0,3.333333333333333,0.7692307692307687,2.5641025641025643,5.333333333333333,3.7584980746909373,0.391044776119403,204,54277,2,1786.5075010684498,9.230769230769232,1.5384615384615385,3.4615384615384617
1883.HK,2024,Communication Services,0,0,4.285714285714286,1.7391304347826086,2.546583850931677,4.285714285714286,2.1781672764400577,0.29670329670329665,128,58765,1,35.74687934816671,1.3636363636363635,1.8181818181818177,1.642292490118577
2171.HK,2024,Healthcare,0,0,2.711864406779661,0.16666666666666718,2.545197740112994,3.7288135593220337,1.8170327065887186,0.4355828220858896,92,50632,1,2341.54592263792,,,0.16666666666666718
0363.HK,2024,Industrials,0,0,4.63768115942029,2.0967741935483875,2.5409069658719026,7.971014492753623,3.232525202032825,0.2788104089219331,194,60015,2,267.2972887156262,2.321428571428571,7.321428571428572,3.2091013824884795
1177.HK,2024,Healthcare,0,0,7.796610169491526,5.333333333333333,2.463276836158193,6.101694915254238,3.514810331500576,0.34864864864864864,241,68567,2,51.9356964672716,6.730769230769232,7.307692307692308,6.147435897435898
1686.HK,2024,Real Estate,0,0,2.4390243902439024,0.0,2.4390243902439024,1.4634146341463414,2.966895690193629,0.2267441860465116,133,44828,2,646.1379292545618,4.871794871794872,1.7948717948717952,1.8205128205128207
1921.HK,2024,Energy,0,0,5.333333333333333,3.076923076923077,2.256410256410256,1.3333333333333333,4.649902938919237,0.27464788732394363,206,44302,1,781.1185056848418,0.7692307692307687,8.461538461538462,3.4615384615384617
6963.HK,2024,Financial Services,0,0,6.60377358490566,4.347826086956522,2.255947497949138,5.471698113207547,3.313437578013299,0.29297820823244547,292,88126,2,5.611146376396447,6.976744186046512,4.651162790697675,5.197168857431749
0020.HK,2024,Technology,0,0,4.102564102564102,1.875,2.227564102564102,4.102564102564102,2.9741264337156577,0.41005291005291,223,74980,2,160.11134378427298,2.7027027027027026,3.783783783783784,2.5050675675675675
6690.HK,2024,Consumer Cyclical,0,0,6.76923076923077,4.655172413793104,2.114058355437666,6.0,5.484832069339111,0.23892617449664433,567,103376,2,32.76831751980303,0.20000000000000018,0.40000000000000036,2.467586206896552
2328.HK,2024,Financial Services,0,0,5.471698113207547,3.4782608695652173,1.99343724364233,7.735849056603774,2.9143321886860654,0.42666666666666664,258,88528,2,6.760469908897927,5.5813953488372094,4.883720930232558,4.390293225480283
0546.HK,2024,Basic Materials,0,0,4.545454545454545,2.5806451612903225,1.9648093841642225,3.333333333333333,2.9779630732578917,0.3523316062176166,125,41975,2,3506.475124859001,1.7241379310344829,1.3793103448275867,2.0834260289210236
0123.HK,2024,Real Estate,0,0,8.536585365853659,6.666666666666668,1.8699186991869912,8.78048780487805,8.902955320810555,0.2907662082514735,1083,121645,2,12.271448512105742,0.2564102564102566,0.2564102564102566,3.4615384615384626
0763.HK,2024,Technology,0,0,6.410256410256411,4.583333333333334,1.8269230769230766,5.384615384615384,4.417921083103233,0.2811594202898551,496,112270,2,25.923723667000296,6.216216216216216,8.91891891891892,5.940315315315316
1928.HK,2024,Consumer Cyclical,0,0,5.384615384615384,3.6206896551724133,1.7639257294429709,6.3076923076923075,4.39789427506032,0.2915194346289752,401,91180,2,53.93107344632768,8.200000000000001,9.200000000000001,6.110344827586207
9985.HK,2024,Consumer Defensive,0,0,3.5135135135135136,1.7647058823529416,1.748807631160572,5.675675675675675,2.716456292218258,0.5341614906832298,150,55219,2,175.74574064611386,,,1.7647058823529416
2778.HK,2024,Real Estate,0,0,6.097560975609756,4.3589743589743595,1.7385866166353967,7.317073170731707,6.338503034389751,0.4396423248882265,376,59320,2,53.503892861805525,5.384615384615384,5.897435897435898,4.9743589743589745
1876.HK,2024,Consumer Defensive,0,0,8.108108108108109,6.470588235294117,1.637519872813992,7.027027027027027,5.824100774017301,0.28604651162790695,307,52712,2,49.42651296829971,5.806451612903225,9.032258064516128,6.783681214421252
2057.HK,2024,Industrials,0,0,3.1884057971014492,1.6129032258064513,1.575502571294998,3.6231884057971016,2.6485766036704144,0.42164179104477617,155,58522,2,310.25999577242646,6.7857142857142865,4.107142857142857,3.6635944700460827
2628.HK,2024,Financial Services,0,0,2.641509433962264,1.0869565217391308,1.5545529122231332,2.452830188679245,1.7208389992659359,0.3587443946188341,143,83099,2,16.069858742048254,0.46511627906976716,3.7209302325581395,1.4271991911021233
0921.HK,2024,Consumer Cyclical,0,0,8.0,6.551724137931034,1.4482758620689662,8.461538461538462,6.172899324566589,0.3578629032258065,637,103193,2,18.74650432727089,7.199999999999999,8.8,7.195862068965516
6049.HK,2024,Real Estate,0,0,2.1951219512195124,0.7692307692307687,1.4258911819887437,2.1951219512195124,2.7007410158162144,0.28888888888888886,160,59243,2,230.4196258154905,3.5897435897435894,1.5384615384615385,1.769230769230769
0460.HK,2024,Healthcare,0,0,3.050847457627119,1.6666666666666663,1.3841807909604527,3.389830508474576,1.862169427382901,0.3507853403141361,124,66589,2,237.43178113406435,8.653846153846153,10.0,5.429487179487179
1811.HK,2024,Utilities,0,0,5.0,3.68421052631579,1.3157894736842102,4.090909090909091,5.864592522644534,0.27828746177370034,472,80483,2,1667.5386132291724,3.1578947368421053,5.7894736842105265,3.947368421052632
1789.HK,2024,Healthcare,0,0,7.627118644067796,6.333333333333333,1.2937853107344628,8.47457627118644,3.4795846245854403,0.4482758620689655,192,55179,1,28.102619102970415,7.5,6.346153846153846,6.685897435897435
1083.HK,2024,Utilities,0,0,8.636363636363637,7.36842105263158,1.267942583732057,7.727272727272727,11.658820630535995,0.3199697428139183,899,77109,2,28.18557938394279,9.473684210526317,8.947368421052632,8.315789473684212
1368.HK,2024,Consumer Cyclical,0,0,8.307692307692308,7.068965517241379,1.2387267904509294,8.153846153846153,6.513473802202463,0.382183908045977,430,66017,2,13.760753120189094,3.0000000000000004,4.6,5.35448275862069
2039.HK,2024,Industrials,0,0,6.521739130434783,5.32258064516129,1.1991584852734931,5.217391304347826,4.0716733168192,0.22457627118644063,549,134834,2,52.373016454905816,2.678571428571429,0.535714285714286,3.572004608294931
6862.HK,2024,Consumer Cyclical,0,0,2.0,0.8620689655172409,1.1379310344827591,2.4615384615384617,1.8827010035468743,0.40740740740740744,112,59489,2,159.37742816360694,,,0.8620689655172409
0992.HK,2024,Technology,0,0,9.230769230769232,8.125,1.1057692307692317,7.17948717948718,6.796720971256615,0.20702179176755453,655,96370,2,3.549324118141698,2.432432432432432,6.486486486486487,6.089527027027027
1299.HK,2024,Financial Services,0,0,9.056603773584905,8.043478260869566,1.0131255127153391,8.867924528301888,5.123555402040787,0.32125834127740704,712,138966,2,1.7822428411454168,,,8.043478260869566
0867.HK,2024,Healthcare,0,0,9.830508474576272,8.833333333333332,0.9971751412429395,9.661016949152541,6.033981523354222,0.3241678726483358,467,77395,2,5.348289393880565,2.6923076923076925,4.8076923076923075,6.185897435897435
2314.HK,2024,Basic Materials,0,0,5.151515151515151,4.193548387096774,0.9579667644183774,5.757575757575758,3.438752301527131,0.2573099415204678,127,36932,1,1741.4959972373592,5.517241379310345,3.4482758620689657,4.441601779755283
2378.HK,2024,Financial Services,0,0,9.433962264150944,8.478260869565217,0.9557013945857271,9.81132075471698,5.687980894087453,0.4979775280898876,1117,196379,2,1.1429893282339152,1.8604651162790697,6.7441860465116275,6.146107178968655
0696.HK,2024,Technology,0,0,3.58974358974359,2.708333333333334,0.8814102564102559,1.794871794871795,2.6457718530579015,0.16894977168949776,182,68789,2,70.19626464506877,8.378378378378379,5.945945945945946,5.05686936936937
6099.HK,2024,Financial Services,0,0,3.0188679245283017,2.1739130434782608,0.8449548810500409,3.3962264150943393,1.955975038032848,0.3913043478260869,252,128836,2,9.913659321650172,7.209302325581395,7.906976744186046,4.831142568250758
1339.HK,2024,Financial Services,0,0,4.528301886792453,3.695652173913043,0.8326497128794097,5.849056603773585,2.3922732551791226,0.43160377358490565,241,100741,2,6.757466942052245,5.348837209302326,3.4883720930232553,4.150151668351871
0659.HK,2024,Industrials,0,0,8.405797101449275,7.580645161290322,0.8251519401589533,7.6811594202898545,5.695485680384014,0.36690647482014394,528,92705,2,25.639840130802067,3.3928571428571432,5.357142857142857,5.8796082949308754
1316.HK,2024,Consumer Cyclical,0,0,4.615384615384616,3.793103448275862,0.8222811671087538,4.923076923076923,3.8239525101516834,0.4182825484764543,210,54917,2,45.07346203981865,5.800000000000001,8.4,5.316551724137931
1211.HK,2024,Consumer Cyclical,0,0,7.538461538461538,6.724137931034483,0.8143236074270552,7.0769230769230775,5.665858171394606,0.20564516129032262,591,104309,2,14.26145348105997,10.0,10.0,8.362068965517242
3320.HK,2024,Healthcare,0,0,7.966101694915254,7.166666666666667,0.7994350282485874,5.423728813559322,3.724596244494243,0.26969696969696966,241,64705,2,20.187234953091135,,,7.166666666666667
6699.HK,2024,Healthcare,0,0,6.9491525423728815,6.166666666666667,0.7824858757062145,5.932203389830509,3.081186530292257,0.39857651245551606,169,54849,2,39.58859617466619,9.230769230769232,9.230769230769232,7.69871794871795
0041.HK,2024,Real Estate,0,0,4.878048780487805,4.102564102564102,0.7754846779237026,5.853658536585366,5.405989836739107,0.3835616438356164,450,83241,2,58.91600978476799,5.897435897435898,5.128205128205128,4.846153846153846
0863.HK,2024,Financial Services,0,0,7.924528301886793,7.173913043478262,0.7506152584085317,8.11320754716981,3.809076795320793,0.3738872403560831,211,55394,2,2.6169495686423105,10.0,10.0,8.58695652173913
2186.HK,2024,Healthcare,0,0,4.067796610169491,3.333333333333334,0.7344632768361574,8.305084745762713,2.1439910967087283,0.30687830687830686,131,61101,2,80.37963197200138,4.230769230769232,6.923076923076923,4.320512820512821
0570.HK,2024,Healthcare,0,0,3.559322033898305,2.833333333333333,0.7259887005649719,5.084745762711864,1.9154664883716728,0.4391534391534392,106,55339,2,119.32726126955123,4.8076923076923075,8.461538461538462,4.551282051282051
2162.HK,2024,Healthcare,0,0,1.694915254237288,0.9999999999999998,0.6949152542372883,4.576271186440678,1.6269499473633842,0.4769230769230769,68,41796,1,268.0326821201334,1.1538461538461542,0.7692307692307687,0.9999999999999999
9606.HK,2024,Healthcare,0,0,10.0,9.333333333333334,0.6666666666666661,10.0,6.797150110556056,0.44666666666666666,83,12211,1,1.2997969872098336,,,9.333333333333334
1913.HK,2024,Consumer Cyclical,0,0,8.76923076923077,8.103448275862068,0.6657824933687024,8.307692307692308,7.395559497038609,0.24555735056542816,467,63146,2,5.283433963276593,8.8,9.0,8.491724137931035
0999.HK,2024,Consumer Cyclical,0,0,2.153846153846154,1.5517241379310343,0.6021220159151199,3.230769230769231,1.9606660231660231,0.4298245614035088,65,33152,1,133.6331588825373,,,1.5517241379310343
1910.HK,2024,Consumer Cyclical,0,0,8.153846153846153,7.586206896551724,0.5676392572944291,5.230769230769231,6.326331216414265,0.25360230547550433,518,81880,2,5.874157052889706,5.2,8.6,7.0731034482758615
1810.HK,2024,Technology,0,0,8.461538461538462,7.916666666666666,0.5448717948717956,7.435897435897436,6.067916353834603,0.2086677367576244,493,81247,1,4.126592348014731,1.0810810810810811,0.0,4.282657657657658
9863.HK,2024,Consumer Cyclical,0,0,6.923076923076923,6.379310344827587,0.5437665782493362,6.615384615384615,5.487509095318942,0.2831683168316832,362,65968,2,19.561261059817344,7.4,0.9999999999999998,5.609655172413794
6993.HK,2024,Consumer Defensive,0,0,7.837837837837838,7.352941176470589,0.48489666136724896,7.567567567567568,5.528158508976676,0.35185185185185186,315,56981,2,15.813970286833152,5.161290322580645,3.870967741935484,5.999051233396584
6666.HK,2024,Real Estate,0,0,0.975609756097561,0.5128205128205132,0.46278924327704773,2.682926829268293,2.3103748910200523,0.2689655172413793,106,45880,2,307.638985576741,3.846153846153846,3.076923076923077,2.0256410256410255
6066.HK,2024,Financial Services,0,0,6.981132075471698,6.521739130434783,0.45939294503691475,4.716981132075472,3.3474440976835687,0.17091836734693877,325,97089,2,2.9340469907832314,2.790697674418605,1.6279069767441856,4.4236602628918105
0839.HK,2024,Consumer Defensive,0,0,1.6216216216216217,1.1764705882352944,0.44515103338632733,1.891891891891892,1.8815412959115676,0.23199999999999998,96,51022,1,219.9813953488372,2.5806451612903225,1.2903225806451613,1.6204933586337762
2610.HK,2024,Basic Materials,0,0,3.9393939393939394,3.548387096774194,0.3910068426197455,5.151515151515151,2.8975670878145556,0.4336734693877551,111,38308,1,2028.3967264575747,,,3.548387096774194
1610.HK,2024,Consumer Defensive,0,0,2.9729729729729732,2.6470588235294112,0.325914149443562,4.594594594594595,2.627052384675528,0.26315789473684215,168,63950,2,142.35767402349143,1.6129032258064513,2.9032258064516125,2.3880455407969636
2388.HK,2024,Financial Services,0,0,5.09433962264151,4.782608695652174,0.3117309269893358,3.584905660377358,2.685320249303806,0.25574272588055125,486,180984,3,5.542936681374663,3.7209302325581395,3.2558139534883725,4.158746208291204
1066.HK,2024,Healthcare,0,0,4.406779661016949,4.166666666666666,0.24011299435028288,6.440677966101695,2.2596084714775784,0.23611111111111116,110,48681,2,69.39687879740242,1.3461538461538458,1.7307692307692313,2.833333333333333
0012.HK,2024,Real Estate,0,0,5.853658536585366,5.6410256410256405,0.2126328955597252,5.365853658536586,5.835587852374401,0.3016574585635359,632,108301,2,37.547537218878674,5.6410256410256405,7.17948717948718,5.948717948717949
1405.HK,2024,Consumer Cyclical,0,0,1.5384615384615385,1.3793103448275867,0.1591511936339518,1.5384615384615385,1.5995734470807785,0.2421052631578947,72,45012,2,147.75364926069045,1.6000000000000003,0.7999999999999996,1.3296551724137935
1186.HK,2024,Industrials,0,0,4.3478260869565215,4.193548387096774,0.15427769985974749,0.43478260869565216,3.2077814569536423,0.10444444444444445,403,125632,2,93.18758530337102,6.25,8.75,5.721774193548387
6069.HK,2024,Financial Services,0,0,7.735849056603774,7.608695652173914,0.12715340442986012,6.226415094339623,3.7802979764287303,0.24332344213649848,255,67455,2,2.2361235895171236,8.604651162790697,9.767441860465116,8.339231547017189
0081.HK,2024,Real Estate,0,0,8.048780487804878,7.948717948717949,0.10006253908692919,6.585365853658537,8.262483534906,0.20138888888888884,690,83510,2,4.609417985110965,3.333333333333334,7.435897435897436,6.461538461538462
3888.HK,2024,Communication Services,0,0,5.7142857142857135,5.6521739130434785,0.06211180124223503,6.428571428571429,2.7013659019137846,0.35060975609756095,213,78849,2,8.286978440582505,7.727272727272727,6.363636363636363,6.416996047430829
1070.HK,2024,Technology,0,0,6.923076923076923,6.875,0.04807692307692335,5.6410256410256405,4.511278195488722,0.3474025974025974,402,89110,2,7.314095798703866,3.2432432432432434,1.6216216216216217,4.734797297297297
3868.HK,2024,Utilities,0,0,6.363636363636363,6.315789473684211,0.047846889952152694,5.909090909090909,7.275827204060189,0.2338204592901879,367,50441,2,65.19703972264097,2.6315789473684212,1.578947368421053,4.2631578947368425
3988.HK,2024,Financial Services,0,0,1.320754716981132,1.3043478260869568,0.01640689089417524,1.320754716981132,1.0550128858539043,0.3738317757009346,201,190519,2,13.905472224208193,8.837209302325581,9.534883720930234,5.2103134479271995
0135.HK,2024,Energy,0,0,10.0,10.0,0.0,8.666666666666668,9.124598534134893,0.32521315468940315,554,60715,2,61.36028570512067,5.384615384615384,3.846153846153846,7.384615384615384
1099.HK,2024,Healthcare,0,0,8.983050847457628,9.0,-0.016949152542371948,7.627118644067796,4.657772163890424,0.3308128544423441,354,76002,2,2.7844352838805793,5.384615384615384,7.5,7.615384615384615
6030.HK,2024,Financial Services,0,0,6.037735849056603,6.086956521739131,-0.0492206726825275,6.60377358490566,2.968632967354172,0.3473895582329317,325,109478,2,3.3968627784355006,2.558139534883721,2.790697674418605,4.369059656218402
0916.HK,2024,Utilities,0,0,4.090909090909091,4.2105263157894735,-0.11961722488038262,0.9090909090909092,5.222090290062277,0.18679245283018864,431,82534,2,1424.744820707596,8.947368421052632,9.473684210526317,6.684210526315789
2727.HK,2024,Industrials,0,0,8.26086956521739,8.387096774193548,-0.12622720897615736,8.840579710144928,5.624675499490414,0.276885043263288,585,104006,2,20.85386209140514,4.642857142857143,5.5357142857142865,6.693548387096775
0631.HK,2024,Industrials,0,0,4.202898550724638,4.354838709677419,-0.15194015895278135,6.956521739130435,3.1696415529782946,0.2790697674418605,217,68462,2,70.94061650759134,,,4.354838709677419
1052.HK,2024,Industrials,0,0,7.246376811594203,7.419354838709678,-0.17297802711547483,7.391304347826086,4.606501820007531,0.4109149277688604,367,79670,2,29.126799563189028,7.142857142857143,8.571428571428573,7.566820276497697
2601.HK,2024,Financial Services,0,0,5.660377358490566,5.869565217391304,-0.2091878589007381,5.283018867924528,2.919835480366289,0.36631578947368426,301,103088,2,3.8662250963550546,9.069767441860465,8.13953488372093,7.283619817997978
1519.HK,2024,Industrials,0,0,3.333333333333333,3.548387096774194,-0.2150537634408609,2.898550724637681,2.7361457099685547,0.32094594594594594,201,73461,1,120.02022788734767,2.8571428571428568,1.607142857142857,2.952764976958525
0013.HK,2024,Healthcare,0,0,6.440677966101695,6.666666666666668,-0.22598870056497322,2.711864406779661,2.770749837673242,0.375,495,178652,2,25.891739302222625,0.5769230769230771,0.38461538461538436,3.583333333333334
0917.HK,2024,Communication Services,0,0,3.5714285714285716,3.913043478260869,-0.34161490683229756,3.9285714285714284,1.8271604938271604,0.26,74,40500,2,22.862942889137734,,,3.913043478260869
2473.HK,2024,Financial Services,0,0,3.7735849056603774,4.130434782608695,-0.35684987694831793,6.981132075471698,2.202425142291512,0.38620689655172413,89,40410,1,6.067619071036908,1.6279069767441856,0.46511627906976716,2.646612740141557
1302.HK,2024,Healthcare,0,0,5.423728813559322,5.833333333333332,-0.40960451977401036,7.4576271186440675,2.4123027439943714,0.4117647058823529,120,49745,2,44.400678377447555,5.769230769230768,7.115384615384616,6.070512820512819
1128.HK,2024,Consumer Cyclical,0,0,3.5384615384615388,3.9655172413793105,-0.42705570291777173,3.384615384615385,2.687174499993602,0.35779816513761464,210,78149,2,43.51190958545805,6.4,7.199999999999999,5.342758620689655
1359.HK,2024,Financial Services,0,0,2.830188679245283,3.2608695652173916,-0.43068088597210874,3.0188679245283017,1.7353077279037483,0.295774647887324,150,86440,2,7.171002030624634,5.116279069767442,8.372093023255813,4.839737108190091
0817.HK,2024,Real Estate,0,0,4.146341463414634,4.615384615384616,-0.4690431519699816,4.634146341463415,4.284794529671647,0.25338491295938104,386,90086,2,50.72967303210606,1.5384615384615385,1.282051282051282,3.025641025641026
0636.HK,2024,Industrials,0,0,7.391304347826086,7.903225806451612,-0.5119214586255261,5.652173913043478,4.681100058513751,0.3872340425531915,288,61524,2,25.32553057084891,9.642857142857142,9.821428571428571,8.808755760368662
0669.HK,2024,Industrials,0,0,8.840579710144928,9.35483870967742,-0.5142589995324922,9.130434782608695,6.989555683015647,0.3761904761904762,524,74969,2,3.3144763205380308,7.5,7.5,8.42741935483871
3899.HK,2024,Energy,0,0,8.666666666666668,9.230769230769232,-0.5641025641025639,4.666666666666667,8.509211065701047,0.21803652968036524,685,80501,2,66.37864410984814,0.0,0.7692307692307687,4.76923076923077
1788.HK,2024,Financial Services,0,0,8.11320754716981,8.695652173913043,-0.5824446267432322,8.49056603773585,3.923549717942241,0.410126582278481,233,59385,2,1.0709807221760221,9.767441860465116,5.813953488372093,8.440849342770475
1361.HK,2024,Consumer Cyclical,0,0,5.076923076923077,5.689655172413794,-0.6127320954907169,4.769230769230769,4.06511187818682,0.3390313390313391,232,57071,2,24.99423537575284,6.0,6.2,5.884827586206897
0297.HK,2024,Basic Materials,0,0,4.848484848484849,5.483870967741935,-0.6353861192570864,4.545454545454545,3.014037286011819,0.3642857142857143,178,59057,2,676.1355144973015,4.827586206896552,4.137931034482759,5.017797552836485
1072.HK,2024,Industrials,0,0,6.231884057971015,6.935483870967742,-0.7035998129967274,8.405797101449275,3.8172189990178507,0.33274336283185846,377,98763,2,30.475584528989415,6.071428571428572,3.928571428571429,6.074884792626729
0168.HK,2024,Consumer Defensive,0,0,4.864864864864865,5.588235294117647,-0.7233704292527818,4.054054054054054,3.4224757389436253,0.3205882352941176,231,67495,2,87.48142579289147,8.064516129032258,8.709677419354838,6.955407969639468
2477.HK,2024,Communication Services,0,0,5.357142857142857,6.086956521739131,-0.7298136645962741,6.071428571428571,2.5557798962353364,0.21875,100,39127,2,6.642499002598634,6.363636363636363,3.1818181818181825,5.588932806324111
1952.HK,2024,Healthcare,0,0,5.254237288135593,6.0,-0.7457627118644066,5.76271186440678,2.3963016371193486,0.446078431372549,113,47156,2,43.10088611786415,0.0,0.0,3.0
2015.HK,2024,Consumer Cyclical,0,0,6.615384615384615,7.413793103448276,-0.7984084880636608,6.461538461538462,5.351140987086502,0.29239766081871343,363,67836,2,10.558725696879327,,,7.413793103448276
2228.HK,2024,Healthcare,0,0,1.0169491525423728,1.8333333333333335,-0.8163841807909606,1.5254237288135595,1.5698587127158556,0.3880597014925373,82,52234,1,179.04565875848712,,,1.8333333333333335
9658.HK,2024,Consumer Cyclical,0,0,1.3846153846153846,2.2413793103448274,-0.8567639257294428,1.3846153846153846,1.4435436029266364,0.22340425531914898,73,50570,1,104.24935886564188,4.6,5.4,3.5806896551724137
1800.HK,2024,Industrials,0,0,5.072463768115942,5.967741935483871,-0.8952781673679286,3.9130434782608696,3.4135483935362165,0.18377088305489264,342,100189,2,37.67557921126518,5.7142857142857135,6.7857142857142865,6.055299539170507
0189.HK,2024,Basic Materials,0,0,4.242424242424242,5.161290322580645,-0.9188660801564028,3.9393939393939394,2.919259429976185,0.3294117647058824,114,39051,1,1274.5463198977623,7.931034482758621,8.96551724137931,6.753058954393771
1530.HK,2024,Healthcare,0,0,4.23728813559322,5.166666666666666,-0.9293785310734464,5.59322033898305,2.147162044098266,0.2786069651741293,145,67531,2,53.178681810606044,3.4615384615384617,2.5,4.121794871794871
0340.HK,2024,Basic Materials,0,0,6.0606060606060606,7.096774193548388,-1.0361681329423273,5.454545454545454,4.285237740884248,0.35521235521235517,167,38971,1,223.24097204610356,1.0344827586206895,0.34482758620689613,3.9276974416017802
6110.HK,2024,Consumer Cyclical,0,0,8.923076923076923,10.0,-1.0769230769230766,7.6923076923076925,7.41099539840155,0.2233502538071066,306,41290,2,0.23901455767077268,9.399999999999999,9.8,9.78
2202.HK,2024,Real Estate,0,0,6.341463414634147,7.435897435897436,-1.0944340212632895,7.560975609756097,6.39344262295082,0.37468354430379747,741,115900,2,5.788446933807776,0.7692307692307687,0.7692307692307687,4.102564102564102
1428.HK,2024,Financial Services,0,0,1.8867924528301887,3.0434782608695654,-1.1566858080393767,1.5094339622641508,1.1947431302270013,0.16666666666666663,45,37665,1,7.924615501424435,5.813953488372093,7.441860465116279,4.754297269969666
9868.HK,2024,Consumer Cyclical,0,0,4.153846153846154,5.344827586206897,-1.1909814323607426,2.307692307692308,3.4041281280616396,0.2264150943396226,410,120442,2,29.05859689946552,7.6,5.6000000000000005,6.072413793103448
6186.HK,2024,Consumer Defensive,0,0,4.594594594594595,5.882352941176471,-1.2877583465818763,4.864864864864865,3.309924519710688,0.32499999999999996,189,57101,2,64.85658033934901,6.451612903225806,5.161290322580645,5.9089184060721065
2013.HK,2024,Technology,0,0,5.128205128205128,6.458333333333332,-1.3301282051282044,2.8205128205128203,3.801286857660988,0.24827586206896557,218,57349,2,8.577873519232707,0.27027027027026973,10.0,5.310247747747747
0934.HK,2024,Energy,0,0,4.0,5.384615384615384,-1.3846153846153841,4.0,4.121975002216115,0.3111111111111111,186,45124,2,304.3745815788251,8.461538461538462,7.692307692307692,6.769230769230768
1415.HK,2024,Technology,0,0,2.564102564102564,3.958333333333334,-1.39423076923077,5.128205128205128,2.2992150955363515,0.296969696969697,116,50452,2,38.30317473172383,10.0,1.0810810810810811,5.195382882882884
0656.HK,2024,Industrials,0,0,3.4782608695652173,5.0,-1.5217391304347827,3.1884057971014492,2.785948856827131,0.31285988483685223,358,128502,2,58.65068512532041,3.571428571428571,5.7142857142857135,4.7142857142857135
0371.HK,2024,Utilities,0,0,3.1818181818181817,4.736842105263158,-1.5550239234449768,7.272727272727273,4.697391744745505,0.3192660550458716,371,78980,2,334.185267472251,6.315789473684211,6.842105263157895,5.631578947368421
3908.HK,2024,Financial Services,0,0,3.3962264150943393,5.0,-1.6037735849056607,2.641509433962264,2.0812742340150536,0.24221453287197237,219,105224,2,4.976431255536083,0.9302325581395354,1.3953488372093026,3.058139534883721
6969.HK,2024,Consumer Defensive,0,0,5.135135135135135,6.764705882352942,-1.629570747217807,6.216216216216216,4.014198984838934,0.38107416879795397,242,60286,2,39.027388020777266,9.032258064516128,9.67741935483871,8.027514231499051
2688.HK,2024,Utilities,0,0,7.272727272727273,8.947368421052632,-1.6746411483253585,3.6363636363636367,7.436581437487417,0.29726516052318663,591,79472,2,13.459772532384184,0.0,0.0,4.473684210526316
2517.HK,2024,Consumer Defensive,0,0,5.9459459459459465,7.647058823529411,-1.7011128775834647,5.405405405405405,4.3964326089687225,0.2572944297082228,280,63688,2,15.342482082163155,0.9677419354838712,0.9677419354838712,4.307400379506641
0667.HK,2024,Consumer Defensive,0,0,2.7027027027027026,4.411764705882353,-1.7090620031796506,3.2432432432432434,2.5782531802007203,0.28823529411764703,121,46931,1,117.23532542876475,8.387096774193548,7.419354838709678,6.2058823529411775
2157.HK,2024,Healthcare,0,0,0.6779661016949152,2.5,-1.8220338983050848,3.898305084745763,1.4292939287991733,0.3157894736842105,65,45477,1,134.7195223413106,6.346153846153846,1.1538461538461542,3.3846153846153846
9926.HK,2024,Healthcare,0,0,0.1694915254237288,1.9999999999999996,-1.8305084745762707,2.542372881355932,1.335864444913169,0.4794520547945206,76,56892,2,177.7276350035594,0.38461538461538436,0.5769230769230771,1.2307692307692304
6886.HK,2024,Financial Services,0,0,0.7547169811320754,2.6086956521739135,-1.8539786710418382,0.5660377358490566,0.7856398695154652,0.34285714285714286,92,117102,1,8.443522065867588,1.1627906976744184,2.0930232558139537,2.071789686552073
1478.HK,2024,Technology,0,0,1.5384615384615385,3.541666666666666,-2.0032051282051277,3.8461538461538463,1.6083886869699628,0.36363636363636365,77,47874,1,42.517364507802945,8.91891891891892,9.18918918918919,6.284346846846847
0688.HK,2024,Real Estate,0,0,5.121951219512195,7.17948717948718,-2.0575359599749845,4.878048780487805,5.417171938055384,0.24410540915395285,545,100606,2,6.092860189316865,2.564102564102564,2.8205128205128203,4.923076923076923
0220.HK,2024,Consumer Defensive,0,0,0.0,2.0588235294117654,-2.0588235294117654,0.2702702702702703,0.02980892479208275,0.5,1,33547,1,164.1064777779624,3.870967741935484,4.516129032258065,3.093927893738141
0975.HK,2024,Basic Materials,0,0,2.727272727272727,4.838709677419355,-2.111436950146628,8.787878787878787,2.226109079344888,0.34375,126,56601,1,1423.5886837742294,2.068965517241379,2.068965517241379,3.453837597330367
2419.HK,2024,Consumer Defensive,0,0,4.054054054054054,6.176470588235294,-2.12241653418124,3.5135135135135136,2.766964353866117,0.32558139534883723,145,52404,2,50.62781600207303,10.0,10.0,8.088235294117647
1988.HK,2024,Financial Services,0,0,4.150943396226415,6.304347826086957,-2.153404429860542,3.7735849056603774,2.266326717659018,0.2879581151832461,272,120018,2,3.3782047105436934,3.2558139534883725,3.9534883720930236,4.919615773508594
2331.HK,2024,Consumer Cyclical,0,0,6.461538461538462,8.620689655172413,-2.159151193633951,5.384615384615384,5.283307810107198,0.2247191011235955,345,65300,1,4.271386137705787,0.0,0.20000000000000018,4.350344827586206
0826.HK,2024,Basic Materials,0,0,3.6363636363636367,5.806451612903225,-2.1700879765395884,2.121212121212121,2.845163222521713,0.31794871794871793,133,46746,1,606.0013211822096,3.4482758620689657,3.793103448275862,4.696329254727475
2192.HK,2024,Healthcare,0,0,7.288135593220338,9.5,-2.211864406779662,3.050847457627119,3.188319947035559,0.34172661870503596,183,57397,2,0.6067439632557681,9.038461538461538,8.653846153846153,9.192307692307693
0586.HK,2024,Industrials,0,0,0.14492753623188406,2.4193548387096775,-2.2744273024777932,1.4492753623188406,0.9665906612471498,0.11363636363636365,39,40348,1,209.42129386067379,0.17857142857142905,0.357142857142857,1.3346774193548387
2899.HK,2024,Basic Materials,0,0,5.454545454545454,7.741935483870968,-2.287390029325514,1.8181818181818183,3.500061765795867,0.17361111111111116,595,169997,2,165.98605951786553,9.310344827586206,9.310344827586206,8.526140155728587
1209.HK,2024,Real Estate,0,0,5.365853658536586,7.692307692307692,-2.326454033771106,5.121951219512195,5.607633076665551,0.22543352601156075,402,71688,2,4.811037161872661,8.461538461538462,5.384615384615384,7.461538461538461
2338.HK,2024,Consumer Cyclical,0,0,2.6153846153846154,5.0,-2.3846153846153846,4.153846153846154,2.404299921512523,0.33149171270718236,242,100653,2,32.56420158762753,5.0,8.0,5.6
9899.HK,2024,Communication Services,0,0,5.0,7.391304347826086,-2.391304347826086,5.357142857142857,2.2522522522522523,0.3722627737226277,86,38184,1,4.140349623767916,0.9090909090909094,0.9090909090909094,4.150197628458498
3613.HK,2024,Healthcare,0,0,5.76271186440678,8.166666666666666,-2.403954802259886,4.915254237288136,2.514808271848696,0.23899371069182385,121,48115,2,8.788553799722518,4.423076923076923,5.192307692307692,6.448717948717948
1112.HK,2024,Consumer Defensive,0,0,7.297297297297297,9.705882352941176,-2.4085850556438784,5.135135135135135,5.001942501942502,0.2957264957264957,412,82368,2,1.4028508759160103,4.516129032258065,6.451612903225806,7.498102466793168
3898.HK,2024,Industrials,0,0,3.0434782608695654,5.483870967741935,-2.4403927068723696,3.333333333333333,2.646295186738566,0.3026315789473685,371,140196,2,49.20186923421805,1.428571428571429,1.25,3.4205069124423964
0300.HK,2024,Consumer Cyclical,0,0,1.8461538461538463,4.310344827586206,-2.46419098143236,0.9230769230769231,1.7610927365662987,0.06106870229007633,123,69843,2,38.7817369636993,5.6000000000000005,7.6,5.355172413793103
0354.HK,2024,Technology,0,0,4.615384615384616,7.083333333333332,-2.4679487179487163,4.3589743589743595,3.3760123547686174,0.21338912133891208,188,55687,1,6.941434332072836,7.297297297297297,9.72972972972973,7.676801801801801
9969.HK,2024,Healthcare,0,0,1.8644067796610169,4.333333333333334,-2.468926553672317,2.2033898305084745,1.64077101970352,0.3850267379679144,115,70089,2,67.16972444345821,7.115384615384616,3.2692307692307687,4.955128205128204
6881.HK,2024,Financial Services,0,0,2.0754716981132075,4.565217391304348,-2.48974569319114,2.0754716981132075,1.269448603606536,0.42647058823529416,156,122888,2,5.589098683032969,9.30232558139535,8.837209302325581,6.840748230535894
1109.HK,2024,Real Estate,0,0,3.902439024390244,6.41025641025641,-2.507817385866166,3.6585365853658534,4.0612264904001005,0.34977578475336324,290,71407,2,12.792628579719755,6.153846153846154,3.5897435897435894,5.769230769230769
3633.HK,2024,Utilities,0,0,5.909090909090909,8.421052631578947,-2.5119617224880377,6.363636363636363,6.386327038500951,0.24295010845986986,349,54648,2,16.392900668999914,5.2631578947368425,5.2631578947368425,6.842105263157894
1999.HK,2024,Consumer Cyclical,0,0,2.9230769230769234,5.517241379310345,-2.594164456233422,4.461538461538462,2.5176951213719065,0.45641025641025645,106,42102,2,28.99640474217944,,,5.517241379310345
1336.HK,2024,Financial Services,0,0,4.339622641509434,6.956521739130435,-2.6168990976210003,4.150943396226415,2.304401517156214,0.3852941176470588,209,90696,2,2.7995999647131473,4.883720930232558,7.209302325581395,6.385237613751264
6990.HK,2024,Healthcare,0,0,0.847457627118644,3.5,-2.652542372881356,4.745762711864407,1.5133651257324863,0.36764705882352944,86,56827,1,78.61606118843588,5.961538461538462,3.846153846153846,4.3076923076923075
1880.HK,2024,Consumer Cyclical,0,0,6.3076923076923075,8.96551724137931,-2.657824933687002,5.692307692307692,5.192199159716561,0.26855123674911663,414,79735,2,3.638639941012265,0.6000000000000005,2.6,5.182758620689654
1929.HK,2024,Consumer Cyclical,0,0,5.692307692307692,8.448275862068966,-2.7559681697612746,5.076923076923077,4.539855710012318,0.29700272479564027,258,56830,2,4.537378234433784,4.2,4.2,6.324137931034483
0697.HK,2024,Industrials,0,0,1.7391304347826086,4.516129032258065,-2.7769985974754565,0.5797101449275363,2.111829494135612,0.3298969072164949,130,61558,2,69.81249799403022,9.821428571428571,9.642857142857142,7.133064516129032
0751.HK,2024,Technology,0,0,3.8461538461538463,6.666666666666668,-2.8205128205128216,3.58974358974359,2.88144072036018,0.21311475409836067,144,49975,2,8.055431498315722,4.864864864864865,7.567567567567568,6.306306306306308
1860.HK,2024,Communication Services,0,0,7.142857142857143,10.0,-2.8571428571428568,7.857142857142857,3.286375953721677,0.3241106719367589,171,52033,2,0.12933032756387425,9.09090909090909,5.909090909090908,8.909090909090908
0604.HK,2024,Real Estate,0,0,2.926829268292683,5.897435897435898,-2.970606629143215,4.146341463414634,3.073199254817172,0.308868501529052,226,73539,2,37.47692881077384,3.076923076923077,2.3076923076923075,4.333333333333334
2498.HK,2024,Technology,0,0,0.7692307692307693,3.75,-2.980769230769231,2.564102564102564,1.3830063099662893,0.4385964912280702,64,46276,1,41.26290586099113,2.972972972972973,0.27027027027026973,2.8209459459459456
0358.HK,2024,Basic Materials,0,0,6.666666666666666,9.67741935483871,-3.010752688172044,4.242424242424242,4.458695984119713,0.36978417266187047,438,98235,2,30.657307747710032,6.551724137931034,7.241379310344827,8.252502780867632
2506.HK,2024,Healthcare,0,0,5.59322033898305,8.666666666666668,-3.0734463276836177,1.0169491525423728,2.5033920006115156,0.30687830687830686,131,52329,2,5.924924794000959,,,8.666666666666668
1060.HK,2024,Communication Services,0,0,2.142857142857143,5.217391304347826,-3.0745341614906834,1.4285714285714284,1.3533527399009244,0.2148148148148148,106,78324,2,8.299545267969004,0.45454545454545414,0.0,2.7450592885375493
1833.HK,2024,Healthcare,0,0,4.915254237288136,8.0,-3.084745762711864,0.6779661016949152,2.3570256883948337,0.30841121495327106,148,62791,2,9.105433725963907,6.923076923076923,8.269230769230768,7.73076923076923
6160.HK,2024,Healthcare,0,0,3.898305084745763,7.0,-3.101694915254237,0.5084745762711864,2.12752699466783,0.33611111111111114,239,112337,2,22.214342872275008,7.692307692307692,3.4615384615384617,6.5
0336.HK,2024,Basic Materials,0,0,3.333333333333333,6.451612903225806,-3.118279569892473,2.4242424242424243,2.4392735817731346,0.39937106918238996,191,78302,2,484.54562567719995,0.0,0.0,3.225806451612903
1030.HK,2024,Real Estate,0,0,1.707317073170732,4.871794871794872,-3.1644777986241404,1.707317073170732,2.66803774161722,0.33333333333333337,192,71963,2,50.32870727866721,1.0256410256410253,1.0256410256410253,2.948717948717949
0998.HK,2024,Financial Services,0,0,6.792452830188679,10.0,-3.2075471698113214,6.792452830188679,3.3317241332417677,0.29597701149425293,490,147071,2,0.22934614173524395,6.046511627906977,7.674418604651163,8.348837209302324
2097.HK,2024,Consumer Defensive,0,0,3.783783783783784,7.0588235294117645,-3.2750397456279803,2.4324324324324325,2.729054506661374,0.1970802919708029,110,40307,2,26.321111138588083,,,7.0588235294117645
1918.HK,2024,Real Estate,0,0,0.4878048780487805,3.846153846153846,-3.3583489681050653,0.24390243902439024,1.7094595738198806,0.34838709677419355,101,59083,2,66.89554218728107,0.5128205128205132,7.692307692307692,3.615384615384615
6818.HK,2024,Financial Services,0,0,3.9622641509433967,7.391304347826086,-3.4290401968826894,4.90566037735849,2.2495747754997533,0.4043583535108959,246,109354,2,2.569387335489874,3.0232558139534884,5.5813953488372094,5.718907987866531
1783.HK,2024,Industrials,0,0,6.086956521739131,9.516129032258064,-3.4291725105189332,4.63768115942029,3.734707018673535,0.2639593908629442,145,38825,1,2.5761844526218947,9.285714285714286,9.464285714285714,9.43663594470046
9660.HK,2024,Technology,0,0,2.8205128205128203,6.25,-3.4294871794871797,1.5384615384615385,2.345534226282328,0.3173652694610778,114,48603,1,9.3897230773878,,,6.25
0960.HK,2024,Real Estate,0,0,2.682926829268293,6.153846153846154,-3.4709193245778613,2.926829268292683,3.0263954314587225,0.34097421203438394,230,75998,2,29.73938691075206,2.8205128205128203,8.461538461538462,5.615384615384616
2423.HK,2024,Real Estate,0,0,3.414634146341464,6.923076923076923,-3.5084427767354596,1.2195121951219512,3.2531369534908663,0.2945736434108527,273,83919,2,9.029072530916675,6.923076923076923,2.051282051282052,5.948717948717949
0855.HK,2024,Utilities,0,0,2.2727272727272725,5.7894736842105265,-3.516746411483254,8.181818181818182,4.459104514079775,0.22340425531914898,219,49113,2,218.76431298637513,0.5263157894736847,1.0526315789473684,3.2631578947368425
1258.HK,2024,Basic Materials,0,0,5.757575757575758,9.35483870967742,-3.597262952101662,6.363636363636363,3.6931341279167365,0.367816091954023,220,59570,2,59.55412747689489,9.655172413793103,9.655172413793103,9.505005561735262
9626.HK,2024,Communication Services,0,0,4.642857142857143,8.26086956521739,-3.6180124223602474,2.8571428571428568,2.2094797201325687,0.21250000000000002,126,57027,2,1.7809796498708141,8.181818181818182,6.818181818181818,7.948616600790514
0853.HK,2024,Healthcare,0,0,2.0338983050847457,5.666666666666666,-3.6327683615819204,1.1864406779661016,1.6646421019480813,0.4278350515463918,111,66681,2,47.34040193905248,3.846153846153846,6.153846153846154,5.217948717948717
1357.HK,2024,Communication Services,0,0,2.8571428571428568,6.521739130434783,-3.6645962732919264,3.2142857142857144,1.6013095153369867,0.32330827067669177,90,56204,1,5.19255238833956,4.090909090909091,1.3636363636363635,4.760869565217392
2507.HK,2024,Industrials,0,0,5.362318840579711,9.032258064516128,-3.6699392239364172,4.202898550724638,3.48342810306849,0.33333333333333337,136,39042,1,12.74784004784765,8.392857142857142,8.214285714285714,8.676843317972349
3939.HK,2024,Basic Materials,0,0,2.4242424242424243,6.129032258064516,-3.7047898338220917,2.727272727272727,2.182178128726013,0.4012345679012346,97,44451,2,526.8017409191169,2.7586206896551726,0.6896551724137934,4.0300333704115685
9890.HK,2024,Communication Services,0,0,3.9285714285714284,7.826086956521739,-3.897515527950311,4.642857142857143,2.0239313197811484,0.32089552238805974,91,44962,2,1.9238065472520982,2.272727272727273,8.181818181818182,6.231225296442688
6618.HK,2024,Healthcare,0,0,6.101694915254238,10.0,-3.898305084745762,4.406779661016949,2.6358655412409298,0.44025157232704404,178,67530,2,0.47499299388181354,7.884615384615384,9.423076923076923,9.25
1579.HK,2024,Consumer Defensive,0,0,1.0810810810810811,5.0,-3.918918918918919,2.1621621621621623,1.7508135573867205,0.303030303030303,92,52547,1,97.34528498743572,0.6451612903225812,0.6451612903225812,2.822580645161291
2696.HK,2024,Healthcare,0,0,2.542372881355932,6.5,-3.957627118644068,3.559322033898305,1.7678350449190814,0.40217391304347827,110,62223,2,26.124240079700247,4.615384615384616,5.384615384615384,5.711538461538462
2252.HK,2024,Healthcare,0,0,1.5254237288135595,5.5,-3.9745762711864403,1.694915254237288,1.618761844598863,0.3740458015267175,82,50656,1,48.57478940637282,9.807692307692307,9.615384615384615,7.615384615384615
3877.HK,2024,Industrials,0,0,5.652173913043478,9.67741935483871,-4.025245441795232,4.057971014492754,3.62851124838487,0.2379182156133829,205,56497,2,0.20389508247758198,4.821428571428571,3.571428571428571,6.999423963133641
1801.HK,2024,Healthcare,0,0,3.7288135593220337,7.833333333333333,-4.104519774011299,4.23728813559322,1.9945217136930564,0.48805460750853247,150,75206,2,10.786594788645333,8.846153846153847,6.730769230769232,7.916666666666667
0384.HK,2024,Utilities,0,0,2.727272727272727,6.842105263157895,-4.114832535885167,8.636363636363637,4.593580191585906,0.3711656441717791,410,89255,2,34.67919653195997,1.578947368421053,2.1052631578947367,4.315789473684211
0177.HK,2024,Industrials,0,0,3.9130434782608696,8.064516129032258,-4.151472650771389,2.753623188405797,2.9942852969637217,0.25791855203619907,328,109542,2,21.553366073701458,6.607142857142857,0.892857142857143,6.192972350230415
1729.HK,2024,Industrials,0,0,1.5942028985507246,5.806451612903225,-4.2122487143525005,1.5942028985507246,2.1010480522048645,0.3560606060606061,85,40456,1,40.58269856434463,3.75,1.071428571428571,4.2425115207373265
1882.HK,2024,Industrials,0,0,1.8840579710144927,6.129032258064516,-4.244974287050024,6.521739130434783,2.211206687077805,0.41290322580645167,91,41154,2,36.61539373455202,6.9642857142857135,2.5,5.6538018433179715
2556.HK,2024,Technology,0,0,1.794871794871795,6.041666666666668,-4.246794871794873,1.282051282051282,1.7686517265923258,0.3787878787878788,82,46363,1,9.85234565176384,,,6.041666666666668
1385.HK,2024,Technology,0,0,0.5128205128205128,4.791666666666666,-4.278846153846153,0.5128205128205128,1.1837066264361147,0.27142857142857146,51,43085,2,20.44115005391762,1.8918918918918914,1.8918918918918914,3.3417792792792786
9988.HK,2024,Consumer Cyclical,0,0,0.7692307692307693,5.1724137931034475,-4.403183023872678,0.6153846153846154,1.1209885554889334,0.24117647058823533,129,115077,1,31.61269316423848,2.4,2.4,3.786206896551724
2607.HK,2024,Healthcare,0,0,4.745762711864407,9.166666666666666,-4.4209039548022595,2.3728813559322033,2.349989046661223,0.19727891156462585,236,100426,2,2.1979073031759806,,,9.166666666666666
3306.HK,2024,Consumer Cyclical,0,0,5.230769230769231,9.655172413793103,-4.424403183023872,4.0,4.221722682164592,0.18085106382978722,231,54717,2,2.06052893321329,6.2,7.0,8.087586206896551
1651.HK,2024,Industrials,0,0,2.1739130434782608,6.612903225806452,-4.438990182328191,4.782608695652174,2.3711249670677086,0.3647058823529412,108,45548,1,32.885836148264204,2.5,8.928571428571429,5.842165898617512
3690.HK,2024,Consumer Cyclical,0,0,3.076923076923077,7.758620689655173,-4.681697612732096,2.153846153846154,2.5578870663117352,0.3359073359073359,172,67243,1,5.638027105273503,,,7.758620689655173
3808.HK,2024,Industrials,0,0,2.028985507246377,6.774193548387098,-4.745208041140721,5.072463768115942,2.243496166080182,0.4859154929577465,146,65077,2,32.68489956937075,7.678571428571428,6.428571428571428,6.9763824884792625
2588.HK,2024,Industrials,0,0,5.217391304347826,10.0,-4.782608695652174,2.028985507246377,3.4694585603787833,0.2975206611570248,170,48999,2,0.04235310190930516,10.0,10.0,10.0
2883.HK,2024,Energy,0,1,2.0,6.923076923076923,-4.923076923076923,2.6666666666666665,2.324113835403488,0.30733944954128445,151,64971,2,170.24893580369,10.0,10.0,8.461538461538462
0152.HK,2024,Industrials,0,0,3.6231884057971016,8.548387096774194,-4.925198690977092,4.492753623188406,2.795638803466592,0.25806451612903225,230,82271,2,20.168660775441428,0.357142857142857,1.428571428571429,4.667050691244239
1193.HK,2024,Utilities,0,0,4.545454545454545,9.473684210526317,-4.928229665071772,6.8181818181818175,5.436268596702855,0.21939953810623558,338,62175,2,9.826719278045102,7.36842105263158,8.421052631578947,8.631578947368421
1675.HK,2024,Technology,0,0,2.307692307692308,7.291666666666668,-4.9839743589743595,3.076923076923077,2.242693993030397,0.3434343434343434,130,57966,2,5.9594868191996335,2.1621621621621623,8.108108108108107,5.916103603603604
3900.HK,2024,Real Estate,0,0,3.6585365853658534,8.717948717948719,-5.059412132582866,3.414634146341464,3.558459539221997,0.2506393861892583,293,82339,2,0.8497190692149801,9.230769230769232,8.717948717948719,8.871794871794874
6060.HK,2024,Financial Services,0,0,4.716981132075472,9.782608695652174,-5.065627563576702,5.09433962264151,2.624815442664188,0.4,192,73148,2,0.4018474845896127,0.0,0.0,4.891304347826087
2602.HK,2024,Real Estate,0,0,4.390243902439025,9.487179487179487,-5.0969355847404625,4.390243902439025,4.47783139293973,0.2932489451476793,335,74813,2,0.2801663511825164,10.0,10.0,9.743589743589745
1157.HK,2024,Industrials,0,0,1.1594202898550725,6.290322580645161,-5.130902290790089,2.318840579710145,1.9846895378508647,0.32692307692307687,105,52905,1,35.719376787252344,1.607142857142857,3.75,4.377304147465438
2533.HK,2024,Technology,0,0,0.0,5.208333333333332,-5.208333333333332,0.2564102564102564,0.7987800450221479,0.28260869565217395,33,41313,1,16.49654614002682,,,5.208333333333332
2616.HK,2024,Healthcare,0,0,3.2203389830508473,8.5,-5.279661016949152,1.8644067796610169,1.8866324670369272,0.33582089552238803,89,47174,2,6.702000221018897,3.2692307692307687,7.692307692307692,6.769230769230769
2555.HK,2024,Consumer Defensive,0,0,3.2432432432432434,8.529411764705882,-5.286168521462638,2.7027027027027026,2.6834504293520687,0.3413173652694611,110,40992,2,9.468649940209398,0.32258064516129004,2.5806451612903225,4.877609108159392
2172.HK,2024,Healthcare,0,0,2.2033898305084745,7.5,-5.296610169491526,3.2203389830508473,1.736074797632245,0.3464566929133859,83,47809,1,15.122833640953473,6.153846153846154,5.0,6.596153846153847
9699.HK,2024,Industrials,0,0,4.492753623188406,9.838709677419356,-5.34595605423095,2.608695652173913,3.2081650293389186,0.3251748251748252,193,60159,2,0.15066604183402307,8.928571428571429,7.678571428571428,9.133640552995391
9992.HK,2024,Consumer Cyclical,0,0,3.384615384615385,8.793103448275861,-5.408488063660476,2.6153846153846154,2.6275204204032674,0.3065326633165829,138,52521,1,4.090786530711704,9.6,2.8000000000000003,7.83655172413793
0598.HK,2024,Industrials,0,0,2.753623188405797,8.225806451612902,-5.472183263207105,1.7391304347826086,2.5934424024095843,0.29898989898989903,347,133799,2,20.99407146488198,5.5357142857142865,5.892857142857143,6.9521889400921655
2142.HK,2024,Healthcare,0,1,1.3559322033898304,6.833333333333334,-5.4774011299435035,2.88135593220339,1.58345388434922,0.4671052631578947,81,51154,2,23.288713910761157,0.7692307692307687,3.076923076923077,4.262820512820513
0772.HK,2024,Communication Services,0,0,3.2142857142857144,8.695652173913043,-5.481366459627329,3.5714285714285716,1.8095634628318868,0.36871508379888274,113,62446,2,1.2295555234580224,8.636363636363637,9.09090909090909,8.75691699604743
9896.HK,2024,Consumer Cyclical,0,0,4.0,9.482758620689655,-5.482758620689655,3.8461538461538463,3.1814399686750527,0.360655737704918,195,61293,2,3.2640177944895337,0.40000000000000036,0.0,4.8613793103448275
0883.HK,2024,Energy,0,0,0.6666666666666666,6.153846153846154,-5.487179487179487,6.666666666666666,1.0925659026454042,0.3561643835616438,47,43018,1,279.3149205956633,3.076923076923077,4.615384615384616,4.923076923076923
0590.HK,2024,Consumer Cyclical,0,0,2.769230769230769,8.275862068965518,-5.506631299734749,2.9230769230769234,2.453519437326209,0.1964285714285714,135,55023,2,4.925682185561989,6.6,4.8,7.077931034482758
2400.HK,2024,Communication Services,0,1,1.4285714285714284,6.956521739130435,-5.527950310559007,2.142857142857143,1.3288616085553375,0.33684210526315794,63,47409,1,4.219207610691472,9.545454545454547,8.636363636363637,8.069169960474309
1364.HK,2024,Consumer Cyclical,0,0,0.6153846153846154,6.206896551724138,-5.591511936339522,1.076923076923077,1.009012314536657,0.4698795180722891,44,43607,1,22.55984794152892,,,6.206896551724138
0881.HK,2024,Consumer Cyclical,0,0,2.307692307692308,7.931034482758621,-5.623342175066313,3.6923076923076925,2.1358207654084214,0.3913043478260869,98,45884,1,5.2970992011531,1.4000000000000001,3.5999999999999996,5.10551724137931
2586.HK,2024,Technology,0,0,3.333333333333333,8.958333333333334,-5.625000000000001,2.051282051282051,2.623362180812387,0.36769759450171824,184,70139,2,1.7986812278846391,,,8.958333333333334
2357.HK,2024,Industrials,0,0,0.0,5.64516129032258,-5.64516129032258,0.0,0.24670646864360785,0.11764705882352944,15,60801,1,43.13173554322383,3.928571428571429,4.4642857142857135,4.894009216589861
6055.HK,2024,Consumer Defensive,0,0,4.324324324324325,10.0,-5.675675675675675,2.9729729729729732,2.8642103892722304,0.4054054054054054,132,46086,2,0.6874342629244385,1.9354838709677424,1.6129032258064513,5.903225806451613
1164.HK,2024,Energy,0,0,2.6666666666666665,8.461538461538462,-5.794871794871796,0.6666666666666666,2.4945667580081263,0.4260869565217391,132,52915,2,68.47605177573249,7.692307692307692,2.3076923076923075,7.0
0173.HK,2024,Real Estate,0,0,3.1707317073170733,8.974358974358974,-5.803627267041901,0.975609756097561,3.1129138760494293,0.18012422360248448,132,42404,2,0.4873973781738208,8.717948717948719,7.948717948717949,8.692307692307692
2155.HK,2024,Industrials,0,0,2.898550724637681,8.709677419354838,-5.8111266947171565,3.0434782608695654,2.6403285742225697,0.23295454545454541,135,51130,1,19.726994911312808,8.571428571428573,9.107142857142858,8.747695852534562
2432.HK,2024,Industrials,0,0,0.5797101449275363,6.451612903225806,-5.87190275829827,0.2898550724637681,1.2894721760559344,0.2857142857142857,45,34898,1,33.18669014499114,,,6.451612903225806
0639.HK,2024,Basic Materials,0,0,2.121212121212121,8.064516129032258,-5.943304007820137,8.181818181818182,2.1553026488065266,0.4308510638297872,107,49645,1,154.09074632306192,5.1724137931034475,8.620689655172413,7.308120133481646
0956.HK,2024,Utilities,0,1,1.8181818181818183,7.894736842105264,-6.076555023923445,2.2727272727272725,4.0303786362514735,0.18634686346863472,441,109419,2,21.56402598883485,1.0526315789473684,0.5263157894736847,4.36842105263158
2273.HK,2024,Healthcare,0,1,1.1864406779661016,7.333333333333334,-6.146892655367232,0.847457627118644,1.5724531874267926,0.3146853146853147,98,62323,1,18.261110377692784,6.538461538461538,4.038461538461538,6.435897435897436
0376.HK,2024,Financial Services,0,1,1.5094339622641508,7.826086956521739,-6.316652994257589,1.6981132075471697,1.0908297578357937,0.3023255813953488,60,55004,1,1.9039726794909422,6.279069767441861,5.116279069767442,6.820020222446916
1277.HK,2024,Energy,0,1,1.3333333333333333,7.692307692307692,-6.358974358974359,2.0,1.5948599940762342,0.3457943925233645,70,43891,1,126.47482800487779,1.5384615384615385,0.0,4.3076923076923075
1196.HK,2024,Industrials,0,1,0.7246376811594203,7.096774193548388,-6.372136512388968,1.8840579710144927,1.5132924335378324,0.45185185185185184,74,48900,1,30.005434769921063,0.714285714285714,6.9642857142857135,5.155529953917052
1787.HK,2024,Basic Materials,0,1,1.8181818181818183,8.387096774193548,-6.56891495601173,1.5151515151515151,2.1516805143294144,0.2844827586206896,166,77149,2,111.41424561823398,10.0,7.586206896551724,8.71078976640712
2285.HK,2024,Industrials,0,0,2.608695652173913,9.193548387096774,-6.584852734922861,2.1739130434782608,2.576611966461805,0.3107344632768362,122,47349,2,12.545573757183135,8.75,7.142857142857143,8.650345622119815
1896.HK,2024,Communication Services,0,0,2.5,9.130434782608695,-6.630434782608695,1.7857142857142858,1.3616292867007722,0.35779816513761464,70,51409,1,0.7963396010659015,6.818181818181818,9.545454545454547,8.519762845849803
2858.HK,2024,Financial Services,0,0,2.452830188679245,9.130434782608695,-6.67760459392945,3.2075471698113205,1.5954590780087443,0.47208121827411165,104,65185,1,0.9510548070017666,9.534883720930234,2.558139534883721,7.937310414560161
1208.HK,2024,Basic Materials,0,1,0.6060606060606061,7.419354838709678,-6.8132942326490715,0.6060606060606061,1.2705359191092132,0.16279069767441856,72,56669,1,215.19695481335953,7.241379310344827,6.206896551724138,7.123470522803114
9636.HK,2024,Consumer Defensive,0,1,1.3513513513513513,8.235294117647058,-6.883942766295707,0.5405405405405406,1.7770187625487526,0.34745762711864403,77,43331,1,10.985905378436815,9.35483870967742,9.35483870967742,8.795066413662239
0856.HK,2024,Technology,0,0,3.076923076923077,10.0,-6.923076923076923,3.333333333333333,2.550855666774298,0.4475524475524476,79,30970,1,0.0069344549872646065,8.64864864864865,7.297297297297297,9.054054054054054
6683.HK,2024,Consumer Defensive,0,1,1.891891891891892,8.823529411764707,-6.931637519872814,1.6216216216216217,1.8884552436107265,0.38524590163934425,75,39715,1,8.819972260748962,1.2903225806451613,0.32258064516129004,4.863377609108159
1318.HK,2024,Consumer Defensive,0,0,2.1621621621621623,9.117647058823529,-6.955484896661367,0.8108108108108109,1.9267419212967811,0.31343283582089554,92,47749,1,2.4653741066863955,,,9.117647058823529
3380.HK,2024,Real Estate,0,1,1.2195121951219512,8.205128205128204,-6.985616010006253,3.902439024390244,2.4732433347564298,0.4437086092715232,168,67927,2,2.7336624941923597,2.3076923076923075,9.487179487179487,6.6923076923076925
2007.HK,2024,Real Estate,0,1,1.4634146341463414,8.461538461538462,-6.998123827392121,1.951219512195122,2.482870904280578,0.2620967741935484,183,73705,2,2.475490385984903,9.743589743589743,9.743589743589743,9.102564102564102
2145.HK,2024,Consumer Defensive,0,1,0.8108108108108109,7.9411764705882355,-7.130365659777425,1.3513513513513513,1.646700424025359,0.3650793650793651,80,48582,2,12.667079866405947,9.67741935483871,4.838709677419355,7.841555977229602
3330.HK,2024,Basic Materials,0,1,1.5151515151515151,8.709677419354838,-7.1945259042033225,4.848484848484849,2.0233399415479574,0.3653846153846154,99,48929,2,69.11594768117783,8.96551724137931,7.931034482758621,8.630700778642936
3698.HK,2024,Financial Services,0,0,2.2641509433962264,9.565217391304348,-7.301066447908122,2.2641509433962264,1.4689417349635003,0.23720930232558135,164,111645,2,0.5372605966214263,4.651162790697675,8.604651162790697,7.898887765419616
3738.HK,2024,Technology,0,0,2.051282051282051,9.375,-7.323717948717949,0.7692307692307693,1.8284669447460145,0.2808988764044944,64,35002,2,0.7864048220105423,7.837837837837838,5.405405405405405,8.119932432432432
9688.HK,2024,Healthcare,0,1,0.0,7.666666666666666,-7.666666666666666,0.0,0.9572590069370198,0.3984375,77,80438,2,10.902583536346958,8.461538461538462,5.961538461538462,7.564102564102564
0136.HK,2024,Communication Services,0,1,1.7857142857142858,9.565217391304348,-7.779503105590062,2.5,1.3468733297701765,0.34375,63,46775,2,0.46758927306606807,7.272727272727273,7.727272727272727,8.5098814229249
6681.HK,2024,Healthcare,0,1,0.5084745762711864,8.333333333333334,-7.824858757062147,0.3389830508474576,1.4136077122728958,0.39,61,43152,2,7.348872955008136,,,8.333333333333334
1963.HK,2024,Financial Services,0,1,0.9433962264150944,8.91304347826087,-7.969647251845775,1.1320754716981132,0.8112863630137708,0.20618556701030932,77,94911,2,0.9712282448547969,3.4883720930232553,1.1627906976744184,5.735591506572295
9880.HK,2024,Industrials,0,1,0.8695652173913043,8.870967741935484,-8.00140252454418,1.0144927536231885,1.5247036250256973,0.4825581395348837,89,58372,1,17.80489535078802,0.0,0.0,4.435483870967742
9690.HK,2024,Consumer Cyclical,0,1,1.076923076923077,9.310344827586206,-8.23342175066313,2.0,1.3111675866422778,0.43356643356643354,81,61777,1,3.434938077854314,1.2,1.2,5.255172413793104
9911.HK,2024,Technology,0,1,1.282051282051282,9.791666666666666,-8.509615384615383,1.0256410256410255,1.5881823922236467,0.319672131147541,83,52261,2,0.10417896242129325,9.45945945945946,7.837837837837838,9.30123873873874
6682.HK,2024,Technology,0,1,1.0256410256410255,9.583333333333334,-8.557692307692308,2.307692307692308,1.5152865674302523,0.4444444444444444,85,56095,2,0.7329816657637364,8.108108108108107,5.135135135135135,8.251126126126126
3993.HK,2024,Basic Materials,0,1,0.30303030303030304,9.032258064516128,-8.729227761485825,0.30303030303030304,0.9246760976542987,0.04395604395604391,87,94087,2,67.65441696021307,3.793103448275862,1.7241379310344829,5.99888765294772
3660.HK,2024,Financial Services,0,1,0.5660377358490566,9.347826086956522,-8.781788351107465,0.9433962264150944,0.5907989485491176,0.34905660377358494,69,116791,2,0.8725067886016032,0.6976744186046513,0.6976744186046513,5.022750252780587
0990.HK,2024,Basic Materials,0,1,1.2121212121212122,10.0,-8.787878787878787,1.2121212121212122,1.4826236508124777,0.5145631067961165,50,33724,1,4.501419043595505,0.6896551724137934,1.0344827586206895,5.413793103448276
0780.HK,2024,Consumer Cyclical,0,1,0.3076923076923077,9.137931034482758,-8.83023872679045,0.3076923076923077,0.4779236057497886,0.23529411764705888,26,54402,2,3.517716888478345,8.0,3.1999999999999993,7.608965517241379
1797.HK,2024,Consumer Defensive,0,1,0.5405405405405406,9.411764705882353,-8.871224165341813,1.0810810810810811,1.4377995415711606,0.41025641025641024,69,47990,1,1.4178775095007303,8.709677419354838,1.9354838709677424,7.705882352941176
6181.HK,2024,Consumer Cyclical,0,1,0.9230769230769231,9.827586206896552,-8.904509283819628,1.2307692307692308,1.1756061719324027,0.23076923076923073,40,34025,1,0.5384026448581868,,,9.827586206896552
9993.HK,2024,Real Estate,0,1,0.24390243902439024,9.230769230769232,-8.986866791744841,0.7317073170731707,1.6149870801033592,0.3893129770992366,80,49536,2,0.4454799482711086,5.128205128205128,8.974358974358974,7.948717948717949
2869.HK,2024,Real Estate,0,1,0.7317073170731707,9.743589743589743,-9.011882426516571,0.0,1.712512041100289,0.34883720930232553,112,65401,2,0.25941123894729656,4.3589743589743595,2.564102564102564,6.692307692307692
0241.HK,2024,Healthcare,0,1,0.3389830508474576,9.666666666666666,-9.327683615819208,0.1694915254237288,1.3717202328734348,0.3228346456692913,86,62695,2,0.5754500342348479,0.9615384615384615,0.19230769230769273,5.16025641025641
1816.HK,2024,Utilities,0,1,0.4545454545454546,10.0,-9.545454545454545,5.0,1.9228292270042504,0.3427672955974843,209,108694,2,1.7054983020752075,10.0,10.0,10.0
1908.HK,2024,Real Estate,0,1,0.0,10.0,-10.0,0.4878048780487805,1.5807268416199522,0.3532934131736527,108,68323,1,0.029776618294381302,9.487179487179487,9.230769230769232,9.692307692307693
1333.HK,2025,Equity,1,0,10.0,0.0,10.0,10.0,4.5065613150423856,0.4325,227,50371,1,6.322890941816562,,,0.0
2343.HK,2025,Industrials,1,0,9.871794871794872,0.16393442622950838,9.707860445565364,9.102564102564102,9.976178445102144,0.4395782643957826,691,69265,2,1169.3000467554907,5.192307692307692,9.230769230769232,3.485813366960908
0293.HK,2025,Industrials,1,0,10.0,0.32786885245901676,9.672131147540984,9.230769230769232,14.423600671067826,0.1941570298234936,1324,91794,2,1125.242284569138,2.115384615384616,2.115384615384616,1.2216267339218163
3800.HK,2025,Technology,1,0,9.452054794520548,0.0,9.452054794520548,9.178082191780822,9.838572993530518,0.24143426294820713,952,96762,2,4527.915602796907,1.4583333333333337,4.583333333333334,1.354166666666667
0914.HK,2025,Basic Materials,1,0,9.411764705882353,0.0,9.411764705882353,7.941176470588235,7.6535791140525395,0.2859848484848485,754,98516,2,15606.336994868729,3.7037037037037033,7.037037037037037,2.518518518518518
1044.HK,2025,Consumer Defensive,1,0,9.75609756097561,0.6060606060606055,9.150036954915004,9.512195121951219,10.259686082286072,0.3612012987012987,787,76708,3,473.18023263299125,4.333333333333334,5.333333333333333,2.6696969696969695
0257.HK,2025,Industrials,1,0,9.102564102564102,0.0,9.102564102564102,10.0,8.640972346778362,0.30179028132992325,819,94781,2,4958.706701245968,1.5384615384615385,4.8076923076923075,1.4230769230769231
0968.HK,2025,Technology,1,0,9.041095890410958,0.14084507042253502,8.900250819988422,9.58904109589041,8.197186294531427,0.3286875725900116,578,70512,2,2068.479438635351,4.375,8.125,3.0079225352112675
2476.HK,2025,Technology,1,0,9.726027397260275,0.8450704225352113,8.880956974725063,9.863013698630137,11.057869517139698,0.34477379095163807,420,37982,1,319.68151987739674,8.125,1.875,3.2350352112676055
3933.HK,2025,Healthcare,1,0,9.078947368421053,0.2898550724637683,8.789092295957285,10.0,5.142987874628232,0.397642015005359,562,109275,3,920.4177212784829,4.736842105263158,8.771929824561404,3.3203661327231124
3323.HK,2025,Basic Materials,1,0,9.117647058823529,0.34482758620689613,8.772819472616632,8.235294117647058,7.039519927821316,0.32832832832832837,671,95319,2,6061.673494048701,6.296296296296297,8.518518518518519,3.765006385696041
0006.HK,2025,Utilities,1,0,10.0,1.25,8.75,9.565217391304348,15.337618532425381,0.27409638554216864,1205,78565,2,8046.47119918993,5.7142857142857135,2.8571428571428568,2.9107142857142856
2510.HK,2025,Industrials,1,0,9.230769230769232,0.49180327868852514,8.738965952080706,9.35897435897436,8.829150739571215,0.4097222222222222,425,48136,2,812.6868535286275,3.2692307692307687,6.153846153846154,2.457440100882724
9858.HK,2025,Consumer Defensive,1,0,9.02439024390244,0.30303030303030276,8.721359940872137,9.02439024390244,8.738212065406815,0.29370629370629375,707,80909,2,1275.7641736548396,4.0,4.666666666666667,2.2848484848484847
1378.HK,2025,Basic Materials,1,0,10.0,1.3793103448275867,8.620689655172413,9.411764705882353,8.696164265242825,0.2773246329526917,886,101884,2,4489.420383794705,4.814814814814815,4.074074074074074,2.9489144316730527
0941.HK,2025,Communication Services,1,0,8.928571428571429,0.4347826086956519,8.493788819875776,8.571428571428571,5.492901685020565,0.29471890971039183,414,75370,2,241.39700834232377,3.4782608695652173,3.913043478260869,2.043478260869565
0101.HK,2025,Real Estate,1,0,9.75,1.3157894736842102,8.43421052631579,9.75,15.81970587134678,0.28529163144547764,1691,106892,2,131.8576281407035,4.166666666666666,5.416666666666668,2.9912280701754383
1288.HK,2025,Financial Services,1,0,8.545454545454545,0.2083333333333337,8.337121212121211,8.363636363636363,5.303681860998485,0.291058394160584,777,146502,2,20.376059057956006,2.558139534883721,4.883720930232558,1.8483527131782949
0836.HK,2025,Utilities,1,0,8.26086956521739,0.0,8.26086956521739,6.086956521739131,9.59628341093745,0.229535864978903,913,95141,2,11177.99219405007,4.2857142857142865,3.571428571428571,2.0
0010.HK,2025,Real Estate,1,0,10.0,1.842105263157895,8.157894736842104,10.0,15.980629539951574,0.28443877551020413,1683,105315,2,125.98265796043785,4.444444444444445,5.416666666666668,3.3377192982456148
2313.HK,2025,Consumer Cyclical,1,0,8.472222222222221,0.31746031746031744,8.154761904761903,10.0,7.8492302104562235,0.4228486646884273,389,49559,2,280.60334263715,2.2807017543859653,2.4561403508771926,1.3341687552213868
1308.HK,2025,Industrials,1,0,8.974358974358974,0.9836065573770492,7.990752416981925,9.487179487179487,8.244867691827336,0.4228142076502732,845,102488,2,543.1124615178534,4.615384615384616,3.2692307692307687,2.530264817150063
1211.HK,2025,Consumer Cyclical,1,0,9.86111111111111,1.9047619047619047,7.956349206349206,9.86111111111111,10.306123292996634,0.3066221480244853,1246,120899,2,109.83363388830685,0.0,0.0,0.9523809523809523
1658.HK,2025,Financial Services,1,0,8.909090909090908,1.0416666666666663,7.867424242424242,8.0,5.855269742768492,0.25,819,139874,2,14.906875221892863,,,1.0416666666666663
2788.HK,2025,Basic Materials,1,0,8.823529411764707,1.0344827586206895,7.789046653144017,9.705882352941176,6.662605649889591,0.3951612903225806,525,78798,2,4968.157551106452,9.25925925925926,5.555555555555555,4.406130268199234
0388.HK,2025,Financial Services,1,0,9.818181818181818,2.083333333333334,7.734848484848484,8.727272727272727,7.577048621580168,0.2454308093994778,578,76283,2,8.588048010107391,6.511627906976745,1.6279069767441856,3.320736434108527
0023.HK,2025,Financial Services,1,0,10.0,2.291666666666666,7.708333333333334,10.0,7.6363853306401435,0.3994638069705094,896,117333,2,7.796907829534191,2.0930232558139537,5.813953488372093,2.9365310077519378
0148.HK,2025,Industrials,1,0,8.205128205128204,0.8196721311475408,7.385456073980664,9.743589743589743,6.82213141703067,0.3705308775731311,581,85164,3,639.4850588916621,4.8076923076923075,5.0,2.852143757881463
1879.HK,2025,Technology,1,0,9.58904109589041,2.253521126760564,7.335519969129846,9.726027397260275,9.959737232464505,0.57847533632287,94,9438,1,70.95961191335739,,,2.253521126760564
3750.HK,2025,Industrials,1,0,9.35897435897436,2.1311475409836067,7.227826817990753,8.333333333333334,9.250863261249874,0.22664624808575806,1010,109179,2,184.0695551013357,1.923076923076923,1.1538461538461542,1.873266078184111
1548.HK,2025,Healthcare,1,0,9.342105263157896,2.1739130434782608,7.168192219679635,8.289473684210527,5.213181902811394,0.367741935483871,392,75194,2,142.88726933923624,8.24561403508772,7.894736842105264,5.139588100686499
6823.HK,2025,Communication Services,1,0,9.642857142857142,2.6086956521739135,7.034161490683228,9.642857142857142,5.9648151410666195,0.315028901734104,474,79466,2,28.550106147238257,7.391304347826086,8.26086956521739,5.173913043478261
2359.HK,2025,Healthcare,1,0,10.0,3.0434782608695654,6.956521739130435,9.868421052631579,6.794303583882652,0.3588110403397028,604,88898,2,102.04574136419619,4.912280701754385,4.56140350877193,3.9077040427154843
6869.HK,2025,Technology,1,0,8.082191780821917,1.2676056338028174,6.814586147019099,6.712328767123288,5.877674535896491,0.27425149700598805,606,103102,2,205.64695730964405,3.75,2.916666666666666,2.342136150234742
0001.HK,2025,Industrials,1,0,8.58974358974359,1.80327868852459,6.7864649012189995,8.205128205128204,7.80799291906715,0.26651818856718634,988,126537,2,218.4062670513791,5.576923076923077,6.923076923076923,3.959331651954603
3396.HK,2025,Technology,1,0,9.178082191780822,2.394366197183099,6.783715994597723,8.63013698630137,8.662175168431183,0.19699646643109536,909,104939,2,48.43936830515189,6.041666666666668,6.875,4.38468309859155
2382.HK,2025,Technology,1,0,8.493150684931507,1.8309859154929575,6.662164769438549,8.493150684931507,7.109611853623126,0.3793103448275862,666,93676,2,92.02024209325907,1.6666666666666663,2.5,1.9154929577464785
0425.HK,2025,Consumer Cyclical,1,0,8.194444444444445,1.5873015873015872,6.607142857142858,7.361111111111112,6.984564000722152,0.34008528784648184,619,88624,2,141.26939722095557,6.666666666666668,5.2631578947368425,3.8462823725981625
2196.HK,2025,Healthcare,1,0,8.552631578947368,2.028985507246377,6.523646071700991,7.236842105263158,4.7823745767507235,0.330779054916986,524,109569,2,146.2438633096495,2.807017543859649,5.614035087719298,2.9794050343249427
0179.HK,2025,Consumer Cyclical,1,0,9.027777777777779,2.5396825396825395,6.488095238095239,9.722222222222221,8.23930192288104,0.38252756573367264,728,88357,2,94.94336833528621,3.859649122807017,7.192982456140351,3.8663324979114453
0700.HK,2025,Communication Services,1,0,8.214285714285714,1.7391304347826086,6.475155279503105,5.7142857142857135,4.624974864267042,0.28957528957528955,368,79568,2,47.735997318314475,0.4347826086956519,0.4347826086956519,1.0869565217391304
6855.HK,2025,Healthcare,1,0,9.210526315789473,2.8985507246376807,6.311975591151792,7.763157894736842,5.16579823526777,0.3483992467043314,346,66979,2,102.05359158364105,0.5263157894736847,2.9824561403508776,2.203661327231121
2877.HK,2025,Healthcare,1,0,8.157894736842104,1.8840579710144922,6.273836765827612,9.210526315789473,4.574627884746689,0.3474025974025974,201,43938,2,171.27020790522732,1.578947368421053,5.964912280701755,2.608695652173913
0008.HK,2025,Communication Services,1,0,9.285714285714286,3.0434782608695654,6.242236024844721,8.928571428571429,5.765637293469709,0.31732168850072784,469,81344,2,26.273747341746994,7.826086956521739,7.826086956521739,5.434782608695652
1921.HK,2025,Energy,1,0,8.666666666666668,2.5,6.166666666666668,3.333333333333333,7.560082763011301,0.34931506849315064,380,50264,1,784.1071669315052,6.666666666666668,2.5,3.7500000000000004
0303.HK,2025,Technology,1,0,8.904109589041095,3.23943661971831,5.664672969322785,9.041095890410958,7.852083720189936,0.3865284974093264,592,75394,2,30.93422744809848,4.166666666666666,7.291666666666668,4.328051643192489
0778.HK,2025,Real Estate,1,0,8.75,3.1578947368421053,5.592105263157895,8.75,9.612656664608402,0.3739130434782608,576,59921,2,84.73098376558531,4.722222222222222,3.8888888888888884,3.773391812865497
0220.HK,2025,Consumer Defensive,1,0,8.292682926829269,2.727272727272727,5.565410199556542,8.78048780487805,7.514484868092115,0.3806060606060606,511,68002,2,155.7790207568451,7.333333333333334,7.0,4.963636363636364
1672.HK,2025,Healthcare,0,0,7.894736842105264,0.0,7.894736842105264,6.578947368421053,4.495055439017081,0.36936936936936937,210,46718,1,9762.532544378699,7.894736842105264,4.912280701754385,3.3508771929824563
0762.HK,2025,Communication Services,0,0,7.5,0.0,7.5,4.642857142857143,4.143820906081816,0.2743362831858407,328,79154,2,253.6924147742483,2.6086956521739135,3.4782608695652173,1.4782608695652175
1117.HK,2025,Consumer Defensive,0,0,7.317073170731707,0.0,7.317073170731707,6.829268292682928,6.150252088821082,0.3805522208883554,516,83899,2,1540.814921440166,3.0000000000000004,6.333333333333333,2.166666666666667
0316.HK,2025,Industrials,0,0,7.948717948717948,0.6557377049180324,7.292980243799915,6.923076923076923,6.46381429811267,0.4611231101511879,499,77199,2,743.4080185598468,1.3461538461538458,4.615384615384616,1.6547919293820932
2171.HK,2025,Healthcare,0,0,7.5,0.4347826086956519,7.065217391304348,7.631578947368421,4.370873244675904,0.45977011494252873,235,53765,1,499.1349493084624,9.82456140350877,9.82456140350877,5.129672006102211
0981.HK,2025,Technology,0,0,7.397260273972602,0.4225352112676062,6.974725062704996,7.397260273972602,5.783480932586301,0.37484737484737485,512,88528,2,371.349269990701,3.541666666666666,3.125,1.898767605633803
2238.HK,2025,Consumer Cyclical,0,0,10.0,3.333333333333334,6.666666666666666,9.305555555555555,10.79100809779011,0.24968474148802022,1190,110277,2,63.03832253348799,8.771929824561404,9.649122807017545,6.228070175438598
0728.HK,2025,Communication Services,0,0,7.857142857142857,1.3043478260869568,6.5527950310559,5.0,4.2083284002970585,0.2538167938931297,391,92911,2,186.6760833070536,5.217391304347826,6.086956521739131,3.4347826086956523
1310.HK,2025,Communication Services,0,0,10.0,3.4782608695652173,6.521739130434783,10.0,6.3195101487048575,0.36101083032490977,354,56017,1,26.112333313744067,6.956521739130435,6.956521739130435,5.217391304347826
2698.HK,2025,Consumer Defensive,0,0,7.560975609756097,1.2121212121212122,6.348854397634885,6.585365853658537,6.336255533373839,0.40326975476839233,438,69126,2,407.0057967693894,,,1.2121212121212122
2726.HK,2025,Technology,0,0,7.260273972602739,0.9859154929577463,6.274358479644993,7.808219178082192,5.514109633473889,0.40697674418604646,204,36996,2,282.9175064971718,,,0.9859154929577463
1907.HK,2025,Basic Materials,0,0,9.705882352941176,3.4482758620689657,6.2576064908722095,10.0,8.590944299697204,0.2553407934893184,732,85206,2,1739.595880242067,1.1111111111111116,7.4074074074074066,3.5389527458492975
1286.HK,2025,Industrials,0,0,7.82051282051282,1.6393442622950816,6.181168558217738,8.846153846153847,6.429878413735315,0.4486803519061584,376,58477,2,261.0031616193928,4.423076923076923,3.653846153846154,2.8773644388398485
2269.HK,2025,Healthcare,0,0,9.736842105263158,3.623188405797102,6.113653699466056,9.473684210526315,6.002387441158585,0.34841075794621024,533,88798,2,75.90888635337521,2.9824561403508776,2.4561403508771926,3.197559115179253
0027.HK,2025,Consumer Cyclical,0,0,7.777777777777778,1.7460317460317465,6.031746031746032,8.61111111111111,6.806299937526716,0.45238095238095233,414,60826,2,138.360000304616,3.1578947368421053,2.2807017543859653,2.276524644945698
2666.HK,2025,Financial Services,0,0,5.818181818181818,0.0,5.818181818181818,6.7272727272727275,3.6756939456673288,0.2704402515723271,348,94676,2,37.4599676816861,0.46511627906976716,0.23255813953488413,0.18604651162790697
3931.HK,2025,Industrials,0,0,7.17948717948718,1.4754098360655743,5.704077343421606,7.435897435897436,6.137593046372925,0.3227040816326531,531,86516,2,261.4972908036378,7.115384615384616,0.38461538461538436,2.9492433795712483
0151.HK,2025,Consumer Defensive,0,0,7.804878048780488,2.1212121212121215,5.6836659275683665,7.804878048780488,6.794014731711302,0.34342105263157896,499,73447,2,176.95829135428633,1.6666666666666663,0.6666666666666665,1.6939393939393939
0467.HK,2025,Energy,0,0,7.333333333333333,1.6666666666666663,5.666666666666667,7.333333333333333,7.077245182312785,0.393173198482933,480,67823,2,1811.2775027395264,5.833333333333332,0.8333333333333337,2.749999999999999
0083.HK,2025,Real Estate,0,0,7.75,2.1052631578947367,5.644736842105264,7.75,7.904726742589911,0.369811320754717,835,105633,2,112.41722595625075,6.944444444444445,7.777777777777778,4.691520467836257
2057.HK,2025,Industrials,0,0,6.923076923076923,1.311475409836066,5.611601513240857,5.769230769230768,6.05054532479017,0.4117647058823529,390,64457,2,292.2226462889512,5.769230769230768,4.423076923076923,3.271122320302648
0551.HK,2025,Consumer Cyclical,0,0,7.916666666666666,2.3809523809523814,5.535714285714285,8.75,6.908292147171884,0.3753723932472691,629,91050,2,101.72630916281364,1.9298245614035092,3.333333333333334,2.4360902255639103
0165.HK,2025,Financial Services,0,0,9.272727272727273,3.75,5.522727272727273,9.09090909090909,6.862371330537552,0.29051094890510953,486,70821,2,5.6976929101018055,,,3.75
1686.HK,2025,Real Estate,0,0,5.5,0.0,5.5,5.0,6.382907246279437,0.375,380,59534,2,632.4604150826005,6.666666666666668,3.055555555555556,2.6111111111111116
3277.HK,2025,Technology,0,0,10.0,4.507042253521126,5.492957746478874,10.0,19.91844416562108,0.350383631713555,254,12752,1,16.24518950675588,5.0,3.333333333333334,4.42018779342723
2018.HK,2025,Technology,0,0,6.8493150684931505,1.4084507042253525,5.440864364267798,7.945205479452055,5.412813555567861,0.333901192504259,391,72236,2,169.43099705100934,5.625,5.0,3.391725352112676
0363.HK,2025,Industrials,0,0,6.538461538461538,1.1475409836065575,5.390920554854981,8.461538461538462,5.791780735208014,0.3381555153707052,366,63193,2,354.4883722805744,0.38461538461538436,6.730769230769232,2.0353089533417403
0522.HK,2025,Technology,0,0,8.767123287671232,3.380281690140845,5.386841597530387,8.21917808219178,7.804584599797366,0.35216819973718794,493,63168,2,30.322701775150595,5.208333333333332,6.666666666666668,4.585974178403756
0003.HK,2025,Utilities,0,0,9.130434782608695,3.75,5.380434782608695,9.130434782608695,11.774280351259467,0.1537735849056604,897,76183,2,267.3401280779291,7.857142857142857,7.857142857142857,5.803571428571428
3288.HK,2025,Consumer Defensive,0,0,9.26829268292683,3.9393939393939394,5.328898743532891,9.75609756097561,9.00242847385596,0.3764783180026281,949,105416,2,123.74032545697683,5.0,4.333333333333334,4.336363636363637
6088.HK,2025,Technology,0,0,6.986301369863014,1.6901408450704225,5.296160524792592,6.438356164383562,5.421620861522116,0.3128712871287128,347,64003,2,133.8952576213409,0.2083333333333337,0.2083333333333337,0.9492370892018781
0291.HK,2025,Consumer Defensive,0,0,9.512195121951219,4.242424242424242,5.269770879526977,8.536585365853659,9.392698928951942,0.22093023255813948,670,71332,2,119.98420429116757,8.0,8.666666666666668,6.254545454545455
0087.HK,2025,Industrials,0,0,9.487179487179487,4.262295081967213,5.224884405212274,8.974358974358974,9.39950323868894,0.30123099203475745,965,102665,2,52.67998275614312,7.5,6.538461538461538,5.688839848675914
2669.HK,2025,Real Estate,0,0,5.75,0.5263157894736847,5.223684210526315,6.0,6.4467017151556965,0.38268792710706145,542,84074,2,379.1573871191804,3.8888888888888884,2.2222222222222223,1.8742690058479534
2577.HK,2025,Technology,0,0,5.47945205479452,0.28169014084507005,5.19776191394945,6.986301369863014,4.46347898370017,0.2692307692307693,247,55338,2,433.35985882814504,7.708333333333334,4.375,3.328345070422535
2319.HK,2025,Consumer Defensive,0,0,10.0,4.848484848484849,5.151515151515151,10.0,11.930289270097544,0.20961002785515326,1135,95136,3,106.75039185387493,5.333333333333333,8.0,5.624242424242425
0285.HK,2025,Technology,0,0,7.123287671232877,1.9718309859154926,5.151456685317385,8.767123287671232,5.469524029261275,0.3866057838660578,403,73681,2,73.93272971565824,3.333333333333334,5.833333333333332,3.152582159624413
2038.HK,2025,Technology,0,0,8.63013698630137,3.52112676056338,5.10901022573799,8.904109589041095,7.752128155435076,0.36418511066398396,632,81526,2,26.996090069443287,9.166666666666666,9.791666666666666,6.468896713615023
2611.HK,2025,Financial Services,0,0,6.7272727272727275,1.6666666666666663,5.060606060606061,5.454545454545454,3.9867350452131998,0.261744966442953,660,165549,2,9.645154087994593,1.6279069767441856,0.0,1.3217054263565888
9987.HK,2025,Consumer Cyclical,0,0,5.694444444444445,0.6349206349206349,5.05952380952381,5.0,5.528709646312587,0.3790613718411552,516,93331,2,200.56760193269474,5.7894736842105265,5.614035087719298,3.177109440267335
0004.HK,2025,Real Estate,0,0,6.5,1.578947368421053,4.921052631578947,7.5,7.097607670397061,0.3846153846153846,456,64247,2,127.83999272528871,2.7777777777777777,2.5,2.1228070175438596
6655.HK,2025,Basic Materials,0,0,5.588235294117647,0.6896551724137934,4.898580121703853,2.9411764705882355,4.453464118608715,0.368,395,88695,2,5519.965614304056,8.148148148148149,8.88888888888889,4.567049808429119
0788.HK,2025,Communication Services,0,0,5.7142857142857135,0.8695652173913049,4.844720496894409,7.857142857142857,3.5962145110410093,0.3522727272727273,228,63400,2,201.89552618736994,6.086956521739131,7.391304347826086,3.739130434782609
2888.HK,2025,Financial Services,0,0,9.636363636363637,4.791666666666666,4.844696969696971,9.454545454545455,7.557380664310449,0.3675810473815462,1268,167783,1,3.9110105580693815,4.883720930232558,8.13953488372093,5.488856589147287
2637.HK,2025,Healthcare,0,0,9.473684210526315,4.637681159420289,4.836003051106026,9.078947368421053,5.673724619136145,0.4522144522144522,235,41419,2,55.33421022807277,,,4.637681159420289
2228.HK,2025,Healthcare,0,0,8.68421052631579,3.913043478260869,4.77116704805492,6.973684210526315,4.798831588830546,0.39473684210526316,276,57514,1,74.8306689441992,9.298245614035087,1.4035087719298245,5.026697177726926
2026.HK,2025,Technology,0,0,5.89041095890411,1.1267605633802813,4.763650395523829,6.164383561643836,4.860286551096335,0.4261682242990654,307,63165,2,226.07682136865145,,,1.1267605633802813
1972.HK,2025,Real Estate,0,0,9.5,4.736842105263158,4.763157894736842,9.5,12.194608846876665,0.3440211241041117,1739,142604,2,54.01892650084159,9.444444444444445,8.88888888888889,6.97953216374269
3311.HK,2025,Industrials,0,0,8.333333333333334,3.60655737704918,4.726775956284154,5.6410256410256405,7.1017002690368045,0.18601747815230962,652,91809,2,67.24556364704301,2.884615384615384,5.961538461538462,3.8609709962168974
2714.HK,2025,Consumer Defensive,0,0,5.609756097560976,0.9090909090909094,4.700665188470067,5.609756097560976,5.198326288373682,0.3506666666666667,487,93684,2,430.84127038266587,9.333333333333334,9.0,5.054545454545455
1088.HK,2025,Energy,0,0,4.666666666666667,0.0,4.666666666666667,6.0,5.316724897463163,0.30000000000000004,595,111911,2,4878.3518018690065,1.6666666666666663,5.833333333333332,1.6666666666666665
0002.HK,2025,Utilities,0,0,6.521739130434783,1.875,4.646739130434783,3.4782608695652173,7.7236740282159655,0.2761506276150628,519,67196,1,3071.330864141425,6.428571428571428,6.428571428571428,4.1517857142857135
1428.HK,2025,Financial Services,0,0,8.181818181818182,3.541666666666666,4.640151515151516,8.545454545454545,5.054803352675693,0.38749999999999996,196,38775,2,5.872165016311569,8.13953488372093,9.534883720930234,6.119670542635658
1066.HK,2025,Healthcare,0,0,8.947368421052632,4.347826086956522,4.5995423340961095,9.736842105263158,5.050694705219677,0.4598393574297188,269,53260,2,65.43879888474699,4.2105263157894735,6.842105263157895,4.805491990846682
0868.HK,2025,Basic Materials,0,0,7.352941176470589,2.7586206896551726,4.594320486815416,5.882352941176471,5.4829185997469425,0.3035714285714286,312,56904,2,2141.9662399766016,1.4814814814814814,3.333333333333334,2.4904214559386975
2659.HK,2025,Healthcare,0,0,4.7368421052631575,0.1449275362318836,4.591914569031274,3.6842105263157894,3.1698004466536993,0.41333333333333333,176,55524,1,1029.7980307592154,,,0.1449275362318836
1836.HK,2025,Consumer Cyclical,0,0,8.055555555555555,3.492063492063492,4.563492063492063,7.638888888888888,6.908587157943976,0.33448873483535524,384,55583,2,60.42909446153669,4.385964912280702,5.964912280701755,4.254803675856308
0823.HK,2025,Real Estate,0,0,8.5,3.947368421052632,4.552631578947368,8.5,9.272652380906766,0.3559547571523619,968,104393,2,71.5507276945792,2.5,1.1111111111111116,2.9459064327485383
1801.HK,2025,Healthcare,0,0,9.605263157894736,5.072463768115942,4.532799389778794,8.026315789473685,5.7196916151060755,0.3195342820181113,526,91963,2,45.54021366982981,0.0,0.0,2.536231884057971
3677.HK,2025,Consumer Cyclical,0,0,5.0,0.4761904761904767,4.523809523809524,5.416666666666666,5.22182559918409,0.32984293193717273,256,49025,2,244.05258185779994,9.12280701754386,2.9824561403508776,3.571428571428572
0512.HK,2025,Healthcare,0,0,5.526315789473685,1.0144927536231885,4.5118230358504965,7.5,3.4559011456701225,0.4683760683760684,311,89991,2,254.35410909683583,7.36842105263158,9.298245614035087,4.577421815408085
1866.HK,2025,Basic Materials,0,0,6.176470588235294,1.7241379310344829,4.452332657200811,7.647058823529411,4.7430051230085,0.35809523809523813,337,71052,2,4381.287961082768,5.555555555555555,2.962962962962963,3.1213282247765006
2186.HK,2025,Healthcare,0,0,7.763157894736842,3.333333333333334,4.429824561403508,9.342105263157896,4.480131248915461,0.3812636165577342,284,63391,2,84.92955680814106,2.2807017543859653,3.333333333333334,3.0175438596491233
2005.HK,2025,Healthcare,0,0,5.0,0.5797101449275366,4.420289855072463,5.131578947368421,3.429738999294593,0.47970479704797053,141,41111,1,456.5402422058521,2.4561403508771926,9.649122807017545,2.956521739130435
0345.HK,2025,Consumer Defensive,0,0,8.048780487804878,3.6363636363636367,4.412416851441241,5.853658536585366,6.9882085266978455,0.31746031746031744,387,55379,2,141.05580780367205,2.666666666666667,3.333333333333334,3.284848484848485
0189.HK,2025,Basic Materials,0,0,8.529411764705882,4.137931034482759,4.391480730223123,8.823529411764707,6.443067528735632,0.4106776180698152,287,44544,1,1256.3353624679135,5.925925925925926,6.296296296296297,5.106002554278417
1276.HK,2025,Healthcare,0,0,8.421052631578947,4.057971014492754,4.363081617086193,8.81578947368421,4.757899494080871,0.4151234567901234,379,79657,2,74.08168021947505,1.7543859649122806,1.228070175438597,2.80091533180778
1811.HK,2025,Utilities,0,0,7.391304347826086,3.125,4.266304347826086,6.956521739130435,8.446318822394943,0.30761904761904757,727,86073,2,1174.1585787281804,8.571428571428573,8.571428571428573,5.848214285714286
1024.HK,2025,Communication Services,0,0,8.571428571428571,4.347826086956522,4.223602484472049,9.285714285714286,4.799252327005898,0.3800978792822186,380,79179,1,17.95259707513868,2.1739130434782608,1.7391304347826086,3.1739130434782608
2652.HK,2025,Healthcare,0,0,5.263157894736842,1.159420289855072,4.103737604881769,5.0,3.4342425755306434,0.28391167192429023,227,66099,2,215.35394581997173,0.3508771929824561,0.7017543859649122,0.8253241800152553
1398.HK,2025,Financial Services,0,0,4.909090909090909,0.8333333333333337,4.075757575757575,3.4545454545454546,3.288431659451224,0.3271604938271605,436,132586,2,15.33559849117452,3.2558139534883725,6.046511627906977,2.6027131782945743
3968.HK,2025,Financial Services,0,0,5.454545454545454,1.4583333333333337,3.99621212121212,5.818181818181818,3.58742715963115,0.29706601466992666,575,160282,2,11.160185388741157,1.3953488372093026,3.4883720930232553,1.8454457364341086
2460.HK,2025,Consumer Defensive,0,0,8.536585365853659,4.545454545454546,3.991130820399113,9.26829268292683,7.588273177834402,0.4057017543859649,542,71426,2,117.86087379049347,1.9999999999999996,5.666666666666666,4.006060606060606
2602.HK,2025,Real Estate,0,0,4.25,0.2631578947368418,3.9868421052631584,4.0,5.4726731997464775,0.3473837209302325,449,82044,2,428.8003382712857,0.0,0.0,0.1315789473684209
2276.HK,2025,Healthcare,0,0,6.578947368421053,2.6086956521739135,3.9702517162471396,6.052631578947368,4.068064531126505,0.4391025641025641,175,43018,2,111.96265639510148,5.7894736842105265,7.719298245614034,4.585049580472921
9887.HK,2025,Healthcare,0,0,6.7105263157894735,2.753623188405797,3.9569031273836766,8.68421052631579,4.086227101708506,0.4834307992202729,265,64852,2,110.33541507996955,,,2.753623188405797
0586.HK,2025,Industrials,0,0,6.153846153846154,2.295081967213115,3.858764186633039,8.717948717948719,5.379252313980046,0.32580037664783423,358,66552,2,176.2248248624328,7.884615384615384,8.461538461538462,5.205233291298865
1888.HK,2025,Technology,0,0,4.520547945205479,0.7042253521126762,3.816322593092803,8.356164383561644,4.115618390716994,0.4375,216,52483,2,324.77972214964666,5.416666666666668,7.083333333333332,3.393779342723005
0068.HK,2025,Technology,0,0,9.863013698630137,6.056338028169015,3.8066756704611224,9.452054794520548,12.773987516330381,0.42105263157894735,88,6889,1,7.2554579667656105,8.958333333333334,10.0,7.715669014084508
2268.HK,2025,Healthcare,0,0,8.289473684210527,4.492753623188406,3.7967200610221212,7.368421052631579,4.585219581071049,0.34375,315,68699,2,55.37739443781338,3.333333333333334,0.8771929824561409,3.4218154080854313
2618.HK,2025,Industrials,0,0,6.410256410256411,2.6229508196721305,3.78730559058428,4.3589743589743595,5.583571499508954,0.34114583333333337,506,90623,2,122.35030515228979,3.846153846153846,2.5,2.965321563682219
0460.HK,2025,Healthcare,0,0,5.131578947368421,1.4492753623188404,3.682303585049581,5.263157894736842,3.429945749463644,0.393719806763285,251,73179,2,188.289710344659,7.017543859649122,3.508771929824561,3.5316552250190694
2473.HK,2025,Financial Services,0,0,7.818181818181818,4.166666666666666,3.6515151515151523,8.909090909090908,4.428153214101208,0.40594059405940597,180,40649,1,4.546150884821047,7.441860465116279,5.348837209302326,5.3856589147286815
2039.HK,2025,Industrials,0,0,8.076923076923077,4.426229508196721,3.6506935687263553,5.897435897435898,6.583480058179592,0.25915290739411345,1032,156756,2,52.09755905069672,3.4615384615384617,8.653846153846153,4.98234552332913
6078.HK,2025,Healthcare,0,0,7.368421052631579,3.7681159420289854,3.6003051106025934,7.894736842105264,4.283293586042425,0.4849056603773585,273,63736,2,75.80486286279894,2.1052631578947367,7.017543859649122,3.919145690312738
1735.HK,2025,Industrials,0,0,6.666666666666666,3.114754098360656,3.55191256830601,6.538461538461538,5.840864007053119,0.25141242937853103,265,45370,2,90.1509159699609,9.615384615384615,8.269230769230768,6.095838587641866
0175.HK,2025,Consumer Cyclical,0,0,9.583333333333334,6.190476190476191,3.3928571428571432,9.027777777777779,9.822160277078236,0.25902527075812276,1642,167173,2,21.378877111176543,7.719298245614034,4.2105263157894735,6.2531328320802
1997.HK,2025,Real Estate,0,0,6.25,2.8947368421052633,3.3552631578947367,6.75,7.005077843508572,0.3723723723723724,418,59671,2,89.61265704252828,6.111111111111112,4.722222222222222,4.2251461988304095
0014.HK,2025,Real Estate,0,0,7.5,4.2105263157894735,3.2894736842105265,7.0,7.683172156378002,0.340956340956341,634,82518,2,69.46368360277135,7.777777777777778,7.222222222222222,5.883040935672515
2020.HK,2025,Consumer Cyclical,0,0,9.305555555555555,6.0317460317460325,3.273809523809523,8.333333333333334,8.721888129170443,0.24844720496894412,847,97112,2,21.5694835388125,7.543859649122807,6.666666666666668,6.612364243943192
3918.HK,2025,Consumer Cyclical,0,0,8.333333333333334,5.079365079365079,3.253968253968255,8.055555555555555,7.684009311656604,0.3130287648054145,406,52837,1,32.44304897990441,8.596491228070175,7.36842105263158,6.592314118629908
1113.HK,2025,Real Estate,0,0,8.25,5.0,3.25,8.25,8.7286416478115,0.31835491241431835,895,102536,2,53.98835936825753,9.722222222222221,8.333333333333334,7.083333333333333
3998.HK,2025,Consumer Cyclical,0,0,9.722222222222221,6.507936507936508,3.2142857142857135,9.583333333333334,10.179529890801406,0.3178851174934726,1045,102657,2,14.344898347070712,4.736842105263158,3.859649122807017,5.446950710108605
0683.HK,2025,Real Estate,0,0,9.25,6.052631578947368,3.197368421052632,9.0,11.886903950179553,0.2874659400544959,1046,87996,2,39.342804578904335,5.555555555555555,4.444444444444445,5.58187134502924
1883.HK,2025,Communication Services,0,0,5.357142857142857,2.1739130434782608,3.183229813664596,6.428571428571429,3.424273941915353,0.455470737913486,214,62495,1,35.91057384760113,4.347826086956522,4.347826086956522,3.2608695652173916
1347.HK,2025,Technology,0,0,3.698630136986301,0.5633802816901412,3.13524985529616,7.534246575342466,3.8687794795696644,0.3848314606741573,219,56607,1,338.4235390897162,1.0416666666666663,1.0416666666666663,0.8025234741784038
2050.HK,2025,Industrials,0,0,5.897435897435898,2.7868852459016393,3.1105506515342585,6.794871794871796,5.068102629078239,0.33709981167608283,352,69454,2,95.56177038084977,4.038461538461538,3.076923076923077,3.2203656998738963
2232.HK,2025,Consumer Cyclical,0,0,6.25,3.1746031746031744,3.0753968253968256,7.777777777777778,6.074756699795442,0.38235294117647056,294,48397,2,69.91120253492853,6.140350877192983,5.7894736842105265,4.587301587301587
2388.HK,2025,Financial Services,0,0,7.636363636363637,4.583333333333334,3.0530303030303028,6.909090909090909,4.41097954682674,0.3787772312016866,884,200409,3,4.114690568032298,7.906976744186046,7.209302325581395,6.10562015503876
2632.HK,2025,Technology,0,0,6.712328767123288,3.661971830985915,3.050356936137373,7.260273972602739,5.257949981568072,0.37122969837587005,271,51541,2,23.864986498649863,,,3.661971830985915
1876.HK,2025,Consumer Defensive,0,0,8.78048780487805,5.757575757575757,3.0229120473022926,8.292682926829269,8.698492375926149,0.35128205128205126,506,58171,1,82.70055517002082,0.33333333333333326,0.0,2.9787878787878785
0144.HK,2025,Industrials,0,0,4.871794871794871,1.9672131147540983,2.904581757040773,5.512820512820513,4.544619342193912,0.3785594639865997,371,81635,2,193.27878403474614,6.153846153846154,4.038461538461538,3.6374527112232027
1316.HK,2025,Consumer Cyclical,0,0,7.638888888888888,4.761904761904762,2.8769841269841265,8.194444444444445,6.780512305374184,0.4287729196050776,405,59730,2,36.680418924322304,8.421052631578947,8.771929824561404,6.661654135338345
0552.HK,2025,Communication Services,0,0,6.7857142857142865,3.913043478260869,2.8726708074534173,5.357142857142857,3.997687288345585,0.34594594594594597,242,60535,1,19.998852841581293,4.782608695652174,4.782608695652174,4.3478260869565215
0902.HK,2025,Utilities,0,0,3.4782608695652173,0.625,2.8532608695652173,1.7391304347826086,5.046271601175206,0.33997785160575855,596,118107,2,10762.274590350895,5.0,5.7142857142857135,2.955357142857143
6886.HK,2025,Financial Services,0,0,4.7272727272727275,1.875,2.8522727272727275,4.0,3.249386034011399,0.32328106151990355,561,172648,2,8.63465102852316,1.1627906976744184,1.8604651162790697,1.6584302325581395
1114.HK,2025,Consumer Cyclical,0,0,3.611111111111111,0.7936507936507942,2.817460317460317,4.027777777777778,4.103087715317564,0.36549707602339176,217,52887,1,190.87880926152488,1.228070175438597,1.4035087719298245,1.045948203842941
6979.HK,2025,Consumer Defensive,0,0,4.634146341463415,1.8181818181818177,2.8159645232815977,6.097560975609756,5.02706883217324,0.3157894736842105,390,77580,2,230.65899384159633,0.0,8.333333333333334,2.5757575757575757
2016.HK,2025,Financial Services,0,0,5.636363636363636,2.916666666666666,2.7196969696969697,5.2727272727272725,3.661778099964683,0.2900900900900901,394,107598,2,6.714654371765954,0.9302325581395354,3.0232558139534884,2.3420542635658914
6963.HK,2025,Financial Services,0,0,7.090909090909091,4.375,2.715909090909091,6.363636363636363,4.025165042114194,0.33276157804459694,389,96642,2,4.502352043315715,5.5813953488372094,9.30232558139535,5.7223837209302335
0322.HK,2025,Consumer Defensive,0,0,5.121951219512195,2.4242424242424243,2.697708795269771,3.414634146341464,5.057921357480829,0.2548076923076923,310,61290,1,175.11908923180093,6.333333333333333,7.666666666666666,4.6454545454545455
1513.HK,2025,Healthcare,0,0,3.4210526315789473,0.7246376811594202,2.696414950419527,3.947368421052632,2.7928371940200427,0.4360189573459715,357,127827,2,292.6712573592052,4.56140350877193,7.36842105263158,3.204424103737605
6808.HK,2025,Consumer Cyclical,0,0,4.722222222222222,2.063492063492064,2.658730158730158,6.388888888888888,5.11106448035013,0.42976588628762546,341,66718,2,105.64096053220035,8.070175438596491,9.12280701754386,5.277360066833752
2015.HK,2025,Consumer Cyclical,0,0,9.444444444444445,6.825396825396826,2.6190476190476186,9.444444444444445,8.902713718760056,0.43237082066869303,747,83907,3,13.01172974398195,1.578947368421053,8.070175438596491,5.500417710944028
3868.HK,2025,Utilities,0,0,6.956521739130435,4.375,2.5815217391304346,5.217391304347826,7.913629436498173,0.24650349650349646,431,54463,2,69.05864245337315,1.428571428571429,1.428571428571429,2.9017857142857144
0863.HK,2025,Financial Services,0,0,9.454545454545455,6.875,2.579545454545455,9.636363636363637,7.215264292458713,0.3928035982008995,405,56131,2,2.0606989338609125,6.279069767441861,2.325581395348837,5.786337209302325
2202.HK,2025,Real Estate,0,0,6.0,3.421052631578947,2.578947368421053,5.5,6.8351884364293385,0.24053030303030298,802,117334,2,81.25977214114035,0.2777777777777779,0.2777777777777779,1.8494152046783625
0020.HK,2025,Technology,0,0,4.10958904109589,1.5492957746478875,2.5602932664480025,3.5616438356164384,3.9933989241758105,0.4052532833020638,317,79381,2,134.77604454158222,5.833333333333332,3.541666666666666,3.232981220657276
0857.HK,2025,Energy,0,0,6.666666666666666,4.166666666666666,2.5,10.0,6.902427150705891,0.32711864406779656,794,115032,2,413.7814024169924,7.5,7.5,5.833333333333333
1898.HK,2025,Energy,0,0,3.333333333333333,0.8333333333333337,2.499999999999999,8.0,4.509835931760673,0.36766809728183114,442,98008,2,2385.3024197527357,0.0,1.6666666666666663,0.7500000000000001
6690.HK,2025,Consumer Cyclical,0,0,7.083333333333334,4.603174603174604,2.4801587301587302,6.25,6.4568274291172605,0.23253275109170302,703,108877,2,38.540115588425536,2.1052631578947367,2.6315789473684212,3.4594820384294067
0200.HK,2025,Consumer Cyclical,0,0,6.111111111111112,3.650793650793651,2.4603174603174605,6.527777777777778,5.868759857682574,0.34065934065934067,480,81789,2,58.41981335801402,7.017543859649122,6.140350877192983,5.158730158730159
1083.HK,2025,Utilities,0,0,8.695652173913043,6.25,2.445652173913043,5.652173913043478,9.768364040814353,0.19199999999999995,606,62037,2,29.214551829307652,2.8571428571428568,2.1428571428571432,4.410714285714286
1070.HK,2025,Technology,0,0,8.21917808219178,5.774647887323944,2.444530194867836,8.082191780821917,6.139636550660038,0.3785249457700651,573,93328,2,7.909472860646348,1.875,2.291666666666666,3.908157276995305
0297.HK,2025,Basic Materials,0,0,7.941176470588235,5.517241379310345,2.4239350912778894,8.529411764705882,5.772646536412078,0.4528301886792453,377,65308,2,555.3620915178777,8.88888888888889,9.25925925925926,7.277139208173691
3896.HK,2025,Technology,0,0,5.205479452054794,2.816901408450704,2.38857804360409,5.068493150684931,4.291520077641636,0.3626126126126126,283,65944,2,42.717768330341436,6.875,6.458333333333332,4.762617370892018
0763.HK,2025,Technology,0,0,6.301369863013698,3.943661971830986,2.357707891182712,6.027397260273972,5.026678133950117,0.2991850989522701,602,119761,2,23.349465202180863,4.791666666666666,6.041666666666668,4.617664319248827
0300.HK,2025,Consumer Cyclical,0,0,7.222222222222222,4.920634920634921,2.3015873015873014,7.083333333333334,6.479396309904785,0.3116474291710388,656,101244,2,32.96021780753705,7.894736842105264,8.24561403508772,6.477861319966583
3692.HK,2025,Healthcare,0,0,6.973684210526315,4.782608695652174,2.191075514874141,8.552631578947368,4.185304350100709,0.3927893738140418,320,76458,2,52.53884065847929,5.614035087719298,4.2105263157894735,4.917620137299771
6651.HK,2025,Technology,0,0,7.534246575342466,5.352112676056338,2.1821338992861277,7.671232876712328,5.787765167719368,0.5074946466809422,230,39739,1,9.316536356865779,,,5.352112676056338
0268.HK,2025,Technology,0,0,7.808219178082192,5.633802816901409,2.174416361180783,6.301369863013698,5.8211696951643335,0.33943661971830985,469,80568,2,8.478002682258555,,,5.633802816901409
1302.HK,2025,Healthcare,0,0,7.631578947368421,5.507246376811594,2.1243325705568274,6.184210526315789,4.401913875598086,0.37530864197530867,253,57475,2,41.20851611829354,4.385964912280702,6.315789473684211,5.33257055682685
2282.HK,2025,Consumer Cyclical,0,0,7.5,5.396825396825397,2.103174603174603,7.5,6.626408832138659,0.3553811659192825,575,86774,2,30.63275545089973,6.842105263157895,5.43859649122807,5.838763575605681
0656.HK,2025,Industrials,0,0,6.0256410256410255,3.9344262295081966,2.091214796132829,5.256410256410256,5.194467891695345,0.366754617414248,720,138609,2,63.811542897431586,1.7307692307692313,5.576923076923077,3.6018284993694833
2356.HK,2025,Financial Services,0,0,7.454545454545455,5.416666666666668,2.037878787878787,7.272727272727273,4.209656185898417,0.38752783964365256,275,65326,2,3.416638815937324,6.976744186046512,8.837209302325581,6.5687984496124034
0939.HK,2025,Financial Services,0,0,3.2727272727272725,1.25,2.0227272727272725,2.1818181818181817,2.85649913902702,0.28137651821862353,355,124278,2,13.915882052758397,0.6976744186046513,1.1627906976744184,1.066860465116279
0386.HK,2025,Energy,0,0,5.333333333333333,3.333333333333334,1.9999999999999991,5.333333333333333,5.4522313913864595,0.3627639155470249,664,121785,2,432.8926518251807,2.5,6.666666666666668,3.750000000000001
2331.HK,2025,Consumer Cyclical,0,0,8.61111111111111,6.666666666666668,1.9444444444444429,7.916666666666666,7.858490026861748,0.32432432432432434,550,69988,1,14.178866930619973,0.5263157894736847,0.5263157894736847,3.5964912280701764
3606.HK,2025,Consumer Cyclical,0,0,2.0833333333333335,0.15873015873015928,1.9246031746031742,5.277777777777778,3.0301555236449484,0.4575163398692811,249,82174,2,413.99116187493297,5.087719298245615,3.1578947368421053,2.2372598162071853
1772.HK,2025,Basic Materials,0,0,7.058823529411765,5.1724137931034475,1.8864097363083179,5.588235294117647,5.31079286894301,0.329923273657289,524,98667,2,556.8663384705928,0.3703703703703709,0.0,2.697318007662835
2609.HK,2025,Healthcare,0,0,6.052631578947368,4.202898550724638,1.8497330282227304,6.315789473684211,3.853445433564128,0.4082278481012658,187,48528,2,65.73438383210595,,,4.202898550724638
2328.HK,2025,Financial Services,0,0,5.09090909090909,3.333333333333334,1.757575757575756,8.181818181818182,3.386336866902238,0.5333333333333333,322,95088,2,5.8999636883734015,4.4186046511627906,6.976744186046512,4.387596899224806
1585.HK,2025,Consumer Cyclical,0,0,9.166666666666666,7.4603174603174605,1.7063492063492056,9.166666666666666,8.489960575777024,0.35783633841886264,463,54535,2,10.968733554336392,10.0,10.0,8.730158730158731
1385.HK,2025,Technology,0,0,6.027397260273972,4.366197183098591,1.6612000771753808,5.47945205479452,4.873625750878386,0.40825688073394495,258,52938,2,18.78487374206754,4.583333333333334,5.208333333333332,4.599765258215962
0440.HK,2025,Financial Services,0,0,7.272727272727273,5.625,1.6477272727272734,7.090909090909091,4.112860428091279,0.3854625550660793,279,67836,2,3.374656888912761,7.209302325581395,8.604651162790697,6.696220930232558
1918.HK,2025,Real Estate,0,0,4.0,2.3684210526315788,1.6315789473684212,4.5,5.281755625813651,0.37168141592920356,426,80655,2,104.49870555158583,1.9444444444444442,5.833333333333332,2.9342105263157894
0123.HK,2025,Real Estate,0,0,9.0,7.36842105263158,1.6315789473684204,9.25,11.1927675287377,0.26926691729323304,1555,138929,2,11.35176564872125,7.5,6.666666666666668,7.267543859649123
6082.HK,2025,Technology,0,0,5.342465753424658,3.802816901408451,1.5396488520162066,4.2465753424657535,4.30364345102634,0.3758169934640523,191,44381,1,23.40017049836944,,,3.802816901408451
1519.HK,2025,Industrials,0,0,3.974358974358974,2.4590163934426235,1.5153425809163505,3.333333333333333,4.058253327767729,0.35543278084714547,350,86244,1,126.34680961351086,2.5,1.3461538461538458,2.248738965952081
2628.HK,2025,Financial Services,0,0,4.0,2.5,1.5,4.181818181818182,3.1037049762354694,0.3923766816143498,271,87315,2,7.473500266065569,9.767441860465116,6.7441860465116275,5.52906976744186
0636.HK,2025,Industrials,0,0,8.717948717948719,7.377049180327868,1.3408995376208512,7.3076923076923075,8.090055853054643,0.37486095661846497,562,69468,2,20.95438992462383,8.269230769230768,9.038461538461538,7.976986128625472
0867.HK,2025,Healthcare,0,0,9.868421052631579,8.55072463768116,1.3176964149504187,9.605263157894736,6.016229829306968,0.35580524344569286,516,85768,2,5.082399564153103,3.859649122807017,4.736842105263158,6.380625476735317
6862.HK,2025,Consumer Cyclical,0,0,2.2222222222222223,0.9523809523809523,1.26984126984127,2.361111111111111,3.1803931026166645,0.34267912772585674,211,66344,2,160.86476504357222,5.43859649122807,6.315789473684211,3.370927318295739
1440.HK,2025,Consumer Cyclical,0,0,1.25,0.0,1.25,1.8055555555555556,2.7676824154319264,0.3486842105263158,99,35770,1,456.3583281755439,7.192982456140351,9.473684210526317,4.052631578947369
2727.HK,2025,Industrials,0,0,8.461538461538462,7.213114754098361,1.248423707440101,8.58974358974359,7.499254732448949,0.2427093132643462,805,107344,2,21.902210812488864,2.6923076923076925,2.6923076923076925,4.952711223203027
0308.HK,2025,Consumer Cyclical,0,0,2.5,1.2698412698412698,1.2301587301587302,2.916666666666667,3.4247237969932085,0.22368421052631582,177,51683,1,148.279576666154,6.315789473684211,8.421052631578947,4.2138680033416875
2799.HK,2025,Financial Services,0,0,1.6363636363636362,0.4166666666666663,1.21969696969697,1.8181818181818183,2.189942572250632,0.4161490683229814,188,85847,1,18.973736531374435,,,0.4166666666666663
0999.HK,2025,Consumer Cyclical,0,0,2.638888888888889,1.428571428571429,1.2103174603174598,3.611111111111111,3.6472409540552597,0.430327868852459,139,38111,1,147.67628839247078,3.508771929824561,3.68421052631579,2.503759398496241
0392.HK,2025,Industrials,0,0,4.487179487179487,3.278688524590164,1.2084909625893232,9.615384615384615,4.329390192657864,0.3436293436293436,340,78533,2,89.8887791443083,7.307692307692308,7.884615384615384,5.408575031525851
6098.HK,2025,Real Estate,0,0,3.75,2.6315789473684212,1.1184210526315788,3.5,5.273199983226402,0.3147138964577657,503,95388,2,93.54916404825536,8.61111111111111,8.055555555555555,5.510233918128655
9658.HK,2025,Consumer Cyclical,0,0,3.333333333333333,2.2222222222222223,1.1111111111111107,2.638888888888889,4.015836032657082,0.3375,212,52791,1,102.97603939316448,5.964912280701755,4.912280701754385,3.883040935672515
1093.HK,2025,Healthcare,0,0,1.973684210526316,0.8695652173913049,1.104118993135011,5.921052631578947,2.3792529145848205,0.4568690095846646,170,71451,2,292.10335253660884,1.4035087719298245,3.68421052631579,1.5926773455377576
1339.HK,2025,Financial Services,0,0,4.181818181818182,3.125,1.0568181818181817,7.454545454545455,3.1375247965669404,0.4363636363636364,310,98804,2,5.995972594357553,3.9534883720930236,5.116279069767442,3.7718023255813957
0880.HK,2025,Consumer Cyclical,0,0,3.75,2.6984126984126986,1.0515873015873014,3.194444444444444,4.106107835405165,0.3925925925925926,328,79881,2,86.10529729406487,4.56140350877193,7.719298245614034,4.261487050960735
0696.HK,2025,Technology,0,0,3.150684931506849,2.112676056338029,1.0380088751688201,2.054794520547945,3.5322777101096223,0.24183006535947715,232,65680,2,71.62522449576419,2.916666666666666,5.416666666666668,3.014671361502348
1364.HK,2025,Consumer Cyclical,0,0,3.888888888888889,2.8571428571428568,1.031746031746032,3.888888888888889,4.168796948126007,0.4223433242506812,212,50854,1,82.75926526203726,0.3508771929824561,0.17543859649122862,1.5689223057644108
2314.HK,2025,Basic Materials,0,0,4.117647058823529,3.1034482758620685,1.0141987829614605,4.117647058823529,3.769098451887079,0.31336405529953915,149,39532,1,1886.8152841856684,3.333333333333334,2.2222222222222223,2.9961685823754793
0921.HK,2025,Consumer Cyclical,0,0,5.416666666666666,4.444444444444445,0.9722222222222214,6.944444444444445,5.374042897227374,0.34302325581395354,565,105135,2,39.099122392723324,0.7017543859649122,1.0526315789473684,2.643274853801169
0800.HK,2025,Technology,0,0,5.7534246575342465,4.788732394366198,0.9646922631680486,4.794520547945205,4.588864806285559,0.40308370044052866,271,59056,2,10.746987599822958,,,4.788732394366198
1177.HK,2025,Healthcare,0,0,6.315789473684211,5.362318840579709,0.9534706331045015,4.342105263157895,4.030576789437109,0.36819172113289755,290,71950,2,42.450240757759325,6.491228070175438,8.070175438596491,6.2425629290617834
1052.HK,2025,Industrials,0,0,7.3076923076923075,6.39344262295082,0.9142496847414874,7.051282051282052,6.148924826728274,0.4302963776070252,519,84405,2,24.922812873655992,7.692307692307692,6.346153846153846,6.773644388398487
6656.HK,2025,Industrials,0,0,9.743589743589743,8.852459016393443,0.8911307271963,9.871794871794872,9.791789960725238,0.40522875816993464,182,18587,1,8.426874844453293,,,8.852459016393443
6810.HK,2025,Technology,0,0,9.315068493150685,8.450704225352112,0.8643642677985728,9.315068493150685,9.740655059052722,0.32346723044397463,320,32852,1,2.7954115814387626,0.0,0.0,4.225352112676056
2157.HK,2025,Healthcare,0,0,5.7894736842105265,4.927536231884058,0.8619374523264689,6.7105263157894735,3.8298478748797606,0.45569620253164556,215,56138,1,46.86270268882592,9.473684210526317,8.596491228070175,7.025171624713959
3888.HK,2025,Communication Services,0,0,6.071428571428571,5.217391304347826,0.854037267080745,6.7857142857142865,3.832630098452883,0.40867992766726946,327,85320,2,10.715000215328473,1.7391304347826086,2.1739130434782608,3.565217391304348
2610.HK,2025,Basic Materials,0,0,3.235294117647059,2.4137931034482762,0.8215010141987826,3.8235294117647056,3.6384649958264665,0.5,170,46723,1,2308.6327063425124,2.2222222222222223,0.7407407407407407,2.021711366538953
9973.HK,2025,Consumer Cyclical,0,0,6.666666666666666,5.8730158730158735,0.7936507936507926,6.805555555555555,6.264895349111589,0.33625000000000005,531,84758,2,21.961145624019686,,,5.8730158730158735
0340.HK,2025,Basic Materials,0,0,7.647058823529411,6.8965517241379315,0.7505070993914797,5.294117647058823,5.583365421640354,0.39583333333333337,261,46746,1,176.70470716771175,9.62962962962963,1.4814814814814814,6.633461047254151
6666.HK,2025,Real Estate,0,0,1.5,0.7894736842105265,0.7105263157894735,3.25,3.9975144987572495,0.37942122186495175,193,48280,2,242.8470911941351,8.88888888888889,8.61111111111111,4.783625730994152
1299.HK,2025,Financial Services,0,0,8.363636363636363,7.708333333333334,0.6553030303030294,7.818181818181818,5.2016148713193,0.38651315789473684,746,143417,2,1.4265983234016766,5.813953488372093,2.558139534883721,6.109980620155039
1359.HK,2025,Financial Services,0,0,1.2727272727272725,0.625,0.6477272727272725,2.0,2.037584705307035,0.4408945686900958,175,85886,2,15.449906776634194,0.0,6.279069767441861,1.5683139534883723
1415.HK,2025,Technology,0,0,4.657534246575342,4.084507042253521,0.5730272043218214,5.616438356164384,4.170362123299304,0.3556851311953353,221,52993,2,21.04174964157696,9.583333333333334,9.583333333333334,6.833920187793427
3613.HK,2025,Healthcare,0,0,8.81578947368421,8.26086956521739,0.5549199084668199,8.157894736842104,4.847337826615941,0.4519650655021834,251,51781,2,8.365317634900421,3.68421052631579,8.421052631578947,6.919908466819222
6969.HK,2025,Consumer Defensive,0,0,6.829268292682928,6.363636363636363,0.46563192904656425,7.073170731707316,5.939524838012959,0.4358974358974359,396,66672,2,35.83901455727487,7.666666666666666,3.666666666666667,6.215151515151515
6186.HK,2025,Consumer Defensive,0,0,5.853658536585366,5.454545454545454,0.3991130820399116,5.121951219512195,5.291920808640106,0.35951134380453753,367,69351,2,93.17720248103734,0.9999999999999998,1.6666666666666663,3.3606060606060604
0390.HK,2025,Industrials,0,0,3.333333333333333,2.9508196721311473,0.3825136612021858,2.948717948717949,3.6171877381399935,0.2704918032786885,356,98419,2,93.19542017524562,,,2.9508196721311473
1988.HK,2025,Financial Services,0,0,6.181818181818182,5.833333333333332,0.3484848484848495,5.636363636363636,3.8117309832741246,0.3224932249322493,500,131174,2,3.177170783606902,2.325581395348837,3.7209302325581395,4.358527131782945
0288.HK,2025,Consumer Defensive,0,0,3.6585365853658534,3.333333333333334,0.32520325203251943,4.390243902439025,4.284984209767668,0.32157676348547715,327,76313,2,141.5496681652751,6.666666666666668,6.0,4.866666666666667
6069.HK,2025,Financial Services,0,0,6.363636363636363,6.041666666666668,0.32196969696969546,3.6363636363636367,3.8271569278761444,0.22514619883040932,265,69242,2,2.9222098752861068,0.23255813953488413,0.6976744186046513,3.2301356589147296
9995.HK,2025,Healthcare,0,0,2.7631578947368425,2.463768115942029,0.29938977879481365,4.2105263157894735,2.5276377229975124,0.4492753623188406,190,75169,2,112.19384740680412,8.947368421052632,8.947368421052632,5.705568268497331
3908.HK,2025,Financial Services,0,0,5.2727272727272725,5.0,0.2727272727272725,4.7272727272727275,3.4675146465517948,0.36920777279521677,422,121701,2,3.70029050329356,7.674418604651163,4.4186046511627906,5.686046511627907
1928.HK,2025,Consumer Cyclical,0,0,4.027777777777778,3.8095238095238093,0.21825396825396837,4.583333333333333,4.274776690769885,0.30569948186528495,402,94040,2,53.92046217922881,5.614035087719298,5.087719298245615,4.606516290726817
1810.HK,2025,Technology,0,0,7.671232876712328,7.464788732394366,0.20644414431796232,6.8493150684931505,5.820443310476798,0.3276315789473684,511,87794,1,5.241306699138608,0.625,0.625,4.044894366197183
2525.HK,2025,Consumer Cyclical,0,0,4.166666666666667,3.9682539682539684,0.1984126984126986,2.7777777777777777,4.621253834657438,0.37830687830687826,235,50852,2,51.98669429275529,,,3.9682539682539684
6049.HK,2025,Real Estate,0,0,1.25,1.0526315789473684,0.19736842105263164,2.0,3.4651078703145717,0.39632545931758534,230,66376,2,232.56891003819442,5.833333333333332,3.333333333333334,2.9429824561403506
1357.HK,2025,Communication Services,0,0,7.142857142857143,6.956521739130435,0.18633540372670865,4.285714285714286,4.133869415029164,0.36796536796536794,292,70636,1,3.921420941250741,9.130434782608695,5.217391304347826,7.260869565217392
0883.HK,2025,Energy,0,0,6.0,5.833333333333332,0.16666666666666785,9.333333333333334,5.903126180951015,0.3453757225433526,453,76739,2,305.0354075636583,4.166666666666666,3.333333333333334,4.833333333333333
6990.HK,2025,Healthcare,0,0,3.552631578947368,3.4782608695652173,0.07437070938215085,4.473684210526316,2.866246893628699,0.3605442176870748,188,65591,1,79.92695537241488,2.6315789473684212,4.035087719298246,3.335621662852784
2526.HK,2025,Healthcare,0,0,6.447368421052632,6.3768115942028984,0.07055682684973341,5.7894736842105265,4.06639398839532,0.39145907473309605,171,42052,1,26.28579769376733,,,6.3768115942028984
2162.HK,2025,Healthcare,0,0,1.3157894736842104,1.3043478260869568,0.011441647597253635,2.236842105263158,1.9311875693673697,0.4276315789473685,87,45050,1,196.89938895426997,7.543859649122807,1.7543859649122806,3.2662090007627764
3899.HK,2025,Energy,0,0,10.0,10.0,0.0,4.666666666666667,8.850645359557468,0.25493885230479774,792,89485,2,55.52896409176924,10.0,9.166666666666666,9.833333333333334
1405.HK,2025,Consumer Cyclical,0,0,1.1111111111111112,1.1111111111111116,-4.440892098500626e-16,1.3888888888888888,2.541883304448296,0.44303797468354433,132,51930,2,154.17876060911397,4.035087719298246,1.9298245614035092,2.1520467836257313
0546.HK,2025,Basic Materials,0,0,2.0588235294117645,2.068965517241379,-0.010141987829614507,1.4705882352941178,2.865138592750533,0.3027027027027027,129,45024,2,3652.808699993263,4.444444444444445,4.814814814814815,3.3307790549169853
2357.HK,2025,Industrials,0,0,4.743589743589744,4.754098360655737,-0.010508617065993597,5.0,4.495159059474412,0.3799342105263158,377,83868,2,43.887984216724014,3.076923076923077,4.230769230769232,4.146279949558639
2575.HK,2025,Healthcare,0,0,1.7105263157894737,1.7391304347826086,-0.028604118993134975,2.1052631578947367,2.2212085754516786,0.4427860696517413,112,50423,2,172.08267016920342,,,1.7391304347826086
2378.HK,2025,Financial Services,0,0,9.09090909090909,9.166666666666666,-0.07575757575757613,9.818181818181818,5.988501677877448,0.5484962406015037,1201,200551,2,0.6286642572920089,9.534883720930234,6.511627906976745,8.746124031007753
2580.HK,2025,Industrials,0,0,5.0,5.081967213114754,-0.08196721311475397,5.384615384615384,4.678233322282389,0.3804878048780488,254,54294,2,37.77918370851468,,,5.081967213114754
2665.HK,2025,Technology,0,0,3.013698630136986,3.098591549295775,-0.08489291915878905,3.4246575342465753,3.526329268532929,0.3952702702702703,179,50761,1,31.63156256484748,,,3.098591549295775
2432.HK,2025,Industrials,0,0,7.564102564102564,7.704918032786885,-0.1408154686843215,6.282051282051282,6.2406668598301644,0.4285714285714286,280,44867,1,17.93691704133813,9.230769230769232,9.615384615384615,8.544766708701136
2595.HK,2025,Healthcare,0,0,7.105263157894736,7.246376811594203,-0.14111365369946682,8.421052631578947,4.20643908752629,0.4975845410628019,208,49448,1,18.66836574113168,,,7.246376811594203
1788.HK,2025,Financial Services,0,0,8.727272727272727,8.958333333333334,-0.2310606060606073,9.272727272727273,5.451591739823175,0.4639016897081413,349,64018,2,0.6940238278987761,8.837209302325581,7.441860465116279,8.618701550387598
0631.HK,2025,Industrials,0,0,4.3589743589743595,4.590163934426229,-0.2311895754518698,6.410256410256411,4.248288883644088,0.4203935599284436,324,76266,2,48.74534788183561,8.653846153846153,9.423076923076923,6.7758511979823455
0975.HK,2025,Basic Materials,0,0,3.5294117647058827,3.793103448275862,-0.2636916835699794,9.117647058823529,3.6797901156748836,0.34545454545454546,216,58699,1,1720.5492847930163,0.7407407407407407,8.148148148148149,3.748403575989783
0570.HK,2025,Healthcare,0,0,2.8947368421052633,3.1884057971014492,-0.29366895499618595,3.4210526315789473,2.5503488219033827,0.3568464730290456,155,60776,2,101.1160302911288,6.140350877192983,9.473684210526317,5.331045003813883
0853.HK,2025,Healthcare,0,0,4.868421052631579,5.217391304347826,-0.3489702517162474,4.078947368421052,3.2230778205576947,0.46489104116222757,221,68568,2,42.75868446259909,5.2631578947368425,6.491228070175438,5.485888634630053
1109.HK,2025,Real Estate,0,0,6.75,7.105263157894736,-0.3552631578947363,5.75,7.339698517257543,0.349015317286652,595,81066,2,15.54001462169885,3.6111111111111116,1.3888888888888884,4.91374269005848
1368.HK,2025,Consumer Cyclical,0,0,6.944444444444445,7.301587301587302,-0.35714285714285765,7.222222222222222,6.405007019185774,0.4183266932270916,438,68384,2,11.382250097271687,8.24561403508772,8.947368421052632,7.913951545530494
0992.HK,2025,Technology,0,0,8.356164383561644,8.732394366197182,-0.37622998263553775,7.123287671232877,6.704597877902507,0.27413984461709207,654,97545,2,2.616081817603807,7.5,8.333333333333334,8.282863849765258
2588.HK,2025,Industrials,0,0,9.615384615384615,10.0,-0.384615384615385,7.82051282051282,9.483739697210057,0.32182490752157833,550,57994,2,0.06071225948000997,0.0,0.0,5.0
3858.HK,2025,Basic Materials,0,0,4.411764705882353,4.827586206896552,-0.41582150101419835,7.058823529411765,4.019400907172049,0.5301837270341208,179,44534,2,612.4058932428261,,,4.827586206896552
0688.HK,2025,Real Estate,0,0,8.0,8.421052631578947,-0.4210526315789469,8.0,8.5224779258167,0.3308063404548587,971,113934,2,6.337751366071373,5.0,6.388888888888888,6.988304093567251
1072.HK,2025,Industrials,0,0,5.6410256410256405,6.065573770491803,-0.4245481294661628,8.076923076923077,5.007064142413111,0.33283132530120485,443,88475,2,28.48301339028947,5.961538461538462,3.846153846153846,5.59047919293821
2172.HK,2025,Healthcare,0,0,6.184210526315789,6.666666666666668,-0.48245614035087847,6.842105263157895,3.992993426628746,0.4301075268817204,212,53093,1,24.535632012326637,0.7017543859649122,0.5263157894736847,3.6491228070175445
2778.HK,2025,Real Estate,0,0,4.75,5.2631578947368425,-0.5131578947368425,5.25,5.649717514124294,0.44354838709677424,345,61065,2,52.60416038321653,6.388888888888888,7.5,6.048245614035087
9868.HK,2025,Consumer Cyclical,0,0,5.833333333333334,6.349206349206349,-0.5158730158730149,4.166666666666667,5.723601810841258,0.2936096718480138,818,142917,2,17.87336563253823,9.649122807017545,3.508771929824561,6.77109440267335
2858.HK,2025,Financial Services,0,0,8.0,8.541666666666666,-0.5416666666666661,7.636363636363637,4.777811788818057,0.3904923599320883,359,75139,2,0.8776565430917163,3.4883720930232553,1.3953488372093026,5.59641472868217
1361.HK,2025,Consumer Cyclical,0,0,5.138888888888888,5.7142857142857135,-0.5753968253968251,5.972222222222222,5.224589496539558,0.4031007751937985,385,73690,2,22.360742121559554,7.36842105263158,7.543859649122807,6.576441102756892
1610.HK,2025,Consumer Defensive,0,0,2.4390243902439024,3.03030303030303,-0.5912786400591274,2.926829268292683,3.45616739059362,0.28387096774193543,222,64233,2,153.03875816029895,3.666666666666667,1.9999999999999996,3.015151515151515
1789.HK,2025,Healthcare,0,0,5.394736842105264,6.086956521739131,-0.6922196796338671,5.394736842105264,3.44325013663691,0.4237804878048781,189,54890,1,27.553457511573836,3.1578947368421053,4.385964912280702,4.868039664378337
1910.HK,2025,Consumer Cyclical,0,0,7.361111111111112,8.095238095238095,-0.7341269841269833,5.694444444444445,6.501417426141555,0.34551886792452835,555,85366,2,6.637408508691674,2.807017543859649,4.035087719298246,5.696741854636591
0270.HK,2025,Utilities,0,0,1.7391304347826086,2.5,-0.7608695652173914,6.521739130434783,3.887280817166232,0.3564356435643564,325,83606,2,1528.1781440844222,,,2.5
6600.HK,2025,Technology,0,0,3.835616438356164,4.647887323943662,-0.8122708855874978,4.10958904109589,3.881793137991485,0.36991869918699183,155,39930,1,11.276263658168249,,,4.647887323943662
1128.HK,2025,Consumer Cyclical,0,0,3.4722222222222223,4.2857142857142865,-0.8134920634920642,3.4722222222222223,4.0450208535679595,0.37234042553191493,354,87515,2,43.92168145095983,5.2631578947368425,6.491228070175438,5.020050125313284
3393.HK,2025,Industrials,0,0,7.6923076923076925,8.524590163934427,-0.8322824716267343,6.153846153846154,6.290547753962388,0.3573825503355704,383,60885,1,11.643908165215256,,,8.524590163934427
0384.HK,2025,Utilities,0,0,4.782608695652174,5.625,-0.8423913043478262,8.26086956521739,5.93810556205752,0.39014778325123156,619,104242,2,32.105467726296276,7.142857142857143,7.142857142857143,6.383928571428571
2601.HK,2025,Financial Services,0,0,4.363636363636363,5.208333333333332,-0.8446969696969688,3.090909090909091,3.188712139689078,0.3558394160583942,353,110703,2,3.5332825759967315,3.7209302325581395,3.9534883720930236,4.511143410852712
9660.HK,2025,Technology,0,0,5.616438356164384,6.47887323943662,-0.8624348832722362,3.698630136986301,4.510934734197454,0.3416666666666667,237,52539,1,6.526397798134672,8.541666666666666,3.75,6.55193661971831
2252.HK,2025,Healthcare,0,0,5.657894736842105,6.521739130434783,-0.8638443935926778,5.526315789473685,3.479495213530216,0.46684350132625996,201,57767,1,25.89598035817656,8.421052631578947,2.807017543859649,6.348588863463005
2696.HK,2025,Healthcare,0,0,5.921052631578947,6.811594202898551,-0.8905415713196039,6.447368421052632,3.8461538461538463,0.4446428571428571,311,80860,2,23.241209085194054,5.43859649122807,5.087719298245615,6.05491990846682
0697.HK,2025,Industrials,0,0,3.2051282051282053,4.0983606557377055,-0.8932324506095002,2.1794871794871797,3.569913239403649,0.33150684931506846,244,68349,2,58.406599601618574,8.076923076923077,5.384615384615384,5.549180327868852
1209.HK,2025,Real Estate,0,0,7.0,7.894736842105264,-0.8947368421052637,7.25,7.477922324565569,0.3084522502744237,630,84248,2,8.17717121736794,1.3888888888888884,0.8333333333333337,4.530701754385965
3898.HK,2025,Industrials,0,0,2.8205128205128203,3.7704918032786883,-0.949978982765868,2.564102564102564,3.398935000366552,0.28270042194092826,510,150047,2,65.40693537121466,0.19230769230769273,0.19230769230769273,1.9813997477931904
2889.HK,2025,Technology,0,0,3.9726027397260273,4.929577464788732,-0.9569747250627048,4.931506849315069,3.9082007078185725,0.28,180,46057,1,10.201739964886146,2.708333333333334,1.25,3.527288732394366
2643.HK,2025,Technology,0,0,1.917808219178082,2.95774647887324,-1.0399382596951579,1.2328767123287672,2.7522935779816513,0.2904564315352697,171,62130,2,39.506076949583054,,,2.95774647887324
2589.HK,2025,Consumer Cyclical,0,0,1.9444444444444444,3.0158730158730163,-1.0714285714285718,3.333333333333333,3.0135979419331127,0.49590163934426235,123,40815,2,73.48482413734727,,,3.0158730158730163
6110.HK,2025,Consumer Cyclical,0,0,8.75,9.841269841269842,-1.0912698412698418,8.472222222222221,8.180097349918874,0.41166936790923825,363,44376,2,0.2758175538353897,2.6315789473684212,4.56140350877193,6.622389306599834
0135.HK,2025,Energy,0,0,8.0,9.166666666666666,-1.166666666666666,6.666666666666666,7.208178005591798,0.3417553191489362,495,68672,2,55.618041128163355,9.166666666666666,8.333333333333334,9.0
6938.HK,2025,Healthcare,0,0,0.39473684210526316,1.594202898550725,-1.1994660564454618,0.6578947368421052,1.4223982715160244,0.3828125,79,55540,1,187.6688169146859,,,1.594202898550725
1579.HK,2025,Consumer Defensive,0,0,3.902439024390244,5.151515151515151,-1.2490761271249076,3.902439024390244,4.583951059080142,0.4113785557986871,269,58683,1,99.40759215106509,4.666666666666667,6.666666666666668,5.3090909090909095
9927.HK,2025,Consumer Cyclical,0,0,6.527777777777778,7.777777777777778,-1.25,4.722222222222222,6.16625163049923,0.23631508678237645,572,92763,2,7.255933818764919,9.82456140350877,9.82456140350877,8.801169590643273
1882.HK,2025,Industrials,0,0,4.102564102564102,5.40983606557377,-1.3072719630096676,6.666666666666666,4.141222713553731,0.42903225806451617,177,42741,2,32.61331541135971,6.730769230769232,5.769230769230768,5.877994955863809
0012.HK,2025,Real Estate,0,0,5.0,6.315789473684211,-1.3157894736842106,4.25,5.8817840532437735,0.29131355932203384,669,113741,2,33.549908705955474,8.055555555555555,6.944444444444445,6.963450292397662
3808.HK,2025,Industrials,0,0,3.58974358974359,4.918032786885246,-1.3282891971416562,4.743589743589744,3.8565319213929334,0.4250474383301708,303,78568,2,39.001945547546015,0.7692307692307687,0.5769230769230771,2.805170239596469
9678.HK,2025,Technology,0,0,2.8767123287671232,4.225352112676056,-1.3486397839089328,3.013698630136986,3.5036778939217963,0.4142394822006472,181,51660,2,20.363673586305897,,,4.225352112676056
0081.HK,2025,Real Estate,0,0,7.25,8.68421052631579,-1.4342105263157894,6.5,7.558212977388521,0.2876984126984127,718,94996,2,5.6416803674415625,3.055555555555556,5.0,6.258771929824562
1478.HK,2025,Technology,0,0,1.2328767123287672,2.676056338028169,-1.4431796256994018,2.602739726027397,2.0354128744001323,0.4698275862068966,123,60430,1,44.091697667206766,2.291666666666666,1.4583333333333337,2.317194835680751
0917.HK,2025,Communication Services,0,0,3.2142857142857144,4.782608695652174,-1.5683229813664594,2.5,2.360683882967308,0.20799999999999996,99,41937,2,17.77442155209939,8.695652173913043,5.6521739130434785,6.130434782608695
6099.HK,2025,Financial Services,0,0,1.0909090909090908,2.708333333333334,-1.617424242424243,0.9090909090909092,1.7017198936012028,0.4097421203438395,206,121054,2,6.950162971678959,8.604651162790697,9.069767441860465,5.749515503875969
3738.HK,2025,Technology,0,0,7.945205479452055,9.577464788732396,-1.6322593092803412,6.575342465753424,5.838158587357037,0.419047619047619,244,41794,2,0.6499499888767463,6.25,6.25,7.913732394366198
6699.HK,2025,Healthcare,0,0,3.947368421052632,5.6521739130434785,-1.7048054919908466,4.605263157894736,3.025238174828681,0.478386167146974,181,59830,2,35.784714851693714,5.087719298245615,1.578947368421053,4.668192219679634
2477.HK,2025,Communication Services,0,0,3.9285714285714284,5.6521739130434785,-1.7236024844720501,6.071428571428571,3.134007411813149,0.47307692307692306,137,43714,2,6.7256494620802,3.913043478260869,9.130434782608695,5.826086956521739
6809.HK,2025,Technology,0,0,6.575342465753424,8.309859154929578,-1.7345166891761536,5.89041095890411,5.192538130390402,0.38528896672504376,351,67597,2,3.1551745770425588,7.916666666666666,3.958333333333334,7.321596244131455
1099.HK,2025,Healthcare,0,0,7.236842105263158,8.985507246376812,-1.748665141113654,4.7368421052631575,4.234845722217647,0.3320964749536178,360,85009,2,2.640156122627133,4.035087719298246,7.543859649122807,7.212051868802441
9899.HK,2025,Communication Services,0,0,4.285714285714286,6.086956521739131,-1.8012422360248452,7.5,3.176207319714141,0.5234657039711191,132,41559,1,5.999778850305112,1.3043478260869568,1.3043478260869568,3.695652173913044
0751.HK,2025,Technology,0,0,4.794520547945205,6.619718309859155,-1.82519776191395,4.657534246575342,4.201601507300989,0.35734870317002887,223,53075,2,6.345660167225982,7.083333333333332,8.541666666666666,7.14319248826291
3993.HK,2025,Basic Materials,0,0,6.764705882352942,8.620689655172413,-1.8559837728194708,6.470588235294118,5.275028425506533,0.49283154121863804,566,107298,2,74.28684585882914,2.962962962962963,3.7037037037037033,5.939974457215836
6636.HK,2025,Technology,0,0,6.164383561643836,8.028169014084508,-1.8637854524406716,5.342465753424658,4.927600066068381,0.44582043343653255,179,36326,1,3.884769717470795,,,8.028169014084508
6993.HK,2025,Consumer Defensive,0,0,5.365853658536586,7.272727272727273,-1.9068736141906877,5.365853658536586,5.088910818289119,0.44042553191489364,263,51681,2,13.346313214636233,9.0,9.333333333333334,8.203030303030303
1828.HK,2025,Financial Services,0,0,6.0,7.916666666666666,-1.916666666666666,5.09090909090909,3.6832412523020257,0.38834951456310685,378,102627,1,1.128924932418382,6.046511627906977,4.651162790697675,6.7025193798449605
0354.HK,2025,Technology,0,0,4.383561643835616,6.338028169014085,-1.9544665251784687,2.328767123287671,4.1041607698839515,0.21355932203389827,232,56528,1,7.1511974748485,2.5,4.791666666666666,4.877347417840376
0916.HK,2025,Utilities,0,0,3.0434782608695654,5.0,-1.9565217391304346,1.3043478260869565,4.776285364096991,0.2716763005780347,378,79141,2,52.52111302013372,10.0,10.0,7.5
0817.HK,2025,Real Estate,0,0,2.5,4.473684210526315,-1.973684210526315,3.75,4.654512619856387,0.2947882736156352,433,93028,2,61.780814455139996,3.333333333333334,1.6666666666666663,3.5701754385964906
2013.HK,2025,Technology,0,0,5.068493150684931,7.04225352112676,-1.9737603704418287,4.520547945205479,4.265163015976289,0.3964194373401535,236,55332,2,5.929181370818503,8.75,8.958333333333334,7.937793427230047
9606.HK,2025,Healthcare,0,0,6.842105263157895,8.840579710144928,-1.998474446987033,7.105263157894736,4.156217666555601,0.4756637168141593,237,57023,2,3.1190998712018727,0.17543859649122862,0.17543859649122862,4.508009153318079
1193.HK,2025,Utilities,0,0,6.086956521739131,8.125,-2.038043478260869,8.695652173913043,7.643995764617148,0.30839895013123364,527,68943,2,10.124384733221836,3.571428571428571,4.2857142857142865,5.991071428571429
9988.HK,2025,Consumer Cyclical,0,0,3.194444444444444,5.238095238095238,-2.043650793650794,0.9722222222222222,3.941241926359697,0.20848938826466912,634,160863,2,31.967908369272955,4.912280701754385,4.736842105263158,5.040100250626566
9863.HK,2025,Consumer Cyclical,0,0,4.861111111111111,6.984126984126984,-2.1230158730158735,5.555555555555555,5.147889493683886,0.3180272108843537,401,77896,2,12.637622339293202,9.473684210526317,2.1052631578947367,6.755221386800335
0826.HK,2025,Basic Materials,0,0,2.3529411764705883,4.482758620689655,-2.1298174442190665,2.3529411764705883,3.1120952779938955,0.4526315789473684,156,50127,1,614.8037373671015,5.185185185185186,6.666666666666668,5.130268199233717
3618.HK,2025,Financial Services,0,0,1.8181818181818183,3.958333333333334,-2.1401515151515156,1.4545454545454546,2.257076173919725,0.29216867469879515,235,104117,2,5.315925764141411,,,3.958333333333334
0590.HK,2025,Consumer Cyclical,0,0,6.388888888888888,8.571428571428573,-2.1825396825396846,6.666666666666666,6.141871142327222,0.36377952755905507,404,65778,2,5.688705781560185,2.4561403508771926,6.842105263157895,6.390977443609023
9926.HK,2025,Healthcare,0,0,0.13157894736842105,2.3188405797101455,-2.187261632341724,1.0526315789473684,1.2858491487353103,0.43971631205673756,79,61438,2,121.46199932924884,7.719298245614034,6.140350877192983,4.70327993897788
2899.HK,2025,Basic Materials,0,0,5.0,7.241379310344827,-2.2413793103448274,3.5294117647058827,4.238027431800401,0.3336283185840708,753,177677,2,158.6116233251206,6.666666666666668,2.592592592592593,6.139208173690934
2498.HK,2025,Technology,0,0,0.273972602739726,2.535211267605634,-2.2612386648659077,0.958904109589041,1.4257741953880958,0.41860465116279066,75,52603,2,45.644287916381586,1.25,1.6666666666666663,1.9759389671361502
2367.HK,2025,Consumer Defensive,0,0,4.390243902439025,6.666666666666668,-2.276422764227643,6.341463414634147,4.996299037749815,0.4653465346534653,270,54040,2,25.83276361453957,,,6.666666666666668
3633.HK,2025,Utilities,0,0,5.217391304347826,7.5,-2.282608695652174,4.3478260869565215,7.410903116424588,0.2689655172413793,424,57213,2,17.199023548714802,2.1428571428571432,5.0,5.392857142857143
2259.HK,2025,Basic Materials,0,0,5.294117647058823,7.586206896551724,-2.292089249492901,6.764705882352942,4.311742203203009,0.45934959349593496,399,92538,2,146.11366625305567,,,7.586206896551724
0669.HK,2025,Industrials,0,0,7.051282051282052,9.344262295081968,-2.2929802437999163,7.564102564102564,6.085248423742084,0.42242503259452413,443,72799,2,2.958478480304738,6.538461538461538,7.115384615384616,8.05674653215637
1800.HK,2025,Industrials,0,0,2.948717948717949,5.245901639344263,-2.297183690626314,2.051282051282051,3.447857475076338,0.1842105263157895,341,98902,2,36.86027116740706,4.230769230769232,7.5,5.392181588902901
0934.HK,2025,Energy,0,0,2.6666666666666665,5.0,-2.3333333333333335,4.0,4.326387183314126,0.402088772845953,229,52931,2,310.9848490139484,5.0,4.166666666666666,4.833333333333333
6031.HK,2025,Industrials,0,0,3.8461538461538463,6.229508196721312,-2.383354350567466,3.717948717948718,4.046998985193608,0.3981818181818182,331,81789,2,27.69295817184275,6.346153846153846,3.4615384615384617,5.710907944514502
2687.HK,2025,Technology,0,0,6.438356164383562,8.873239436619718,-2.4348832722361564,5.7534246575342465,5.0344462109168,0.3770491803278688,190,37740,1,2.5609084325865528,,,8.873239436619718
1258.HK,2025,Basic Materials,0,0,6.470588235294118,8.96551724137931,-2.494929006085192,6.176470588235294,4.911323328785811,0.398886827458256,324,65970,2,66.73369669938442,2.592592592592593,5.925925925925926,6.445721583652618
3986.HK,2025,Technology,0,0,4.2465753424657535,6.76056338028169,-2.5139880378159365,3.9726027397260273,4.020976563049194,0.3822894168466523,286,71127,2,6.128821644251886,0.8333333333333337,0.8333333333333337,3.796948356807512
0960.HK,2025,Real Estate,0,0,3.0,5.526315789473683,-2.526315789473683,3.0,4.703694588016518,0.3570093457943925,344,73134,2,43.24715278339493,2.2222222222222223,2.7777777777777777,3.985380116959064
1880.HK,2025,Consumer Cyclical,0,0,6.805555555555555,9.365079365079366,-2.55952380952381,6.111111111111112,6.284539114649755,0.23709902370990232,547,87039,2,3.6916145831155314,4.2105263157894735,7.894736842105264,7.5246449456975775
2318.HK,2025,Financial Services,0,0,3.8181818181818183,6.458333333333332,-2.640151515151514,3.8181818181818183,3.0949817082302267,0.4464285714285714,434,140227,2,2.7329334296091132,2.790697674418605,5.5813953488372094,5.182655038759689
2285.HK,2025,Industrials,0,0,5.128205128205128,7.868852459016393,-2.7406473308112655,4.487179487179487,4.689803028272813,0.29190751445086704,245,52241,2,16.62380474079808,0.5769230769230771,1.5384615384615385,4.4151954602774275
1913.HK,2025,Consumer Cyclical,0,0,5.972222222222222,8.730158730158731,-2.757936507936509,4.861111111111111,5.749459616629544,0.24820659971305592,524,91139,3,5.022997013756644,6.491228070175438,7.017543859649122,7.715956558061822
0013.HK,2025,Healthcare,0,0,3.026315789473684,5.797101449275362,-2.7707856598016782,1.5789473684210527,2.6190701743632037,0.46100917431192656,470,179453,2,34.07765007875854,1.228070175438597,2.6315789473684212,3.7932875667429444
1651.HK,2025,Industrials,0,0,2.692307692307692,5.573770491803279,-2.8814627994955866,5.128205128205128,3.2527490976244438,0.4983818770226537,155,47652,2,32.53685730356298,3.653846153846154,0.7692307692307687,4.036885245901639
0336.HK,2025,Basic Materials,0,0,2.9411764705882355,5.862068965517242,-2.9208924949290065,1.7647058823529413,3.308016877637131,0.38749999999999996,294,88875,2,552.388686971881,1.8518518518518523,1.8518518518518523,3.8569604086845475
3339.HK,2025,Industrials,0,0,0.5128205128205128,3.442622950819673,-2.92980243799916,0.7692307692307693,1.3342696629213484,0.2692307692307693,38,28480,1,89.42002271206607,,,3.442622950819673
2556.HK,2025,Technology,0,0,4.931506849315069,7.887323943661972,-2.9558170943469033,2.8767123287671232,4.217563263448952,0.2629969418960245,241,57142,2,4.22806201368832,10.0,9.375,8.818661971830986
6066.HK,2025,Financial Services,0,0,3.6363636363636367,6.666666666666668,-3.030303030303031,2.909090909090909,2.980442619383285,0.3137254901960784,315,105689,2,2.4859065647750613,5.116279069767442,0.9302325581395354,5.054263565891474
0998.HK,2025,Financial Services,0,0,6.909090909090909,10.0,-3.090909090909091,6.181818181818182,4.016502189993275,0.2738225629791895,663,165069,2,0.2224950573573148,1.8604651162790697,4.186046511627906,6.395348837209302
2688.HK,2025,Utilities,0,0,5.652173913043478,8.75,-3.0978260869565224,3.0434782608695654,7.472537306754369,0.32044760935910477,668,89394,2,7.257572333675885,9.285714285714286,9.285714285714286,9.017857142857144
6030.HK,2025,Financial Services,0,0,3.090909090909091,6.25,-3.159090909090909,4.909090909090909,2.840909090909091,0.4651162790697675,345,121440,2,2.746364681804456,5.348837209302326,2.0930232558139537,5.148255813953488
3306.HK,2025,Consumer Cyclical,0,0,4.444444444444445,7.619047619047619,-3.174603174603174,2.5,4.709786634932873,0.2957393483709273,281,59663,2,9.563345009403637,0.17543859649122862,0.3508771929824561,3.932330827067669
1030.HK,2025,Real Estate,0,0,0.5,3.68421052631579,-3.18421052631579,0.5,2.280376399477986,0.4092526690391459,166,72795,2,80.46275305396163,1.6666666666666663,6.111111111111112,3.564327485380117
0119.HK,2025,Real Estate,0,0,3.25,6.578947368421053,-3.328947368421053,2.5,4.751273684813097,0.3185550082101807,415,87345,2,22.077845253734274,,,6.578947368421053
1929.HK,2025,Consumer Cyclical,0,0,5.555555555555555,8.88888888888889,-3.333333333333334,4.444444444444445,5.377703602555673,0.3110151187904968,319,59319,2,4.880828946194342,3.68421052631579,8.596491228070175,7.269005847953217
0066.HK,2025,Industrials,0,0,5.769230769230768,9.180327868852459,-3.4110970996216903,2.8205128205128203,5.061811717065302,0.22250316055625785,615,121498,2,5.203140719372576,10.0,10.0,9.59016393442623
2145.HK,2025,Consumer Defensive,0,0,4.146341463414634,7.575757575757576,-3.429416112342942,4.146341463414634,4.632929436920884,0.491304347826087,234,50508,2,12.029562653168584,7.0,0.9999999999999998,6.087878787878789
1999.HK,2025,Consumer Cyclical,0,0,0.6944444444444444,4.1269841269841265,-3.432539682539682,1.527777777777778,2.056748568016454,0.4655172413793104,93,45217,2,44.08006361612042,1.0526315789473684,1.578947368421053,2.6950710108604845
1860.HK,2025,Communication Services,0,0,6.428571428571429,10.0,-3.571428571428571,8.214285714285714,3.925967470555244,0.4182305630026809,217,55273,2,0.18927873272171972,0.8695652173913049,0.0,5.260869565217392
2650.HK,2025,Industrials,0,0,4.615384615384616,8.196721311475411,-3.581336696090795,3.8461538461538463,4.439619239642504,0.3143712574850299,229,51581,2,13.8706764566728,,,8.196721311475411
1530.HK,2025,Healthcare,0,0,2.631578947368421,6.231884057971015,-3.600305110602594,5.657894736842105,2.5219133824992843,0.4683908045977011,185,73357,2,27.392942338863413,8.596491228070175,5.7894736842105265,6.852784134248664
1112.HK,2025,Consumer Defensive,0,0,6.341463414634147,10.0,-3.6585365853658534,4.634146341463415,5.445699236709369,0.4148681055155875,488,89612,2,0.5653227339733088,10.0,10.0,10.0
2400.HK,2025,Communication Services,0,0,2.8571428571428568,6.521739130434783,-3.6645962732919264,3.2142857142857144,2.313523785916424,0.47663551401869164,112,48411,1,3.9891230328090845,5.6521739130434785,3.0434782608695654,5.565217391304349
0600.HK,2025,Technology,0,0,1.7808219178082192,5.492957746478872,-3.712135828670653,2.73972602739726,2.684230147881198,0.4375,108,40235,1,8.976910710375313,6.666666666666668,7.708333333333334,6.288145539906103
9896.HK,2025,Consumer Cyclical,0,0,5.277777777777778,9.047619047619047,-3.7698412698412698,5.138888888888888,5.295383087870263,0.3589315525876461,384,72516,2,4.756792712420222,1.4035087719298245,1.228070175438597,5.19047619047619
0017.HK,2025,Real Estate,0,0,2.0,5.7894736842105265,-3.7894736842105265,1.25,4.3340995319726385,0.34791666666666665,313,72218,1,42.537129025848515,,,5.7894736842105265
2675.HK,2025,Healthcare,0,0,3.6842105263157894,7.536231884057971,-3.8520213577421814,2.3684210526315788,2.8803716608594656,0.41509433962264153,124,43050,2,14.88993779006616,,,7.536231884057971
2419.HK,2025,Consumer Defensive,0,0,2.1951219512195124,6.0606060606060606,-3.865484109386548,1.951219512195122,3.151129414701111,0.3803680981595092,202,64104,2,70.0754114271088,1.333333333333333,0.33333333333333326,3.496969696969697
2616.HK,2025,Healthcare,0,0,3.8157894736842106,7.826086956521739,-4.010297482837529,3.1578947368421053,2.949449175716853,0.38617886178861793,151,51196,2,9.77669956933486,1.0526315789473684,6.666666666666668,5.562166285278414
9969.HK,2025,Healthcare,0,0,1.8421052631578947,5.942028985507246,-4.099923722349351,2.631578947368421,2.33475872045071,0.3927392739273927,184,78809,2,33.497150624066805,8.771929824561404,2.1052631578947367,6.023646071700991
0990.HK,2025,Basic Materials,0,0,5.882352941176471,10.0,-4.117647058823529,3.235294117647059,4.470235450910707,0.40808823529411764,161,36016,1,6.532567082860961,0.0,10.0,7.0
2423.HK,2025,Real Estate,0,0,3.5,7.631578947368421,-4.131578947368421,1.5,4.895324531857516,0.33136094674556216,452,92333,2,9.266344897433877,5.277777777777778,3.6111111111111116,6.121345029239766
6687.HK,2025,Technology,0,0,0.958904109589041,5.211267605633802,-4.252363496044761,0.821917808219178,1.8851156653111787,0.1954022988505747,70,37133,1,9.561031799522087,,,5.211267605633802
2517.HK,2025,Consumer Defensive,0,0,2.682926829268293,6.969696969696971,-4.286770140428677,7.560975609756097,3.5531089703490553,0.7096114519427403,284,79930,2,15.238165672896974,5.666666666666666,2.666666666666667,5.718181818181819
2583.HK,2025,Consumer Cyclical,0,0,2.7777777777777777,7.142857142857143,-4.365079365079366,2.2222222222222223,3.788775751835188,0.41463414634146345,144,38007,1,12.490928914514718,,,7.142857142857143
1675.HK,2025,Technology,0,0,2.4657534246575343,6.901408450704225,-4.435655026046691,1.643835616438356,3.1910230560182344,0.3079847908745247,182,57035,2,6.03016879980451,3.125,7.5,5.888204225352112
0173.HK,2025,Real Estate,0,0,4.5,8.947368421052632,-4.447368421052632,2.25,5.509956789135554,0.2869822485207101,241,43739,2,1.411957620727577,0.8333333333333337,9.166666666666666,6.557017543859649
9699.HK,2025,Industrials,0,0,5.384615384615384,9.836065573770492,-4.451450189155108,4.102564102564102,4.8331708144316785,0.40830449826989623,342,70761,2,0.09550786800105177,8.846153846153847,7.692307692307692,9.110340479192939
0576.HK,2025,Industrials,0,0,1.4102564102564101,5.9016393442622945,-4.491382934005884,0.8974358974358975,2.6930247699091474,0.33333333333333337,182,67582,2,28.80843714835724,,,5.9016393442622945
3355.HK,2025,Technology,0,0,0.547945205479452,5.070422535211268,-4.5224773297318155,1.36986301369863,1.7682684231466337,0.5767195767195767,80,45242,1,10.176557484785022,,,5.070422535211268
6818.HK,2025,Financial Services,0,0,2.545454545454545,7.083333333333332,-4.537878787878787,3.2727272727272725,2.5239732223629456,0.421161825726141,279,110540,2,1.8139125175162891,8.372093023255813,9.767441860465116,8.006782945736433
2533.HK,2025,Technology,0,0,1.36986301369863,5.915492957746479,-4.545629944047849,1.506849315068493,2.13033143472216,0.5814977973568283,95,44594,1,7.809059158875777,9.791666666666666,9.166666666666666,7.728579812206572
2507.HK,2025,Industrials,0,0,3.4615384615384617,8.032786885245901,-4.57124842370744,3.58974358974359,3.629381600206055,0.43430656934306566,155,42707,1,14.925895161201005,1.1538461538461542,0.9615384615384615,4.55485498108449
2338.HK,2025,Consumer Cyclical,0,0,0.9722222222222222,5.555555555555555,-4.583333333333333,1.9444444444444444,2.4951274398109353,0.3990929705215419,265,106207,2,24.894292913754356,9.298245614035087,9.298245614035087,7.426900584795321
1157.HK,2025,Industrials,0,0,1.153846153846154,5.737704918032787,-4.583858764186632,1.5384615384615385,2.416928363558639,0.3580786026200873,147,60821,2,31.414019424036734,6.923076923076923,5.192307692307692,5.984237074401008
1336.HK,2025,Financial Services,0,0,2.909090909090909,7.5,-4.590909090909091,2.727272727272727,2.5670163761439966,0.4463894967177243,253,98558,2,1.6599207264113696,9.069767441860465,0.46511627906976716,6.563953488372093
2155.HK,2025,Industrials,0,1,1.9230769230769231,6.721311475409837,-4.7982345523329135,3.076923076923077,2.8803854479435795,0.4290657439446367,165,57284,1,23.37650116492871,0.9615384615384615,2.3076923076923075,4.110655737704918
6055.HK,2025,Consumer Defensive,0,0,4.878048780487805,9.696969696969697,-4.8189209164818925,3.6585365853658534,5.049828803152318,0.4655870445344129,264,52279,2,0.6804816411802427,6.0,4.0,7.448484848484848
1952.HK,2025,Healthcare,0,0,2.1052631578947367,6.956521739130435,-4.851258581235697,2.7631578947368425,2.4398745207389334,0.413953488372093,126,51642,2,19.355918339604774,9.12280701754386,3.859649122807017,6.9870327993897785
6160.HK,2025,Healthcare,0,0,2.236842105263158,7.101449275362319,-4.864607170099161,0.7894736842105263,2.440973982999132,0.3286052009456265,284,116347,2,19.127712668066994,5.964912280701755,1.9298245614035092,5.726163234172388
0136.HK,2025,Communication Services,0,0,4.642857142857143,9.565217391304348,-4.922360248447204,3.9285714285714284,3.2251759186864737,0.42307692307692313,165,51160,2,0.7851353958674534,0.0,0.8695652173913049,4.956521739130435
3887.HK,2025,Financial Services,0,0,2.3636363636363638,7.291666666666668,-4.9280303030303045,4.363636363636363,2.403374534039631,0.5196078431372548,98,40776,1,1.7151344503880557,,,7.291666666666668
1833.HK,2025,Healthcare,0,0,4.473684210526316,9.420289855072463,-4.946605644546147,1.3157894736842104,3.164307866689756,0.3322259136212624,201,63521,2,1.5306228368007309,10.0,10.0,9.71014492753623
1729.HK,2025,Industrials,0,0,2.051282051282051,7.049180327868853,-4.997898276586802,2.692307692307692,3.047383830939909,0.38306451612903225,153,50207,1,21.904622405743567,9.423076923076923,8.076923076923077,7.966897856242118
3939.HK,2025,Basic Materials,0,0,1.1764705882352942,6.206896551724138,-5.0304259634888435,2.0588235294117645,2.332991919881643,0.4225352112676056,123,52722,2,397.0568138681513,10.0,1.1111111111111116,6.325670498084292
6060.HK,2025,Financial Services,0,0,4.545454545454545,9.583333333333334,-5.037878787878789,6.0,3.2361601103477544,0.4204275534441805,244,75398,2,0.3500110046005355,4.651162790697675,7.906976744186046,7.7684108527131785
1208.HK,2025,Basic Materials,0,0,1.4705882352941178,6.551724137931034,-5.081135902636916,0.8823529411764707,2.6904240237143964,0.48456790123456794,167,62072,1,227.27370376326792,4.074074074074074,0.3703703703703709,4.572158365261814
6181.HK,2025,Consumer Cyclical,0,0,4.583333333333333,9.682539682539682,-5.099206349206349,5.833333333333334,5.017057997190448,0.3527508090614887,200,39864,1,0.414276078570177,8.947368421052632,0.7017543859649122,7.665831244778612
0598.HK,2025,Industrials,0,0,2.4358974358974357,7.5409836065573765,-5.105086170659941,1.9230769230769231,3.221059875110724,0.36046511627906974,440,136601,2,19.88762794245054,5.384615384615384,8.846153846153847,7.155107187894073
0772.HK,2025,Communication Services,0,0,3.5714285714285716,8.695652173913043,-5.124223602484472,2.8571428571428568,2.4427433408015933,0.42700729927007297,157,64272,2,1.1094733549673534,6.521739130434783,8.695652173913043,8.043478260869565
2591.HK,2025,Healthcare,0,0,4.342105263157895,9.565217391304348,-5.223112128146453,4.868421052631579,3.1602055339782402,0.4609053497942387,131,41453,2,1.5045053950680185,,,9.565217391304348
2883.HK,2025,Energy,0,1,1.3333333333333333,6.666666666666668,-5.333333333333335,2.6666666666666665,2.4271478751149504,0.4772727272727273,161,66333,2,186.0150350563216,3.333333333333334,0.0,4.333333333333334
0376.HK,2025,Financial Services,0,0,2.727272727272727,8.125,-5.397727272727273,2.3636363636363638,2.5660474799477107,0.4682274247491639,159,61963,1,1.1237766678083922,9.30232558139535,7.674418604651163,8.388081395348838
3380.HK,2025,Real Estate,0,0,2.75,8.157894736842104,-5.407894736842104,4.75,4.6875449342880975,0.4290718038528897,326,69546,2,6.623566984736547,1.1111111111111116,9.722222222222221,6.35672514619883
2718.HK,2025,Technology,0,0,2.191780821917808,7.605633802816901,-5.413852980899093,1.7808219178082192,3.0501620943284413,0.4299674267100977,175,57374,1,4.501720117129281,,,7.605633802816901
2192.HK,2025,Healthcare,0,0,4.2105263157894735,9.710144927536232,-5.499618611746759,1.973684210526316,3.1393067364290386,0.4369501466275659,192,61160,2,0.4951776440267537,6.666666666666668,7.192982456140351,8.293668954996187
2513.HK,2025,Technology,0,1,1.643835616438356,7.183098591549295,-5.539262975110939,0.410958904109589,2.2404423681952523,0.248,94,41956,2,5.928414239839632,,,7.183098591549295
0956.HK,2025,Utilities,0,1,1.3043478260869565,6.875,-5.570652173913043,3.9130434782608696,3.579818771674684,0.37817638266068765,416,116207,2,26.048404174891022,0.714285714285714,0.714285714285714,3.794642857142857
0177.HK,2025,Industrials,0,1,1.282051282051282,6.885245901639344,-5.603194619588062,1.282051282051282,2.5321797847647183,0.27710843373493976,300,118475,2,22.809938958939128,2.3076923076923075,7.307692307692308,5.596469104665826
9626.HK,2025,Communication Services,0,0,2.142857142857143,7.826086956521739,-5.683229813664596,3.5714285714285716,2.0545828105965565,0.6048951048951049,113,54999,2,1.4982321927749147,8.26086956521739,6.521739130434783,7.695652173913044
2635.HK,2025,Technology,0,0,2.054794520547945,7.746478873239436,-5.691684352691491,4.383561643835616,2.9337035387798935,0.5757575757575757,112,38177,1,4.397102130042818,,,7.746478873239436
2586.HK,2025,Technology,0,0,3.5616438356164384,9.295774647887324,-5.734130812270886,3.287671232876712,3.86202385145675,0.3884462151394422,307,79492,2,1.2600248972047228,8.333333333333334,8.75,8.897887323943662
9890.HK,2025,Communication Services,0,0,2.5,8.26086956521739,-5.760869565217391,2.142857142857143,2.177452576652216,0.3313253012048193,111,50977,2,1.4033440919975209,9.565217391304348,9.565217391304348,8.91304347826087
2273.HK,2025,Healthcare,0,1,1.5789473684210527,7.391304347826086,-5.812356979405033,1.4473684210526316,2.1845018450184504,0.32420091324200917,148,67750,1,17.451347000834083,3.508771929824561,5.2631578947368425,5.800915331807779
0358.HK,2025,Basic Materials,0,0,3.8235294117647056,9.655172413793103,-5.831643002028398,2.6470588235294117,3.7389199109688,0.38817891373801916,383,102436,2,28.108666717562034,7.4074074074074066,7.777777777777778,8.605363984674328
2656.HK,2025,Healthcare,0,0,3.2894736842105265,9.130434782608695,-5.840961098398169,3.552631578947368,2.6972081882409773,0.5055350553505535,134,49681,1,1.9143507581289463,,,9.130434782608695
3317.HK,2025,Technology,0,0,3.287671232876712,9.154929577464788,-5.867258344588076,3.835616438356164,3.557938345314975,0.4822695035460993,146,41035,2,1.9871701162255762,9.375,2.083333333333334,7.806631455399061
2142.HK,2025,Healthcare,0,0,2.5,8.405797101449275,-5.905797101449275,3.8157894736842106,2.5214056836686454,0.5324675324675325,144,57111,2,6.2004114575091,9.649122807017545,3.1578947368421053,7.729214340198322
1783.HK,2025,Industrials,0,0,3.717948717948718,9.672131147540984,-5.954182429592266,3.2051282051282053,4.007911721840516,0.29357798165137616,154,38424,1,1.6219171467006999,9.038461538461538,1.7307692307692313,7.8937578814628
1060.HK,2025,Communication Services,0,1,1.4285714285714284,7.391304347826086,-5.962732919254657,1.4285714285714284,1.471846223519348,0.2777777777777778,117,79492,2,2.9768328189347995,10.0,10.0,8.695652173913043
0100.HK,2025,Technology,0,0,0.136986301369863,6.19718309859155,-6.060196797221687,0.136986301369863,1.3349679880125322,0.38749999999999996,49,36705,1,7.178319289455706,,,6.19718309859155
0604.HK,2025,Real Estate,0,1,0.75,6.842105263157895,-6.092105263157895,1.0,2.6637378175023985,0.30363036303630364,211,79212,2,16.995773637877036,10.0,1.9444444444444442,6.809941520467836
2607.HK,2025,Healthcare,0,0,3.1578947368421053,9.27536231884058,-6.117467581998475,2.8947368421052633,2.6517574847245786,0.3302107728337237,286,107853,2,1.8001492878421155,6.315789473684211,9.12280701754386,8.356979405034325
2555.HK,2025,Consumer Defensive,0,1,1.707317073170732,7.878787878787879,-6.1714708056171474,1.4634146341463414,2.8473268072289155,0.3240223463687151,121,42496,2,11.049652015507496,2.333333333333333,1.333333333333333,4.906060606060606
1021.HK,2025,Industrials,0,0,0.38461538461538464,6.557377049180328,-6.172761664564943,0.5128205128205128,1.2241566920565832,0.23728813559322037,45,36760,1,24.3525552709329,5.0,1.923076923076923,5.163303909205549
3690.HK,2025,Consumer Cyclical,0,1,1.6666666666666665,7.936507936507937,-6.269841269841271,1.1111111111111112,2.9892470142127623,0.32499999999999996,216,72259,1,6.945250480584401,1.7543859649122806,1.7543859649122806,4.845446950710109
6681.HK,2025,Healthcare,0,0,2.3684210526315788,8.695652173913043,-6.327231121281464,2.5,2.501793921998332,0.44396551724137934,129,51563,2,4.7780994233102625,8.070175438596491,2.2807017543859653,7.225019069412662
1164.HK,2025,Energy,0,1,2.0,8.333333333333334,-6.333333333333334,0.6666666666666666,3.0546009927453226,0.43243243243243246,168,54999,2,86.51321445181236,0.8333333333333337,5.0,5.416666666666667
2706.HK,2025,Technology,0,0,2.602739726027397,9.014084507042254,-6.411344781014857,5.205479452054794,3.2366974524958843,0.5486381322957199,116,35839,2,2.0077381211146372,,,9.014084507042254
1768.HK,2025,Consumer Defensive,0,0,2.926829268292683,9.393939393939394,-6.467110125646712,1.707317073170732,3.6014405762304924,0.388,153,42483,1,1.3452724193511727,,,9.393939393939394
0856.HK,2025,Technology,0,0,3.4246575342465753,10.0,-6.575342465753424,3.150684931506849,3.6695040153998857,0.419047619047619,122,33247,1,0.005688637561060973,6.458333333333332,7.916666666666666,8.520833333333334
0881.HK,2025,Consumer Cyclical,0,1,1.8055555555555556,8.412698412698413,-6.607142857142858,3.055555555555556,2.99210173145887,0.4112554112554112,136,45453,1,5.859457675055291,3.333333333333334,4.385964912280702,6.083542188805347
9903.HK,2025,Technology,0,1,0.684931506849315,7.323943661971831,-6.639012155122516,0.273972602739726,1.7937219730941705,0.2962962962962963,76,42370,1,5.8767847709862355,,,7.323943661971831
3330.HK,2025,Basic Materials,0,0,2.6470588235294117,9.310344827586206,-6.663286004056795,5.0,3.1379694301042615,0.48189415041782735,186,59274,2,64.34338763411012,7.037037037037037,5.185185185185186,7.803320561941251
9880.HK,2025,Industrials,0,1,1.6666666666666665,8.360655737704919,-6.693989071038253,2.4358974358974357,2.72296258329062,0.47530864197530864,170,62432,1,12.929313807753028,8.461538461538462,2.884615384615384,7.295712484237074
2655.HK,2025,Utilities,0,0,2.608695652173913,9.375,-6.766304347826087,0.43478260869565216,4.2365826133609605,0.36914600550964183,229,54053,2,5.60872120123086,,,9.375
2506.HK,2025,Healthcare,0,1,1.1842105263157894,7.971014492753623,-6.786803966437834,0.2631578947368421,1.9099452369684267,0.32335329341317365,113,59164,2,9.179558750722682,0.8771929824561409,0.3508771929824561,4.3188405797101455
1277.HK,2025,Energy,0,1,0.6666666666666666,7.5,-6.833333333333333,1.3333333333333333,1.538694926641094,0.4817518248175182,71,46143,1,118.06699304361427,8.333333333333334,10.0,8.25
1318.HK,2025,Consumer Defensive,0,1,1.951219512195122,8.787878787878787,-6.836659275683665,1.2195121951219512,3.0370448846982376,0.4360655737704918,172,56634,1,2.1399608550120734,8.666666666666668,3.0000000000000004,7.593939393939394
9690.HK,2025,Consumer Cyclical,0,0,2.361111111111111,9.206349206349207,-6.845238095238097,2.0833333333333335,3.2851683157949845,0.3863080684596577,251,76404,2,3.812652358265543,2.9824561403508776,2.807017543859649,6.059314954051796
2670.HK,2025,Industrials,0,0,2.564102564102564,9.508196721311474,-6.9440941572089105,1.153846153846154,3.244564301365245,0.3739837398373984,154,47464,1,2.9505845798394645,,,9.508196721311474
6683.HK,2025,Consumer Defensive,0,1,1.4634146341463414,8.484848484848484,-7.021433850702143,0.975609756097561,2.7499552852799143,0.41428571428571426,123,44728,1,7.75897217688414,8.333333333333334,9.666666666666666,8.675757575757576
0639.HK,2025,Basic Materials,0,1,0.8823529411764707,7.931034482758621,-7.04868154158215,7.352941176470589,2.2988505747126435,0.4738955823293173,131,56985,1,140.61170271473074,7.777777777777778,9.62962962962963,8.22477650063857
2729.HK,2025,Technology,0,1,1.095890410958904,8.169014084507042,-7.073123673548138,1.095890410958904,2.009576500359739,0.474025974025974,81,40307,2,3.1951966492755024,3.958333333333334,2.708333333333334,5.813673708920188
7618.HK,2025,Consumer Cyclical,0,0,2.916666666666667,10.0,-7.083333333333333,1.25,3.90625,0.3154574132492114,217,55552,2,0.27182704390056206,,,10.0
2590.HK,2025,Technology,0,0,2.328767123287671,9.436619718309858,-7.107852595022187,1.917808219178082,3.08913439879867,0.417004048582996,144,46615,2,1.1599422645066417,,,9.436619718309858
9911.HK,2025,Technology,0,0,2.73972602739726,9.859154929577464,-7.1194289021802035,2.4657534246575343,3.284365349945558,0.3825503355704698,184,56023,2,0.13269075838843367,0.4166666666666663,0.4166666666666663,5.137910798122065
9636.HK,2025,Consumer Defensive,0,1,0.975609756097561,8.181818181818182,-7.206208425720621,0.7317073170731707,2.5720259793127696,0.4395161290322581,139,54043,1,7.933219829043881,9.666666666666666,5.0,7.99090909090909
9993.HK,2025,Real Estate,0,0,2.25,9.473684210526317,-7.223684210526317,2.75,4.431848442195762,0.38522427440633245,233,52574,2,0.3792102379392007,8.333333333333334,10.0,9.236842105263158
1896.HK,2025,Communication Services,0,1,1.7857142857142858,9.130434782608695,-7.34472049689441,1.7857142857142858,1.7344173441734418,0.30434782608695654,96,55350,1,0.8290253530079571,3.0434782608695654,2.6086956521739135,6.0
0780.HK,2025,Consumer Cyclical,0,1,0.8333333333333333,8.253968253968253,-7.42063492063492,0.8333333333333333,2.2540245675340436,0.5087209302325582,169,74977,2,6.334777259531225,0.8771929824561409,0.8771929824561409,4.565580618212197
1963.HK,2025,Financial Services,0,1,0.9090909090909092,8.333333333333334,-7.424242424242425,1.0909090909090908,1.670163571644798,0.3846153846153846,160,95799,2,0.9112278265205009,3.0232558139534884,3.2558139534883725,5.724806201550388
3900.HK,2025,Real Estate,0,1,1.75,9.210526315789473,-7.460526315789473,1.75,4.271533626192268,0.27572016460905346,352,82406,2,0.6633348901676783,9.166666666666666,9.444444444444445,9.244152046783626
0290.HK,2025,Financial Services,0,0,2.1818181818181817,9.791666666666666,-7.609848484848484,2.545454545454545,2.3481973434535104,0.3486842105263158,99,42160,1,0.3026407227241139,10.0,10.0,9.895833333333332
9688.HK,2025,Healthcare,0,1,0.0,7.6811594202898545,-7.6811594202898545,0.0,0.9937571665180278,0.48684210526315785,78,78490,2,11.98289275810812,1.9298245614035092,1.0526315789473684,4.630053394355453
1787.HK,2025,Basic Materials,0,1,0.5882352941176471,8.275862068965518,-7.687626774847871,0.5882352941176471,1.8141753466844839,0.31438127090301005,205,112999,2,92.96234044048336,8.518518518518519,4.444444444444445,7.582375478927204
3625.HK,2025,Technology,0,1,0.821917808219178,8.591549295774648,-7.76963148755547,0.684931506849315,1.8356643356643356,0.5384615384615384,84,45760,1,2.7829140039868414,2.083333333333334,4.166666666666666,5.754107981220657
1196.HK,2025,Industrials,0,1,0.8974358974358975,8.688524590163935,-7.791088692728037,1.6666666666666665,2.0315412486648374,0.4894736842105263,97,47747,1,10.983486317696928,9.807692307692307,9.807692307692307,9.248108448928122
3696.HK,2025,Healthcare,0,1,0.2631578947368421,8.115942028985508,-7.852784134248665,0.5263157894736842,1.3882182520521487,0.5660377358490566,69,49704,1,8.511353331318125,,,8.115942028985508
3881.HK,2025,Industrials,0,1,1.0256410256410255,9.01639344262295,-7.990752416981925,1.0256410256410255,2.2527230079658143,0.47282608695652173,97,43059,1,6.6875138451244815,,,9.01639344262295
2685.HK,2025,Consumer Cyclical,0,1,1.527777777777778,9.523809523809524,-7.996031746031746,0.6944444444444444,2.8701891715590344,0.36416184971098264,110,38325,1,1.0126253475231994,,,9.523809523809524
6682.HK,2025,Technology,0,1,1.506849315068493,9.71830985915493,-8.211460544086437,2.191780821917808,2.2395241011285103,0.5223880597014925,128,57155,2,0.5467239855557295,7.291666666666668,5.625,8.171654929577466
3660.HK,2025,Financial Services,0,1,0.36363636363636365,8.75,-8.386363636363637,0.36363636363636365,0.39677186411357196,0.5798319327731092,50,126017,2,0.7684081462197623,4.186046511627906,2.790697674418605,6.188953488372093
1797.HK,2025,Consumer Defensive,0,1,0.4878048780487805,9.09090909090909,-8.603104212860309,0.4878048780487805,1.845018450184502,0.35460992907801414,91,49322,1,2.082326993347785,0.6666666666666665,7.333333333333334,6.212121212121212
3698.HK,2025,Financial Services,0,1,0.7272727272727273,9.375,-8.647727272727273,0.7272727272727273,1.6644665097859153,0.23684210526315785,174,104538,2,0.40758667435473994,6.7441860465116275,8.372093023255813,8.38517441860465
2661.HK,2025,Healthcare,0,1,1.0526315789473684,10.0,-8.947368421052632,0.9210526315789473,1.8750263346395315,0.3597122302158273,89,47466,1,0.367026651283117,7.192982456140351,5.43859649122807,8.24561403508772
1908.HK,2025,Real Estate,0,1,1.0,10.0,-9.0,0.75,3.3516192331380608,0.32173913043478264,234,69817,1,0.14701549838426858,0.5555555555555558,0.5555555555555558,5.277777777777779
0241.HK,2025,Healthcare,0,1,0.5263157894736842,9.855072463768117,-9.328756674294432,0.13157894736842105,1.4538519259629814,0.3309352517985612,93,63968,2,0.45652901148861513,6.842105263157895,8.24561403508772,8.629290617848971
2869.HK,2025,Real Estate,0,1,0.25,9.736842105263158,-9.486842105263158,0.0,2.257036643653744,0.3318777292576419,153,67788,2,0.24745691923662025,7.222222222222222,4.166666666666666,7.868421052631578
1816.HK,2025,Utilities,0,1,0.43478260869565216,10.0,-9.565217391304348,4.782608695652174,1.9572691764746637,0.4160206718346253,226,115467,2,2.5205901376140494,0.0,0.0,5.0
6168.HK,2025,Equity,0,1,0.0,10.0,-10.0,0.0,3.456564037999313,0.3811475409836066,151,43685,1,2.010263450853959,,,10.0
0855.HK,2026,Utilities,1,0,10.0,0.8333333333333337,9.166666666666666,10.0,15.775351591413768,0.376599634369287,341,21616,1,244.75945133549564,,,0.8333333333333337
0303.HK,2026,Technology,0,0,7.777777777777778,4.166666666666666,3.6111111111111116,7.777777777777778,7.3786861010970775,0.3747252747252747,569,77114,2,30.153390875462392,0.9090909090909094,7.272727272727273,3.8106060606060606
9988.HK,2026,Consumer Cyclical,0,0,4.444444444444445,3.333333333333334,1.1111111111111107,3.333333333333333,4.439261731472918,0.21813031161473084,552,124345,2,38.531679154415,0.0,0.0,1.666666666666667
1783.HK,2026,Industrials,0,0,6.666666666666666,8.333333333333334,-1.6666666666666679,6.666666666666666,7.279021770488892,0.3787878787878788,328,45061,1,0.6074098202985762,10.0,1.8181818181818177,7.53030303030303
1929.HK,2026,Consumer Cyclical,0,0,5.555555555555555,8.333333333333334,-2.7777777777777786,5.555555555555555,5.5851585732184095,0.2815533980582524,370,66247,2,4.175880099662705,10.0,8.333333333333334,8.833333333333334
1797.HK,2026,Consumer Defensive,0,1,1.1111111111111112,7.5,-6.388888888888889,2.2222222222222223,1.582994120307553,0.5032258064516129,77,48642,1,1.4185662287381862,8.181818181818182,9.09090909090909,8.022727272727273
0290.HK,2026,Financial Services,0,0,3.333333333333333,10.0,-6.666666666666667,4.444444444444445,4.225738976103446,0.3939393939393939,200,47329,1,0.15945550720412258,9.09090909090909,0.9090909090909094,7.909090909090908
0241.HK,2026,Healthcare,0,0,2.2222222222222223,9.166666666666666,-6.944444444444444,1.1111111111111112,1.7903168552158413,0.3012048192771084,116,64793,2,0.3958188792905189,5.454545454545454,4.545454545454546,7.128787878787878
