firm_id,year,sector,rank_group,level,intensity,d_log_intensity,d_log_level,walk_intensity_level,walk_intensity_trend,walk_emission_trend,walk_n_components,walk_composite,walk,verified,water_tonnes,waste_tonnes,renewable_share_pct,scope3,pillar_carbon,water_metric,pillar_water,waste_metric,pillar_waste,energy_metric,pillar_energy,walk_multi,walk_n_pillars,scope3_reported
1101.TW,2025,Cement,Cement,42556810.71,9444.120665353183,,,1.6666666666666663,,,1,1.6666666666666663,1.6666666666666663,True,39180190.0,190223.11,6.59,2457225.9,1.6666666666666663,8694.787881849337,1.6666666666666663,42.21392473277167,0.0,6.59,10.0,3.333333333333333,4,True
1102.TW,2025,Cement,Cement,20174697.0,9204.15293169291,,,3.333333333333334,,,1,3.333333333333334,3.333333333333334,True,2127000.0,1564.0,0.1,99503.0,3.333333333333334,970.3854925658027,8.333333333333334,0.7135321628457524,6.666666666666668,0.1,3.0,5.333333333333334,4,True
1103.TW,2025,Cement,Cement,7739.9461,82.15804195270671,,,8.333333333333334,,,1,8.333333333333334,8.333333333333334,True,141770.0,404.91,,1983.8584,8.333333333333334,1504.8613332895472,6.666666666666668,4.298041916218316,5.0,,,6.666666666666667,3,True
1104.TW,2025,Cement,Cement,52564.9208,220.93600120313945,,,6.666666666666668,,,1,6.666666666666668,6.666666666666668,True,391347.2732,6616.153,0.3308,12806.1463,6.666666666666668,1644.8745723699549,5.0,27.808400829325606,1.6666666666666663,0.3308,8.0,5.333333333333334,4,True
1108.TW,2025,Cement,Cement,568020.8400000001,3940.9317459610243,,,5.0,,,1,5.0,5.0,True,1740760.0,695.73,0.1,44512.26,5.0,12077.402558151056,0.0,4.8269786080691395,3.333333333333334,0.1,3.0,2.8333333333333335,4,True
1109.TW,2025,Cement,Cement,1382249.0,9977.620266367825,,,0.0,,,1,0.0,0.0,True,553131.0,41.68,0.1221,40100.21,0.0,3992.7184433168704,3.333333333333334,0.30086273363352833,8.333333333333334,0.1221,6.0,4.416666666666667,4,True
1110.TW,2025,Cement,Cement,1740.1432,19.377443804208575,,,10.0,,,1,10.0,10.0,True,2612.0,7.31,0.0,478.3278,10.0,29.08604488216418,10.0,0.08140083770620986,10.0,0.0,0.0,7.5,4,True
1201.TW,2025,Food,Food,117036.8021,171.5162199453551,,,3.125,,,1,3.125,3.125,False,1996163.6198,12217.7698,0.0,,3.125,2925.357086978481,2.2580645161290325,17.90501495818397,3.870967741935484,0.0,1.6666666666666665,2.7301747311827955,4,False
1203.TW,2025,Food,Food,11644.294,64.45760199169182,,,7.5,,,1,7.5,7.5,True,339301.0,941.8,,141.2938,7.5,1878.2185346215947,4.838709677419355,5.213383443923295,6.774193548387098,,,6.370967741935485,3,True
1210.TW,2025,Food,Food,505755.4861,161.12237155381538,,,4.375,,,1,4.375,4.375,False,7464897.795,70486.7994,0.0,28391.5763,4.375,2378.14926222952,4.193548387096774,22.455515747624535,2.9032258064516125,0.0,1.6666666666666665,3.284610215053763,4,True
1213.TW,2025,Food,Food,1685.3946,186.62938828475774,,,2.8125,,,1,2.8125,2.8125,False,84075.0,90.082,,,2.8125,9309.906309205575,0.32258064516129004,9.975081536079173,5.161290322580645,,,2.765456989247312,3,False
1215.TW,2025,Food,Food,69447.73,80.24460527952306,,,5.3125,,,1,5.3125,5.3125,True,1150442.0,31675.8,0.12,,5.3125,1329.2985125213606,5.806451612903225,36.600362141615236,0.6451612903225812,0.12,5.333333333333333,4.274361559139785,4,False
1216.TW,2025,Food,Food,3171511.68,148.13138392373514,,,4.6875,,,1,4.6875,4.6875,True,4532342.41,44059.04,0.0193,1514099.9494,4.6875,211.69152800015448,7.096774193548388,2.0578598561400234,8.709677419354838,0.0193,4.0,6.123487903225806,4,True
1217.TW,2025,Food,Food,12052.2156,73.32139402909313,,,6.5625,,,1,6.5625,6.5625,False,400236.0,2203.3,,3022.5042,6.5625,2434.893502952944,3.870967741935484,13.40409372234437,4.516129032258065,,,4.983198924731183,3,True
1218.TW,2025,Food,Food,12140.8816,37.80353467741763,,,8.75,,,1,8.75,8.75,False,685860.0,1371.0,60.5,32867.2716,8.75,2135.5889257542594,4.516129032258065,4.268935959538521,7.741935483870968,60.5,10.0,7.752016129032258,4,True
1219.TW,2025,Food,Food,22741.463499999998,51.64070140630036,,,7.8125,,,1,7.8125,7.8125,True,432933.0,6337.611,,5469.4474,7.8125,983.0925693033712,6.129032258064516,14.391275973962038,4.193548387096774,,,6.045026881720429,3,True
1220.TW,2025,Food,Food,26550.1257,268.36873500086944,,,0.625,,,1,0.625,0.625,True,661.31,14.19,,33412.7262,0.625,6.684523084703322,9.032258064516128,0.14343255443277758,9.67741935483871,,,6.44489247311828,3,True
1225.TW,2025,Food,Food,5039.8602,13.147549458449497,,,9.6875,,,1,9.6875,9.6875,True,,958.83,,5783.6016,9.6875,,,2.5013124068888124,8.387096774193548,,,9.037298387096774,2,True
1227.TW,2025,Food,Food,40592.601200000005,49.89957238236732,,,8.125,,,1,8.125,8.125,True,645360.0,5422.35,,214697.1368,8.125,793.326544264046,6.451612903225806,6.665572993817637,6.451612903225806,,,7.009408602150537,3,True
1229.TW,2025,Food,Food,19885.110500000003,49.743329535688254,,,8.4375,,,1,8.4375,8.4375,True,60338.0723,205.6489,,241809.1922,8.4375,150.93788963189732,7.419354838709678,0.5144382276051118,9.032258064516128,,,8.296370967741936,3,True
1231.TW,2025,Food,Food,29686.4942,75.23204740381445,,,5.9375,,,1,5.9375,5.9375,False,651.59,8804.08,0.79,10784.3417,5.9375,1.6512710944444042,9.35483870967742,22.311457844927162,3.225806451612904,0.79,6.666666666666666,6.296202956989248,4,True
1232.TW,2025,Food,Food,107095.6334,162.7276196857926,,,4.0625,,,1,4.0625,4.0625,False,270.578,2139.0,0.34,765947.1634,4.0625,0.41113267162713646,9.67741935483871,3.25012670878802,8.064516129032258,0.34,6.0,6.951108870967742,4,True
1233.TW,2025,Food,Food,4999.46,75.19424889869653,,,6.25,,,1,6.25,6.25,False,178230.13,1502.94,,7251.5,6.25,2680.665663185032,3.225806451612904,22.604930220425196,2.5806451612903225,,,4.018817204301075,3,True
1234.TW,2025,Food,Food,23435.9534,77.74529456240998,,,5.625,,,1,5.625,5.625,True,951200.0,2836.0,2.0,6962.1602,5.625,3155.4647223255006,1.9354838709677424,9.408008781029352,5.483870967741935,2.0,8.666666666666668,5.427755376344086,4,True
1235.TW,2025,Food,Food,338.102,72.10679462827818,,,7.1875,,,1,7.1875,7.1875,False,3197.0,,,,7.1875,681.8221200306575,6.774193548387098,,,,,6.980846774193549,2,False
1236.TW,2025,Food,Food,10186.18,189.04271962172638,,,2.5,,,1,2.5,2.5,True,100027.0,438.52,3.95,118.0218,2.5,1856.3756104449778,5.161290322580645,8.13838096406302,5.806451612903225,3.95,9.333333333333334,5.700268817204301,4,True
1240.TWO,2025,Agricultural Technology,_all,2103.41,24.998493979818956,,,10.0,,,1,10.0,10.0,False,9.86,23.17,,,10.0,0.11718359741610761,10.0,0.27536956918166466,10.0,,,10.0,3,False
1256.TW,2025,Food,Food,35361.1057,267.5379209999068,,,0.9375,,,1,0.9375,0.9375,False,420957.0,4025.2728,0.8852,,0.9375,3184.9106067505627,1.6129032258064513,30.454735366758452,1.2903225806451613,0.8852,7.333333333333333,2.793514784946236,4,False
1259.TWO,2025,Tourism,Tourism,29839.2021,158.0228979792659,,,3.0000000000000004,,,1,3.0000000000000004,3.0000000000000004,False,873715.47,,,,3.0000000000000004,4627.035606247539,2.1428571428571432,,,,,2.571428571428572,2,False
1264.TWO,2025,Food,Food,3076.942,15.179894093020692,,,9.375,,,1,9.375,9.375,False,9847.0,80.55,0.0,344.166,9.375,48.57953680439045,8.709677419354838,0.39738820855018286,9.35483870967742,0.0,1.6666666666666665,7.276545698924732,4,True
1268.TWO,2025,Tourism,Tourism,20596.72,107.04465684628899,,,5.0,,,1,5.0,5.0,False,621000.0,2542.7,,11473.5,5.0,3227.442617151928,4.2857142857142865,13.214844352064745,2.8571428571428568,,,4.0476190476190474,3,True
1294.TWO,2025,Food,Food,1686.319,72.70971805925815,,,6.875,,,1,6.875,6.875,False,2617.0,112.22,,2944.3202,6.875,112.8382780251415,7.741935483870968,4.8386364386631175,7.096774193548388,,,7.237903225806452,3,True
1295.TWO,2025,Food,Food,5306.954,165.93411100965523,,,3.75,,,1,3.75,3.75,True,53898.14,2354.9084,0.0,1640.2728,3.75,1685.249193035014,5.483870967741935,73.6316221816073,0.0,0.0,1.6666666666666665,2.7251344086021505,4,True
1301.TW,2025,Plastics,Plastics,8546891.8946,1515.790048646844,,,0.0,,,1,0.0,0.0,True,31151760.0,182815.0,0.064,14285705.179,0.0,5524.760157042411,0.9523809523809523,32.422213965108504,2.3809523809523814,0.064,0.0,0.8333333333333335,4,True
1303.TW,2025,Plastics,Plastics,6835168.3991,841.5418968172896,,,2.083333333333334,,,1,2.083333333333334,2.083333333333334,True,29600412.3909,232285.778,0.41,48440610.3282,2.083333333333334,3644.3852931687734,2.3809523809523814,28.598887811972393,2.8571428571428568,0.41,2.5,2.4553571428571432,4,True
1304.TW,2025,Plastics,Plastics,678241.4276,472.6450484181473,,,4.583333333333334,,,1,4.583333333333334,4.583333333333334,True,927735.0,430.6,1.28,463851.3104,4.583333333333334,646.5092460450728,6.666666666666668,0.3000715520563613,10.0,1.28,5.833333333333334,6.770833333333334,4,True
1305.TW,2025,Plastics,Plastics,271552.7844,872.2756197268224,,,1.6666666666666663,,,1,1.6666666666666663,1.6666666666666663,True,2594867.4286,3666.54,0.2144,1729201.2379,1.6666666666666663,8335.173581048397,0.4761904761904767,11.777575611385199,4.2857142857142865,0.2144,0.8333333333333333,1.8154761904761907,4,True
1307.TW,2025,Plastics,Plastics,65348.0,190.54447846716343,,,7.5,,,1,7.5,7.5,False,144.6,2732.0,62.67,264443.6,7.5,0.4216308316452199,10.0,7.966081826104709,5.7142857142857135,62.67,10.0,8.303571428571429,4,True
1308.TW,2025,Plastics,Plastics,101839.18,571.5886905953655,,,3.333333333333334,,,1,3.333333333333334,3.333333333333334,True,527110.0,409.43,1.1513,322619.9831,3.333333333333334,2958.4892052324376,3.333333333333334,2.2979913780772834,7.619047619047619,1.1513,5.0,4.821428571428571,4,True
1309.TW,2025,Plastics,Plastics,73937.4478,152.9079071474803,,,7.916666666666666,,,1,7.916666666666666,7.916666666666666,True,1027909.0149,4995.1,0.37,45772.0322,7.916666666666666,2125.7890403729507,4.2857142857142865,10.330222501842686,4.761904761904762,0.37,1.6666666666666665,4.657738095238096,4,True
1310.TW,2025,Plastics,Plastics,323349.6562,1105.6127814922927,,,0.8333333333333337,,,1,0.8333333333333337,0.8333333333333337,True,1312048.0,11387.447,1.5035,520964.3494,0.8333333333333337,4486.2179715266375,1.428571428571429,38.936509473134436,1.428571428571429,1.5035,7.5,2.797619047619048,4,True
1312.TW,2025,Plastics,Plastics,526025.4049,808.9486271929662,,,2.5,,,1,2.5,2.5,True,224314000.0,24292.738,,814867.2288,2.5,344961.4803198701,0.0,37.35860829686404,1.9047619047619047,,,1.4682539682539684,3,True
1313.TW,2025,Plastics,Plastics,695087.6492,380.0432758049586,,,5.0,,,1,5.0,5.0,True,5985790.0,13786.09,10.37,209493.1985,5.0,3272.7660209453816,2.8571428571428568,7.537626096754967,6.190476190476191,10.37,9.166666666666666,5.803571428571429,4,True
1314.TW,2025,Plastics,Plastics,681453.792,1018.1935454861581,,,1.25,,,1,1.25,1.25,True,2455000.0,47872.0,0.49,2047184.8208,1.25,3668.1359521564127,1.9047619047619047,71.52790399251805,0.9523809523809523,0.49,3.333333333333333,1.8601190476190474,4,True
1315.TW,2025,Plastics,Plastics,3475.3712,46.77011700322205,,,9.166666666666666,,,1,9.166666666666666,9.166666666666666,True,12628.0,67.168,6.58,639.0943,9.166666666666666,169.94243306058587,8.571428571428573,0.9039193335297302,8.571428571428573,6.58,8.333333333333334,8.660714285714286,4,True
1316.TW,2025,Building Material and Construction,Building Material and Construction,10267.8314,90.70647640343975,,,1.954022988505747,,,1,1.954022988505747,1.954022988505747,False,5889.2218,643.5865,,,1.954022988505747,52.02564567200851,5.135135135135135,5.685471586125029,5.9375,,,4.342219374546961,3,False
1319.TW,2025,Automobile,Automobile,82548.09779999999,105.72404598069366,,,2.1428571428571432,,,1,2.1428571428571432,2.1428571428571432,True,780050.0,17003.93,,217229.9329,2.1428571428571432,999.05442118183,2.3684210526315788,21.777900703757908,1.578947368421053,,,2.030075187969925,3,True
1321.TW,2025,Plastics,Plastics,32544.4781,277.4478615892766,,,6.25,,,1,6.25,6.25,False,145.62,737.25,,11191.9431,6.25,1.2414381782521335,9.523809523809524,6.285196380417426,6.666666666666668,,,7.48015873015873,3,True
1323.TW,2025,Plastics,Plastics,9617.456,151.7437306072982,,,8.333333333333334,,,1,8.333333333333334,8.333333333333334,False,66733.0,87.8,1.4957,,8.333333333333334,1052.90987290369,5.7142857142857135,1.385303925208577,8.095238095238095,1.4957,6.666666666666666,7.2023809523809526,4,False
1324.TW,2025,Plastics,Plastics,5330.3554,231.00256881131537,,,7.083333333333332,,,1,7.083333333333332,7.083333333333332,False,14898.38,237.0,,2972.1724,7.083333333333332,645.6537684386155,7.142857142857143,10.270911543399476,5.238095238095238,,,6.488095238095237,3,True
1325.TW,2025,Plastics,Plastics,5121.2461,528.935673330009,,,4.166666666666666,,,1,4.166666666666666,4.166666666666666,False,15099.526,34.231,,,4.166666666666666,1559.518483553051,5.238095238095238,3.5354670875433105,7.142857142857143,,,5.515873015873016,3,False
1326.TW,2025,Plastics,Plastics,13209547.5005,1416.3584155154351,,,0.4166666666666663,,,1,0.4166666666666663,0.4166666666666663,True,22591238.0,149931.0,0.7732,20883172.1519,0.4166666666666663,2422.2850977295734,3.8095238095238093,16.075950640141667,3.8095238095238093,0.7732,4.166666666666667,3.050595238095238,4,True
1336.TWO,2025,Electronic Parts and Components,Electronic Parts and Components,19451.31,247.32021718529293,,,1.826923076923077,,,1,1.826923076923077,1.826923076923077,True,,523.29,,6992.48,1.826923076923077,,,6.6535465452399825,3.4224598930481287,,,2.624691484985603,2,True
1337.TW,2025,Plastics,Plastics,5.715,0.27569800756631835,,,10.0,,,1,10.0,10.0,False,,,,,10.0,,,,,,,10.0,1,False
1338.TW,2025,Automobile,Automobile,16765.440000000002,105.44261475412978,,,2.3809523809523814,,,1,2.3809523809523814,2.3809523809523814,True,305139.0,1306.169,,18300.57,2.3809523809523814,1919.1058524834662,0.5263157894736847,8.21486788720051,3.1578947368421053,,,2.0217209690893907,3,True
1339.TW,2025,Automobile,Automobile,10258.1363,187.3240873196581,,,0.9523809523809523,,,1,0.9523809523809523,0.9523809523809523,False,86095.0,137.44,,11127.776,0.9523809523809523,1572.182980039558,1.3157894736842102,2.5097953281449197,5.2631578947368425,,,2.5104427736006683,3,True
1340.TW,2025,Plastics,Plastics,994.13,709.8235044737488,,,2.916666666666666,,,1,2.916666666666666,2.916666666666666,False,,,,,2.916666666666666,,,,,,,2.916666666666666,1,False
1341.TW,2025,Plastics,Plastics,28822.29,369.53452662058675,,,5.416666666666668,,,1,5.416666666666668,5.416666666666668,True,124753.0,9819.828,,58503.45,5.416666666666668,1599.4752949712897,4.761904761904762,125.90135938107565,0.0,,,3.3928571428571437,3,True
1342.TW,2025,Other,Other,8304.1822,94.94454486728749,,,3.076923076923077,,,1,3.076923076923077,3.076923076923077,True,,1206.96,,2564.8587,3.076923076923077,,,13.799584969730232,2.253521126760564,,,2.6652221018418203,2,True
1402.TW,2025,Textiles,Textiles,1753231.0,229.335691235878,,,4.901960784313726,,,1,4.901960784313726,4.901960784313726,True,877273000.0,106021.0,7.0,10906357.0,4.901960784313726,114753.85152188868,0.0,13.86833755535866,2.558139534883721,7.0,7.272727272727273,3.6832068979811803,4,True
1409.TW,2025,Textiles,Textiles,553245.7636,438.8969020134214,,,2.7450980392156863,,,1,2.7450980392156863,2.7450980392156863,True,1720146.0,1693.52,0.99,,2.7450980392156863,1364.613703498007,5.348837209302326,1.3434909589929835,6.7441860465116275,0.99,3.1818181818181817,4.504984869211955,4,False
1410.TW,2025,Textiles,Textiles,80.6365,13.038285659425892,,,8.03921568627451,,,1,8.03921568627451,8.03921568627451,False,,,,,8.03921568627451,,,,,,,8.03921568627451,1,False
1413.TW,2025,Textiles,Textiles,32981.7123,461.8208076368706,,,1.96078431372549,,,1,1.96078431372549,1.96078431372549,True,200486.0,150.27,0.07,,1.96078431372549,2807.2710597225614,3.0232558139534884,2.104130074641169,6.046511627906977,0.07,1.3636363636363635,3.0985470298055797,4,False
1414.TW,2025,Textiles,Textiles,6939.184,450.56802027469865,,,2.3529411764705888,,,1,2.3529411764705888,2.3529411764705888,True,23.23,300.51,,1710.4822,2.3529411764705888,1.5083466746207117,10.0,19.512408919081793,1.3953488372093026,,,4.582763337893297,3,True
1416.TW,2025,Other,Other,206.85610000000003,20.135654924864635,,,7.252747252747253,,,1,7.252747252747253,7.252747252747253,False,3.3638,35.9893,,115.7579,7.252747252747253,0.3274368802092839,9.571428571428571,3.5032475512563117,4.788732394366198,,,7.2043027395140085,3,True
1417.TW,2025,Textiles,Textiles,783.7687,85.51146569565054,,,6.862745098039216,,,1,6.862745098039216,6.862745098039216,False,5535.074,52.5667,0.3956,205.9229,6.862745098039216,603.8928200040232,6.7441860465116275,5.735181264298451,4.186046511627906,0.3956,2.2727272727272725,5.016426232226506,4,True
1418.TW,2025,Textiles,Textiles,141.6017,843.1025025583774,,,0.19607843137254943,,,1,0.19607843137254943,0.19607843137254943,False,340.0,0.5,,,0.19607843137254943,2024.374360405619,4.651162790697675,2.9770211182435573,5.348837209302326,,,3.3986928104575167,3,False
1419.TW,2025,Textiles,Textiles,18512.1658,140.5141300846563,,,5.490196078431373,,,1,5.490196078431373,5.490196078431373,False,42954.0,213.2025,,2302.6218,5.490196078431373,326.03661877619567,7.441860465116279,1.6182851938034142,6.511627906976745,,,6.4812281501747995,3,True
1423.TW,2025,Textiles,Textiles,516.9721,208.80247890594924,,,5.294117647058823,,,1,5.294117647058823,5.294117647058823,False,1713.0,,,665.0,5.294117647058823,691.8722429428805,6.511627906976745,,,,,5.902872777017784,2,True
1432.TW,2025,Sports and Leisure,Sports and Leisure,10644.513,250.10181483366046,,,0.0,,,1,0.0,0.0,True,174404.3529,603.6913,0.0,2781.8868,0.0,4097.777434738458,0.7999999999999996,14.184236491541862,2.5,0.0,0.3333333333333333,0.9083333333333333,4,True
1434.TW,2025,Textiles,Textiles,345693.41,382.06352984125226,,,3.7254901960784315,,,1,3.7254901960784315,3.7254901960784315,True,2196000.0,4816.73,0.62,2220685.0,3.7254901960784315,2427.03935701693,3.2558139534883725,5.323494208617557,4.4186046511627906,0.62,2.727272727272727,3.5317953820005803,4,True
1435.TW,2025,Other,Other,57.406000000000006,307.0865931126714,,,0.5494505494505497,,,1,0.5494505494505497,0.5494505494505497,False,259.1537,,,,0.5494505494505497,1386.3120026746908,1.9999999999999996,,,,,1.2747252747252746,2,False
1436.TW,2025,Building Material and Construction,Building Material and Construction,74.4,0.44395377308961004,,,9.195402298850574,,,1,9.195402298850574,9.195402298850574,False,917.0,1988.0,,48.382,9.195402298850574,5.471849595741564,7.432432432432432,11.862635764813772,5.78125,,,7.469694910427669,3,True
1437.TW,2025,Other,Other,31.7962,1.0904625106034322,,,9.78021978021978,,,1,9.78021978021978,9.78021978021978,False,1432.2,4.913,,,9.78021978021978,49.1178319323138,7.142857142857143,0.16849316316398386,8.309859154929578,,,8.410978692668834,3,False
1438.TW,2025,Building Material and Construction,Building Material and Construction,6.1419999999999995,107.48919879682799,,,1.839080459770115,,,1,1.839080459770115,1.839080459770115,False,13.7481,,,,1.839080459770115,240.60114848236262,2.972972972972973,,,,,2.406026716371544,2,False
1439.TW,2025,Building Material and Construction,Building Material and Construction,260.2806,10.93360427841182,,,4.482758620689655,,,1,4.482758620689655,4.482758620689655,True,,,,5384.1749,4.482758620689655,,,,,,,4.482758620689655,1,True
1440.TW,2025,Textiles,Textiles,257279.1109,543.0206670318713,,,0.7843137254901966,,,1,0.7843137254901966,0.7843137254901966,True,475490.0,439.6,1.1083,651267.8613,0.7843137254901966,1003.582825141769,5.5813953488372094,0.9278323622627641,7.674418604651163,1.1083,3.6363636363636367,4.419122828835551,4,True
1441.TW,2025,Textiles,Textiles,44.046,0.9162890434161911,,,9.215686274509805,,,1,9.215686274509805,9.215686274509805,False,,0.1462,,30.7069,9.215686274509805,,,0.003041398949903445,9.767441860465116,,,9.49156406748746,2,True
1442.TW,2025,Building Material and Construction,Building Material and Construction,60.009899999999995,0.5035132742353465,,,9.080459770114942,,,1,9.080459770114942,9.080459770114942,True,1364.896,5.51,,45.6033,9.080459770114942,11.452164625348942,6.756756756756756,0.04623167412438213,8.28125,,,8.039488842290567,3,True
1443.TW,2025,Other,Other,1357.0797,43.312314171373,,,5.604395604395604,,,1,5.604395604395604,5.604395604395604,True,,,,,5.604395604395604,,,,,,,5.604395604395604,1,False
1444.TW,2025,Textiles,Textiles,170924.0,775.060412016114,,,0.39215686274509776,,,1,0.39215686274509776,0.39215686274509776,False,2585000.0,3135.4677,16.9278,,0.39215686274509776,11721.766194692698,0.9302325581395354,14.217879802866873,2.325581395348837,16.9278,7.727272727272727,2.8438108858765494,4,False
1445.TW,2025,Textiles,Textiles,6704.4913,270.9973469145439,,,4.509803921568627,,,1,4.509803921568627,4.509803921568627,True,54440.0,85.67,,7780.3674,4.509803921568627,2200.479485449966,3.4883720930232553,3.462804509891598,5.116279069767442,,,4.371485028119775,3,True
1446.TW,2025,Textiles,Textiles,146.4056,3.198284046430962,,,9.019607843137255,,,1,9.019607843137255,9.019607843137255,False,9963.0,20.922,,,9.019607843137255,217.64539030331952,8.372093023255813,0.45704876602690464,8.372093023255813,,,8.587931296549627,3,False
1447.TW,2025,Textiles,Textiles,213814.0,245.4945764270528,,,4.705882352941177,,,1,4.705882352941177,4.705882352941177,False,4763660.0,10594.313,6.549,,4.705882352941177,5469.486067060596,2.790697674418605,12.164060269536227,2.790697674418605,6.549,6.8181818181818175,4.276364879990051,4,False
1449.TW,2025,Textiles,Textiles,32048.262600000002,409.5115177165461,,,3.333333333333334,,,1,3.333333333333334,3.333333333333334,False,1750502.0,384.74,,,3.333333333333334,22367.85000587986,0.46511627906976716,4.916193532633621,4.651162790697675,,,2.816537467700259,3,False
1451.TW,2025,Textiles,Textiles,685.3697999999999,3.509237114352204,,,8.823529411764707,,,1,8.823529411764707,8.823529411764707,True,1509058.0,12878.69,,,8.823529411764707,7726.693445363522,1.8604651162790697,65.94159376768073,0.23255813953488413,,,3.6388508891928866,3,False
1452.TW,2025,Textiles,Textiles,17129.901,394.7803308724238,,,3.5294117647058822,,,1,3.5294117647058822,3.5294117647058822,True,42283.0,25.17,0.0,,3.5294117647058822,974.4654525603327,5.813953488372093,0.5800746267044338,8.13953488372093,0.0,0.4545454545454546,4.484361397836089,4,False
1453.TW,2025,Building Material and Construction,Building Material and Construction,49.6007,1087.5110654333675,,,0.5747126436781613,,,1,0.5747126436781613,0.5747126436781613,False,211.47,1.16,,12.6211,0.5747126436781613,4636.546762589928,0.6756756756756754,25.43336759164097,5.15625,,,2.135546106451279,3,True
1454.TW,2025,Textiles,Textiles,19019.2216,381.95450373190295,,,3.9215686274509807,,,1,3.9215686274509807,3.9215686274509807,False,6665.4882,31.03,1.5,559.4581,3.9215686274509807,133.8600123131146,8.604651162790697,0.6231615835845221,7.906976744186046,1.5,4.545454545454545,6.244662769970567,4,True
1455.TW,2025,Textiles,Textiles,101619.4914,476.2610085197783,,,1.7647058823529416,,,1,1.7647058823529416,1.7647058823529416,True,448483.0,2287.0,,24710.0229,1.7647058823529416,2101.9094166020964,4.186046511627906,10.718504014129842,3.4883720930232553,,,3.1463748290013673,3,True
1456.TW,2025,Building Material and Construction,Building Material and Construction,21824.6611,769.6880535042897,,,0.6896551724137934,,,1,0.6896551724137934,0.6896551724137934,True,17218031.0,716.91,,,0.6896551724137934,607226.5088032234,0.0,25.283190419747697,5.3125,,,2.000718390804598,3,False
1457.TW,2025,Textiles,Textiles,67.3395,0.6764107349862652,,,9.411764705882353,,,1,9.411764705882353,9.411764705882353,True,1292.0,2.904,,15694.4314,9.411764705882353,12.977860982072258,9.069767441860465,0.029170052857537022,9.534883720930234,,,9.338805289557683,3,True
1459.TW,2025,Textiles,Textiles,1241.7048,33.26665159666652,,,7.0588235294117645,,,1,7.0588235294117645,7.0588235294117645,False,346.0,3.59,,,7.0588235294117645,9.269724537141691,9.30232558139535,0.09618008985068979,8.837209302325581,,,8.399452804377566,3,False
1460.TW,2025,Textiles,Textiles,120527.31719999999,533.8458739855628,,,1.1764705882352944,,,1,1.1764705882352944,1.1764705882352944,True,1699624.0,12374.6555,2.176,105730.9297,1.1764705882352944,7528.063187710597,2.0930232558139537,54.81046898028651,0.6976744186046513,2.176,5.454545454545454,2.355428429299838,4,True
1463.TW,2025,Textiles,Textiles,18703.0,539.5968458843407,,,0.980392156862745,,,1,0.980392156862745,0.980392156862745,True,593000.0,576.0,,,0.980392156862745,17108.534973502326,0.6976744186046513,16.618071070383373,1.8604651162790697,,,1.1795105639154888,3,False
1464.TW,2025,Textiles,Textiles,37890.195999999996,98.53998434151443,,,6.2745098039215685,,,1,6.2745098039215685,6.2745098039215685,True,,,0.13,,6.2745098039215685,,,,,0.13,1.8181818181818183,4.046345811051694,2,False
1465.TW,2025,Textiles,Textiles,5226.26,449.60701131811703,,,2.549019607843137,,,1,2.549019607843137,2.549019607843137,False,6000.0,209.0,,,2.549019607843137,516.1706589241068,7.209302325581395,17.97994461918972,1.6279069767441856,,,3.795409636722906,3,False
1466.TW,2025,Textiles,Textiles,33507.6587,411.4468426849903,,,3.1372549019607843,,,1,3.1372549019607843,3.1372549019607843,False,174275.0,158.86,1.5389,0.6182,3.1372549019607843,2139.9554994550153,3.9534883720930236,1.950671815483711,6.279069767441861,1.5389,5.0,4.592453260373917,4,True
1467.TW,2025,Textiles,Textiles,2508.26,15.318435401277606,,,7.8431372549019605,,,1,7.8431372549019605,7.8431372549019605,True,50461.62,732.25,,,7.8431372549019605,308.1790030594189,7.674418604651163,4.471994259999173,4.883720930232558,,,6.800425596595228,3,False
1468.TW,2025,Textiles,Textiles,2927.8531000000003,108.62551522202766,,,6.07843137254902,,,1,6.07843137254902,6.07843137254902,False,261719.5302,74.54,,11712.5266,6.07843137254902,9709.98811779253,1.6279069767441856,2.765489123976179,5.5813953488372094,,,4.429244566043471,3,True
1470.TW,2025,Textiles,Textiles,12814.939999999999,512.0391572940762,,,1.3725490196078427,,,1,1.3725490196078427,1.3725490196078427,True,635565.0,1037.0,,,1.3725490196078427,25394.903683170545,0.23255813953488413,41.43481016016907,1.1627906976744184,,,0.9226326189390485,3,False
1471.TW,2025,Electronic Parts and Components,Electronic Parts and Components,76.371,12.399996955651451,,,7.788461538461538,,,1,7.788461538461538,7.788461538461538,False,,,,,7.788461538461538,,,,,,,7.788461538461538,1,False
1472.TW,2025,Building Material and Construction,Building Material and Construction,927.5189,8.094774790254014,,,5.1724137931034475,,,1,5.1724137931034475,5.1724137931034475,True,39465.0,6279.9513,,19649.763,5.1724137931034475,344.42455792261984,2.567567567567568,54.80728367612015,3.125,,,3.621660453557005,3,True
1473.TW,2025,Textiles,Textiles,20561.87,85.62059428368728,,,6.666666666666668,,,1,6.666666666666668,6.666666666666668,False,214575.0,516.639,36.16,,6.666666666666668,893.500397503836,6.046511627906977,2.1513091080786872,5.813953488372093,36.16,9.09090909090909,6.904510218463707,4,False
1474.TW,2025,Textiles,Textiles,12616.19,140.11275152878136,,,5.686274509803921,,,1,5.686274509803921,5.686274509803921,False,629508.0,625.0,,20891.66,5.686274509803921,6991.183391291673,2.325581395348837,6.941118491833774,3.9534883720930236,,,3.98844809241526,3,True
1475.TW,2025,Textiles,Textiles,15.829600000000001,0.34655006155564927,,,9.80392156862745,,,1,9.80392156862745,9.80392156862745,False,70.7,,,,9.80392156862745,1.547802177691439,9.767441860465116,,,,,9.785681714546282,2,False
1476.TW,2025,Textiles,Textiles,110522.2455,92.5158979628953,,,6.470588235294117,,,1,6.470588235294117,6.470588235294117,True,2602182.0,14394.695,2.9689,26195.2549,6.470588235294117,2178.233018192548,3.7209302325581395,12.049503046217053,3.0232558139534884,2.9689,5.909090909090909,4.780966297724164,4,True
1477.TW,2025,Textiles,Textiles,37219.3307,32.89272768741371,,,7.254901960784314,,,1,7.254901960784314,7.254901960784314,True,611720.0,11714.08,51.0,682054.0756,7.254901960784314,540.6099196981185,6.976744186046512,10.352363578332138,3.7209302325581395,51.0,9.545454545454547,6.874507731210878,4,True
1503.TW,2025,Electric Machinery,Electric Machinery,43452.150499999996,37.69146169899137,,,5.454545454545454,,,1,5.454545454545454,5.454545454545454,True,186.59,952.0,0.1,,5.454545454545454,0.1618527450882966,9.78494623655914,0.8257881629458084,7.35632183908046,0.1,3.4375,6.508328382546264,4,False
1504.TW,2025,Electric Machinery,Electric Machinery,70411.0,38.9591737823313,,,5.252525252525253,,,1,5.252525252525253,5.252525252525253,True,94780.0,1442.33,11.0843,25502524.0,5.252525252525253,52.44280710527276,7.956989247311828,0.7980569104468037,7.586206896551724,11.0843,8.125,7.230180349097202,4,True
1506.TW,2025,Electric Machinery,Electric Machinery,7934.7995,234.5877740021545,,,0.7070707070707072,,,1,0.7070707070707072,0.7070707070707072,True,50560.0,977.13,0.5,1544.67,0.7070707070707072,1494.7772597844382,1.0752688172043012,28.88828528190602,1.2643678160919536,0.5,4.6875,1.9335518350917404,4,True
1512.TW,2025,Automobile,Automobile,184.6883,5.291049525710047,,,9.047619047619047,,,1,9.047619047619047,9.047619047619047,False,,,,,9.047619047619047,,,,,,,9.047619047619047,1,False
1513.TW,2025,Electric Machinery,Electric Machinery,5344.1425,6.274244781330745,,,8.88888888888889,,,1,8.88888888888889,8.88888888888889,True,88903.0,1078.1575,14.7,11176.5002,8.88888888888889,104.37580655730031,6.989247311827958,1.265801588903665,6.0919540229885065,14.7,8.4375,7.601897555926339,4,True
1514.TW,2025,Electric Machinery,Electric Machinery,3243.8865,10.605026877708038,,,8.282828282828284,,,1,8.282828282828284,8.282828282828284,True,23569.9615,625.4424,20.32,1096.2443,8.282828282828284,77.05574014813517,7.634408602150538,2.0447181066471414,5.287356321839081,20.32,9.0625,7.566773301704476,4,True
1515.TW,2025,Electric Machinery,Electric Machinery,3367.7650000000003,23.020753361948938,,,6.464646464646464,,,1,6.464646464646464,6.464646464646464,True,12020.0,68.71,,44739.3236,6.464646464646464,82.16412232166621,7.419354838709678,0.46967527826303535,8.50574712643678,,,7.463249476597642,3,True
1516.TW,2025,Other,Other,4.9586,1.91525685592893,,,9.67032967032967,,,1,9.67032967032967,9.67032967032967,False,,,,,9.67032967032967,,,,,,,9.67032967032967,1,False
1517.TW,2025,Electric Machinery,Electric Machinery,3755.9913,59.53443618318354,,,4.141414141414142,,,1,4.141414141414142,4.141414141414142,True,49363.8893,273.4707,21.7455,5505.514,4.141414141414142,782.4435901341376,3.0107526881720426,4.334654326041845,3.5632183908045976,21.7455,9.375,5.022596305097696,4,True
1519.TW,2025,Electric Machinery,Electric Machinery,10632.1686,15.714318747530129,,,7.676767676767677,,,1,7.676767676767677,7.676767676767677,True,55853.0,250.282,1.724,67307.5499,7.676767676767677,82.55059508798611,7.311827956989248,0.369916173523559,8.85057471264368,1.724,5.3125,7.287917586600152,4,True
1521.TW,2025,Automobile,Automobile,7448.504199999999,68.06960898379423,,,3.333333333333334,,,1,3.333333333333334,3.333333333333334,True,36332.0,357.84,0.0,6101.6996,3.333333333333334,332.0270710996192,4.736842105263158,3.270190661738625,4.473684210526315,0.0,0.6666666666666666,3.3026315789473686,4,True
1522.TW,2025,Automobile,Automobile,15086.300000000001,23.50771818606875,,,6.904761904761905,,,1,6.904761904761905,6.904761904761905,True,105200.0,804.4,,4124.1,6.904761904761905,163.9243521058465,6.315789473684211,1.253429171425313,6.842105263157895,,,6.6875522138680035,3,True
1524.TW,2025,Automobile,Automobile,7684.953799999999,95.84288780659668,,,2.6190476190476186,,,1,2.6190476190476186,2.6190476190476186,True,69007.0,243.32,,53085.528,2.6190476190476186,860.6206791861023,3.1578947368421053,3.0345649522448794,5.0,,,3.5923141186299077,3,True
1525.TW,2025,Automobile,Automobile,3207.8623,85.81104692449705,,,3.0952380952380953,,,1,3.0952380952380953,3.0952380952380953,True,69730.0,159.21,,608.7466,3.0952380952380953,1865.29337685261,0.7894736842105265,4.258903750590909,4.2105263157894735,,,2.698412698412698,3,True
1526.TW,2025,Electric Machinery,Electric Machinery,671.8695,26.559764592085003,,,6.262626262626263,,,1,6.262626262626263,6.262626262626263,False,8707.0,64.969,,,6.262626262626263,344.1976013247872,4.086021505376344,2.5682983760732854,4.597701149425287,,,4.982116305809298,3,False
1527.TW,2025,Electric Machinery,Electric Machinery,18212.2673,185.90968227635724,,,1.01010101010101,,,1,1.01010101010101,1.01010101010101,True,,,0.2715,27273.5797,1.01010101010101,,,,,0.2715,4.0625,2.536300505050505,2,True
1528.TW,2025,Electric Machinery,Electric Machinery,2585.8493,30.413392787571652,,,5.95959595959596,,,1,5.95959595959596,5.95959595959596,True,10028.81,57.08,,54043.3257,5.95959595959596,117.95356277023818,6.774193548387098,0.6713447919469204,7.931034482758621,,,6.88827466358056,3,True
1529.TW,2025,Electric Machinery,Electric Machinery,3940.3749000000003,133.86628107333388,,,2.02020202020202,,,1,2.02020202020202,2.02020202020202,False,5112.58,18.49,,,2.02020202020202,173.68958250391486,5.698924731182795,0.6281604161690155,8.045977011494253,,,5.255034587626356,3,False
1530.TW,2025,Electric Machinery,Electric Machinery,2845.0439,44.107925544800054,,,5.05050505050505,,,1,5.05050505050505,5.05050505050505,False,27968.0,67.68,,,5.05050505050505,433.5997984554713,3.655913978494624,1.0492718234935032,6.781609195402298,,,5.1626760748006575,3,False
1531.TW,2025,Electric Machinery,Electric Machinery,2021.7965000000002,40.9239351377884,,,5.151515151515151,,,1,5.151515151515151,5.151515151515151,False,53169.0,252.029,27.22,28314.5459,5.151515151515151,1076.213509787494,1.5053763440860213,5.101412752886689,2.7586206896551726,27.22,9.6875,4.775753046314087,4,True
1532.TW,2025,Electric Machinery,Electric Machinery,206011.0331,438.57332255852583,,,0.2020202020202022,,,1,0.2020202020202022,0.2020202020202022,False,442050.0,92614.0,4.03,147415.2118,0.2020202020202022,941.0725936357451,2.3655913978494625,197.16434156086618,0.2298850574712641,4.03,6.25,2.2618741643352323,4,True
1533.TW,2025,Automobile,Automobile,4054.813,35.84224486221812,,,5.476190476190476,,,1,5.476190476190476,5.476190476190476,True,7904.0,127.38,,344.5956,5.476190476190476,69.86687262543845,7.894736842105264,1.1259668819620887,7.105263157894736,,,6.825396825396825,3,True
1535.TW,2025,Electric Machinery,Electric Machinery,963.8418,2.707427441008458,,,9.797979797979798,,,1,9.797979797979798,9.797979797979798,False,9761.45,12.243,,4763.021,9.797979797979798,27.419870765131797,8.494623655913978,0.03439053396549781,9.885057471264368,,,9.392553641719381,3,True
1536.TW,2025,Automobile,Automobile,53047.4904,356.87935963025416,,,0.0,,,1,0.0,0.0,True,101988.0,4480.385,,917.9065,0.0,686.1288225987474,3.421052631578947,30.141990085491322,1.0526315789473684,,,1.4912280701754383,3,True
1537.TW,2025,Electric Machinery,Electric Machinery,70194.6811,330.83959341234083,,,0.505050505050505,,,1,0.505050505050505,0.505050505050505,True,356036.0,4351.47,1.5602,,0.505050505050505,1678.0588448339881,0.8602150537634412,20.509225812922722,1.4942528735632188,1.5602,5.0,1.9648796080942912,4,False
1538.TW,2025,Electric Machinery,Electric Machinery,32.596,8.230046670532863,,,8.585858585858585,,,1,8.585858585858585,8.585858585858585,False,0.083,6.17,,,8.585858585858585,0.020956371139226524,10.0,1.5578410834822607,5.862068965517242,,,8.149309183791942,3,False
1539.TW,2025,Electric Machinery,Electric Machinery,771.0447999999999,17.319959159505714,,,7.171717171717171,,,1,7.171717171717171,7.171717171717171,False,6176.0,219.84,,38.8943,7.171717171717171,138.73132633681897,6.021505376344086,4.9382601654608616,3.1034482758620685,,,5.432223607974442,3,True
1540.TW,2025,Electric Machinery,Electric Machinery,310.46909999999997,17.570500692384826,,,7.070707070707071,,,1,7.070707070707071,7.070707070707071,False,1350.0,,,15.5999,7.070707070707071,76.40108447094902,7.741935483870968,,,,,7.4063212772890195,2,True
1541.TW,2025,Electric Machinery,Electric Machinery,5682.9195,46.289125060373905,,,4.646464646464646,,,1,4.646464646464646,4.646464646464646,True,39741.125,118.8239,0.0,5627600.4538,4.646464646464646,323.7036711790396,4.193548387096774,0.9678571669476161,7.011494252873563,0.0,1.40625,4.314439321608745,4,True
1558.TW,2025,Electric Machinery,Electric Machinery,14583.0,54.358058972231795,,,4.343434343434343,,,1,4.343434343434343,4.343434343434343,True,115400.0,864.8808,0.3076,52269.0,4.343434343434343,430.15291815096685,3.763440860215054,3.2238388212542697,4.137931034482759,0.3076,4.375,4.154951559533039,4,True
1560.TW,2025,Electric Machinery,Electric Machinery,37123.1854,149.98857768525505,,,1.8181818181818177,,,1,1.8181818181818177,1.8181818181818177,True,1637.19,1779.98,6.02,53057.7017,1.8181818181818177,6.614728689217567,9.139784946236558,7.191642248140707,2.4137931034482762,6.02,7.1875,5.139814966966663,4,True
1563.TW,2025,Automobile,Automobile,71924.6832,322.9991482080878,,,0.4761904761904767,,,1,0.4761904761904767,0.4761904761904767,True,637.09,6896.72,0.0084,258983.0812,0.4761904761904767,2.861041831212274,9.210526315789473,30.971769166300387,0.7894736842105265,0.0084,2.0,3.1190476190476186,4,True
1565.TWO,2025,Biotechnology and Medical Care,Biotechnology and Medical Care,25184.7383,188.42345816002788,,,2.129032258064516,,,1,2.129032258064516,2.129032258064516,False,298093.8958,2619.84,0.0094,16693.58,2.129032258064516,2230.2349158431,1.7293233082706772,19.60073226673026,1.0687022900763354,0.0094,5.625,2.6380144641028824,4,True
1568.TW,2025,Automobile,Automobile,3101.5719,93.86436361572943,,,2.8571428571428568,,,1,2.8571428571428568,2.8571428571428568,True,13560.0,435.16,0.0,16705.9794,2.8571428571428568,410.3728082619304,4.473684210526315,13.169456581361478,2.1052631578947367,0.0,0.6666666666666666,2.5256892230576438,4,True
1569.TWO,2025,Computer and Peripheral Equipment,Computer and Peripheral Equipment,40857.943699999996,394.37586691075086,,,0.0,,,1,0.0,0.0,True,543695.9795,2709.0113,7.93,17356.5647,0.0,5247.95312327973,0.10526315789473717,26.148371238480127,0.4123711340206182,7.93,4.423076923076923,1.2351778037480696,4,True
1570.TWO,2025,Electric Machinery,Electric Machinery,311.22860000000003,17.019495497897196,,,7.272727272727273,,,1,7.272727272727273,7.272727272727273,False,3683.0,78.13,,,7.272727272727273,201.4043758149327,5.268817204301075,4.272528884719167,3.67816091954023,,,5.406568465522859,3,False
1580.TWO,2025,Electric Machinery,Electric Machinery,4547.6779,30.49003561466435,,,5.858585858585858,,,1,5.858585858585858,5.858585858585858,False,1171.0,14.21,,,5.858585858585858,7.851002751266082,9.032258064516128,0.09527134850170028,9.425287356321839,,,8.105377093141275,3,False
1582.TW,2025,Electronic Parts and Components,Electronic Parts and Components,65738.9117,240.99085190372784,,,1.923076923076923,,,1,1.923076923076923,1.923076923076923,True,59363.308,2146.1,,198409.8235,1.923076923076923,217.61866445293438,6.455026455026456,7.867341486132183,2.8877005347593587,,,3.7552679709542462,3,True
1583.TW,2025,Electric Machinery,Electric Machinery,2079.423,16.994425221657966,,,7.373737373737374,,,1,7.373737373737374,7.373737373737374,False,21100.5271,286.9203,,203.1781,7.373737373737374,172.4475154591045,5.806451612903225,2.3449031692568902,4.827586206896552,,,6.0025917311790495,3,True
1584.TWO,2025,Other,Other,24778.9699,302.919598695836,,,0.7692307692307687,,,1,0.7692307692307687,0.7692307692307687,True,57412.747,1198.3,0.0,52013.365,0.7692307692307687,701.8631666873918,3.142857142857143,14.64905751054729,2.112676056338029,0.0,1.3333333333333333,1.8395243254398184,4,True
1586.TWO,2025,Electric Machinery,Electric Machinery,2571.8913,37.16481728843959,,,5.555555555555555,,,1,5.555555555555555,5.555555555555555,True,76298.0,64141.88,0.0,10992.6768,5.555555555555555,1102.5354102147958,1.3978494623655913,926.8748063874309,0.0,0.0,1.40625,2.0899137544802864,4,True
1587.TW,2025,Automobile,Automobile,4037.7663,52.08840641757795,,,4.2857142857142865,,,1,4.2857142857142865,4.2857142857142865,False,22740.0,27.942,,,4.2857142857142865,293.352877291517,5.2631578947368425,0.36046025053999864,8.68421052631579,,,6.0776942355889725,3,False
1589.TW,2025,Electric Machinery,Electric Machinery,129671.56,535.230619883566,,,0.0,,,1,0.0,0.0,True,687647.0,30849.36,,385013.44,0.0,2838.3226828695088,0.32258064516129004,127.33341124153426,0.4597701149425293,,,0.2607835867012731,3,True
1590.TW,2025,Electric Machinery,Electric Machinery,121598.0,116.40630603362817,,,2.727272727272727,,,1,2.727272727272727,2.727272727272727,True,941551.0,23057.0,2.78,38759.48,2.727272727272727,901.3509585048162,2.5806451612903225,22.07256861311341,1.3793103448275867,2.78,5.9375,3.156182058347659,4,True
1591.TWO,2025,Electric Machinery,Electric Machinery,22.573,6.022251958197333,,,9.191919191919192,,,1,9.191919191919192,9.191919191919192,False,112.7073,1.8084,,,9.191919191919192,30.069186998987032,8.279569892473118,0.48246313920188083,8.390804597701148,,,8.62076456069782,3,False
1593.TWO,2025,Sports and Leisure,Sports and Leisure,293.1586,7.956715677979938,,,8.076923076923077,,,1,8.076923076923077,8.076923076923077,False,780.0,62.2006,,,8.076923076923077,21.170241053219492,8.8,1.6882073021216466,7.916666666666666,,,8.264529914529914,3,False
1595.TWO,2025,Semiconductor,Semiconductor,588.62,26.26408485563415,,,4.705882352941177,,,1,4.705882352941177,4.705882352941177,False,1.1,,,,4.705882352941177,0.04908173922258429,9.675675675675675,,,,,7.190779014308426,2,False
1597.TW,2025,Electric Machinery,Electric Machinery,4126.6209,124.15499062151832,,,2.3232323232323235,,,1,2.3232323232323235,2.3232323232323235,False,23705.0,164.4078,19.02,1130.6384,2.3232323232323235,713.1970985469229,3.1182795698924726,4.9464318050404055,2.9885057471264362,19.02,8.75,4.295004410062808,4,True
1598.TW,2025,Sports and Leisure,Sports and Leisure,3237.6083,17.210758557082322,,,6.923076923076923,,,1,6.923076923076923,6.923076923076923,True,24.186,352.45,,423.7335,6.923076923076923,0.12857003315119778,10.0,1.8735842298908316,7.083333333333332,,,8.002136752136751,3,True
1599.TWO,2025,Electric Machinery,Electric Machinery,842.4361,14.165334073181375,,,7.878787878787879,,,1,7.878787878787879,7.878787878787879,False,14264.0,95.749,,,7.878787878787879,239.84528348186782,4.731182795698925,1.609993413355676,5.747126436781609,,,6.119032370422804,3,False
1603.TW,2025,Electrical and Cable,Electrical and Cable,6259.1698,36.01683434913846,,,5.0,,,1,5.0,5.0,True,3677.4802,135.42,,39464.5757,5.0,21.161144275976756,10.0,0.7792406762251969,8.0,,,7.666666666666667,3,True
1604.TW,2025,Electrical and Cable,Electrical and Cable,5347.0118999999995,18.11584769991268,,,8.75,,,1,8.75,8.75,True,48080.0,17.0,0.68,1181.9071,8.75,162.89658106274305,5.333333333333333,0.057596544884913316,10.0,0.68,5.0,7.270833333333333,4,True
1605.TW,2025,Electrical and Cable,Electrical and Cable,6643223.49,1201.0740446255277,,,0.0,,,1,0.0,0.0,True,13573000.0,294693.82,10.27,5248059.37,0.0,2453.955979689957,0.0,53.27972163609194,0.0,10.27,10.0,2.5,4,True
1608.TW,2025,Electrical and Cable,Electrical and Cable,32219.047700000003,89.37589427839623,,,1.25,,,1,1.25,1.25,True,77126.1527,617.42,,,1.25,213.94856030504727,4.0,1.712727984985335,6.666666666666668,,,3.9722222222222228,3,False
1609.TW,2025,Electrical and Cable,Electrical and Cable,60710.119399999996,63.91904102412399,,,3.125,,,1,3.125,3.125,True,96687.0,2931.2206,8.7,924024.8788,3.125,101.79753195312406,8.0,3.086154526359857,4.0,8.7,7.5,5.65625,4,True
1611.TW,2025,Electrical and Cable,Electrical and Cable,234.4507,6.808790486743935,,,9.375,,,1,9.375,9.375,False,1350.0,5.08,,,9.375,39.205970198017376,9.333333333333334,0.14753061378216908,9.333333333333334,,,9.347222222222223,3,False
1612.TW,2025,Electrical and Cable,Electrical and Cable,6606.7046,26.622319402532497,,,8.125,,,1,8.125,8.125,True,33804.0,201.0,0.0,1529.0338,8.125,136.2163044315934,6.666666666666668,0.8099478520515404,7.333333333333334,0.0,0.0,5.53125,4,True
1614.TW,2025,Electrical and Cable,Electrical and Cable,5564.6353,31.41628665782408,,,6.25,,,1,6.25,6.25,False,50398.0,1337.42,,10008.6839,6.25,284.5322163306943,3.333333333333334,7.550678137326823,1.333333333333333,,,3.6388888888888893,3,True
1615.TW,2025,Electrical and Cable,Electrical and Cable,6751.5807,38.98024532319507,,,4.375,,,1,4.375,4.375,False,16320.0,334.34,,351.5207,4.375,94.22350586352964,8.666666666666668,1.9303117003929227,5.333333333333333,,,6.125,3,True
1616.TW,2025,Electrical and Cable,Electrical and Cable,5521.0902,33.39091796686742,,,5.625,,,1,5.625,5.625,True,55345.614,713.235,,1041.6808,5.625,334.7239023372429,2.666666666666667,4.3135631756385155,2.666666666666667,,,3.6527777777777786,3,True
1617.TW,2025,Electrical and Cable,Electrical and Cable,7460.3512,73.76286885491565,,,1.875,,,1,1.875,1.875,False,49686.5,78.426,,15046.1496,1.875,491.26625343854676,1.9999999999999996,0.7754228450820941,8.666666666666668,,,4.180555555555556,3,True
1618.TW,2025,Electrical and Cable,Electrical and Cable,8210.597300000001,51.15881983443912,,,3.75,,,1,3.75,3.75,True,24286.49,867.77,,71272.777,3.75,151.32494274453177,6.0,5.406925643245374,1.9999999999999996,,,3.9166666666666665,3,True
1623.TW,2025,Electrical and Cable,Electrical and Cable,6128.0464,30.40589283374617,,,6.875,,,1,6.875,6.875,False,40880.0,756.247,0.4359,48546.3932,6.875,202.83673097572228,4.666666666666667,3.7523157849852504,3.333333333333334,0.4359,2.5,4.34375,4,True
1626.TW,2025,Electrical and Cable,Electrical and Cable,18889.5592,67.14160445721002,,,2.5,,,1,2.5,2.5,False,280061.0,758.35,,,2.5,995.4570504689541,1.333333333333333,2.6955015308205406,4.666666666666667,,,2.8333333333333335,3,False
1702.TW,2025,Food,Food,195133.0,272.4389951898426,,,0.3125,,,1,0.3125,0.3125,True,1953466.0,21089.0,1.02,93472.84,0.3125,2727.3721727105158,2.9032258064516125,29.4438458362173,1.9354838709677424,1.02,8.0,3.287802419354839,4,True
1707.TW,2025,Biotechnology and Medical Care,Biotechnology and Medical Care,24538.0803,81.02818847462162,,,3.8064516129032255,,,1,3.8064516129032255,3.8064516129032255,True,371440.0,3187.33,2.59,19649.3351,3.8064516129032255,1226.5470631381645,2.7819548872180455,10.525011443980631,1.3740458015267176,2.59,7.5,3.8656130754119973,4,True
1708.TW,2025,Chemical,Chemical,66523.3126,355.52489279328194,,,1.4634146341463417,,,1,1.4634146341463417,1.4634146341463417,True,687378.0,7761.9,0.0,260494.5483,1.4634146341463417,3673.5992272047574,0.7499999999999996,41.482430106347024,0.9756097560975607,0.0,1.5217391304347827,1.177690880169671,4,True
1709.TW,2025,Chemical,Chemical,101985.0,356.9516635065126,,,1.2195121951219512,,,1,1.2195121951219512,1.2195121951219512,True,150800.0,784.67,0.01,116309.0,1.2195121951219512,527.8061563639957,5.0,2.746377033913372,7.073170731707316,0.01,3.4782608695652173,4.192735949098622,4,True
1710.TW,2025,Chemical,Chemical,675491.9795,923.881013261094,,,0.0,,,1,0.0,0.0,True,1511813.0,292.31,1.8,817668.3026,0.0,2067.7304375029876,1.9999999999999996,0.39979698824292315,9.512195121951219,1.8,6.521739130434783,4.508483563096501,4,True
1711.TW,2025,Chemical,Chemical,58697.0,245.02019654535695,,,2.195121951219512,,,1,2.195121951219512,2.195121951219512,True,634000.0,8539.2,0.3,98757.0,2.195121951219512,2646.5203436249944,1.5000000000000002,35.64537305722801,1.2195121951219512,0.3,4.3478260869565215,2.3156150583244965,4,True
1712.TW,2025,Chemical,Chemical,70345.1378,118.686017726364,,,5.365853658536586,,,1,5.365853658536586,5.365853658536586,False,560651.0,3033.61,0.0,108727.2834,5.365853658536586,945.9279860036568,3.75,5.118293907654768,6.097560975609756,0.0,1.5217391304347827,4.183788441145281,4,True
1713.TW,2025,Chemical,Chemical,5470.71,404.39108394576635,,,0.7317073170731703,,,1,0.7317073170731703,0.7317073170731703,False,55370.0,218.96,,1339.0251,0.7317073170731703,4092.9119470922574,0.5000000000000004,16.185371138438157,2.9268292682926833,,,1.3861788617886182,3,True
1714.TW,2025,Chemical,Chemical,159989.6302,234.2197715573301,,,2.682926829268293,,,1,2.682926829268293,2.682926829268293,True,12.109,57.91,,1401270.3729,2.682926829268293,0.017727194007775823,10.0,0.08477841316296127,9.75609756097561,,,7.479674796747967,3,True
1717.TW,2025,Chemical,Chemical,239967.0,188.66227057521527,,,3.1707317073170724,,,1,3.1707317073170724,3.1707317073170724,True,1941.323,54520.1297,4.03,1903010.0,3.1707317073170724,1.5262698833584978,8.0,42.863774857614715,0.7317073170731703,4.03,8.695652173913043,5.149522799575822,4,True
1718.TW,2025,Chemical,Chemical,379297.5637,254.4046757136473,,,1.9512195121951215,,,1,1.9512195121951215,1.9512195121951215,True,1923.7104,14214.39,,,1.9512195121951215,1.290282267317845,8.25,9.53395862378251,4.634146341463414,,,4.945121951219512,3,False
1720.TW,2025,Biotechnology and Medical Care,Biotechnology and Medical Care,8762.9032,40.569568566686236,,,5.741935483870968,,,1,5.741935483870968,5.741935483870968,True,158826.0,282.6,7.7384,2229.8402,5.741935483870968,735.3159278505448,3.984962406015038,1.3083517888164655,4.732824427480916,7.7384,8.125,5.64618057934173,4,True
1721.TW,2025,Chemical,Chemical,20989.4264,375.8354000984267,,,0.9756097560975607,,,1,0.9756097560975607,0.9756097560975607,True,166130.0,2429.86,,5577.9869,0.9756097560975607,2974.713735786111,0.9999999999999998,43.50892625075086,0.4878048780487809,,,0.8211382113821138,3,True
1722.TW,2025,Chemical,Chemical,355917.0,918.178009015028,,,0.24390243902439046,,,1,0.24390243902439046,0.24390243902439046,False,,1096.23,0.0,,0.24390243902439046,,,2.8280028175741654,6.829268292682926,0.0,1.5217391304347827,2.8649699540473663,3,False
1723.TW,2025,Chemical,Chemical,65968.7656,350.7642869865982,,,1.7073170731707321,,,1,1.7073170731707321,1.7073170731707321,False,273000.0,333.69,1.28,943635.4734,1.7073170731707321,1451.5755975785805,2.5,1.7742720188864343,7.804878048780488,1.28,6.086956521739131,4.524787910922587,4,True
1725.TW,2025,Chemical,Chemical,353.0927,1.3367389459026682,,,10.0,,,1,10.0,10.0,True,3445.0,17.906,,,10.0,13.042086875867703,7.75,0.06778856534086707,10.0,,,9.25,3,False
1726.TW,2025,Chemical,Chemical,6089.727000000001,19.932279988670988,,,9.26829268292683,,,1,9.26829268292683,9.26829268292683,False,60916.0,2028.49,,1699.6516,9.26829268292683,199.38410503293198,7.0,6.6394488019281015,5.121951219512195,,,7.130081300813008,3,True
1727.TW,2025,Chemical,Chemical,9666.962399999999,158.00288932134043,,,3.6585365853658534,,,1,3.6585365853658534,3.6585365853658534,True,378181.0,730.649,,17515.0066,3.6585365853658534,6181.2271749845495,0.0,11.942184970094441,4.146341463414634,,,2.6016260162601625,3,True
1730.TW,2025,Chemical,Chemical,353.5527,4.68255169305383,,,9.75609756097561,,,1,9.75609756097561,9.75609756097561,False,12699.4464,271.7202,11.8222,,9.75609756097561,168.19505052900558,7.25,3.598738978791351,6.341463414634147,11.8222,9.565217391304348,8.228194591728528,4,False
1731.TW,2025,Biotechnology and Medical Care,Biotechnology and Medical Care,1423.8548,29.220989336021777,,,6.580645161290323,,,1,6.580645161290323,6.580645161290323,False,55666.0,64.15,,352.8485,6.580645161290323,1142.4027171724167,2.93233082706767,1.3165151853305526,4.65648854961832,,,4.723154845992105,3,True
1732.TW,2025,Chemical,Chemical,561.7776,26.567359045182684,,,8.292682926829269,,,1,8.292682926829269,8.292682926829269,True,19.355,569.76,,2232.2912,8.292682926829269,0.9153288317645825,8.5,26.944859477457424,1.4634146341463417,,,6.085365853658537,3,True
1733.TW,2025,Biotechnology and Medical Care,Biotechnology and Medical Care,8909.1448,143.46134915021736,,,2.774193548387097,,,1,2.774193548387097,2.774193548387097,False,48591.0,141.318,,2716.5952,2.774193548387097,782.4466402833875,3.6090225563909772,2.2756023607575018,3.587786259541985,,,3.323667454773353,3,True
1734.TW,2025,Biotechnology and Medical Care,Biotechnology and Medical Care,10663.1286,105.0553248087133,,,3.1612903225806455,,,1,3.1612903225806455,3.1612903225806455,True,193332.0,229.22,,2752.9854,3.1612903225806455,1904.7464227260805,1.9548872180451127,2.2583223419675593,3.664122137404581,,,2.9267665593434464,3,True
1735.TW,2025,Chemical,Chemical,9097.8717,125.63773017214928,,,4.878048780487805,,,1,4.878048780487805,4.878048780487805,False,42269.0127,1156.718,0.8151,83805.1721,4.878048780487805,583.717048048254,4.75,15.973782524243354,3.1707317073170724,0.8151,5.652173913043478,4.612738600212089,4,True
1736.TW,2025,Sports and Leisure,Sports and Leisure,43366.4644,30.599555354752386,,,4.615384615384616,,,1,4.615384615384616,4.615384615384616,True,332700.0,7299.1,1.8836,192724.5647,4.615384615384616,234.7544861537322,6.0,5.150274932024967,5.416666666666668,1.8836,2.0,4.508012820512821,4,True
1737.TW,2025,Food,Food,25142.7197,240.98126175603048,,,1.875,,,1,1.875,1.875,True,11587.68,767.52,0.03,54194.2403,1.875,111.06251752172695,8.387096774193548,7.35632183908046,6.129032258064516,0.03,4.666666666666667,5.264448924731183,4,True
1742.TWO,2025,Chemical,Chemical,83.1311,21.183524249772056,,,8.78048780487805,,,1,8.78048780487805,8.78048780487805,False,2063.0,2.456,,,8.78048780487805,525.6950831551579,5.25,0.6258396142651808,9.02439024390244,,,7.684959349593496,3,False
1752.TW,2025,Biotechnology and Medical Care,Biotechnology and Medical Care,12950.8548,189.80213087376265,,,2.064516129032258,,,1,2.064516129032258,2.064516129032258,False,138988.3333,191.905,,,2.064516129032258,2036.9529451394008,1.8796992481203012,2.8124767428733297,2.9007633587786263,,,2.2816595786437284,3,False
1760.TW,2025,Biotechnology and Medical Care,Biotechnology and Medical Care,5231.0625,80.77915591442604,,,3.870967741935484,,,1,3.870967741935484,3.870967741935484,True,109.9457,452.1942,0.0,1528.6396,3.870967741935484,1.6978043834155512,9.24812030075188,6.982876955761694,2.0610687022900764,0.0,2.5,4.42003918624436,4,True
1762.TW,2025,Biotechnology and Medical Care,Biotechnology and Medical Care,9954.085500000001,324.110294723668,,,1.3548387096774195,,,1,1.3548387096774195,1.3548387096774195,True,135503.0,1311.48,,6578.8835,1.3548387096774195,4412.049430953871,0.7518796992481203,42.70248324913384,0.45801526717557217,,,0.8549112253670371,3,True
1773.TW,2025,Chemical,Chemical,66457.07519999999,187.4990411931583,,,3.414634146341463,,,1,3.414634146341463,3.414634146341463,True,439163.0,930.62,,449510.5476,3.414634146341463,1239.0349888210396,3.0000000000000004,2.6256099473239685,7.317073170731707,,,4.5772357723577235,3,True
1776.TW,2025,Chemical,Chemical,2152.8016,67.92575083280704,,,6.341463414634147,,,1,6.341463414634147,6.341463414634147,False,11299.0,555.987,,363.1126,6.341463414634147,356.5089596086731,6.25,17.542645094782486,2.4390243902439024,,,5.010162601626017,3,True
1777.TWO,2025,Biotechnology and Medical Care,Biotechnology and Medical Care,6912.9846,169.79953024399677,,,2.193548387096774,,,1,2.193548387096774,2.193548387096774,True,90.3975,2900.0,,2215.795,2.193548387096774,2.220380041817495,9.172932330827068,71.23097564944534,0.1526717557251911,,,3.8397174912163443,3,True
1780.TWO,2025,Food,Food,6652.9715,251.4261446708001,,,1.25,,,1,1.25,1.25,False,75750.0,1474.11,,26214.5189,1.25,2862.710363153233,2.5806451612903225,55.70891054030115,0.32258064516129004,,,1.3844086021505373,3,True
1781.TWO,2025,Biotechnology and Medical Care,Biotechnology and Medical Care,114.8945,9.525130054508901,,,8.32258064516129,,,1,8.32258064516129,8.32258064516129,False,1535.0,,,,8.32258064516129,127.25652345126323,6.616541353383458,,,,,7.469560999272375,2,False
1783.TW,2025,Biotechnology and Medical Care,Biotechnology and Medical Care,1984.2301,81.132673363476,,,3.67741935483871,,,1,3.67741935483871,3.67741935483871,True,15546.0,33.146,,146.7876,3.67741935483871,635.6563888979398,4.135338345864662,1.3552982546256989,4.580152671755725,,,4.130970124153032,3,True
1784.TWO,2025,Biotechnology and Medical Care,Biotechnology and Medical Care,3051.46,81.08805304075881,,,3.741935483870967,,,1,3.741935483870967,3.741935483870967,False,10181.0,48.05,,,3.741935483870967,270.54507285298365,5.639097744360902,1.2768579462317908,4.809160305343512,,,4.730064511191794,3,False
1785.TWO,2025,Other Electronic,Other Electronic,41096.6355,35.330404366370175,,,2.5,,,1,2.5,2.5,True,,4003.1,,179434.1981,2.5,,,3.44142872033932,1.9753086419753085,,,2.2376543209876543,2,True
1786.TW,2025,Biotechnology and Medical Care,Biotechnology and Medical Care,2726.6542999999997,101.18130278862516,,,3.290322580645161,,,1,3.290322580645161,3.290322580645161,False,34769.0,26.306,,71.4896,3.290322580645161,1290.2158944966764,2.6315789473684212,0.976168981582144,5.7251908396946565,,,3.882364122569413,3,True
1788.TWO,2025,Biotechnology and Medical Care,Biotechnology and Medical Care,679.9048,5.1338227901207745,,,8.774193548387096,,,1,8.774193548387096,8.774193548387096,False,772.0,,,,8.774193548387096,5.829214904753191,8.796992481203008,,,,,8.785593014795051,2,False
1789.TW,2025,Biotechnology and Medical Care,Biotechnology and Medical Care,28496.57,307.3446656727319,,,1.483870967741936,,,1,1.483870967741936,1.483870967741936,False,150111.0,2842.859,0.39,23594.07,1.483870967741936,1618.9953776471855,2.2556390977443606,30.661147952533124,0.6106870229007633,0.39,5.9375,2.5719242720967648,4,True
1795.TW,2025,Biotechnology and Medical Care,Biotechnology and Medical Care,16313.2941,26.700752517938692,,,6.838709677419354,,,1,6.838709677419354,6.838709677419354,True,133885.0,596.37,,17077.2198,6.838709677419354,219.13601440338294,5.939849624060151,0.9761074422806549,5.801526717557253,,,6.193362006345585,3,True
1796.TWO,2025,Food,Food,22794.341699999997,1093.0719475626804,,,0.0,,,1,0.0,0.0,True,192691.0,451.7234,0.0,,0.0,9240.237310639266,0.6451612903225812,21.66178708278449,3.548387096774194,0.0,1.6666666666666665,1.4650537634408605,4,False
1799.TWO,2025,Biotechnology and Medical Care,Biotechnology and Medical Care,22.2855,1.3258778547185648,,,9.612903225806452,,,1,9.612903225806452,9.612903225806452,False,809.0,1.84,0.0,9.4155,9.612903225806452,48.13152877284867,7.819548872180451,0.1094709677899154,8.549618320610687,0.0,2.5,7.120517604649398,4,True
1802.TW,2025,Glass and Ceramics,Glass and Ceramics,3025396.2144,2390.6009353013646,,,0.0,,,1,0.0,0.0,True,,,,258197.1789,0.0,,,,,,,0.0,1,True
1805.TW,2025,Building Material and Construction,Building Material and Construction,26.4743,5.807976581004974,,,5.9770114942528725,,,1,5.9770114942528725,5.9770114942528725,False,,1.9898,,18.7054,5.9770114942528725,,,0.4365256796547481,6.875,,,6.426005747126436,2,True
1806.TW,2025,Glass and Ceramics,Glass and Ceramics,85600.20000000001,795.7921195498232,,,2.5,,,1,2.5,2.5,True,1565524.0,87562.63,,,2.5,14554.074198028944,0.0,814.0360760962816,0.0,,,0.8333333333333334,3,False
1808.TW,2025,Building Material and Construction,Building Material and Construction,2601.8538,545.8643300388454,,,0.9195402298850575,,,1,0.9195402298850575,0.9195402298850575,True,483.0,15243.56,,600.3754,0.9195402298850575,101.33254658995918,4.1891891891891895,3198.07195423776,0.46875,,,1.8591598063580823,3,True
1809.TW,2025,Glass and Ceramics,Glass and Ceramics,7498.9041,97.23911236892074,,,7.5,,,1,7.5,7.5,False,52319.85,309.13,,1739.5208,7.5,678.4372363523196,6.666666666666668,4.008522632874379,6.666666666666668,,,6.9444444444444455,3,True
1810.TW,2025,Glass and Ceramics,Glass and Ceramics,14492.734,99.322084179547,,,5.0,,,1,5.0,5.0,False,252096.811,3223.23,,4916.0984,5.0,1727.6782064403687,3.333333333333334,22.089546485158788,3.333333333333334,,,3.8888888888888893,3,True
1813.TWO,2025,Biotechnology and Medical Care,Biotechnology and Medical Care,2573.4274,261.1303541842062,,,1.6774193548387095,,,1,1.6774193548387095,1.6774193548387095,False,36233.0,12.0,,,1.6774193548387095,3676.6283452007797,0.9774436090225569,1.2176618039469367,4.961832061068703,,,2.538898341643323,3,False
1815.TWO,2025,Electronic Parts and Components,Electronic Parts and Components,170411.65,951.0962768280924,,,0.09615384615384581,,,1,0.09615384615384581,0.09615384615384581,False,887437.47,6930.91,1.26,,0.09615384615384581,4952.938802216527,0.9523809523809523,38.68258241752013,1.0160427807486627,1.26,3.6046511627906974,1.4173071855185397,4,False
1817.TW,2025,Glass and Ceramics,Glass and Ceramics,431.96310000000005,5.308559169913753,,,10.0,,,1,10.0,10.0,False,1470.78,67.27,,,10.0,18.074975978100323,10.0,0.8267066686022442,10.0,,,10.0,3,False
1903.TW,2025,Paper and Pulp,Paper and Pulp,54.89,11.443127367724998,,,8.333333333333334,,,1,8.333333333333334,8.333333333333334,False,1.18,3.258,,,8.333333333333334,0.2459990944418928,10.0,0.679207669230243,8.333333333333334,,,8.888888888888891,3,False
1904.TW,2025,Paper and Pulp,Paper and Pulp,1848848.098,1406.4621351320638,,,3.333333333333334,,,1,3.333333333333334,3.333333333333334,True,974801.0,338119.0,0.0946,374761.4104,3.333333333333334,741.5539963894162,6.666666666666668,257.21505795048733,1.6666666666666663,0.0946,0.0,2.916666666666667,4,True
1905.TW,2025,Paper and Pulp,Paper and Pulp,899930.9301,1528.7313270485972,,,1.6666666666666663,,,1,1.6666666666666663,1.6666666666666663,True,29582000.0,174153.0,30.0,1001408.57,1.6666666666666663,50251.55665193822,1.6666666666666663,295.8373113922317,0.0,30.0,6.666666666666666,2.4999999999999996,4,True
1906.TW,2025,Paper and Pulp,Paper and Pulp,1.1561,0.012014379505875387,,,10.0,,,1,10.0,10.0,True,1371.31,6.17,,10.6801,10.0,14.250876879337408,8.333333333333334,0.0641196449712405,10.0,,,9.444444444444445,3,True
1907.TW,2025,Paper and Pulp,Paper and Pulp,2434682.0,1074.3112017003914,,,5.0,,,1,5.0,5.0,True,47133629.0,569587.8,43.4,136531.3622,5.0,20797.864202179346,3.333333333333334,251.33243433511325,3.333333333333334,43.4,10.0,5.416666666666667,4,True
1909.TW,2025,Paper and Pulp,Paper and Pulp,2626032.8007,1945.9197427060876,,,0.0,,,1,0.0,0.0,True,83837830.23,264820.06,,937416.3235,0.0,62124.77200844975,0.0,196.23463304847007,5.0,,,1.6666666666666667,3,True
2002.TW,2025,Iron and Steel,Iron and Steel,26460030.0,2596.533371526912,,,0.0,,,1,0.0,0.0,True,40782000.0,474754.45,0.058,9321881.0,0.0,4001.9540400222727,0.4347826086956519,46.58784486283292,1.7021276595744683,0.058,1.0,0.78422756706753,4,True
2006.TW,2025,Iron and Steel,Iron and Steel,939832.0,508.85744931147514,,,1.2765957446808507,,,1,1.2765957446808507,1.2765957446808507,True,2161253.0,327845.615,18.46,2224575.0,1.2765957446808507,1170.1768921432486,1.7391304347826086,177.50691976528984,0.6382978723404253,18.46,10.0,3.413506012950971,4,True
2007.TW,2025,Iron and Steel,Iron and Steel,50990.0,278.2310718873871,,,1.7021276595744683,,,1,1.7021276595744683,1.7021276595744683,True,176360.0,6794.0,,,1.7021276595744683,962.3226483243692,3.0434782608695654,37.07201220637199,2.3404255319148937,,,2.3620104841196423,3,False
2008.TW,2025,Iron and Steel,Iron and Steel,6172.5126,101.5257894870753,,,6.170212765957447,,,1,6.170212765957447,6.170212765957447,True,35943.8,501.43,,2413.8318,6.170212765957447,591.2053824184235,4.347826086956522,8.24754519294204,5.74468085106383,,,5.4209065679926,3,True
2009.TW,2025,Iron and Steel,Iron and Steel,17890.0994,196.0404422939289,,,3.6170212765957444,,,1,3.6170212765957444,3.6170212765957444,True,231117.8276,1073.443,2.437,4536.5118,3.6170212765957444,2532.598625176784,0.8695652173913049,11.76283237964133,4.893617021276596,2.437,7.5,4.220050878815911,4,True
2010.TW,2025,Iron and Steel,Iron and Steel,22347.6481,29.339481783226557,,,8.085106382978724,,,1,8.085106382978724,8.085106382978724,True,85923.0,11662.0,3.0237,1369697.333,8.085106382978724,112.80544073271744,6.956521739130435,15.310650813227552,4.680851063829787,3.0237,8.5,7.055619796484737,4,True
2012.TW,2025,Iron and Steel,Iron and Steel,51964.3165,195.49505092563282,,,3.829787234042553,,,1,3.829787234042553,3.829787234042553,True,225669.0,2647.34,,303212.2845,3.829787234042553,848.9897610283517,3.4782608695652173,9.95956269563297,5.319148936170213,,,4.2090656799259945,3,True
2013.TW,2025,Iron and Steel,Iron and Steel,11359.44,17.309040531564975,,,8.51063829787234,,,1,8.51063829787234,8.51063829787234,True,37826.0,6144.22,,367921.221,8.51063829787234,57.637679951386396,7.826086956521739,9.36230597765842,5.531914893617022,,,7.2895467160036995,3,True
2014.TW,2025,Iron and Steel,Iron and Steel,163558.4537,255.84005887693115,,,2.127659574468085,,,1,2.127659574468085,2.127659574468085,True,829.251,45964.752,3.688,2218251.819,2.127659574468085,1.2971241771024034,9.347826086956522,71.89860622865217,1.063829787234043,3.688,9.0,5.384828862164662,4,True
2015.TW,2025,Iron and Steel,Iron and Steel,553947.9172,583.2961820665925,,,0.8510638297872342,,,1,0.8510638297872342,0.8510638297872342,True,1492582.0,249941.2,1.36,1826185.3944,0.8510638297872342,1571.6592751570663,1.5217391304347827,263.1831317970385,0.4255319148936165,1.36,5.5,2.074583718778908,4,True
2017.TW,2025,Iron and Steel,Iron and Steel,22123.132299999997,246.7119231685364,,,2.3404255319148937,,,1,2.3404255319148937,2.3404255319148937,True,97655.0,2622.342,0.29,,2.3404255319148937,1089.025393435062,1.9565217391304346,29.243735889317364,2.5531914893617023,0.29,2.5,2.3375346901017577,4,False
2020.TW,2025,Iron and Steel,Iron and Steel,8478.723699999999,54.43108206586378,,,7.446808510638299,,,1,7.446808510638299,7.446808510638299,True,13595.0,6734.0,0.135,158765.5825,7.446808510638299,87.27617349830825,7.608695652173914,43.230434155028156,2.127659574468085,0.135,2.0,4.795790934320074,4,True
2022.TW,2025,Iron and Steel,Iron and Steel,65909.4576,243.4363135632615,,,2.5531914893617023,,,1,2.5531914893617023,2.5531914893617023,True,45493.0,4344.94,,213844.6844,2.5531914893617023,168.02821046024593,5.869565217391304,16.04801821724531,4.468085106382978,,,4.296947271045329,3,True
2023.TW,2025,Iron and Steel,Iron and Steel,520845.0,234.54588777185626,,,2.978723404255319,,,1,2.978723404255319,2.978723404255319,True,358020.0,39606.74,0.68,,2.978723404255319,161.22285658896595,6.086956521739131,17.835628632412885,4.25531914893617,0.68,3.5,4.205249768732655,4,False
2024.TW,2025,Iron and Steel,Iron and Steel,4850.1026999999995,154.93780047887944,,,5.1063829787234045,,,1,5.1063829787234045,5.1063829787234045,True,125902.0,756.0,,74713.0955,5.1063829787234045,4021.972350377628,0.21739130434782594,24.15061791620059,3.1914893617021276,,,2.838421214924453,3,True
2025.TW,2025,Iron and Steel,Iron and Steel,4796.771,196.81823538047968,,,3.4042553191489366,,,1,3.4042553191489366,3.4042553191489366,True,20611.0,492.34,,,3.4042553191489366,845.6982101974572,3.695652173913043,20.201400068342927,3.6170212765957444,,,3.572309589885908,3,False
2027.TW,2025,Iron and Steel,Iron and Steel,187680.5529,58.28875008483773,,,7.0212765957446805,,,1,7.0212765957446805,7.0212765957446805,True,566270.0,11614.42,0.03,47875.0,7.0212765957446805,175.868889986316,5.6521739130434785,3.6071399742788213,7.446808510638299,0.03,0.5,5.155064754856614,4,True
2028.TW,2025,Iron and Steel,Iron and Steel,170654.245,638.2170942981802,,,0.6382978723404253,,,1,0.6382978723404253,0.6382978723404253,True,618340.0,100146.42,1.41,,0.6382978723404253,2312.4836893939364,1.0869565217391308,374.53013358539755,0.21276595744680882,1.41,6.5,2.1095050878815913,4,False
2029.TW,2025,Iron and Steel,Iron and Steel,80232.52739999999,184.6549847529367,,,4.042553191489362,,,1,4.042553191489362,4.042553191489362,True,435290.0,4507.0,0.6262,1077203.2853,4.042553191489362,1001.8189743964844,2.8260869565217392,10.372850553895,5.1063829787234045,0.6262,3.0,3.7437557816836264,4,True
2030.TW,2025,Iron and Steel,Iron and Steel,18347.7589,58.34357201273142,,,6.808510638297872,,,1,6.808510638297872,6.808510638297872,True,100211.0,797.925,,516303.7616,6.808510638297872,318.65841091730437,4.782608695652174,2.5373014193171413,8.085106382978724,,,6.558741905642923,3,True
2031.TW,2025,Iron and Steel,Iron and Steel,6320.0,11.097405800315066,,,9.148936170212766,,,1,9.148936170212766,9.148936170212766,True,22270.0,200.21,,1209985.0,9.148936170212766,39.104308096996284,8.478260869565217,0.3515524707723227,9.361702127659575,,,8.996299722479186,3,True
2032.TW,2025,Iron and Steel,Iron and Steel,934.0805,9.647908479295888,,,9.574468085106384,,,1,9.574468085106384,9.574468085106384,True,5455.0,79.189,,65017.6165,9.574468085106384,56.34347441634748,8.043478260869566,0.8179254620634538,8.936170212765957,,,8.851372186247303,3,True
2033.TW,2025,Iron and Steel,Iron and Steel,3584.1796,161.87678232948733,,,4.680851063829787,,,1,4.680851063829787,4.680851063829787,True,22277.4643,460.213,,874.9171,4.680851063829787,1006.1449597403056,2.6086956521739135,20.785174835044636,3.4042553191489366,,,3.564600678384212,3,True
2034.TW,2025,Iron and Steel,Iron and Steel,23020.9277,55.05029207672116,,,7.234042553191489,,,1,7.234042553191489,7.234042553191489,True,105407.4483,1009.3,,124902.592,7.234042553191489,252.06242300899478,5.434782608695652,2.413554332696795,8.297872340425531,,,6.988899167437558,3,True
2035.TWO,2025,Iron and Steel,Iron and Steel,81981.7537,257.09168396223345,,,1.9148936170212771,,,1,1.9148936170212771,1.9148936170212771,True,584869.0,13802.995,1.3979,24345.882,1.9148936170212771,1834.1270992755976,1.3043478260869568,43.28567111723408,1.9148936170212771,1.3979,6.0,2.7835337650323777,4,True
2038.TW,2025,Iron and Steel,Iron and Steel,160291.1172,552.5537989505572,,,1.063829787234043,,,1,1.063829787234043,1.063829787234043,True,90384.0,39146.895,2.63,,1.063829787234043,311.570743511838,5.0,134.9467514308932,0.8510638297872342,2.63,8.0,3.7287234042553195,4,False
2049.TW,2025,Electric Machinery,Electric Machinery,130264.6391,177.35024145512963,,,1.2121212121212122,,,1,1.2121212121212122,1.2121212121212122,False,691031.0,9497.75,2.0638,441164.1498,1.2121212121212122,940.8118392659002,2.4731182795698925,12.930817353183437,1.7241379310344829,2.0638,5.625,2.7585943556813968,4,True
2059.TW,2025,Electronic Parts and Components,Electronic Parts and Components,13947.1616,26.940080299467574,,,6.778846153846154,,,1,6.778846153846154,6.778846153846154,True,90442.0,356.41,,100149.3919,6.778846153846154,174.69610034807704,6.56084656084656,0.6884349873405955,7.7005347593582885,,,7.013409158017001,3,True
2061.TWO,2025,Electrical and Cable,Electrical and Cable,18.337699999999998,0.5059953936640892,,,10.0,,,1,10.0,10.0,False,,,,,10.0,,,,,,,10.0,1,False
2062.TW,2025,Household,Household,49144.8142,257.45557745719583,,,0.0,,,1,0.0,0.0,True,124199.0,1092.07,3.03,31599.8574,0.0,650.642916961242,2.083333333333334,5.721041315355707,3.0000000000000004,3.03,6.666666666666666,2.9375,4,True
2063.TWO,2025,Iron and Steel,Iron and Steel,4111.6395,131.82173890827556,,,5.531914893617022,,,1,5.531914893617022,5.531914893617022,True,21120.0,205.361,,,5.531914893617022,677.1204347420972,4.130434782608695,6.584002348440901,5.957446808510638,,,5.206598828245451,3,False
2064.TWO,2025,Iron and Steel,Iron and Steel,7350.8542,155.70446886752393,,,4.893617021276596,,,1,4.893617021276596,4.893617021276596,True,34420.0,1145.71,,120690.3525,4.893617021276596,729.0782367061742,3.913043478260869,24.268222736101997,2.978723404255319,,,3.9284613012642615,3,True
2065.TWO,2025,Iron and Steel,Iron and Steel,10577.7412,162.37997640727622,,,4.468085106382978,,,1,4.468085106382978,4.468085106382978,True,69369.0,273.783,,166392.3432,4.468085106382978,1064.8905442493094,2.3913043478260865,4.202870559993783,7.0212765957446805,,,4.626888683317915,3,True
2066.TWO,2025,Electric Machinery,Electric Machinery,3771.91,45.86801951367809,,,4.747474747474747,,,1,4.747474747474747,4.747474747474747,False,7634.0,99.892,,,4.747474747474747,92.83266593514124,7.204301075268818,1.2147289318303809,6.32183908045977,,,6.091204967734445,3,False
2067.TWO,2025,Electric Machinery,Electric Machinery,5379.6918,168.2195202889289,,,1.515151515151515,,,1,1.515151515151515,1.515151515151515,False,,3228.33,,1446.1175,1.515151515151515,,,100.94781339227607,0.5747126436781613,,,1.044932079414838,2,True
2069.TW,2025,Iron and Steel,Iron and Steel,27083.35,83.71163644960173,,,6.595744680851063,,,1,6.595744680851063,6.595744680851063,True,14585.87,384.78,,425766.44,6.595744680851063,45.08330936686755,8.26086956521739,1.1893123809675594,8.51063829787234,,,7.789084181313598,3,True
2070.TWO,2025,Electric Machinery,Electric Machinery,122.9856,6.229489544676416,,,8.98989898989899,,,1,8.98989898989899,8.98989898989899,True,2509.0,36.0704,60.1052,295.7942,8.98989898989899,127.08633586040257,6.451612903225806,1.8270446269506038,5.632183908045977,60.1052,10.0,7.768423950292693,4,True
2072.TW,2025,Green Energy and Environmental Services,Green Energy and Environmental Services,11465.0681,35.49903228749788,,,5.0,,,1,5.0,5.0,True,157292.3793,588.85,0.0,14594.9847,5.0,487.02085348695516,3.1707317073170724,1.8232430004051285,5.135135135135135,0.0,1.4705882352941178,3.6941137694365813,4,True
2073.TWO,2025,Iron and Steel,Iron and Steel,18697.3037,1057.99515734731,,,0.21276595744680882,,,1,0.21276595744680882,0.21276595744680882,True,,6954.0,,14826.3198,0.21276595744680882,,,393.49515000888573,0.0,,,0.10638297872340441,2,True
2101.TW,2025,Rubber,Rubber,41468.7107,146.141043244299,,,5.0,,,1,5.0,5.0,True,164070.0,3962.98,7.13,69281.25,5.0,578.2036759848464,6.0,13.966048661269134,1.9999999999999996,7.13,8.75,5.4375,4,True
2102.TW,2025,Rubber,Rubber,2734.9442,329.8497683052077,,,3.0000000000000004,,,1,3.0000000000000004,3.0000000000000004,False,17049.0,52.88,,,3.0000000000000004,2056.20600955423,3.0000000000000004,6.377627648849065,4.0,,,3.3333333333333335,3,False
2103.TW,2025,Rubber,Rubber,470554.5024,400.20637042998214,,,0.9999999999999998,,,1,0.9999999999999998,0.9999999999999998,True,5835762.8487,5976.277,5.7329,1583915.3218,0.9999999999999998,4963.313402499408,0.9999999999999998,5.0828206183458295,6.0,5.7329,7.5,3.875,4,True
2104.TW,2025,Rubber,Rubber,979606.3861,1892.1838161729138,,,0.0,,,1,0.0,0.0,True,4562246.0,13837.1095,0.9768,2283998.5193,0.0,8812.32316274261,0.0,26.727423412121098,0.0,0.9768,1.25,0.3125,4,True
2105.TW,2025,Rubber,Rubber,99961.0315,34.54688398712581,,,10.0,,,1,10.0,10.0,True,684940.8098,2590.6304,1.38,392649.1084,10.0,236.71795237735827,8.0,0.8953309758745471,9.0,1.38,3.75,7.6875,4,True
2106.TW,2025,Rubber,Rubber,40612.9201,37.67372716204294,,,9.0,,,1,9.0,9.0,False,216740.0,2434.7952,2.04,,9.0,201.0543345564848,9.0,2.2585869185075356,7.0,2.04,6.25,7.8125,4,False
2107.TW,2025,Rubber,Rubber,5892.801600000001,139.27932488142548,,,6.0,,,1,6.0,6.0,True,67770.0,73.64,26.7194,1663.126,6.0,1601.777980649171,5.0,1.7405183782647922,8.0,26.7194,10.0,7.25,4,True
2108.TW,2025,Rubber,Rubber,22648.2327,75.378367871707,,,8.0,,,1,8.0,8.0,True,3996.7,1569.3,1.0,97825.8753,8.0,13.30190866825787,10.0,5.2229802770027955,5.0,1.0,2.5,6.375,4,True
2109.TW,2025,Rubber,Rubber,15379.4581,106.96506031939158,,,7.0,,,1,7.0,7.0,False,254324.0,102.51,,,7.0,1768.838786372385,4.0,0.7129632437010789,10.0,,,7.0,3,False
2114.TW,2025,Rubber,Rubber,7462.183999999999,156.57069945086468,,,4.0,,,1,4.0,4.0,True,13122.0,562.65,1.39,30700.4615,4.0,275.3243176788788,7.0,11.805458568969756,3.0000000000000004,1.39,5.0,4.75,4,True
2115.TW,2025,Automobile,Automobile,16582.398699999998,175.41638535377953,,,1.1904761904761907,,,1,1.1904761904761907,1.1904761904761907,True,170515.5,5660.8277,,29998.0993,1.1904761904761907,1803.7928768889385,1.0526315789473684,59.88288855004731,0.2631578947368418,,,0.8354218880534668,3,True
2201.TW,2025,Automobile,Automobile,59861.321500000005,26.647935509112774,,,6.428571428571428,,,1,6.428571428571428,6.428571428571428,True,248782.92,3167.8,6.247,75084.1734,6.428571428571428,110.7484940493464,7.105263157894736,1.4101815327576328,6.578947368421053,6.247,6.0,6.5281954887218046,4,True
2204.TW,2025,Automobile,Automobile,23359.106,23.43937670922256,,,7.142857142857143,,,1,7.142857142857143,7.142857142857143,True,151802.0,576.05,9.1109,1883480.9259,7.142857142857143,152.32364899638725,6.578947368421053,0.578029525331477,7.894736842105264,9.1109,6.666666666666666,7.070802005012531,4,True
2206.TW,2025,Automobile,Automobile,74450.4354,36.995966700749996,,,5.238095238095238,,,1,5.238095238095238,5.238095238095238,True,514014.0,9038.98,,153903.0573,5.238095238095238,255.42422586986385,5.526315789473683,4.49165678201991,3.947368421052632,,,4.903926482873851,3,True
2207.TW,2025,Automobile,Automobile,23640.5654,2.6607630316640885,,,9.285714285714286,,,1,9.285714285714286,9.285714285714286,False,13468.9,77.75,9.5095,61594.7334,9.285714285714286,1.5159346060809713,9.736842105263158,0.008750819712285005,9.736842105263158,9.5095,7.333333333333333,9.023182957393484,4,True
2208.TW,2025,Shipping and Transportation,Shipping and Transportation,27747.1125,36.02738487915723,,,6.969696969696971,,,1,6.969696969696971,6.969696969696971,True,436297.0,2655.8352,2.93,16687477.847,6.969696969696971,566.4964215869909,1.428571428571429,3.4483875367576906,4.444444444444445,2.93,7.272727272727273,5.028860028860029,4,True
2211.TW,2025,Iron and Steel,Iron and Steel,415230.1007,901.430500800933,,,0.4255319148936165,,,1,0.4255319148936165,0.4255319148936165,True,60637.0,9006.66,,313238.5518,0.4255319148936165,131.63795491925947,6.739130434782608,19.552720336644253,3.829787234042553,,,3.6648165279062592,3,True
2221.TWO,2025,Other,Other,2607.5157,62.67944165753973,,,4.395604395604396,,,1,4.395604395604396,4.395604395604396,False,42477.5,244.26,,15051.1017,4.395604395604396,1021.0738071522039,2.2857142857142856,5.87151993726084,3.52112676056338,,,3.4008151472940207,3,True
2227.TW,2025,Automobile,Automobile,919.8625,1.8653550955982128,,,9.523809523809524,,,1,9.523809523809524,9.523809523809524,True,8749.23,7.956,,613.3329,9.523809523809524,17.742239479336043,8.947368421052632,0.01613367774050946,9.473684210526317,,,9.314954051796157,3,True
2228.TW,2025,Automobile,Automobile,5035.7018,32.064618872329184,,,6.190476190476191,,,1,6.190476190476191,6.190476190476191,False,22885.0,776.0,,16141.7922,6.190476190476191,145.7192725139629,6.842105263157895,4.941147278603243,3.68421052631579,,,5.572263993316625,3,True
2230.TWO,2025,Household,Household,844.6059,16.095204201950907,,,4.705882352941177,,,1,4.705882352941177,4.705882352941177,False,9531.0443,20.381,0.0,201.9519,4.705882352941177,181.62802825121187,5.0,0.3883898476673694,6.5,0.0,0.8333333333333333,4.259803921568627,4,True
2231.TW,2025,Automobile,Automobile,3484.5946,32.42518786885871,,,5.9523809523809526,,,1,5.9523809523809526,5.9523809523809526,False,23993.0,33.3322,,,5.9523809523809526,223.2619922379283,5.7894736842105265,0.3101660224929385,8.947368421052632,,,6.896407685881371,3,False
2233.TW,2025,Automobile,Automobile,3539.6751,33.825306536381895,,,5.7142857142857135,,,1,5.7142857142857135,5.7142857142857135,False,34067.0,658.288,0.0,4864.465,5.7142857142857135,325.54590046270687,5.0,6.290631981794534,3.421052631578947,0.0,0.6666666666666666,3.7005012531328316,4,True
2235.TWO,2025,Electric Machinery,Electric Machinery,2562.325,144.2861001642686,,,1.9191919191919193,,,1,1.9191919191919193,1.9191919191919193,False,21902.04,58.608,,,1.9191919191919193,1233.3173727929977,1.2903225806451613,3.3002526059057513,4.022988505747126,,,2.4108343351947354,3,False
2236.TW,2025,Automobile,Automobile,15.6099,0.053213414890402426,,,10.0,,,1,10.0,10.0,False,,,,,10.0,,,,,,,10.0,1,False
2239.TW,2025,Automobile,Automobile,6935.1581,11.801149171324775,,,8.095238095238095,,,1,8.095238095238095,8.095238095238095,False,39650280.0,1099.5153,26.76,,8.095238095238095,67470.54100537309,0.0,1.8709802839900525,5.7894736842105265,26.76,9.333333333333334,5.8045112781954895,4,False
2241.TW,2025,Automobile,Automobile,2513.9958,122.9801982105104,,,1.9047619047619047,,,1,1.9047619047619047,1.9047619047619047,True,27255.8076,36.624,,9886.113,1.9047619047619047,1333.3055771356242,2.1052631578947367,1.7915808686958556,6.052631578947368,,,3.35421888053467,3,True
2243.TW,2025,Automobile,Automobile,3.2753,0.0732422850198655,,,9.761904761904761,,,1,9.761904761904761,9.761904761904761,False,,,,,9.761904761904761,,,,,,,9.761904761904761,1,False
2247.TW,2025,Automobile,Automobile,9625.2337,5.806267493017969,,,8.80952380952381,,,1,8.80952380952381,8.80952380952381,False,80972.2,,0.0619,712.1675,8.80952380952381,48.84517793039659,8.421052631578947,,,0.0619,3.333333333333333,6.8546365914786955,3,True
2248.TW,2025,Automobile,Automobile,2620.096,46.643113425008394,,,4.523809523809524,,,1,4.523809523809524,4.523809523809524,False,52316.0,65517.133,,,4.523809523809524,931.3327152679669,2.6315789473684212,1166.3401134158294,0.0,,,2.3851294903926483,3,False
2250.TW,2025,Automobile,Automobile,13441.7127,126.87118569978647,,,1.6666666666666663,,,1,1.6666666666666663,1.6666666666666663,False,94626.0,1326.36,0.53,8971.1477,1.6666666666666663,893.1386264510768,2.8947368421052633,12.519004803961385,2.6315789473684212,0.53,4.666666666666667,2.9649122807017543,4,True
2254.TW,2025,Automobile,Automobile,486.7592,26.051083308873274,,,6.666666666666668,,,1,6.666666666666668,6.666666666666668,False,3.309,0.0,,186.597,6.666666666666668,0.17709585082123083,10.0,0.0,10.0,,,8.88888888888889,3,True
2258.TW,2025,Automobile,Automobile,2384.7258,15.27403209056429,,,7.857142857142857,,,1,7.857142857142857,7.857142857142857,True,11125.0,507.62,0.25,7822.863,7.857142857142857,71.25498747383357,7.631578947368421,3.251277010468979,4.736842105263158,0.25,4.0,6.056390977443609,4,True
2301.TW,2025,Computer and Peripheral Equipment,Computer and Peripheral Equipment,114150.8778,22.908918524293924,,,2.962962962962963,,,1,2.962962962962963,2.962962962962963,True,2179675.0,4361.0,39.6,7754992.856,2.962962962962963,437.43857206186425,1.473684210526316,0.8752082823181392,4.020618556701031,39.6,7.3076923076923075,3.9412395094706545,4,True
2302.TW,2025,Semiconductor,Semiconductor,467.54970000000003,18.153216272094582,,,5.049019607843137,,,1,5.049019607843137,5.049019607843137,False,43468.0,17.942,,,5.049019607843137,1687.7008046746844,2.0540540540540544,0.6966211428515963,4.652406417112299,,,3.91849335966983,3,False
2303.TW,2025,Semiconductor,Semiconductor,1812380.0,248.13875217053692,,,1.3725490196078427,,,1,1.3725490196078427,1.3725490196078427,True,28909531.0,68590.0,23.7,1693207.0,1.3725490196078427,3958.0965074517785,1.1351351351351346,9.390876643627234,0.9090909090909094,23.7,9.397590361445783,3.2035913563199174,4,True
2305.TW,2025,Computer and Peripheral Equipment,Computer and Peripheral Equipment,1324.0100000000002,60.69468588860644,,,1.4814814814814814,,,1,1.4814814814814814,1.4814814814814814,False,10982.0,46.6009,,,1.4814814814814814,503.43202878277043,1.3684210526315788,2.136258024959298,2.0618556701030935,,,1.637252734738718,3,False
2308.TW,2025,Electronic Parts and Components,Electronic Parts and Components,70688.0,4.485306473905976,,,8.894230769230768,,,1,8.894230769230768,8.894230769230768,True,4933671.0,74651.0,91.0,25564784.0,8.894230769230768,313.0520947886794,5.661375661375661,4.7367673945161135,4.064171122994652,91.0,10.0,7.154944388400271,4,True
2312.TW,2025,Other Electronic,Other Electronic,201180.025,42.54134311651413,,,2.282608695652174,,,1,2.282608695652174,2.282608695652174,True,1876400.0,16699.71,23.1,10754625.8177,2.282608695652174,396.78181879054404,1.842105263157895,3.531305322465698,1.8518518518518523,23.1,8.695652173913043,3.668054496143741,4,True
2313.TW,2025,Electronic Parts and Components,Electronic Parts and Components,616077.331,276.768047152705,,,1.5384615384615385,,,1,1.5384615384615385,1.5384615384615385,True,13432600.0,93631.7,38.8,462801.508,1.5384615384615385,6034.493209073172,0.6349206349206349,42.06332785938511,0.802139037433155,38.8,8.255813953488373,2.8078337910759252,4,True
2314.TW,2025,Communications and Internet,Communications and Internet,2756.2,72.41791973699173,,,1.797752808988764,,,1,1.797752808988764,1.797752808988764,False,31060.0,65.21,6.0,,1.797752808988764,816.0875796498669,1.5189873417721522,1.7133635244355383,2.716049382716049,6.0,4.814814814814815,2.711901087072945,4,False
2316.TW,2025,Electronic Parts and Components,Electronic Parts and Components,47476.1106,454.81797728388227,,,0.4807692307692313,,,1,0.4807692307692313,0.4807692307692313,True,1506575.0,2871.19,0.72,,0.4807692307692313,14432.888150834853,0.21164021164021163,27.505808957267657,1.336898395721925,0.72,2.6744186046511627,1.1759316106956326,4,False
2317.TW,2025,Other Electronic,Other Electronic,2515497.2995,11.516121225477521,,,6.195652173913043,,,1,6.195652173913043,6.195652173913043,True,77832531.9356,897862.7088,67.38,,6.195652173913043,356.32273317660946,2.2368421052631584,4.110477797146378,1.6049382716049387,67.38,10.0,5.009358137695285,4,False
2321.TW,2025,Communications and Internet,Communications and Internet,964.9719,42.16253228333555,,,3.1460674157303368,,,1,3.1460674157303368,3.1460674157303368,True,18545.0,4.91,,1720.8389,3.1460674157303368,810.286974361075,1.6455696202531644,0.21453270661164076,7.654320987654321,,,4.14865267454594,3,True
2323.TW,2025,Optoelectronic,Optoelectronic,80922.6497,373.13655635504045,,,0.6140350877192979,,,1,0.6140350877192979,0.6140350877192979,True,317000.0,43.76,,102.9159,0.6140350877192979,1461.6956909228322,3.2038834951456305,0.2017785597311771,8.846153846153847,,,4.221357476339592,3,True
2324.TW,2025,Computer and Peripheral Equipment,Computer and Peripheral Equipment,135330.92299999998,5.809662606677858,,,6.851851851851851,,,1,6.851851851851851,6.851851851851851,True,1461773.0,29252.2,57.2,72087.423,6.851851851851851,62.75290044058381,5.684210526315789,1.255776645394357,2.8865979381443294,57.2,8.653846153846153,6.019126617539531,4,True
2327.TW,2025,Electronic Parts and Components,Electronic Parts and Components,712458.0,178.22396014377142,,,2.5,,,1,2.5,2.5,True,1255345.0,5395.381,4.51,53558.9066,2.5,314.02911785211586,5.608465608465609,1.3496741819229507,6.4171122994652405,4.51,4.883720930232558,4.852324709540852,4,True
2328.TW,2025,Electronic Parts and Components,Electronic Parts and Components,76001.0404,107.9186484155301,,,3.5576923076923075,,,1,3.5576923076923075,3.5576923076923075,True,1726916.9861,9140.984,29.4356,355699.087,3.5576923076923075,2452.1578400094218,2.0105820105820102,12.9798570292728,2.2994652406417115,29.4356,7.674418604651163,3.885539540891798,4,True
2329.TW,2025,Semiconductor,Semiconductor,80993.27429999999,135.12369250519717,,,2.5,,,1,2.5,2.5,True,1371502.0,2774.99,6.74,103083.6853,2.5,2288.1210337518473,1.7837837837837833,4.629605343230297,1.9786096256684493,6.74,7.228915662650603,3.3728272680257088,4,True
2330.TW,2025,Semiconductor,Semiconductor,13327087.0,116.90509242860034,,,2.7941176470588234,,,1,2.7941176470588234,2.7941176470588234,True,127121673.0,902232.0,20.1,36299005.0,2.7941176470588234,1115.1102211415973,2.6486486486486482,7.914371336514944,1.1764705882352944,20.1,9.036144578313253,3.913845365564005,4,True
2331.TW,2025,Computer and Peripheral Equipment,Computer and Peripheral Equipment,55660.0,93.9368259656171,,,0.7407407407407407,,,1,0.7407407407407407,0.7407407407407407,True,901650.0,9748.04,20.0,22383.0,0.7407407407407407,1521.7056976625704,0.42105263157894757,16.451669726659617,0.6185567010309279,20.0,5.769230769230768,1.8873952106453462,4,True
2332.TW,2025,Communications and Internet,Communications and Internet,6362.1561,15.585352941777638,,,5.7303370786516865,,,1,5.7303370786516865,5.7303370786516865,True,11540.0,16.75,5.56,85597.826,5.7303370786516865,28.269500169622358,8.860759493670887,0.04103242009022309,9.012345679012345,5.56,4.444444444444445,7.01197167394484,4,True
2337.TW,2025,Semiconductor,Semiconductor,291604.4825,340.90921243371537,,,0.8333333333333337,,,1,0.8333333333333337,0.8333333333333337,True,2685410.0,11073.36,4.5,197383.1702,0.8333333333333337,3139.461370116708,1.459459459459459,12.945652975670589,0.53475935828877,4.5,6.265060240963855,2.2731530980113543,4,True
2338.TW,2025,Semiconductor,Semiconductor,17991.299300000002,90.41893992988359,,,2.990196078431373,,,1,2.990196078431373,2.990196078431373,False,315251.8825,761.4,,5785.2057,2.990196078431373,1584.3625605489326,2.27027027027027,3.826570817073415,2.5133689839572195,,,2.5912784442196206,3,True
2340.TW,2025,Semiconductor,Semiconductor,39574.098900000005,291.8590164399142,,,1.1764705882352944,,,1,1.1764705882352944,1.1764705882352944,False,1606747.0,736.13,0.62,9005.3662,1.1764705882352944,11849.760629364142,0.0540540540540535,5.428959439223366,1.7647058823529416,0.62,3.855421686746988,1.7126630528473195,4,True
2342.TW,2025,Semiconductor,Semiconductor,65700.78390000001,989.6186760054227,,,0.0,,,1,0.0,0.0,False,,577.0,1.2843,11108.2087,0.0,,,8.691067931917457,1.06951871657754,1.2843,4.8192771084337345,1.9629319416704247,3,True
2344.TW,2025,Semiconductor,Semiconductor,472110.0,183.5858031241821,,,1.96078431372549,,,1,1.96078431372549,1.96078431372549,True,4432187.0,20018.0,7.6,10119462.0,1.96078431372549,1723.5106436880371,1.9999999999999996,7.7842464826838595,1.2834224598930477,7.6,7.590361445783133,3.2086420548504178,4,True
2345.TW,2025,Communications and Internet,Communications and Internet,44310.0,6.219609020249062,,,8.202247191011235,,,1,8.202247191011235,8.202247191011235,True,253999.0,8953.9,18.44,17673397.0,8.202247191011235,35.6527752546658,8.60759493670886,1.2568214219455671,3.45679012345679,18.44,7.4074074074074066,6.918509914646073,4,True
2347.TW,2025,Electronic Products Distribution,Electronic Products Distribution,6570.468499999999,0.560613958524455,,,7.567567567567568,,,1,7.567567567567568,7.567567567567568,True,12802.0,183.0,,384.8161,7.567567567567568,1.0923086986917407,8.387096774193548,0.015614161213918804,6.8965517241379315,,,7.61707202196635,3,True
2348.TW,2025,Other,Other,842.6125000000001,4.90472087296741,,,8.571428571428573,,,1,8.571428571428573,8.571428571428573,False,4435.5,20.9163,,212.9405,8.571428571428573,25.818379660931853,8.0,0.12175064243083056,8.732394366197182,,,8.434607645875252,3,True
2349.TW,2025,Optoelectronic,Optoelectronic,47280.153,188.85812281655035,,,2.192982456140351,,,1,2.192982456140351,2.192982456140351,False,,222.668,0.03,3328.11,2.192982456140351,,,0.8894357954238353,7.403846153846154,0.03,2.558139534883721,4.051656048290076,3,True
2351.TW,2025,Semiconductor,Semiconductor,46138.5172,144.626887743837,,,2.2549019607843137,,,1,2.2549019607843137,2.2549019607843137,True,967340.0,1379.24,,125587.1034,2.2549019607843137,3032.246853180693,1.5135135135135136,4.323398339550663,2.13903743315508,,,1.969150969150969,3,True
2352.TW,2025,Computer and Peripheral Equipment,Computer and Peripheral Equipment,194732.81,30.21137956839249,,,2.407407407407407,,,1,2.407407407407407,2.407407407407407,True,2623070.0,40107.8,50.5,2730.48,2.407407407407407,406.9502381466343,1.8947368421052635,6.222433546011956,1.2371134020618557,50.5,7.6923076923076925,3.3078913359705546,4,True
2353.TW,2025,Computer and Peripheral Equipment,Computer and Peripheral Equipment,9495.56,1.1795359408092034,,,8.88888888888889,,,1,8.88888888888889,8.88888888888889,True,227766.0,572.5805,60.0,4693120.0,8.88888888888889,28.293032016473912,7.052631578947368,0.07112579761030462,8.041237113402062,60.0,8.846153846153847,8.207227856848041,4,True
2354.TW,2025,Other Electronic,Other Electronic,89393.8411,18.955023118912422,,,4.347826086956522,,,1,4.347826086956522,4.347826086956522,True,1139580.0,4370.983,49.4519,116816.6645,4.347826086956522,241.63594471443088,3.2894736842105265,0.9268209397635245,4.6913580246913575,49.4519,9.565217391304348,5.473468796790689,4,True
2355.TW,2025,Electronic Parts and Components,Electronic Parts and Components,171638.608,348.8434049752101,,,1.1057692307692313,,,1,1.1057692307692313,1.1057692307692313,True,3953.4781,46764.5329,53.0,140667.671,1.1057692307692313,8.035166318168486,8.835978835978835,95.04562568411902,0.267379679144385,53.0,9.069767441860465,4.819723796938229,4,True
2356.TW,2025,Computer and Peripheral Equipment,Computer and Peripheral Equipment,154635.0,7.181836811454991,,,6.388888888888888,,,1,6.388888888888888,6.388888888888888,True,1251166.0,44398.9912,43.0,12849262.0,6.388888888888888,58.108901840080804,5.894736842105264,2.062057809626709,2.268041237113402,43.0,7.5,5.5129167420268885,4,True
2357.TW,2025,Computer and Peripheral Equipment,Computer and Peripheral Equipment,35330.25,1.6624070654364747,,,8.61111111111111,,,1,8.61111111111111,8.61111111111111,True,290693.0,524.0,55.0,5067053.24,8.61111111111111,13.678083146112048,7.789473684210526,0.024655962023725074,8.556701030927837,55.0,8.076923076923077,8.258552225793137,4,True
2359.TW,2025,Other Electronic,Other Electronic,4042.6093,29.811475079654123,,,3.1521739130434776,,,1,3.1521739130434776,3.1521739130434776,True,15015.0,55.0,,1467.8803,3.1521739130434776,110.72534224888037,5.0,0.405587334244983,6.296296296296297,,,4.816156736446591,3,True
2360.TW,2025,Other Electronic,Other Electronic,9714.4119,11.84755038934296,,,6.086956521739131,,,1,6.086956521739131,6.086956521739131,True,54299.16,789.89,4.8572,5708.7213,6.086956521739131,66.22243742814692,5.921052631578947,0.9633379429832609,4.197530864197531,4.8572,5.217391304347826,5.355732830465859,4,True
2362.TW,2025,Computer and Peripheral Equipment,Computer and Peripheral Equipment,40370.3314,63.67620576052884,,,1.3888888888888884,,,1,1.3888888888888884,1.3888888888888884,True,125800.0,1038.69,15.64,,1.3888888888888884,198.42459565924017,3.1578947368421053,1.638327847895836,2.5773195876288657,15.64,5.0,3.031025803339965,4,False
2363.TW,2025,Semiconductor,Semiconductor,2036.2498,26.746888293145272,,,4.6078431372549025,,,1,4.6078431372549025,4.6078431372549025,False,18455.0,0.86,,,4.6078431372549025,242.41319677477486,3.783783783783784,0.011296415563603704,9.251336898395722,,,5.880987939811469,3,False
2364.TW,2025,Computer and Peripheral Equipment,Computer and Peripheral Equipment,735.5427,15.27594956425573,,,4.074074074074074,,,1,4.074074074074074,4.074074074074074,True,8315.0,39.822,0.6049,812.8544,4.074074074074074,172.68816701842925,3.4736842105263155,0.8270340573671545,4.226804123711341,0.6049,2.692307692307692,3.6167175251548556,4,True
2365.TW,2025,Computer and Peripheral Equipment,Computer and Peripheral Equipment,380.76619999999997,12.690778954034338,,,4.351851851851852,,,1,4.351851851851852,4.351851851851852,False,5965.0,23.732,0.0,,4.351851851851852,198.81096709953465,3.052631578947368,0.790977681677478,4.43298969072165,0.0,0.8653846153846154,3.175714434226371,4,False
2367.TW,2025,Electronic Parts and Components,Electronic Parts and Components,164811.2885,316.51074359026524,,,1.25,,,1,1.25,1.25,True,2134730.0,10014.0,4.0,95849.8567,1.25,4099.628040129344,1.164021164021164,19.231319742475748,1.5508021390374327,4.0,4.651162790697675,2.153996523439068,4,True
2368.TW,2025,Electronic Parts and Components,Electronic Parts and Components,209660.6113,119.56996629601461,,,3.3173076923076925,,,1,3.3173076923076925,3.3173076923076925,True,9333490.69,72536.0209,45.9976,283835.4148,3.3173076923076925,5322.91287480123,0.7936507936507942,41.36747250941556,0.8556149732620322,45.9976,8.720930232558139,3.4218759229446647,4,True
2369.TW,2025,Semiconductor,Semiconductor,55486.620800000004,334.60212519812904,,,0.8823529411764708,,,1,0.8823529411764708,0.8823529411764708,True,1014754.0,991.8883,0.4031,13295.9617,0.8823529411764708,6119.292183554675,0.5945945945945941,5.981404676551493,1.5508021390374327,0.4031,3.6144578313253013,1.6605518765334497,4,True
2371.TW,2025,Electric Machinery,Electric Machinery,98594.248,64.14994851713061,,,4.040404040404041,,,1,4.040404040404041,4.040404040404041,True,485854.0,3387.472,0.0075,6008950.5523,4.040404040404041,316.1189391782974,4.301075268817204,2.2040449499977064,5.057471264367816,0.0075,3.125,4.130987643397265,4,True
2373.TW,2025,Other Electronic,Other Electronic,1982.51,5.927401747668399,,,7.391304347826086,,,1,7.391304347826086,7.391304347826086,False,37791.0,320.157,,3321.488,7.391304347826086,112.98931124994903,4.868421052631579,0.9572204737067008,4.320987654320988,,,5.526904351592884,3,True
2374.TW,2025,Optoelectronic,Optoelectronic,11152.2196,43.19777188405329,,,6.315789473684211,,,1,6.315789473684211,6.315789473684211,True,7086.0,37.23,0.0577,37936.8079,6.315789473684211,27.44739814578271,8.640776699029127,0.14420923411903616,9.134615384615385,0.0577,2.7906976744186047,6.720469807936833,4,True
2375.TW,2025,Electronic Parts and Components,Electronic Parts and Components,44893.18,259.1103039137678,,,1.5865384615384615,,,1,1.5865384615384615,1.5865384615384615,True,533469.36,1244.48,,39115.41,1.5865384615384615,3079.029108614787,1.5873015873015872,7.182774555391393,3.20855614973262,,,2.127465399524223,3,True
2376.TW,2025,Computer and Peripheral Equipment,Computer and Peripheral Equipment,25219.8942,2.4500969971252196,,,8.24074074074074,,,1,8.24074074074074,8.24074074074074,True,263242.0,2994.3693,0.0,6458874.5551,8.24074074074074,25.57379617069278,7.157894736842105,0.2909011105293989,6.185567010309279,0.0,0.8653846153846154,5.612396775819185,4,True
2377.TW,2025,Computer and Peripheral Equipment,Computer and Peripheral Equipment,12239.56,1.7061881807728323,,,8.518518518518519,,,1,8.518518518518519,8.518518518518519,True,563990.0,8911.064,81.52,1342141.86,8.518518518518519,78.61990725761953,5.052631578947368,1.2421976014587353,2.989690721649485,81.52,9.807692307692307,6.59213328170192,4,True
2379.TW,2025,Semiconductor,Semiconductor,32641.752099999998,8.060280724829495,,,6.813725490196079,,,1,6.813725490196079,6.813725490196079,True,195208.2114,27.26,4.4832,21906898.3598,6.813725490196079,48.20307987314999,6.4324324324324325,0.006731355960480199,9.358288770053475,4.4832,6.144578313253012,7.187256251483751,4,True
2380.TW,2025,Computer and Peripheral Equipment,Computer and Peripheral Equipment,756.3271,9.023552501282557,,,5.648148148148149,,,1,5.648148148148149,5.648148148148149,False,10337.0,59.9965,,,5.648148148148149,123.32820310915447,4.0,0.7158034766216878,4.639175257731959,,,4.762441135293369,3,False
2382.TW,2025,Computer and Peripheral Equipment,Computer and Peripheral Equipment,259157.4939,4.249756550305555,,,7.5,,,1,7.5,7.5,True,5226415.25,124867.99,56.11,,7.5,85.70461192943472,4.947368421052632,2.04762961101465,2.371134020618557,56.11,8.461538461538462,5.820010225802413,4,False
2383.TW,2025,Electronic Parts and Components,Electronic Parts and Components,168433.4556,58.593463075855624,,,5.048076923076923,,,1,5.048076923076923,5.048076923076923,True,1119780.0,30614.67,0.41,1309415.0172,5.048076923076923,389.5413048990584,5.185185185185186,10.650019200962738,2.5133689839572195,0.41,2.441860465116279,3.7971228893339024,4,True
2385.TW,2025,Electronic Parts and Components,Electronic Parts and Components,59091.057,19.605217873638217,,,7.451923076923077,,,1,7.451923076923077,7.451923076923077,True,225189.0,5234.85,60.7978,12360564.316,7.451923076923077,74.71315681062731,7.301587301587302,1.7368173797570592,6.149732620320856,60.7978,9.534883720930234,7.609531679940368,4,True
2387.TW,2025,Computer and Peripheral Equipment,Computer and Peripheral Equipment,635.3111,1.0569645735420596,,,8.981481481481481,,,1,8.981481481481481,8.981481481481481,True,4666.22,69.69,,316.6397,8.981481481481481,7.763171826139082,8.31578947368421,0.11594297837728025,7.422680412371134,,,8.239983789178943,3,True
2388.TW,2025,Semiconductor,Semiconductor,12856.1911,49.95463083613677,,,3.5294117647058822,,,1,3.5294117647058822,3.5294117647058822,True,21900.0,4.794,,26126.2178,3.5294117647058822,85.09568711306689,5.513513513513512,0.018627795617353546,9.037433155080215,,,6.026786144433203,3,True
2390.TW,2025,Other Electronic,Other Electronic,458.3795,21.347514417216978,,,4.021739130434783,,,1,4.021739130434783,4.021739130434783,False,,,,,4.021739130434783,,,,,,,4.021739130434783,1,False
2392.TW,2025,Electronic Parts and Components,Electronic Parts and Components,167569.0135,63.40874319366947,,,4.855769230769232,,,1,4.855769230769232,4.855769230769232,True,2505.0,3166.0,57.38,536479.42,4.855769230769232,0.9479013952668643,9.576719576719576,1.1980262744171228,6.737967914438503,57.38,9.418604651162791,7.647265343272525,4,True
2393.TW,2025,Optoelectronic,Optoelectronic,81489.973,129.81572739803332,,,3.508771929824561,,,1,3.508771929824561,3.508771929824561,False,652625.0,1779.9296,1.7309,,3.508771929824561,1039.6492473146543,3.689320388349514,2.8354759148256248,4.903846153846154,1.7309,4.4186046511627906,4.130135780795755,4,False
2395.TW,2025,Computer and Peripheral Equipment,Computer and Peripheral Equipment,24930.627900000003,11.375847035329025,,,4.9074074074074066,,,1,4.9074074074074066,4.9074074074074066,True,259229.0,976.29,16.2211,1126258.0427,4.9074074074074066,118.28620855238498,4.2105263157894735,0.44548118670213566,5.56701030927835,16.2211,5.1923076923076925,4.969312931195731,4,True
2397.TW,2025,Computer and Peripheral Equipment,Computer and Peripheral Equipment,3107.1872,9.403230122871848,,,5.462962962962963,,,1,5.462962962962963,5.462962962962963,True,21246.0,160.19,1.4,2928.9966,5.462962962962963,64.29642449303837,5.368421052631579,0.48478039346417284,5.360824742268041,1.4,2.884615384615384,4.769206035619491,4,True
2399.TW,2025,Computer and Peripheral Equipment,Computer and Peripheral Equipment,239.7756,4.038267446129069,,,7.5925925925925934,,,1,7.5925925925925934,7.5925925925925934,False,4288.6,1.85,0.0,100.2571,7.5925925925925934,72.2280072262112,5.2631578947368425,0.031157443773840117,8.45360824742268,0.0,0.8653846153846154,5.543685837534183,4,True
2401.TW,2025,Semiconductor,Semiconductor,3846.8312,19.182989870533603,,,4.901960784313726,,,1,4.901960784313726,4.901960784313726,True,28490.0,93.44,0.1934,957.2978,4.901960784313726,142.07105874869225,4.378378378378378,0.4659571684618394,5.240641711229946,0.1934,3.1325301204819276,4.413377748600995,4,True
2402.TW,2025,Electronic Parts and Components,Electronic Parts and Components,2225.7008,6.653656474036232,,,8.653846153846153,,,1,8.653846153846153,8.653846153846153,False,24597.4581,35.735,,615.0212,8.653846153846153,73.53326032497267,7.354497354497354,0.10682856118831639,9.304812834224599,,,8.437718780856036,3,True
2404.TW,2025,Other Electronic,Other Electronic,1168.7889,0.6513508492988437,,,9.67391304347826,,,1,9.67391304347826,9.67391304347826,True,15653.0,3795.7,,970514.8037,9.67391304347826,8.72321327151105,8.68421052631579,2.1152942320752883,2.8395061728395063,,,7.065876580877852,3,True
2405.TW,2025,Computer and Peripheral Equipment,Computer and Peripheral Equipment,727.6034999999999,13.788252516531113,,,4.166666666666666,,,1,4.166666666666666,4.166666666666666,True,5.27,5.67,,,4.166666666666666,0.09986770371791637,9.68421052631579,0.10744779508170509,7.525773195876289,,,7.1255501296195805,3,False
2406.TW,2025,Optoelectronic,Optoelectronic,3337.0353,20.362999967677816,,,7.543859649122807,,,1,7.543859649122807,7.543859649122807,False,59796.0,47.592,,,7.543859649122807,364.88254891018465,5.922330097087379,0.2904122394095509,8.269230769230768,,,7.245140171813652,3,False
2408.TW,2025,Semiconductor,Semiconductor,417396.0,298.518859079703,,,1.1274509803921573,,,1,1.1274509803921573,1.1274509803921573,True,9593369.0,25652.0,8.45,1290161.0,1.1274509803921573,6861.114070596248,0.43243243243243246,18.34614077066513,0.21390374331550777,8.45,7.951807228915663,2.43139859626394,4,True
2409.TW,2025,Optoelectronic,Optoelectronic,1902795.67,217.30627041558094,,,1.9298245614035092,,,1,1.9298245614035092,1.9298245614035092,True,17425690.0,65179.99,14.2,3931395.18,1.9298245614035092,1990.0779484736188,2.6213592233009706,7.443794809888789,2.0192307692307687,14.2,8.604651162790697,3.7937664291814865,4,True
2412.TW,2025,Communications and Internet,Communications and Internet,674097.2696,95.69641323499816,,,1.460674157303371,,,1,1.460674157303371,1.460674157303371,True,1985920.388,1519.2135,6.7161,1706690.1409,1.460674157303371,281.9258683759782,3.79746835443038,0.21567107514684983,7.530864197530864,6.7161,5.185185185185185,4.493547973612451,4,True
2413.TW,2025,Electronic Parts and Components,Electronic Parts and Components,3444.66,33.6483969339817,,,6.442307692307692,,,1,6.442307692307692,6.442307692307692,True,5000.0,103.74,,828.27,6.442307692307692,48.8413906364949,7.777777777777778,1.0133611729259961,7.0588235294117645,,,7.092969666499077,3,True
2414.TW,2025,Electronic Products Distribution,Electronic Products Distribution,1265.2948999999999,1.4192601930606288,,,5.675675675675675,,,1,5.675675675675675,5.675675675675675,False,8144.0,1.99,0.0,,5.675675675675675,9.134989015039706,4.838709677419355,0.0022321498207181992,8.620689655172413,0.0,1.6666666666666665,5.2004354187335275,4,False
2415.TW,2025,Electronic Parts and Components,Electronic Parts and Components,18202.0877,249.02183624844434,,,1.7788461538461542,,,1,1.7788461538461542,1.7788461538461542,True,258697.0,7831.813,41.15,30054.0438,1.7788461538461542,3539.2205022703965,1.3756613756613756,107.14663540569786,0.21390374331550777,41.15,8.372093023255815,2.9351260740197134,4,True
2417.TW,2025,Computer and Peripheral Equipment,Computer and Peripheral Equipment,400.83459999999997,3.8437523214897085,,,7.777777777777778,,,1,7.777777777777778,7.777777777777778,True,,,,6253.8162,7.777777777777778,,,,,,,7.777777777777778,1,True
2419.TW,2025,Communications and Internet,Communications and Internet,750.9854,2.8805736518879166,,,9.55056179775281,,,1,9.55056179775281,9.55056179775281,True,4669.0,25.056,,312.127,9.55056179775281,17.909001134595538,9.240506329113924,0.09610793155459965,8.271604938271604,,,9.02089102171278,3,True
2420.TW,2025,Electronic Parts and Components,Electronic Parts and Components,4548.4782,65.57259950344573,,,4.711538461538462,,,1,4.711538461538462,4.711538461538462,False,33516.0,30.89,0.0,,4.711538461538462,483.17946098048515,4.867724867724867,0.44532204170208817,8.449197860962567,0.0,1.0465116279069768,4.7687432045332185,4,False
2421.TW,2025,Electronic Parts and Components,Electronic Parts and Components,14978.554,26.624753073319766,,,6.826923076923077,,,1,6.826923076923077,6.826923076923077,True,289516.0,2495.388,43.94,10708416.726,6.826923076923077,514.621906144962,4.603174603174604,4.435614367189601,4.438502673796791,43.94,8.604651162790697,6.118312879171292,4,True
2423.TW,2025,Other Electronic,Other Electronic,1423.0214999999998,16.39983058758449,,,4.891304347826086,,,1,4.891304347826086,4.891304347826086,False,13734.0,63.09,,,4.891304347826086,158.279599633516,4.342105263157895,0.7270904281985238,5.432098765432098,,,4.888502792138692,3,False
2424.TW,2025,Communications and Internet,Communications and Internet,71.0187,12.720312998505532,,,6.741573033707865,,,1,6.741573033707865,6.741573033707865,False,739.6,3.0487,,,6.741573033707865,132.47135604699457,5.189873417721519,0.5460592525425532,5.432098765432098,,,5.787848405620494,3,False
2425.TW,2025,Computer and Peripheral Equipment,Computer and Peripheral Equipment,105.8571,0.3867223353302335,,,9.537037037037038,,,1,9.537037037037038,9.537037037037038,True,,,,,9.537037037037038,,,,,,,9.537037037037038,1,False
2426.TW,2025,Optoelectronic,Optoelectronic,18444.493,239.67378390352036,,,1.6666666666666663,,,1,1.6666666666666663,1.6666666666666663,True,630117.0,475.138,0.0,4292.273,1.6666666666666663,8187.946705389763,0.6796116504854366,6.17409881292757,2.6923076923076925,0.0,1.0465116279069768,1.521274409341693,4,True
2427.TW,2025,Information Service,Information Service,1161.2604,6.740025051774029,,,5.227272727272727,,,1,5.227272727272727,5.227272727272727,False,7198.72,44.033,,1263.9643,5.227272727272727,41.781802893396474,6.176470588235294,0.25557017453171216,3.333333333333334,,,4.912358882947118,3,True
2428.TW,2025,Electronic Parts and Components,Electronic Parts and Components,55361.770000000004,225.6457120731155,,,2.0192307692307687,,,1,2.0192307692307687,2.0192307692307687,True,504686.0,1275.11,3.5071,5236.43,2.0192307692307687,2057.019344636784,2.3809523809523814,5.197144237287757,3.9037433155080214,3.5071,4.186046511627907,3.1224932443297697,4,True
2429.TW,2025,Optoelectronic,Optoelectronic,48.906499999999994,3.681193782695419,,,9.385964912280702,,,1,9.385964912280702,9.385964912280702,False,335.0,6.008,,,9.385964912280702,25.21546046441609,8.737864077669904,0.45222234767227426,7.884615384615384,,,8.669481458188663,3,False
2430.TW,2025,Electronic Products Distribution,Electronic Products Distribution,22067.4193,39.59850779428843,,,0.27027027027026973,,,1,0.27027027027026973,0.27027027027026973,True,265.513,1510.547,0.24,,0.27027027027026973,0.4764453177352235,9.67741935483871,2.710575547596497,0.6896551724137934,0.24,5.0,3.9093361993806934,4,False
2431.TW,2025,Electronic Parts and Components,Electronic Parts and Components,78.4532,5.901863886998397,,,8.75,,,1,8.75,8.75,False,,,,,8.75,,,,,,,8.75,1,False
2432.TW,2025,Computer and Peripheral Equipment,Computer and Peripheral Equipment,43.602900000000005,0.46995125657793696,,,9.444444444444445,,,1,9.444444444444445,9.444444444444445,True,673.764,2.1122,0.0,31.9682,9.444444444444445,7.261816036020015,8.421052631578947,0.02276525286492225,8.762886597938145,0.0,0.8653846153846154,6.873442072336538,4,True
2433.TW,2025,Other Electronic,Other Electronic,435.89369999999997,5.163304869374694,,,7.608695652173914,,,1,7.608695652173914,7.608695652173914,False,3228.0,595.073,,1579.228,7.608695652173914,38.23672633566742,6.973684210526317,7.048836261073301,0.864197530864198,,,5.148859131188143,3,True
2434.TW,2025,Semiconductor,Semiconductor,800.669,574.0913073191499,,,0.19607843137254943,,,1,0.19607843137254943,0.19607843137254943,False,5754.0,4.588,31.8654,,0.19607843137254943,4125.701609921689,1.0810810810810811,3.2896626670699876,2.8877005347593587,31.8654,9.879518072289157,3.5110945298755363,4,False
2436.TW,2025,Semiconductor,Semiconductor,1476.7015,13.51489580281149,,,5.53921568627451,,,1,5.53921568627451,5.53921568627451,False,9435.4497,18.9831,0.0,347.5271,5.53921568627451,86.35402588009082,5.405405405405405,0.17373492104826252,6.79144385026738,0.0,1.2650602409638554,4.750281295727787,4,True
2438.TW,2025,Optoelectronic,Optoelectronic,127.27,9.149707432856712,,,8.859649122807017,,,1,8.859649122807017,8.859649122807017,False,1057.0,,,,8.859649122807017,75.98994858591611,8.155339805825243,,,,,8.50749446431613,2,False
2439.TW,2025,Communications and Internet,Communications and Internet,17834.4985,13.984412694877152,,,5.955056179775281,,,1,5.955056179775281,5.955056179775281,True,368590.0,2328.16,61.83,504110.2356,5.955056179775281,289.0193225901345,3.6708860759493667,1.8255601781964987,2.4691358024691357,61.83,10.0,5.523769514548446,4,True
2440.TW,2025,Electronic Parts and Components,Electronic Parts and Components,8148.6544,74.67417105643169,,,4.326923076923077,,,1,4.326923076923077,4.326923076923077,False,84.256,133.926,,52153.6346,4.326923076923077,0.7721209720872085,9.62962962962963,1.227296255551551,6.577540106951871,,,6.844697604501526,3,True
2441.TW,2025,Semiconductor,Semiconductor,111293.7868,214.53550630127813,,,1.7156862745098034,,,1,1.7156862745098034,1.7156862745098034,True,1301572.0,2222.234,4.24,33342.766,1.7156862745098034,2508.9757122683077,1.6756756756756752,4.283690132375965,2.2459893048128343,4.24,6.024096385542169,2.9153619101351205,4,True
2442.TW,2025,Building Material and Construction,Building Material and Construction,38.18,1.0913009710645714,,,8.160919540229886,,,1,8.160919540229886,8.160919540229886,False,19885.0,9404.0,,,8.160919540229886,568.3740128239655,2.027027027027027,268.79503226535434,1.71875,,,3.968898855752304,3,False
2444.TW,2025,Communications and Internet,Communications and Internet,2455.5114,67.92324853771976,,,2.1348314606741567,,,1,2.1348314606741567,2.1348314606741567,False,,,,823.9646,2.1348314606741567,,,,,,,2.1348314606741567,1,True
2449.TW,2025,Semiconductor,Semiconductor,368377.4499,362.20986483129377,,,0.6862745098039214,,,1,0.6862745098039214,0.6862745098039214,True,1686909.0,2808.8763,10.8284,1137764.6512,0.6862745098039214,1658.6658087745586,2.108108108108108,2.7618484932424865,2.9411764705882346,10.8284,8.313253012048193,3.512203025137114,4,True
2450.TW,2025,Communications and Internet,Communications and Internet,4759.2534,5.145329240141303,,,8.651685393258427,,,1,8.651685393258427,8.651685393258427,True,32170.8809,143.7547,,2171.2169,8.651685393258427,34.78061793807267,8.734177215189874,0.15541623846247418,7.777777777777778,,,8.387880128742026,3,True
2451.TW,2025,Semiconductor,Semiconductor,4789.931299999999,11.643744736101846,,,5.931372549019608,,,1,5.931372549019608,5.931372549019608,False,30610.0,188.62,,,5.931372549019608,74.40921467330388,5.621621621621622,0.45851244925444556,5.294117647058823,,,5.615703939233351,3,False
2453.TW,2025,Information Service,Information Service,1452.869,7.1992525084911945,,,4.772727272727273,,,1,4.772727272727273,4.772727272727273,True,13947.1672,39.798,,504.2599,4.772727272727273,69.11096489149821,4.411764705882353,0.1972069411164617,4.074074074074074,,,4.419522017561234,3,True
2454.TW,2025,Semiconductor,Semiconductor,126799.0,6.910363557415807,,,7.1568627450980395,,,1,7.1568627450980395,7.1568627450980395,True,526935.0,224.69,2.25,18319.348,7.1568627450980395,28.717201406374645,7.405405405405405,0.01224528259462423,9.197860962566844,2.25,5.662650602409639,7.355694928869982,4,True
2455.TW,2025,Communications and Internet,Communications and Internet,15828.9587,162.83751147879696,,,1.01123595505618,,,1,1.01123595505618,1.01123595505618,True,72286.0,315.83,0.0,3561.2894,1.01123595505618,743.6289763492981,1.89873417721519,3.2490432393603026,1.1111111111111116,0.0,1.2962962962962963,1.3293443849196946,4,True
2457.TW,2025,Electronic Parts and Components,Electronic Parts and Components,20002.3291,64.61879538847148,,,4.8076923076923075,,,1,4.8076923076923075,4.8076923076923075,True,267054.0,2052.71,6.24,3540.393,4.8076923076923075,862.7349193886057,3.7037037037037033,6.631410113228728,3.475935828877005,6.24,5.116279069767442,4.275902727510115,4,True
2458.TW,2025,Semiconductor,Semiconductor,2396.9637000000002,6.136371644915955,,,7.5,,,1,7.5,7.5,True,17585.0,53.326,10.77,61076.1573,7.5,45.01866063964467,6.54054054054054,0.13651777635881102,6.951871657754011,10.77,8.192771084337348,7.296295820657975,4,True
2459.TW,2025,Other Electronic,Other Electronic,17123.1196,115.11664975442588,,,0.9782608695652173,,,1,0.9782608695652173,0.9782608695652173,False,93983.0,157.858,,121.4337,0.9782608695652173,631.8362743825141,1.0526315789473684,1.061260127911164,4.074074074074074,,,2.03498884086222,3,True
2460.TW,2025,Electronic Parts and Components,Electronic Parts and Components,2038.9426,22.01583924421675,,,7.259615384615384,,,1,7.259615384615384,7.259615384615384,False,,,,4411.8421,7.259615384615384,,,,,,,7.259615384615384,1,True
2461.TW,2025,Other Electronic,Other Electronic,1725.77,10.49993516521083,,,6.304347826086957,,,1,6.304347826086957,6.304347826086957,False,17297.0,66.49,,1224.24,6.304347826086957,105.238460833513,5.2631578947368425,0.4045386633994496,6.419753086419753,,,5.995752935747851,3,True
2462.TW,2025,Electronic Parts and Components,Electronic Parts and Components,5616.2388,43.109400420252726,,,5.913461538461538,,,1,5.913461538461538,5.913461538461538,True,,,,71776.0745,5.913461538461538,,,,,,,5.913461538461538,1,True
2464.TW,2025,Other Electronic,Other Electronic,3608.0855,17.369042103990797,,,4.565217391304348,,,1,4.565217391304348,4.565217391304348,False,51369.9873,91.1254,,1803.6669,4.565217391304348,247.29111111562418,3.1578947368421053,0.4386705662443428,6.17283950617284,,,4.631983878106431,3,True
2465.TW,2025,Computer and Peripheral Equipment,Computer and Peripheral Equipment,593.2587,6.016046484875968,,,6.7592592592592595,,,1,6.7592592592592595,6.7592592592592595,False,,0.024,,,6.7592592592592595,,,0.00024337631397065604,9.896907216494846,,,8.328083237877053,2,False
2466.TW,2025,Optoelectronic,Optoelectronic,652.8268,17.338968665210857,,,7.894736842105264,,,1,7.894736842105264,7.894736842105264,False,5958.3807,8.14,0.0,,7.894736842105264,158.25357698657152,7.087378640776699,0.21619701417713913,8.653846153846153,0.0,1.0465116279069768,6.170618316158773,4,False
2467.TW,2025,Electronic Parts and Components,Electronic Parts and Components,4269.273,23.59830517213727,,,7.067307692307692,,,1,7.067307692307692,7.067307692307692,True,16339.5,218.2,,1783545.936,7.067307692307692,90.31619841601531,7.142857142857143,1.206095320809972,6.684491978609626,,,6.964885604591487,3,True
2468.TW,2025,Information Service,Information Service,357.2221,4.071107198288235,,,7.272727272727273,,,1,7.272727272727273,7.272727272727273,True,1513.0,4.757,,279.2896,7.272727272727273,17.243012655180348,8.529411764705882,0.05421349054903695,5.555555555555555,,,7.119231530996237,3,True
2471.TW,2025,Information Service,Information Service,228.32,8.156843831603437,,,4.545454545454546,,,1,4.545454545454546,4.545454545454546,False,10320.0,90.783,,,4.545454545454546,368.68705475712807,0.0,3.2432671406992593,0.7407407407407407,,,1.7620650953984287,3,False
2472.TW,2025,Electronic Parts and Components,Electronic Parts and Components,31409.4801,89.97002007736357,,,3.8942307692307687,,,1,3.8942307692307687,3.8942307692307687,False,227292.0,653.23,1.8661,2818.9641,3.8942307692307687,651.0603084902422,4.17989417989418,1.871126679843905,6.096256684491978,1.8661,3.8372093023255816,4.501897733985627,4,True
2474.TW,2025,Other Electronic,Other Electronic,214832.56,360.05066320727684,,,0.10869565217391353,,,1,0.10869565217391353,0.10869565217391353,True,6347430.0,74973.15,38.65,194709.06,0.10869565217391353,10638.035413075957,0.0,125.65196067224933,0.12345679012345734,38.65,9.130434782608695,2.3406468062265167,4,True
2476.TW,2025,Electronic Parts and Components,Electronic Parts and Components,5344.4719000000005,23.94960015521726,,,6.971153846153846,,,1,6.971153846153846,6.971153846153846,False,11774.0,215.957,,9396.989,6.971153846153846,52.76154454615582,7.6719576719576725,0.9677445961911135,7.165775401069519,,,7.269628973060345,3,True
2477.TW,2025,Other Electronic,Other Electronic,214.4359,2.7292484587208032,,,8.804347826086957,,,1,8.804347826086957,8.804347826086957,False,2425.0,10.7942,,,8.804347826086957,30.864363254464145,7.36842105263158,0.13738396282116985,8.148148148148149,,,8.106972342288895,3,False
2478.TW,2025,Electronic Parts and Components,Electronic Parts and Components,31611.0574,187.18979994796345,,,2.3557692307692313,,,1,2.3557692307692313,2.3557692307692313,True,386886.0,2496.1228,0.0556,1239837.479,2.3557692307692313,2291.0057081060436,2.1693121693121697,14.781179941723506,1.9251336898395721,0.0556,2.2093023255813953,2.164879353875592,4,True
2480.TW,2025,Information Service,Information Service,1017.7693999999999,3.9076440509838957,,,7.5,,,1,7.5,7.5,True,1507.0,4.14,,783.2294,7.5,5.786005734533512,9.411764705882353,0.015895198235546606,8.518518518518519,,,8.476761074800292,3,True
2481.TW,2025,Semiconductor,Semiconductor,57110.411,141.05188855597905,,,2.3529411764705888,,,1,2.3529411764705888,2.3529411764705888,True,1050880.0,1433.01,2.14,51973.9943,2.3529411764705888,2595.4743811195344,1.6216216216216217,3.539263039441329,2.727272727272727,2.14,5.542168674698795,3.0610010500159333,4,True
2482.TW,2025,Other Electronic,Other Electronic,535.6066999999999,32.89348671357123,,,2.8260869565217392,,,1,2.8260869565217392,2.8260869565217392,False,5111.0,53.096,0.0,41.2795,2.8260869565217392,313.8844428067509,2.5,3.2608116562839453,2.098765432098766,0.0,0.8695652173913043,2.073604401502952,4,True
2483.TW,2025,Electronic Parts and Components,Electronic Parts and Components,3934.108,71.30670676879114,,,4.471153846153846,,,1,4.471153846153846,4.471153846153846,False,39441.0,107.333,,,4.471153846153846,714.8781430677275,3.9153439153439153,1.9454378877282117,6.042780748663102,,,4.809759503386954,3,False
2484.TW,2025,Electronic Parts and Components,Electronic Parts and Components,12551.0283,162.3533590870312,,,2.884615384615384,,,1,2.884615384615384,2.884615384615384,False,83704.0,156.5468,0.0,7590.6044,2.884615384615384,1082.749974280662,3.4391534391534395,2.0250053005079796,5.989304812834224,0.0,1.0465116279069768,3.339896316127506,4,True
2485.TW,2025,Communications and Internet,Communications and Internet,4517.72,69.4537318753372,,,2.02247191011236,,,1,2.02247191011236,2.02247191011236,False,40686.0,58.529,,,2.02247191011236,625.4912954056402,2.2784810126582276,0.8998028813055282,4.320987654320988,,,2.873980192363858,3,False
2486.TW,2025,Optoelectronic,Optoelectronic,13227.9483,70.54736446325288,,,5.43859649122807,,,1,5.43859649122807,5.43859649122807,True,155265.0,591.5345,,35109.6264,5.43859649122807,828.0601265569626,4.368932038834952,3.1547749520678168,4.423076923076923,,,4.743535151046649,3,True
2488.TW,2025,Other Electronic,Other Electronic,4800.6004,56.91652631050492,,,1.9565217391304346,,,1,1.9565217391304346,1.9565217391304346,False,6220.0,253.41,0.0,103704.3641,1.9565217391304346,73.74510772680446,5.657894736842105,3.004461052901852,2.2222222222222223,0.0,0.8695652173913043,2.6765509788965165,4,True
2489.TW,2025,Optoelectronic,Optoelectronic,27407.52,36.67120958832851,,,6.754385964912281,,,1,6.754385964912281,6.754385964912281,True,200987000.0,5560.165,20.78,428876.1,6.754385964912281,268920.22341055964,0.09708737864077666,7.439490185930306,2.115384615384616,20.78,8.837209302325581,4.451016815315814,4,True
2491.TW,2025,Optoelectronic,Optoelectronic,199.23000000000002,36.38125401241173,,,6.842105263157895,,,1,6.842105263157895,6.842105263157895,False,1439.8,6.1,,,6.842105263157895,262.9208930736857,6.504854368932039,1.1139168271631357,7.019230769230768,,,6.788730133773567,3,False
2492.TW,2025,Electronic Parts and Components,Electronic Parts and Components,220399.3515,191.74633946534374,,,2.2115384615384617,,,1,2.2115384615384617,2.2115384615384617,True,2072.8951,9595.8383,,87041.4165,2.2115384615384617,1.8034084257305436,9.312169312169312,8.348331588109717,2.7807486631016043,,,4.768152145603126,3,True
2493.TW,2025,Electronic Parts and Components,Electronic Parts and Components,1437.6037,12.424799840109761,,,7.740384615384616,,,1,7.740384615384616,7.740384615384616,False,15650.0,260.44,0.0,,7.740384615384616,135.25849822014078,6.825396825396826,2.2509088355561317,5.935828877005347,0.0,1.0465116279069768,5.387030486423442,4,False
2495.TW,2025,Computer and Peripheral Equipment,Computer and Peripheral Equipment,2258.3435000000004,67.60561841321785,,,1.2037037037037035,,,1,1.2037037037037035,1.2037037037037035,False,8504.1,0.451,0.0,579.5797,1.2037037037037035,254.5781629534417,2.947368421052632,0.013501105524629556,8.969072164948454,0.0,0.8653846153846154,3.496382226272351,4,True
2496.TW,2025,Other,Other,1063.4611,40.51121229761212,,,5.934065934065934,,,1,5.934065934065934,5.934065934065934,False,14161.0,265.6458,0.0,517.6318,5.934065934065934,539.4454741658958,3.428571428571429,10.11944245047516,2.535211267605634,0.0,1.3333333333333333,3.3077954908940828,4,True
2497.TW,2025,Automobile,Automobile,2252.7687,16.037672109658967,,,7.619047619047619,,,1,7.619047619047619,7.619047619047619,False,25801.0,74.326,,845.7401,7.619047619047619,183.67974399738017,6.052631578947368,0.529133779789515,8.157894736842104,,,7.276524644945698,3,True
2498.TW,2025,Communications and Internet,Communications and Internet,6018.5578000000005,70.6468796264913,,,1.910112359550562,,,1,1.910112359550562,1.910112359550562,True,73987.0,390.831,3.17,3114.5725,1.910112359550562,868.472291306268,1.2658227848101267,4.587642343702543,0.7407407407407407,3.17,3.333333333333333,1.8125023046086906,4,True
2501.TW,2025,Building Material and Construction,Building Material and Construction,18331.6833,28.9243167531294,,,2.9885057471264362,,,1,2.9885057471264362,2.9885057471264362,True,1532.6017,33929.3,,4047.7019,2.9885057471264362,2.4181880246198992,8.513513513513512,53.534735700564575,3.28125,,,4.927756420213316,3,True
2504.TW,2025,Building Material and Construction,Building Material and Construction,79723.0,114.39452069143519,,,1.6091954022988508,,,1,1.6091954022988508,1.6091954022988508,True,171520.0,,,1543396.0,1.6091954022988508,246.11402216418054,2.8378378378378377,,,,,2.2235166200683443,2,True
2505.TW,2025,Building Material and Construction,Building Material and Construction,110.95909999999999,0.9405986393909074,,,8.390804597701148,,,1,8.390804597701148,8.390804597701148,False,1410.0,0.0,,29.2051,8.390804597701148,11.95254901617965,6.621621621621622,0.0,9.765625,,,8.259350406440923,3,True
2506.TW,2025,Building Material and Construction,Building Material and Construction,356.53270000000003,9.374133035899522,,,4.827586206896552,,,1,4.827586206896552,4.827586206896552,False,,27346.228,,,4.827586206896552,,,719.0004712107486,0.9375,,,2.882543103448276,2,False
2509.TW,2025,Building Material and Construction,Building Material and Construction,110.5052,13.593607922055705,,,3.67816091954023,,,1,3.67816091954023,3.67816091954023,False,1158.0,5.6,,30.4486,3.67816091954023,142.4493867595417,3.783783783783784,0.6888744091998562,6.40625,,,4.622731567774672,3,True
2511.TW,2025,Building Material and Construction,Building Material and Construction,20521.4541,84.22621509100004,,,2.068965517241379,,,1,2.068965517241379,2.068965517241379,True,279491.0,146.6,,4195.6953,2.068965517241379,1147.1150615003785,1.6216216216216217,0.6016904587838444,6.5625,,,3.417695712954334,3,True
2514.TW,2025,Other,Other,22030.456899999997,33.287704908840695,,,6.373626373626373,,,1,6.373626373626373,6.373626373626373,False,263.0,,,,6.373626373626373,0.39738923394843906,9.428571428571429,,,,,7.9010989010989015,2,False
2515.TW,2025,Building Material and Construction,Building Material and Construction,9071.9789,14.962799329872189,,,3.4482758620689657,,,1,3.4482758620689657,3.4482758620689657,True,247.508,13899.92,0.0,204705.0567,3.4482758620689657,0.4082254354160817,8.91891891891892,22.92572722598341,5.625,0.0,3.1818181818181817,5.293503240701517,4,True
2516.TW,2025,Building Material and Construction,Building Material and Construction,2940.39,9.781524508497586,,,4.597701149425287,,,1,4.597701149425287,4.597701149425287,False,123276.6,,,,4.597701149425287,410.0929074797063,2.2972972972972974,,,,,3.447499223361292,2,False
2520.TW,2025,Building Material and Construction,Building Material and Construction,417.64910000000003,0.620746228234437,,,8.620689655172413,,,1,8.620689655172413,8.620689655172413,False,1933.7746,133378.7,0.74,80319.4209,8.620689655172413,2.8741431244687394,7.972972972972973,198.2389641251771,2.34375,0.74,8.181818181818182,6.779807702490892,4,True
2524.TW,2025,Building Material and Construction,Building Material and Construction,705.9227,4.98769750559113,,,6.32183908045977,,,1,6.32183908045977,6.32183908045977,False,24.5491,1.73,,240.7673,6.32183908045977,0.17345168930607727,9.324324324324325,0.012223316638879376,9.21875,,,8.288304468261364,3,True
2527.TW,2025,Building Material and Construction,Building Material and Construction,4440.8099999999995,222.32378914069412,,,1.2643678160919536,,,1,1.2643678160919536,1.2643678160919536,False,95722.0,1031.94,,,1.2643678160919536,4792.206319145725,0.5405405405405406,51.662829746340854,3.59375,,,1.7995527855441649,3,False
2528.TW,2025,Building Material and Construction,Building Material and Construction,26.2554,0.06100278627375448,,,9.885057471264368,,,1,9.885057471264368,9.885057471264368,False,1111.0,,,19.1556,9.885057471264368,2.5813392883041666,8.243243243243244,,,,,9.064150357253805,2,True
2530.TW,2025,Building Material and Construction,Building Material and Construction,978.174,3.4090143437712013,,,6.8965517241379315,,,1,6.8965517241379315,6.8965517241379315,True,5561.1086,12548.0,,3589.0611,6.8965517241379315,19.380906653283958,5.810810810810811,43.730779989696146,4.0625,,,5.589954178316248,3,True
2534.TW,2025,Building Material and Construction,Building Material and Construction,3189.3019,15.70786046679857,,,3.333333333333334,,,1,3.333333333333334,3.333333333333334,False,15201.0,4851.95,,,3.333333333333334,74.86753980731804,4.72972972972973,23.89668836051028,5.46875,,,4.510604354354355,3,False
2535.TW,2025,Building Material and Construction,Building Material and Construction,2956.4627,4.278307601571519,,,6.436781609195402,,,1,6.436781609195402,6.436781609195402,False,63953.0,29526.0,0.0366,412.5419,6.436781609195402,92.54661188294489,4.45945945945946,42.727178747765244,4.21875,0.0366,7.272727272727273,5.596929585345534,4,True
2536.TW,2025,Building Material and Construction,Building Material and Construction,62.217800000000004,0.3243809662529484,,,9.540229885057471,,,1,9.540229885057471,9.540229885057471,False,476.5115,1.0037,,41.6916,9.540229885057471,2.4843575439929055,8.378378378378379,0.005232926523086388,9.375,,,9.097869421145283,3,True
2537.TW,2025,Building Material and Construction,Building Material and Construction,50.7026,2.1650949715899235,,,7.241379310344827,,,1,7.241379310344827,7.241379310344827,False,550.81,,,17.691,7.241379310344827,23.5206076473681,5.54054054054054,,,,,6.390959925442684,2,True
2538.TW,2025,Building Material and Construction,Building Material and Construction,93.45,10.937139973008264,,,4.367816091954023,,,1,4.367816091954023,4.367816091954023,False,,,,,4.367816091954023,,,,,,,4.367816091954023,1,False
2539.TW,2025,Building Material and Construction,Building Material and Construction,2305.8331999999996,6.085339334661462,,,5.747126436781609,,,1,5.747126436781609,5.747126436781609,True,48877.8,398921.95,,45235.0119,5.747126436781609,128.99371859669472,3.918918918918919,1052.7975023496294,0.625,,,3.430348451900176,3,True
2540.TW,2025,Building Material and Construction,Building Material and Construction,3829.3763,9.623207392574622,,,4.712643678160919,,,1,4.712643678160919,4.712643678160919,False,10.468,,,,4.712643678160919,0.026306042314376665,9.594594594594595,,,,,7.153619136377757,2,False
2542.TW,2025,Building Material and Construction,Building Material and Construction,21055.446900000003,39.5173549740453,,,2.6436781609195403,,,1,2.6436781609195403,2.6436781609195403,True,2586.0,41772.275,,4801.5483,2.6436781609195403,4.853465255248566,7.702702702702703,78.39918226805426,2.8125,,,4.386293621207415,3,True
2543.TW,2025,Building Material and Construction,Building Material and Construction,24119.010299999998,73.81461700138479,,,2.2988505747126444,,,1,2.2988505747126444,2.2988505747126444,True,271799.2206,13949.2924,,249820.0616,2.2988505747126444,831.8233260949308,1.7567567567567566,42.690875916510045,4.375,,,2.8102024438231337,3,True
2545.TW,2025,Building Material and Construction,Building Material and Construction,3448.4165000000003,13.168469063366498,,,3.908045977011494,,,1,3.908045977011494,3.908045977011494,False,,,,,3.908045977011494,,,,,,,3.908045977011494,1,False
2546.TW,2025,Building Material and Construction,Building Material and Construction,4070.54,6.488089554440846,,,5.632183908045977,,,1,5.632183908045977,5.632183908045977,True,146268.5211,19138.9529,0.0,377412.6146,5.632183908045977,233.13940260811108,3.108108108108109,30.505839616715555,4.84375,0.0,3.1818181818181817,4.1914650494930665,4,True
2547.TW,2025,Building Material and Construction,Building Material and Construction,5819.5,32.957643382667854,,,2.8735632183908044,,,1,2.8735632183908044,2.8735632183908044,True,1689.8,5.66,,15982.1101,2.8735632183908044,9.569864384918317,6.891891891891893,0.03205434514063065,8.59375,,,6.1197350367609,3,True
2548.TW,2025,Building Material and Construction,Building Material and Construction,1721.6581,11.752776025838887,,,4.022988505747126,,,1,4.022988505747126,4.022988505747126,True,774.0,20.48,,172.0103,4.022988505747126,5.283655706088972,7.567567567567568,0.13980525692597176,7.5,,,6.363518691104898,3,True
2596.TWO,2025,Building Material and Construction,Building Material and Construction,28.991500000000002,0.6977056202827139,,,8.50574712643678,,,1,8.50574712643678,8.50574712643678,False,0.331,,,,8.50574712643678,0.007965802401172008,9.864864864864865,,,,,9.185305995650822,2,False
2597.TW,2025,Building Material and Construction,Building Material and Construction,596127.743,668.2784931657488,,,0.8045977011494254,,,1,0.8045977011494254,0.8045977011494254,False,113985.0,29444.0,11.0,661366.6259,0.8045977011494254,127.78087404581316,4.0540540540540535,33.00767693472758,4.6875,11.0,10.0,4.88653793880087,4,True
2601.TW,2025,Shipping and Transportation,Shipping and Transportation,73.98230000000001,0.5581756398717164,,,9.696969696969697,,,1,9.696969696969697,9.696969696969697,False,596.0,723.0,,,9.696969696969697,4.496652325806887,8.928571428571429,5.454831596574462,2.592592592592593,,,7.072711239377906,3,False
2603.TW,2025,Shipping and Transportation,Shipping and Transportation,12449304.064199999,1009.7658614040932,,,0.9090909090909094,,,1,0.9090909090909094,0.9090909090909094,True,462086.0,4142.53,,5728727.6456,0.9090909090909094,37.479899713796236,6.7857142857142865,0.33600154291926676,8.148148148148149,,,5.2809844476511145,3,True
2605.TW,2025,Shipping and Transportation,Shipping and Transportation,72146.1512,577.7356794336847,,,2.727272727272727,,,1,2.727272727272727,2.727272727272727,False,35640.0,799.0488,,,2.727272727272727,285.39983453776426,3.214285714285714,6.398664290336676,1.4814814814814814,,,2.4743466410133075,3,False
2606.TW,2025,Shipping and Transportation,Shipping and Transportation,420616.70239999995,905.153354684883,,,1.8181818181818177,,,1,1.8181818181818177,1.8181818181818177,True,1.4877,0.3498,12.6073,809363.071,1.8181818181818177,0.003201481629429228,10.0,0.0007527581326707964,9.62962962962963,12.6073,10.0,7.861952861952862,4,True
2607.TW,2025,Shipping and Transportation,Shipping and Transportation,30605.837999999996,56.02177980398519,,,6.0606060606060606,,,1,6.0606060606060606,6.0606060606060606,True,112680.27,,,52427.8272,6.0606060606060606,206.25311008290637,4.2857142857142865,,,,,5.1731601731601735,2,True
2608.TW,2025,Shipping and Transportation,Shipping and Transportation,73193.22,153.6693994981269,,,4.242424242424242,,,1,4.242424242424242,4.242424242424242,False,134090.0,1458.45,,15392.36,4.242424242424242,281.5223838861555,3.571428571428571,3.0620204398446083,4.814814814814815,,,4.2095558762225425,3,True
2609.TW,2025,Shipping and Transportation,Shipping and Transportation,4512188.647299999,848.1343905141674,,,2.1212121212121215,,,1,2.1212121212121215,2.1212121212121215,True,311785.0,28375.03,0.006,1487408.7065,2.1212121212121215,58.604726357062326,5.7142857142857135,5.333517868157333,2.962962962962963,0.006,2.727272727272727,3.3814333814333812,4,True
2610.TW,2025,Shipping and Transportation,Shipping and Transportation,7164655.9728999995,1099.1823443124954,,,0.30303030303030276,,,1,0.30303030303030276,0.30303030303030276,True,126897.0,2390.72,0.51,1668599.6856,0.30303030303030276,19.468198120581214,7.5,0.36677786402228507,7.777777777777778,0.51,6.363636363636363,5.486111111111111,4,True
2611.TW,2025,Shipping and Transportation,Shipping and Transportation,58.1937,2.7916547112024577,,,8.787878787878787,,,1,8.787878787878787,8.787878787878787,False,789.0,2.4635,,15.499,8.787878787878787,37.84972543658058,6.428571428571428,0.11817845198100917,8.88888888888889,,,8.035113035113035,3,True
2612.TW,2025,Shipping and Transportation,Shipping and Transportation,29917.3243,196.52992930723389,,,3.333333333333334,,,1,3.333333333333334,3.333333333333334,True,18582.5629,266.1803,,409280.9301,3.333333333333334,122.07073521893224,4.642857142857143,1.7485653134420949,5.925925925925926,,,4.634038800705468,3,True
2613.TW,2025,Shipping and Transportation,Shipping and Transportation,13201.0327,126.35215887062449,,,4.848484848484849,,,1,4.848484848484849,4.848484848484849,True,25961.8075,450.099,,4260.5224,4.848484848484849,248.49044013113993,3.928571428571429,4.308070561442455,3.7037037037037033,,,4.160253326919993,3,True
2614.TW,2025,Other,Other,9832.3466,58.48386997359226,,,4.725274725274725,,,1,4.725274725274725,4.725274725274725,True,22269.0,2622.48,,2308.0307,4.725274725274725,132.4584408407578,6.0,15.598797069292312,1.9718309859154926,,,4.23236857039674,3,True
2615.TW,2025,Shipping and Transportation,Shipping and Transportation,4247689.165999999,944.391621653128,,,1.515151515151515,,,1,1.515151515151515,1.515151515151515,True,253060.0,27003.316,0.06,1301639.64,1.515151515151515,56.263001937261016,6.071428571428572,6.003665614559675,1.8518518518518523,0.06,4.545454545454545,3.495971620971621,4,True
2616.TW,2025,"Oil, Gas and Electricity","Oil, Gas and Electricity",13458.463,53.371425292693694,,,2.727272727272727,,,1,2.727272727272727,2.727272727272727,False,15.6244,132.5567,,819.3839,2.727272727272727,0.061960752676079235,9.0,0.5256722116853916,6.363636363636363,,,6.03030303030303,3,True
2617.TW,2025,Shipping and Transportation,Shipping and Transportation,7002.3222,54.26831587635577,,,6.363636363636363,,,1,6.363636363636363,6.363636363636363,False,2488.76,6.613,,312528.1205,6.363636363636363,19.28800331701949,7.857142857142857,0.05125105109992522,9.25925925925926,,,7.82667949334616,3,True
2618.TW,2025,Shipping and Transportation,Shipping and Transportation,7269925.0,1054.547764318337,,,0.6060606060606055,,,1,0.6060606060606055,0.6060606060606055,True,215030.0,3739.75,0.5,1693734.0,0.6060606060606055,31.191436742658553,7.142857142857143,0.5424739597189105,7.4074074074074066,0.5,5.454545454545454,5.152717652717652,4,True
2630.TW,2025,Shipping and Transportation,Shipping and Transportation,3826.022,23.20618150650528,,,7.878787878787879,,,1,7.878787878787879,7.878787878787879,True,54025.0,320.804,,2626.496,7.878787878787879,327.68080159731124,2.5,1.9457901318949342,5.555555555555555,,,5.311447811447811,3,True
2633.TW,2025,Shipping and Transportation,Shipping and Transportation,325837.6701,193.7779132321878,,,3.6363636363636367,,,1,3.6363636363636367,3.6363636363636367,True,758530.0,7376.321,0.0132,107492.0627,3.6363636363636367,451.10303077879587,1.785714285714286,4.386749052901373,3.333333333333334,0.0132,3.6363636363636367,3.0979437229437234,4,True
2634.TW,2025,Shipping and Transportation,Shipping and Transportation,69903.9423,70.78629792781382,,,5.454545454545454,,,1,5.454545454545454,5.454545454545454,True,1710666.5,2769.42,2.98,28872.403,5.454545454545454,1732.259219436477,0.357142857142857,2.8043767312283068,5.185185185185186,2.98,8.181818181818182,4.794672919672919,4,True
2636.TW,2025,Shipping and Transportation,Shipping and Transportation,2425.8649,3.5595122730731554,,,8.484848484848484,,,1,8.484848484848484,8.484848484848484,False,4418.06,0.0,0.0,1600.394,8.484848484848484,6.48269357175397,8.571428571428573,0.0,10.0,0.0,0.9090909090909092,6.991341991341992,4,True
2637.TW,2025,Shipping and Transportation,Shipping and Transportation,18417.0,38.59987807855337,,,6.666666666666668,,,1,6.666666666666668,6.666666666666668,True,1772.0,313.0,0.0,1622017.0,6.666666666666668,3.7139047594720407,9.285714285714286,0.6560113937442148,7.037037037037037,0.0,0.9090909090909092,5.974627224627225,4,True
2640.TWO,2025,Digital and Cloud Services,Digital and Cloud Services,7664.6008999999995,79.99348642733905,,,0.2631578947368418,,,1,0.2631578947368418,0.2631578947368418,False,259452.0,0.0,,,0.2631578947368418,2707.8344079919375,0.0,0.0,10.0,,,3.4210526315789473,3,False
2641.TWO,2025,Shipping and Transportation,Shipping and Transportation,1099.7277,14.949734534026287,,,8.181818181818182,,,1,8.181818181818182,8.181818181818182,False,71.6,79.448,,362639.6459,8.181818181818182,0.973332755586935,9.642857142857142,1.0800187257803187,6.296296296296297,,,8.040323873657208,3,True
2642.TW,2025,Shipping and Transportation,Shipping and Transportation,16202.3308,133.96227261793197,,,4.545454545454546,,,1,4.545454545454546,4.545454545454546,True,103225.0,700.0,,3524.5461,4.545454545454546,853.473229356978,1.071428571428571,5.787660552675075,2.2222222222222223,,,2.6130351130351133,3,True
2643.TWO,2025,Shipping and Transportation,Shipping and Transportation,409.90790000000004,1.6084890405034233,,,9.393939393939394,,,1,9.393939393939394,9.393939393939394,False,,,,,9.393939393939394,,,,,,,9.393939393939394,1,False
2645.TW,2025,Shipping and Transportation,Shipping and Transportation,17255.989999999998,31.249833335483842,,,7.272727272727273,,,1,7.272727272727273,7.272727272727273,True,242250.0,2044.19,3.7463,4937.7,7.272727272727273,438.7040167223649,2.1428571428571432,3.701937518859406,4.074074074074074,3.7463,9.09090909090909,5.6451418951418955,4,True
2646.TW,2025,Shipping and Transportation,Shipping and Transportation,1361604.6903,976.347577608152,,,1.2121212121212122,,,1,1.2121212121212122,1.2121212121212122,True,156960.0,1326.627,,10008.2227,1.2121212121212122,112.54919792293812,5.0,0.9512665952657595,6.666666666666668,,,4.292929292929293,3,True
2701.TW,2025,Tourism,Tourism,1066.3,136.26619383076948,,,3.5999999999999996,,,1,3.5999999999999996,3.5999999999999996,False,37540.0,200.0,,,3.5999999999999996,4797.367454194023,1.9047619047619047,25.558697145413014,0.5714285714285716,,,2.0253968253968253,3,False
2702.TW,2025,Tourism,Tourism,584.0618999999999,13.276533862122093,,,7.6,,,1,7.6,7.6,False,11559.41,12.722,,,7.6,262.76135849839335,6.428571428571428,0.2891886353037534,8.285714285714285,,,7.438095238095237,3,False
2704.TW,2025,Tourism,Tourism,10230.1961,247.0717772170165,,,1.2,,,1,1.2,1.2,False,202524.0,340.2662,,,1.2,4891.202878222349,1.6666666666666663,8.217845869140357,5.7142857142857135,,,2.8603174603174595,3,False
2705.TW,2025,Tourism,Tourism,16234.526,240.45689254361452,,,1.4000000000000001,,,1,1.4000000000000001,1.4000000000000001,False,1041545.0,843.97,0.0,,1.4000000000000001,15426.793128689991,0.23809523809523836,12.50042062207633,3.7142857142857144,0.0,3.333333333333333,2.1714285714285717,4,False
2706.TW,2025,Tourism,Tourism,774.2697000000001,65.04358591685732,,,6.6,,,1,6.6,6.6,False,18251.0,13.2,,,6.6,1533.2002357428723,5.238095238095238,1.1088840672733502,8.0,,,6.612698412698413,3,False
2707.TW,2025,Tourism,Tourism,25231.379399999998,120.10350220998087,,,4.2,,,1,4.2,4.2,False,970798.0,1890.308,0.08,,4.2,4621.080674584324,2.3809523809523814,8.998026126765964,5.428571428571429,0.08,8.0,5.002380952380952,4,False
2712.TW,2025,Tourism,Tourism,4977.6389,281.4215291709622,,,0.6000000000000005,,,1,0.6000000000000005,0.6000000000000005,False,152834.0,374.275,,1485.9511,0.6000000000000005,8640.799152649428,0.9523809523809523,21.16044272123915,0.8571428571428574,,,0.8031746031746034,3,True
2718.TWO,2025,Building Material and Construction,Building Material and Construction,74.4191,0.5906260199622422,,,8.96551724137931,,,1,8.96551724137931,8.96551724137931,True,12395.0,36.0,,,8.96551724137931,98.37272309705428,4.324324324324325,0.2857134353766804,7.03125,,,6.773697188567877,3,False
2719.TWO,2025,Tourism,Tourism,121.7247,1.8309779271005564,,,8.8,,,1,8.8,8.8,False,1902.0,6.1645,,85417.2182,8.8,28.609805711948837,7.619047619047619,0.0927261552635692,8.857142857142858,,,8.425396825396826,3,True
2722.TW,2025,Tourism,Tourism,5250.0568,266.6886009318126,,,0.7999999999999996,,,1,0.7999999999999996,0.7999999999999996,True,180392.0,269.26,,,0.7999999999999996,9163.422784167122,0.4761904761904767,13.677675389511949,2.571428571428571,,,1.2825396825396824,3,False
2723.TW,2025,Tourism,Tourism,0.0,0.0,,,9.9,,,1,9.9,9.9,False,147084.0,13.5,0.0,,9.9,254.50771311688956,6.666666666666668,0.0233598088648528,9.714285714285714,0.0,3.333333333333333,7.403571428571429,4,False
2724.TWO,2025,Other,Other,15.819,3.2347522693070827,,,9.45054945054945,,,1,9.45054945054945,9.45054945054945,False,,,,,9.45054945054945,,,,,,,9.45054945054945,1,False
2726.TWO,2025,Tourism,Tourism,53.114,2.8579754449065797,,,8.4,,,1,8.4,8.4,False,,,,,8.4,,,,,,,8.4,1,False
2727.TW,2025,Tourism,Tourism,70379.0,96.6901622857715,,,5.4,,,1,5.4,5.4,False,1828070.0,2661.0,0.02,,5.4,2511.4932717110264,5.0,3.655813834274968,6.571428571428571,0.02,7.333333333333333,6.076190476190476,4,False
2729.TWO,2025,Tourism,Tourism,21875.421000000002,112.17245124858758,,,4.6,,,1,4.6,4.6,False,1288106.0,,,,4.6,6605.130364714495,1.1904761904761907,,,,,2.895238095238095,2,False
2731.TW,2025,Tourism,Tourism,5936.5619,6.335374306537902,,,8.0,,,1,8.0,8.0,True,,18.0,,,8.0,,,0.019209222347649105,10.0,,,9.0,2,False
2732.TWO,2025,Tourism,Tourism,790.9929,6.108032646607854,,,8.200000000000001,,,1,8.200000000000001,8.200000000000001,False,25.489,14.3015,0.0,1483.6787,8.200000000000001,0.19682558987493767,9.523809523809524,0.11043592034196796,8.571428571428573,0.0,3.333333333333333,7.4071428571428575,4,True
2734.TWO,2025,Tourism,Tourism,147.5427,2.838598943589253,,,8.6,,,1,8.6,8.6,False,451.0,63.5,0.0,34.2039,8.6,8.676865229921598,8.095238095238095,1.2216872330377415,7.714285714285714,0.0,3.333333333333333,6.935714285714286,4,True
2736.TWO,2025,Tourism,Tourism,3934.0672000000004,250.1557891055486,,,0.9999999999999998,,,1,0.9999999999999998,0.9999999999999998,True,70243.8445,161.376,,922.0166,0.9999999999999998,4466.599947938091,2.8571428571428568,10.261426297623235,4.2857142857142865,,,2.714285714285714,3,True
2739.TW,2025,Tourism,Tourism,20770.669,132.84856043721248,,,3.8,,,1,3.8,3.8,False,848904.0,2344.71,,,3.8,5429.563888837255,1.428571428571429,14.996693084018453,2.2857142857142856,,,2.5047619047619047,3,False
2740.TWO,2025,Tourism,Tourism,1568.37,347.7297859072957,,,0.20000000000000018,,,1,0.20000000000000018,0.20000000000000018,False,18560.0,,,,0.20000000000000018,4115.014203561283,3.0952380952380953,,,,,1.6476190476190478,2,False
2743.TWO,2025,Tourism,Tourism,267.7464,1.278069051562456,,,9.200000000000001,,,1,9.200000000000001,9.200000000000001,False,,,,,9.200000000000001,,,,,,,9.200000000000001,1,False
2745.TWO,2025,Tourism,Tourism,324.5154,1.1808435421305414,,,9.399999999999999,,,1,9.399999999999999,9.399999999999999,True,4756.0,,,,9.399999999999999,17.30608743490403,7.857142857142857,,,,,8.628571428571428,2,False
2748.TW,2025,Tourism,Tourism,9190.2032,122.89612832265205,,,4.0,,,1,4.0,4.0,True,339210.0,339.23,0.61,310.6565,4.0,4536.090745885444,2.6190476190476186,4.536358196181479,6.285714285714286,0.61,10.0,5.726190476190476,4,True
2751.TWO,2025,Tourism,Tourism,4165.382,79.01453347584047,,,6.2,,,1,6.2,6.2,False,471568.0,189.23,,1177.7282,6.2,8945.33215012096,0.714285714285714,3.58956757618708,6.857142857142858,,,4.590476190476191,3,True
2752.TWO,2025,Tourism,Tourism,9287.61,73.93050664433852,,,6.4,,,1,6.4,6.4,False,,,0.0,,6.4,,,,,0.0,3.333333333333333,4.866666666666667,2,False
2753.TW,2025,Tourism,Tourism,23914.309699999998,88.47603701745939,,,5.6000000000000005,,,1,5.6000000000000005,5.6000000000000005,False,300036.8316,4860.8298,0.2375,5723.033,5.6000000000000005,1110.0495959221782,5.7142857142857135,17.983665960484313,1.7142857142857137,0.2375,9.333333333333334,5.59047619047619,4,True
2754.TWO,2025,Tourism,Tourism,14333.769499999999,79.79288531223524,,,6.0,,,1,6.0,6.0,False,538.83,3182.1,0.15,4159.4335,6.0,2.999545959825273,9.285714285714286,17.7140381915632,1.9999999999999996,0.15,8.666666666666668,6.488095238095238,4,True
2755.TWO,2025,Tourism,Tourism,4118.3681,44.79423643896983,,,6.799999999999999,,,1,6.799999999999999,6.799999999999999,True,53398.0,224.137,,101.9669,6.799999999999999,580.7937948451261,5.9523809523809526,2.4378699351137123,7.142857142857143,,,6.631746031746032,3,True
2756.TWO,2025,Tourism,Tourism,653.4726,19.063776530934586,,,7.199999999999999,,,1,7.199999999999999,7.199999999999999,False,1350.3056,,,,7.199999999999999,39.39250736277166,7.142857142857143,,,,,7.171428571428571,2,False
2762.TW,2025,Sports and Leisure,Sports and Leisure,81588.45999999999,243.83070831763177,,,0.38461538461538436,,,1,0.38461538461538436,0.38461538461538436,True,4156.1,,,4514.42,0.38461538461538436,12.420688009540928,9.200000000000001,,,,,4.792307692307693,2,True
2801.TW,2025,Finance and Insurance,Finance and Insurance,12932.1387,8.955690802152931,,,4.736842105263158,,,1,4.736842105263158,4.736842105263158,True,140292.3964,1357.0415,10.0741,18324.4946,4.736842105263158,97.15448876615228,5.135135135135135,0.9397706258509135,0.2857142857142858,10.0741,3.0434782608695654,3.3002924467455363,4,True
2812.TW,2025,Finance and Insurance,Finance and Insurance,6456.996,10.321101369053805,,,3.68421052631579,,,1,3.68421052631579,3.68421052631579,True,55220.0,24.65,1.5915,1649315.19,3.68421052631579,88.26569160011113,5.945945945945946,0.039401472255391874,8.857142857142858,1.5915,0.43478260869565216,4.730520484525061,4,True
2816.TW,2025,Finance and Insurance,Finance and Insurance,1426.4996,3.165968437544063,,,8.68421052631579,,,1,8.68421052631579,8.68421052631579,False,13555.0,245.475,,408.1118,8.68421052631579,30.083921629497667,8.64864864864865,0.5448063933604529,1.1428571428571432,,,6.158572105940528,3,True
2820.TW,2025,Finance and Insurance,Finance and Insurance,297.687,3.190662323124939,,,8.421052631578947,,,1,8.421052631578947,8.421052631578947,True,1929.0,0.2177,22.82,97.4766,8.421052631578947,20.675365808073604,9.45945945945946,0.002333347400942262,9.714285714285714,22.82,7.391304347826086,8.746525538287552,4,True
2832.TW,2025,Finance and Insurance,Finance and Insurance,777.7624000000001,2.4485609743991823,,,9.473684210526317,,,1,9.473684210526317,9.473684210526317,True,10307.0,12.4486,,234.2789,9.473684210526317,32.448621793921085,8.378378378378379,0.03919083276062929,9.142857142857142,,,8.998306577253945,3,True
2834.TW,2025,Finance and Insurance,Finance and Insurance,9273.4279,8.238007421182314,,,5.2631578947368425,,,1,5.2631578947368425,5.2631578947368425,True,120249.0,176.6815,12.49,4431.6004,5.2631578947368425,106.82265124310203,4.0540540540540535,0.15695420548701552,7.142857142857143,12.49,3.9130434782608696,5.093278142477227,4,True
2836.TW,2025,Finance and Insurance,Finance and Insurance,2044.5206,13.204438611654782,,,1.578947368421053,,,1,1.578947368421053,1.578947368421053,True,19425.4792,102.6825,5.6459,481.0303,1.578947368421053,125.45852929942444,3.513513513513513,0.6631700202684395,0.8571428571428574,5.6459,2.1739130434782608,2.030879195638921,4,True
2838.TW,2025,Finance and Insurance,Finance and Insurance,7541.68,12.205353324250645,,,1.842105263157895,,,1,1.842105263157895,1.842105263157895,True,72.356,172.5,16.33,2525.81,1.842105263157895,0.11709997575201805,10.0,0.2791716763948134,2.8571428571428568,16.33,6.086956521739131,5.196551160509971,4,True
2845.TW,2025,Finance and Insurance,Finance and Insurance,4604.2122,11.554544286744774,,,2.8947368421052633,,,1,2.8947368421052633,2.8947368421052633,True,64073.0,36.0975,7.8174,2348362.9259,2.8947368421052633,160.79500334163527,1.8918918918918914,0.09058882264174736,8.285714285714285,7.8174,2.608695652173913,3.9202596679713384,4,True
2849.TW,2025,Finance and Insurance,Finance and Insurance,3116.8473,17.937773250431093,,,0.7894736842105265,,,1,0.7894736842105265,0.7894736842105265,True,39796.0,76.58,,785.8839,0.7894736842105265,229.03002796260049,1.3513513513513509,0.4407256895511093,1.7142857142857137,,,1.2850369166158637,3,True
2850.TW,2025,Finance and Insurance,Finance and Insurance,1660.0006,1.950680383998933,,,9.736842105263158,,,1,9.736842105263158,9.736842105263158,True,18441.0,82.0433,,348.7578,9.736842105263158,21.670171059772102,9.18918918918919,0.09640975789318369,8.0,,,8.975343764817449,3,True
2851.TW,2025,Finance and Insurance,Finance and Insurance,247.5858,0.5906500076098115,,,10.0,,,1,10.0,10.0,True,3671.0,10.444,,142.8916,10.0,8.757675835753172,9.72972972972973,0.024915599680906057,9.428571428571429,,,9.719433719433718,3,True
2852.TW,2025,Finance and Insurance,Finance and Insurance,966.0947,3.154495153724729,,,8.947368421052632,,,1,8.947368421052632,8.947368421052632,False,7090.0,78.12,,279.2181,8.947368421052632,23.150288103131434,8.91891891891892,0.25507764550305045,3.428571428571429,,,7.098286256180994,3,True
2855.TW,2025,Finance and Insurance,Finance and Insurance,3372.7200000000003,9.932579833585843,,,3.947368421052632,,,1,3.947368421052632,3.947368421052632,True,35458.0,64.3853,2.7006,825.13,3.947368421052632,104.4229629910834,4.594594594594595,0.1896131704853574,6.0,2.7006,1.3043478260869565,3.961577710433546,4,True
2880.TW,2025,Finance and Insurance,Finance and Insurance,21144.807399999998,10.36078713208039,,,3.421052631578947,,,1,3.421052631578947,3.421052631578947,True,275295.0,373.0,4.97,15401051.1567,3.421052631578947,134.89235629197887,2.972972972972973,0.1827670277226543,6.285714285714286,4.97,1.7391304347826086,3.6047175812622037,4,True
2881.TW,2025,Finance and Insurance,Finance and Insurance,40311.4655,10.47662778162418,,,3.1578947368421053,,,1,3.1578947368421053,3.1578947368421053,True,553011.6186,1339.8258,19.3853,32812.042,3.1578947368421053,143.72330092999758,2.432432432432432,0.34821001977258415,1.9999999999999996,19.3853,6.521739130434783,3.5280165749273302,4,True
2882.TW,2025,Finance and Insurance,Finance and Insurance,38541.7474,6.228384563574406,,,7.36842105263158,,,1,7.36842105263158,7.36842105263158,True,735016.7642,2115.924,50.24,22271548.91,7.36842105263158,118.77943728393822,3.783783783783784,0.3419354146692532,2.2857142857142856,50.24,9.130434782608695,5.642088476184586,4,True
2884.TW,2025,Finance and Insurance,Finance and Insurance,12209.9709,4.360628214543822,,,8.157894736842104,,,1,8.157894736842104,8.157894736842104,True,229625.09,553.1211,50.4134,2880.1183,8.157894736842104,82.00753748079484,6.216216216216216,0.19753982171403164,5.7142857142857135,50.4134,9.565217391304348,7.413403514662096,4,True
2885.TW,2025,Finance and Insurance,Finance and Insurance,22884.3377,7.61003433556859,,,6.578947368421053,,,1,6.578947368421053,6.578947368421053,True,199790.0,649.99,16.18,14697208.4545,6.578947368421053,66.43883602116432,7.027027027027026,0.21614985247207869,4.857142857142858,16.18,5.652173913043478,6.028822791408603,4,True
2886.TW,2025,Finance and Insurance,Finance and Insurance,15664.420000000002,6.209921823731085,,,7.631578947368421,,,1,7.631578947368421,7.631578947368421,True,203130.0,424.936,33.4,11351801.75,7.631578947368421,80.52780888500787,6.486486486486487,0.16845943482675974,6.857142857142858,33.4,8.695652173913043,7.417715116227702,4,True
2887.TW,2025,Finance and Insurance,Finance and Insurance,40960.7368,12.074120082615481,,,2.3684210526315788,,,1,2.3684210526315788,2.3684210526315788,True,527029.0,2406.0,13.4955,19975962.1636,2.3684210526315788,155.35392988879914,2.1621621621621623,0.7092238858060007,0.5714285714285716,13.4955,4.782608695652174,2.4711551204686217,4,True
2889.TW,2025,Finance and Insurance,Finance and Insurance,2809.2844,11.76998081522904,,,2.6315789473684212,,,1,2.6315789473684212,2.6315789473684212,True,24942.0,51.864,10.1,755.25,2.6315789473684212,104.49880456868046,4.324324324324325,0.21729316013752076,4.571428571428572,10.1,3.4782608695652173,3.7513981781716335,4,True
2890.TW,2025,Finance and Insurance,Finance and Insurance,17816.05,7.764722137752295,,,6.052631578947368,,,1,6.052631578947368,6.052631578947368,True,182560.0,563.59,27.0,5649061.43,6.052631578947368,79.56464387269115,6.756756756756756,0.24562794500553245,3.7142857142857144,27.0,7.826086956521739,6.0874402516278945,4,True
2891.TW,2025,Finance and Insurance,Finance and Insurance,43342.0,7.836885176266547,,,5.7894736842105265,,,1,5.7894736842105265,5.7894736842105265,True,513186.0,1302.0,13.4464,20545050.0,5.7894736842105265,92.79174371435384,5.675675675675675,0.23542117344605795,4.2857142857142865,13.4464,4.3478260869565215,5.024672433139252,4,True
2892.TW,2025,Finance and Insurance,Finance and Insurance,17184.0,7.654655979286458,,,6.315789473684211,,,1,6.315789473684211,6.315789473684211,True,209170.0,254.07,15.485,13282037.0,6.315789473684211,93.17530209423583,5.405405405405405,0.11317611991720847,7.428571428571429,15.485,5.217391304347826,6.091789403002219,4,True
2897.TW,2025,Finance and Insurance,Finance and Insurance,2709.73,8.276916403978202,,,5.0,,,1,5.0,5.0,True,19170.0,57.41,27.84,1877.08,5.0,58.555091268968546,7.297297297297297,0.17535982210492876,6.571428571428571,27.84,8.26086956521739,6.782398858485815,4,True
2901.TW,2025,Trading and Consumer Goods,Trading and Consumer Goods,678.3919,167.74686216555588,,,2.3529411764705888,,,1,2.3529411764705888,2.3529411764705888,False,46367.0,123.44,,12.0863,2.3529411764705888,11465.22940210567,0.625,30.523172027431663,0.0,,,0.9926470588235295,3,True
2903.TW,2025,Trading and Consumer Goods,Trading and Consumer Goods,184957.045,186.99119954689598,,,1.1764705882352944,,,1,1.1764705882352944,1.1764705882352944,True,2232685.0,7602.0,0.81,449208.1969,1.1764705882352944,2257.240033005293,2.5,7.685606671297669,2.5,0.81,7.5,3.4191176470588234,4,True
2904.TW,2025,Other,Other,1044.6829,66.24980985051614,,,4.175824175824175,,,1,4.175824175824175,4.175824175824175,False,8069.0,43.54,,,4.175824175824175,511.70524154632454,3.8571428571428568,2.761140936538229,5.352112676056338,,,4.461693236341124,3,False
2905.TW,2025,Trading and Consumer Goods,Trading and Consumer Goods,124559.7599,36.88477971558998,,,5.882352941176471,,,1,5.882352941176471,5.882352941176471,True,1711.3,0.0,,15.1566,5.882352941176471,0.5067521290821718,8.125,0.0,10.0,,,8.002450980392156,3,True
2906.TW,2025,Trading and Consumer Goods,Trading and Consumer Goods,899.3789,3.364701592421715,,,9.411764705882353,,,1,9.411764705882353,9.411764705882353,True,20.2296,21.893,0.0,3352.0201,9.411764705882353,0.07568174807531546,10.0,0.0819047588984894,9.166666666666666,0.0,1.25,7.457107843137255,4,True
2908.TW,2025,Trading and Consumer Goods,Trading and Consumer Goods,33618.0562,31.603113761189803,,,6.470588235294117,,,1,6.470588235294117,6.470588235294117,True,17096.0,331.866,,,6.470588235294117,16.071328742121054,7.5,0.3119751745632163,8.333333333333334,,,7.434640522875817,3,False
2910.TW,2025,Trading and Consumer Goods,Trading and Consumer Goods,8740.4444,540.5800402592597,,,0.5882352941176472,,,1,0.5882352941176472,0.5882352941176472,False,155824.0,222.46,0.0,,0.5882352941176472,9637.421204047574,1.25,13.758732422813067,1.6666666666666663,0.0,1.25,1.1887254901960784,4,False
2911.TW,2025,Trading and Consumer Goods,Trading and Consumer Goods,450.968,6.196852486667792,,,8.823529411764707,,,1,8.823529411764707,8.823529411764707,False,8.192,32.402,,193.854,8.823529411764707,0.1125681103111142,9.375,0.44524315311288115,7.5,,,8.566176470588236,3,True
2912.TW,2025,Trading and Consumer Goods,Trading and Consumer Goods,1367594.0392,125.87409808454353,,,2.9411764705882346,,,1,2.9411764705882346,2.9411764705882346,True,3779783.43,56119.8714,0.0308,5969764.4334,2.9411764705882346,347.89331963194803,3.75,5.165303441383682,3.333333333333334,0.0308,5.0,3.756127450980392,4,True
2913.TW,2025,Trading and Consumer Goods,Trading and Consumer Goods,2589.5389999999998,171.55513597668022,,,1.7647058823529416,,,1,1.7647058823529416,1.7647058823529416,False,616.013,237.81,,187.717,1.7647058823529416,40.81042763920634,6.875,15.754745105833251,0.8333333333333337,,,3.157679738562092,3,True
2915.TW,2025,Trading and Consumer Goods,Trading and Consumer Goods,3301.3001000000004,42.98397308863276,,,5.294117647058823,,,1,5.294117647058823,5.294117647058823,True,13339.76,347.53,,695.8935,5.294117647058823,173.68790097235316,5.625,4.524950690636255,5.0,,,5.306372549019607,3,True
2916.TWO,2025,Household,Household,218.7371,3.7870406319320455,,,7.647058823529411,,,1,7.647058823529411,7.647058823529411,False,3.7398,,,,7.647058823529411,0.06474793053075799,9.583333333333334,,,,,8.615196078431373,2,False
2923.TW,2025,Building Material and Construction,Building Material and Construction,1178835.0,11464.535972782503,,,0.11494252873563204,,,1,0.11494252873563204,0.11494252873563204,True,324329.0,22277.0,,,0.11494252873563204,3154.2001107165775,1.0810810810810811,216.65073387342235,2.03125,,,1.0757578699389043,3,False
2924.TWO,2025,Household,Household,8.330300000000001,5.332885207858201,,,7.0588235294117645,,,1,7.0588235294117645,7.0588235294117645,False,,0.0,,,7.0588235294117645,,,0.0,10.0,,,8.529411764705882,2,False
2926.TWO,2025,Cultural and Creative,Cultural and Creative,9912.1539,46.996298956681294,,,2.4,,,1,2.4,2.4,False,656291.0,3642.0,,,2.4,3111.6595191867755,0.5000000000000004,17.267742463142472,0.0,,,0.9666666666666668,3,False
2929.TW,2025,Trading and Consumer Goods,Trading and Consumer Goods,2.6561,0.05288627595190561,,,10.0,,,1,10.0,10.0,False,3128.0,,,,10.0,62.28239568448506,6.25,,,,,8.125,2,False
2937.TWO,2025,Household,Household,1573.98,10.767381269610697,,,6.176470588235294,,,1,6.176470588235294,6.176470588235294,False,1989.0,,,,6.176470588235294,13.606476159325833,7.5,,,,,6.838235294117647,2,False
2939.TW,2025,Trading and Consumer Goods,Trading and Consumer Goods,94.8801,10.409779729792279,,,8.235294117647058,,,1,8.235294117647058,8.235294117647058,False,,,,,8.235294117647058,,,,,,,8.235294117647058,1,False
2941.TWO,2025,Household,Household,187.4433,6.267264326598165,,,6.764705882352942,,,1,6.764705882352942,6.764705882352942,False,786.9586,127.8511,,44.8302,6.764705882352942,26.31237051572201,6.666666666666668,4.274768093318538,4.0,,,5.81045751633987,3,True
2945.TW,2025,Trading and Consumer Goods,Trading and Consumer Goods,50682.3418,111.34832394963455,,,3.5294117647058822,,,1,3.5294117647058822,3.5294117647058822,True,82112.0,515.61,,11383.5841,3.5294117647058822,180.39879870255703,5.0,1.1327872247543043,6.666666666666668,,,5.065359477124184,3,True
2947.TWO,2025,Household,Household,3795.0,53.49943533513471,,,2.6470588235294112,,,1,2.6470588235294112,2.6470588235294112,False,13984.0,361.32,,,2.6470588235294112,197.13731323492064,4.166666666666666,5.093653748429743,3.5,,,3.437908496732026,3,False
2948.TWO,2025,Household,Household,268.1306,3.9084375162990517,,,7.352941176470589,,,1,7.352941176470589,7.352941176470589,False,281.0,,,,7.352941176470589,4.096029852915085,9.166666666666666,,,,,8.259803921568627,2,False
2949.TWO,2025,Digital and Cloud Services,Digital and Cloud Services,80.8589,0.5052074354865841,,,9.473684210526317,,,1,9.473684210526317,9.473684210526317,False,,,,,9.473684210526317,,,,,,,9.473684210526317,1,False
3002.TW,2025,Computer and Peripheral Equipment,Computer and Peripheral Equipment,39.7414,1.8080349856548577,,,8.333333333333334,,,1,8.333333333333334,8.333333333333334,False,893.0,13.04,,,8.333333333333334,40.62703483495267,6.526315789473685,0.5932547975899023,5.051546391752577,,,6.637065171519865,3,False
3003.TW,2025,Electronic Parts and Components,Electronic Parts and Components,6593.665999999999,48.966955122838414,,,5.576923076923077,,,1,5.576923076923077,5.576923076923077,False,46836.1921,920.853,0.0,13464.5959,5.576923076923077,347.8225491987825,5.502645502645502,6.838588355208032,3.3689839572192515,0.0,1.0465116279069768,3.873766041173702,4,True
3004.TW,2025,Iron and Steel,Iron and Steel,14274.1313,118.46368090456984,,,5.74468085106383,,,1,5.74468085106383,5.74468085106383,True,112102.0,643.53,0.88,9382.5908,5.74468085106383,930.3554295289472,3.2608695652173916,5.340775629023241,6.595744680851063,0.88,4.0,4.900323774283071,4,True
3005.TW,2025,Computer and Peripheral Equipment,Computer and Peripheral Equipment,121675.5944,100.83631293263552,,,0.6481481481481477,,,1,0.6481481481481477,0.6481481481481477,True,171802201.2422,6832.8372,0.3483,652146.9123,0.6481481481481477,142377.77602320965,0.0,5.662582652786721,1.4432989690721654,0.3483,2.5,1.1478617793050783,4,True
3006.TW,2025,Semiconductor,Semiconductor,4190.2188,10.56622543867975,,,6.2745098039215685,,,1,6.2745098039215685,6.2745098039215685,True,22452.0,18.53,,1806.1271,6.2745098039215685,56.61587255282177,6.162162162162161,0.04672599850364277,8.342245989304812,,,6.926305985129514,3,True
3008.TW,2025,Optoelectronic,Optoelectronic,275365.3071,155.8460201835836,,,2.5438596491228074,,,1,2.5438596491228074,2.5438596491228074,False,1577230.0,6344.4,1.0,70396.0,2.5438596491228074,892.6506428963054,4.174757281553399,3.590682867299835,3.846153846153846,1.0,3.7209302325581395,3.5714252523470478,4,True
3010.TW,2025,Electronic Products Distribution,Electronic Products Distribution,2180.1672,0.898198569559819,,,6.216216216216216,,,1,6.216216216216216,6.216216216216216,False,8074.0,264.29,,1090.0836,6.216216216216216,3.326375725048051,6.774193548387098,0.10888380485174008,3.793103448275862,,,5.594504404293058,3,True
3011.TW,2025,Electronic Parts and Components,Electronic Parts and Components,1822.9781,73.221896542202,,,4.375,,,1,4.375,4.375,False,50944.788,62.894,26.8669,1332.7865,4.375,2046.2527752255576,2.4338624338624335,2.5262058612362117,5.828877005347594,26.8669,7.441860465116279,5.019899976081576,4,True
3013.TW,2025,Computer and Peripheral Equipment,Computer and Peripheral Equipment,4689.0,15.474974605955278,,,3.9814814814814814,,,1,3.9814814814814814,3.9814814814814814,True,384708.0,8244.0,87.71,1659.0,3.9814814814814814,1269.6409747724126,0.6315789473684208,27.207440957879147,0.30927835051546393,87.71,10.0,3.7305846948413413,4,True
3014.TW,2025,Semiconductor,Semiconductor,1617.6367,7.137483520266238,,,7.0588235294117645,,,1,7.0588235294117645,7.0588235294117645,True,15910.1171,40.4394,,689.2062,7.0588235294117645,70.20006321985404,5.729729729729729,0.17843039235537528,6.684491978609626,,,6.491015079250373,3,True
3015.TW,2025,Electronic Parts and Components,Electronic Parts and Components,10170.9391,24.144100144848256,,,6.923076923076923,,,1,6.923076923076923,6.923076923076923,True,213579.0,399.0798,6.4841,319497.7482,6.923076923076923,507.0006529521493,4.708994708994709,0.9473483777900128,7.272727272727273,6.4841,5.232558139534884,6.034339261083447,4,True
3016.TW,2025,Semiconductor,Semiconductor,45215.5695,387.2147583357051,,,0.6372549019607843,,,1,0.6372549019607843,0.6372549019607843,True,826261.1,216.96,,10946.1419,0.6372549019607843,7075.892125138307,0.37837837837837784,1.857990840268297,3.5294117647058822,,,1.5150150150150148,3,True
3017.TW,2025,Computer and Peripheral Equipment,Computer and Peripheral Equipment,14050.0,3.8744733875620865,,,7.685185185185185,,,1,7.685185185185185,7.685185185185185,True,2562496.0,30771.73,21.36,2378869.0,7.685185185185185,706.642174927708,1.1578947368421055,8.485711670764832,0.9278350515463918,21.36,6.153846153846154,3.9811902818549596,4,True
3018.TW,2025,Other Electronic,Other Electronic,134.6541,8.557540298436322,,,6.630434782608696,,,1,6.630434782608696,6.630434782608696,True,,,,31.8562,6.630434782608696,,,,,,,6.630434782608696,1,True
3019.TW,2025,Optoelectronic,Optoelectronic,92138.15000000001,116.08579980943465,,,4.035087719298246,,,1,4.035087719298246,4.035087719298246,False,83192.9,83.48,,116942.77,4.035087719298246,104.81558762538985,7.766990291262136,0.10517730785881423,9.423076923076923,,,7.075051644545769,3,True
3021.TW,2025,Electronic Parts and Components,Electronic Parts and Components,177.3835,1.7981328318062924,,,9.278846153846153,,,1,9.278846153846153,9.278846153846153,False,2230.0,,,390.8669,9.278846153846153,22.605463388240914,8.412698412698413,,,,,8.845772283272282,2,True
3022.TW,2025,Computer and Peripheral Equipment,Computer and Peripheral Equipment,4569.9649,21.9144342663823,,,3.333333333333334,,,1,3.333333333333334,3.333333333333334,True,35270.7,156.159,,5600.7374,3.333333333333334,169.13421735017926,3.5789473684210527,0.7488320403957575,4.536082474226805,,,3.8161210586603977,3,True
3023.TW,2025,Electronic Parts and Components,Electronic Parts and Components,17106.72,17.44463623244451,,,7.5,,,1,7.5,7.5,True,252060.0,3244.47,17.0,91535.61,7.5,257.03904715515085,6.243386243386244,3.3085593800026674,5.026737967914439,17.0,6.976744186046512,6.436717099336798,4,True
3024.TW,2025,Optoelectronic,Optoelectronic,55.4813,0.8580842370783016,,,9.82456140350877,,,1,9.82456140350877,9.82456140350877,False,,,,,9.82456140350877,,,,,,,9.82456140350877,1,False
3025.TW,2025,Communications and Internet,Communications and Internet,904.14,78.71691275496462,,,1.685393258426966,,,1,1.685393258426966,1.685393258426966,False,9047.5,4.69,,,1.685393258426966,787.7002103109501,1.7721518987341767,0.40832428696969947,5.679012345679013,,,3.045519167613385,3,False
3026.TW,2025,Electronic Parts and Components,Electronic Parts and Components,31874.6509,76.83510830403775,,,4.1826923076923075,,,1,4.1826923076923075,4.1826923076923075,True,312981.6,1148.0965,0.933,134984.4651,4.1826923076923075,754.4545415922036,3.756613756613757,2.7675320805156387,5.668449197860963,0.933,2.906976744186047,4.128683001588269,4,True
3027.TW,2025,Communications and Internet,Communications and Internet,465.67960000000005,6.097859247628764,,,8.426966292134832,,,1,8.426966292134832,8.426966292134832,True,0.0288,19.35,,134143.4085,8.426966292134832,0.00037712269623086,10.0,0.25337931153010906,7.1604938271604945,,,8.529153373098442,3,True
3028.TW,2025,Electronic Products Distribution,Electronic Products Distribution,637.2089,0.5183980522921494,,,7.837837837837838,,,1,7.837837837837838,7.837837837837838,True,5131.0,19.56,,1530.3068,7.837837837837838,4.174298893676813,6.129032258064516,0.01591293828889465,6.206896551724138,,,6.7245888825421645,3,True
3029.TW,2025,Information Service,Information Service,1172.7858,1.4415454917922514,,,9.318181818181818,,,1,9.318181818181818,9.318181818181818,False,,,,,9.318181818181818,,,,,,,9.318181818181818,1,False
3030.TW,2025,Other Electronic,Other Electronic,2493.7372,9.137000220411226,,,6.521739130434783,,,1,6.521739130434783,6.521739130434783,False,14774.0,126.224,,1271.5674,6.521739130434783,54.131622713233554,6.7105263157894735,0.46248205938508136,5.925925925925926,,,6.386063790716729,3,True
3031.TW,2025,Optoelectronic,Optoelectronic,8438.0881,252.54781397689254,,,1.4035087719298245,,,1,1.4035087719298245,1.4035087719298245,True,97581.55,177.46,1.3974,10395.6878,1.4035087719298245,2920.567650505668,1.747572815533981,5.311290251679092,2.9807692307692313,1.3974,3.953488372093023,2.521334797581515,4,True
3032.TW,2025,Electronic Parts and Components,Electronic Parts and Components,472.9695,1.4275069543105123,,,9.471153846153847,,,1,9.471153846153847,9.471153846153847,False,,,,246.1255,9.471153846153847,,,,,,,9.471153846153847,1,True
3033.TW,2025,Electronic Products Distribution,Electronic Products Distribution,1104.44,0.33552430435980435,,,8.64864864864865,,,1,8.64864864864865,8.64864864864865,True,4900.0,136.01,,4492.18,8.64864864864865,1.4885997350358926,7.741935483870968,0.041319275502496276,5.1724137931034475,,,7.187665975207689,3,True
3034.TW,2025,Semiconductor,Semiconductor,16883.3784,5.177389371115041,,,7.8921568627450975,,,1,7.8921568627450975,7.8921568627450975,True,120876.0,517.79,24.02,1790949.4484,7.8921568627450975,37.06735126086504,6.972972972972973,0.15878341283102773,6.844919786096257,24.02,9.518072289156626,7.807030477742739,4,True
3035.TW,2025,Semiconductor,Semiconductor,4041.3289999999997,6.235424425838183,,,7.450980392156863,,,1,7.450980392156863,7.450980392156863,True,22648.31,26.99,20.18,26138.605,7.450980392156863,34.944402046444424,7.027027027027026,0.04164325776331809,8.39572192513369,20.18,9.156626506024097,8.00758896258542,4,True
3036.TW,2025,Electronic Products Distribution,Electronic Products Distribution,7529.7182999999995,0.22917777614946022,,,9.18918918918919,,,1,9.18918918918919,9.18918918918919,True,11177.0,218.26,2.1534,86167.3494,9.18918918918919,0.3401880258950082,10.0,0.0066430561449265894,8.275862068965518,2.1534,7.5,8.741262814538677,4,True
3037.TW,2025,Electronic Parts and Components,Electronic Parts and Components,1233036.48,308.65582592870896,,,1.298076923076923,,,1,1.298076923076923,1.298076923076923,True,28218156.753,120753.0,3.2,323243.49,1.298076923076923,7063.617841041484,0.5291005291005291,30.227099970610276,1.2299465240641716,3.2,4.069767441860465,1.7817228545255221,4,True
3038.TW,2025,Optoelectronic,Optoelectronic,6388.78,64.80687284373688,,,5.614035087719298,,,1,5.614035087719298,5.614035087719298,True,185937.0,246.86,6.18,9907.22,5.614035087719298,1886.1184006877536,2.7184466019417473,2.5041126209080433,5.192307692307692,6.18,6.279069767441861,4.95096478735265,4,True
3040.TW,2025,Other,Other,371.911,94.77514583208902,,,3.1868131868131866,,,1,3.1868131868131866,3.1868131868131866,False,326.0,0.4,,947.133,3.1868131868131866,83.07551414521491,6.428571428571428,0.10193314619044776,8.873239436619718,,,6.162874684001444,3,True
3041.TW,2025,Semiconductor,Semiconductor,890.3227999999999,27.250122045466718,,,4.558823529411765,,,1,4.558823529411765,4.558823529411765,False,3480.4991,11.0334,,285.8952,4.558823529411765,106.5276832786233,4.918918918918918,0.3376994238229691,5.828877005347594,,,5.102206484559425,3,True
3042.TW,2025,Electronic Parts and Components,Electronic Parts and Components,21444.904199999997,52.04856702731606,,,5.336538461538462,,,1,5.336538461538462,5.336538461538462,True,392.653,506.0,11.0043,4877.7295,5.336538461538462,0.9530015055500568,9.523809523809524,1.228104106700646,6.524064171122994,11.0043,6.046511627906977,6.857730946094489,4,True
3043.TW,2025,Other Electronic,Other Electronic,988.7871,35.18114965993202,,,2.6086956521739135,,,1,2.6086956521739135,2.6086956521739135,False,16.48,4.785,,,2.6086956521739135,0.5863601440549535,9.342105263157896,0.17025080638974227,7.654320987654321,,,6.53504063432871,3,False
3044.TW,2025,Electronic Parts and Components,Electronic Parts and Components,866632.0,389.35629893572593,,,0.8173076923076927,,,1,0.8173076923076927,0.8173076923076927,True,20646556.0,156909.0,6.67,833859.0,0.8173076923076927,9275.986381681274,0.3703703703703709,70.4953284781843,0.48128342245989275,6.67,5.348837209302325,1.7544496736100705,4,True
3045.TW,2025,Communications and Internet,Communications and Internet,306377.35640000005,51.79152914428348,,,2.696629213483146,,,1,2.696629213483146,2.696629213483146,True,290813.6,2222.471,18.577,1645422.0218,2.696629213483146,49.16055552189625,8.10126582278481,0.375697384824177,6.296296296296297,18.577,7.777777777777778,6.217992277585508,4,True
3046.TW,2025,Computer and Peripheral Equipment,Computer and Peripheral Equipment,7.1,0.0314461034616942,,,9.907407407407407,,,1,9.907407407407407,9.907407407407407,False,409.0,3.2409,81.0,8.0,9.907407407407407,1.8114727205398489,8.736842105263158,0.014354038973099257,8.8659793814433,81.0,9.615384615384615,9.28140337737462,4,True
3047.TW,2025,Communications and Internet,Communications and Internet,901.5549,7.100155564858437,,,7.97752808988764,,,1,7.97752808988764,7.97752808988764,False,13070.0,30.0,,653.6563,7.97752808988764,102.93220438677642,6.455696202531645,0.23626366729941028,7.4074074074074066,,,7.280210566608898,3,True
3048.TW,2025,Electronic Products Distribution,Electronic Products Distribution,1022.6285,0.2963942003650091,,,8.91891891891892,,,1,8.91891891891892,8.91891891891892,True,1992.0,41.8758,,5781.352,8.91891891891892,0.5773526232909586,9.35483870967742,0.012137099890766829,7.931034482758621,,,8.734930703784988,3,True
3049.TW,2025,Optoelectronic,Optoelectronic,45965.2457,1091.5222199588663,,,0.08771929824561431,,,1,0.08771929824561431,0.08771929824561431,True,258.959,925.58,,,0.08771929824561431,6.149417853722646,8.932038834951456,21.979456891046873,0.38461538461538436,,,3.1347911726041517,3,False
3050.TW,2025,Optoelectronic,Optoelectronic,5642.69,146.8898249518817,,,2.807017543859649,,,1,2.807017543859649,2.807017543859649,False,29569.0,199.0,,1340.212,2.807017543859649,769.7366387312062,4.5631067961165055,5.180343978744971,3.173076923076923,,,3.5144004210176925,3,True
3051.TW,2025,Optoelectronic,Optoelectronic,12518.0327,220.89145584688686,,,1.842105263157895,,,1,1.842105263157895,1.842105263157895,False,158164.0,446.52,0.0,,1.842105263157895,2790.9398433323327,1.9417475728155342,7.8792295265974115,1.826923076923077,0.0,1.0465116279069768,1.6643218852008708,4,False
3052.TW,2025,Building Material and Construction,Building Material and Construction,579.6648,5.021565449735342,,,6.206896551724138,,,1,6.206896551724138,6.206896551724138,True,1100.0,22.4182,0.0,12.5667,6.206896551724138,9.529165812222644,7.027027027027026,0.1942061318286997,7.34375,0.0,3.1818181818181817,5.939872940142337,4,True
3054.TW,2025,Electronic Products Distribution,Electronic Products Distribution,53.69799999999999,12.76415444726716,,,1.8918918918918914,,,1,1.8918918918918914,1.8918918918918914,False,,,,,1.8918918918918914,,,,,,,1.8918918918918914,1,False
3055.TW,2025,Electronic Products Distribution,Electronic Products Distribution,454.7681,31.23108992208634,,,0.8108108108108103,,,1,0.8108108108108103,0.8108108108108103,False,10380.0,,,,0.8108108108108103,712.8440042106212,0.32258064516129004,,,,,0.5666957279860502,2,False
3056.TW,2025,Building Material and Construction,Building Material and Construction,557.83,3.2192222476806323,,,7.011494252873563,,,1,7.011494252873563,7.011494252873563,False,39792.0,0.0,,,7.011494252873563,229.6385846578845,3.2432432432432434,0.0,9.765625,,,6.673454165372269,3,False
3057.TW,2025,Computer and Peripheral Equipment,Computer and Peripheral Equipment,415.8259,23.218255738071058,,,2.7777777777777777,,,1,2.7777777777777777,2.7777777777777777,False,2068.0,5.65,,,2.7777777777777777,115.46984655436555,4.421052631578948,0.3154761281586873,5.979381443298969,,,4.392737284218565,3,False
3058.TW,2025,Electronic Parts and Components,Electronic Parts and Components,6881.54,70.55120209120074,,,4.519230769230768,,,1,4.519230769230768,4.519230769230768,True,134425.0,622.3,11.87,65350.8,4.519230769230768,1378.1574096945826,3.121693121693122,6.379969172794783,3.5294117647058822,11.87,6.279069767441861,4.362351355767908,4,True
3059.TW,2025,Optoelectronic,Optoelectronic,898.6385,3.413494162568719,,,9.473684210526317,,,1,9.473684210526317,9.473684210526317,False,18.979,24.1,,350.2494,9.473684210526317,0.07209206562081606,10.0,0.09154427427481254,9.519230769230768,,,9.66430499325236,3,True
3060.TW,2025,Computer and Peripheral Equipment,Computer and Peripheral Equipment,2645.817,22.74456531375068,,,3.148148148148148,,,1,3.148148148148148,3.148148148148148,False,36118.0,9.29,,,3.148148148148148,310.48564961297285,2.315789473684211,0.07986078090992074,7.731958762886598,,,4.398632128239652,3,False
3062.TW,2025,Communications and Internet,Communications and Internet,595.7124,4.823030564318048,,,8.98876404494382,,,1,8.98876404494382,8.98876404494382,True,44533.6,354.72,,3320.5675,8.98876404494382,360.55471388393835,3.037974683544303,2.871898254551858,1.3580246913580252,,,4.461587806615383,3,True
3064.TWO,2025,Cultural and Creative,Cultural and Creative,236.7122,89.33694700963568,,,0.40000000000000036,,,1,0.40000000000000036,0.40000000000000036,False,0.016,,,,0.40000000000000036,0.006038519147530929,10.0,,,,,5.2,2,False
3066.TWO,2025,Optoelectronic,Optoelectronic,172.85680000000002,21.173336089372217,,,7.36842105263158,,,1,7.36842105263158,7.36842105263158,False,2347.0,2.273,,,7.36842105263158,287.48547816317665,6.310679611650485,0.2784211725031532,8.365384615384615,,,7.348161759888893,3,False
3067.TWO,2025,Household,Household,29.0882,17.6583081972189,,,4.411764705882353,,,1,4.411764705882353,4.411764705882353,False,,,,,4.411764705882353,,,,,,,4.411764705882353,1,False
3071.TWO,2025,Computer and Peripheral Equipment,Computer and Peripheral Equipment,2896.2,41.3398297044383,,,2.037037037037037,,,1,2.037037037037037,2.037037037037037,False,28880.52,399.4982,0.0,77327.01,2.037037037037037,412.2352664096487,1.7894736842105263,5.702364324021005,1.34020618556701,0.0,0.8653846153846154,1.5080253805497974,4,True
3073.TWO,2025,Green Energy and Environmental Services,Green Energy and Environmental Services,19.1732,7.222436859545966,,,7.727272727272727,,,1,7.727272727272727,7.727272727272727,False,,,,5.2214,7.727272727272727,,,,,,,7.727272727272727,1,True
3078.TWO,2025,Electronic Parts and Components,Electronic Parts and Components,230.033,0.6403223142799966,,,9.807692307692307,,,1,9.807692307692307,9.807692307692307,False,150791.8412,498.179,,,9.807692307692307,419.74577878706856,4.973544973544973,1.3867363821960086,6.363636363636363,,,7.048291214957881,3,False
3081.TWO,2025,Communications and Internet,Communications and Internet,10657.892899999999,165.46387769592377,,,0.898876404494382,,,1,0.898876404494382,0.898876404494382,True,55038.0,114.06,,2295.0204,0.898876404494382,854.4654169519993,1.392405063291139,1.77078246770495,2.592592592592593,,,1.627958020126038,3,True
3083.TWO,2025,Cultural and Creative,Cultural and Creative,311.1873,27.373105453046076,,,3.1999999999999993,,,1,3.1999999999999993,3.1999999999999993,False,1730.0,,0.15,,3.1999999999999993,152.17675153764216,3.0000000000000004,,,0.15,5.0,3.733333333333333,3,False
3085.TWO,2025,Digital and Cloud Services,Digital and Cloud Services,149.9269,83.17575631490439,,,0.0,,,1,0.0,0.0,False,87.3465,,,,0.0,48.45768970718262,4.444444444444445,,,,,2.2222222222222223,2,False
3086.TWO,2025,Cultural and Creative,Cultural and Creative,132.3092,26.6750738717624,,,3.5999999999999996,,,1,3.5999999999999996,3.5999999999999996,True,1184.6538,30.2045,,104.5151,3.5999999999999996,238.8399871472584,2.5,6.089578568683413,1.1111111111111116,,,2.403703703703704,3,True
3088.TWO,2025,Computer and Peripheral Equipment,Computer and Peripheral Equipment,2385.7759,11.70013366028495,,,4.722222222222222,,,1,4.722222222222222,4.722222222222222,True,8020.0,43.85,,405061.1974,4.722222222222222,39.331050311760336,6.631578947368421,0.21504570525819086,6.804123711340207,,,6.05264162697695,3,True
3090.TW,2025,Electronic Parts and Components,Electronic Parts and Components,496.08090000000004,1.0078103868168513,,,9.615384615384615,,,1,9.615384615384615,9.615384615384615,False,2816.3,9.72,,5397.1371,9.615384615384615,5.721438564541183,9.1005291005291,0.019746611812427758,9.893048128342246,,,9.536320614751986,3,True
3092.TW,2025,Electronic Parts and Components,Electronic Parts and Components,8925.28,168.01302883691983,,,2.7884615384615383,,,1,2.7884615384615383,2.7884615384615383,True,89261.0,780.3974,,483.82,2.7884615384615383,1680.284648438178,2.9100529100529107,14.690511767749275,1.9786096256684493,,,2.559041358060966,3,True
3093.TWO,2025,Other Electronic,Other Electronic,476.9029,6.966235045552906,,,7.173913043478262,,,1,7.173913043478262,7.173913043478262,False,1405.0,2.9624,,,7.173913043478262,20.523171989522044,8.157894736842104,0.043272487332213595,9.25925925925926,,,8.197022346526543,3,False
3094.TW,2025,Semiconductor,Semiconductor,487.7159,79.40871175695409,,,3.088235294117647,,,1,3.088235294117647,3.088235294117647,False,4034.0,3.346,,907.0561,3.088235294117647,656.806028320079,3.0810810810810807,0.5447875485272644,4.919786096256685,,,3.6963674904851374,3,True
3095.TWO,2025,Communications and Internet,Communications and Internet,3135.0,167.73759900481042,,,0.786516853932584,,,1,0.786516853932584,0.786516853932584,False,32100.0,53.3,,,0.786516853932584,1717.504602250212,0.3797468354430378,2.8518067071631243,1.4814814814814814,,,0.8825817236190344,3,False
3105.TWO,2025,Semiconductor,Semiconductor,96404.0,200.01035410017667,,,1.7647058823529416,,,1,1.7647058823529416,1.7647058823529416,True,1064217.0,3621.0,0.38,41534.0,1.7647058823529416,2207.941776372637,1.837837837837838,7.512525332939917,1.3903743315508021,0.38,3.4939759036144578,2.12172348883901,4,True
3114.TWO,2025,Electronic Parts and Components,Electronic Parts and Components,86.4948,0.9167290083181268,,,9.711538461538462,,,1,9.711538461538462,9.711538461538462,False,1030.0,7.9948,,23.1551,9.711538461538462,10.91662017332453,8.624338624338625,0.08473416986572326,9.46524064171123,,,9.267039242529439,3,True
3115.TWO,2025,Electronic Parts and Components,Electronic Parts and Components,35.8922,353.67217859892224,,,1.0096153846153844,,,1,1.0096153846153844,1.0096153846153844,False,,,,,1.0096153846153844,,,,,,,1.0096153846153844,1,False
3118.TWO,2025,Biotechnology and Medical Care,Biotechnology and Medical Care,1196.31,53.350725801056925,,,4.967741935483872,,,1,4.967741935483872,4.967741935483872,False,9918.0,14.82,,,4.967741935483872,442.30383303230985,4.887218045112782,0.660913773496555,6.793893129770993,,,5.5496177034558825,3,False
3122.TWO,2025,Semiconductor,Semiconductor,163.0629,16.038891604038916,,,5.3431372549019605,,,1,5.3431372549019605,5.3431372549019605,False,1.709,4.405,0.0,,5.3431372549019605,0.16809749950051486,9.35135135135135,0.4332764688705489,5.454545454545454,0.0,1.2650602409638554,5.353523575440655,4,False
3128.TWO,2025,Optoelectronic,Optoelectronic,624.1394,18.20848637016109,,,7.719298245614034,,,1,7.719298245614034,7.719298245614034,False,7820.347,8.327,,18918.0719,7.719298245614034,228.14884264545734,6.601941747572814,0.24292981023843613,8.557692307692308,,,7.626310766959719,3,True
3130.TW,2025,Digital and Cloud Services,Digital and Cloud Services,857.2742999999999,10.203619370259032,,,2.8947368421052633,,,1,2.8947368421052633,2.8947368421052633,True,11316.0,37.496,,798.4034,2.8947368421052633,134.68752859364992,2.962962962962963,0.44629229163551587,3.0000000000000004,,,2.9525666016894085,3,True
3131.TWO,2025,Semiconductor,Semiconductor,895.6533000000001,4.895331118718619,,,8.186274509803921,,,1,8.186274509803921,8.186274509803921,True,,,,9069.308,8.186274509803921,,,,,,,8.186274509803921,1,True
3135.TW,2025,Semiconductor,Semiconductor,81.3348,0.3988716651260986,,,9.852941176470589,,,1,9.852941176470589,9.852941176470589,False,,,,,9.852941176470589,,,,,,,9.852941176470589,1,False
3138.TW,2025,Communications and Internet,Communications and Internet,110.80890000000001,2.2548149589513056,,,9.775280898876403,,,1,9.775280898876403,9.775280898876403,True,2650.0,5.59,12.56,108.8206,9.775280898876403,53.924004671294085,7.974683544303797,0.11374912683491846,8.024691358024691,12.56,5.925925925925926,7.925145431782704,4,True
3141.TWO,2025,Semiconductor,Semiconductor,650.5110999999999,12.80658134833479,,,5.637254901960784,,,1,5.637254901960784,5.637254901960784,False,0.5925,2.0837,,298.9621,5.637254901960784,0.011664519558372432,9.945945945945947,0.0410217036350728,8.449197860962567,,,8.0107995696231,3,True
3147.TWO,2025,Information Service,Information Service,626.3697,2.3688300269119282,,,8.181818181818182,,,1,8.181818181818182,8.181818181818182,False,3468.0,102.56,,,8.181818181818182,13.115421345142602,9.117647058823529,0.38786551705819644,2.592592592592593,,,6.630685944411433,3,False
3149.TW,2025,Optoelectronic,Optoelectronic,11355.199999999999,176.49984092173102,,,2.2807017543859653,,,1,2.2807017543859653,2.2807017543859653,True,110598.0,206.72,,4187.77,2.2807017543859653,1719.0828348476127,3.009708737864077,3.2131575943479853,4.326923076923077,,,3.2057778563910397,3,True
3150.TW,2025,Semiconductor,Semiconductor,173.766,16.233104601924147,,,5.245098039215686,,,1,5.245098039215686,5.245098039215686,False,157.7,27.3969,,51.9148,5.245098039215686,14.732229525473555,8.216216216216218,2.55940024785318,3.1016042780748663,,,5.520972844502257,3,True
3152.TWO,2025,Communications and Internet,Communications and Internet,8702.87,191.50835991148412,,,0.674157303370787,,,1,0.674157303370787,0.674157303370787,False,63629.0,87.2,,,0.674157303370787,1400.168614814173,0.6329113924050633,1.918853089185684,2.3456790123456797,,,1.2175825693738433,3,False
3158.TWO,2025,Information Service,Information Service,345.05,11.568201902923953,,,2.5,,,1,2.5,2.5,False,2915.0,,,56.0,2.5,97.7287597363377,3.2352941176470584,,,,,2.867647058823529,2,True
3162.TWO,2025,Electric Machinery,Electric Machinery,43.9465,0.19115996880625474,,,10.0,,,1,10.0,10.0,False,1858.0341,,,,10.0,8.082139433105198,8.924731182795698,,,,,9.462365591397848,2,False
3163.TWO,2025,Communications and Internet,Communications and Internet,1109.7718,16.759399180357267,,,5.393258426966292,,,1,5.393258426966292,5.393258426966292,False,3716.0794,0.22,,203.3868,5.393258426966292,56.11897693787365,7.59493670886076,0.0033223657509396064,9.876543209876543,,,7.621579448567864,3,True
3164.TW,2025,Biotechnology and Medical Care,Biotechnology and Medical Care,2027.4932000000001,160.49480059913645,,,2.387096774193549,,,1,2.387096774193549,2.387096774193549,False,22810.0,65.2162,13.3344,,2.387096774193549,1805.6220369401494,2.1052631578947367,5.162464177356255,2.2137404580152675,13.3344,9.0625,3.9421500975258885,4,False
3167.TW,2025,Electric Machinery,Electric Machinery,611.1995000000001,4.274934671262383,,,9.292929292929292,,,1,9.292929292929292,9.292929292929292,False,4042.5,61.152,,233.1009,9.292929292929292,28.274603314593975,8.387096774193548,0.4277176355953125,8.735632183908047,,,8.805219417010294,3,True
3168.TW,2025,Optoelectronic,Optoelectronic,4775.5217999999995,45.452062563519604,,,6.228070175438596,,,1,6.228070175438596,6.228070175438596,True,52300.8,44.04,,560.3625,6.228070175438596,497.78418637354486,5.825242718446601,0.41916023402875124,7.980769230769232,,,6.67802737488481,3,True
3169.TWO,2025,Semiconductor,Semiconductor,269.2657,8.97354634890334,,,6.519607843137255,,,1,6.519607843137255,6.519607843137255,True,1708.5,1.0924,,45.8109,6.519607843137255,56.93745596673233,6.054054054054054,0.03640531278785976,8.556149732620321,,,7.043270543270544,3,True
3171.TWO,2025,Household,Household,25.9946,0.49624869610712846,,,8.823529411764707,,,1,8.823529411764707,8.823529411764707,False,936.0,,,8.7585,8.823529411764707,17.868664243968833,7.083333333333332,,,,,7.953431372549019,2,True
3176.TWO,2025,Biotechnology and Medical Care,Biotechnology and Medical Care,55.4683,1.0903476117815012,,,9.67741935483871,,,1,9.67741935483871,9.67741935483871,False,694.0,0.928,,16.586,9.67741935483871,13.642048567855186,8.496240601503759,0.018241817105143537,9.389312977099237,,,9.187657644480568,3,True
3178.TWO,2025,Semiconductor,Semiconductor,7635.6528,190.728009142172,,,1.9117647058823528,,,1,1.9117647058823528,1.9117647058823528,False,72947.0,253.916,,7181.5299,1.9117647058823528,1822.1148141903495,1.945945945945946,6.3424692606955295,1.4973262032085566,,,1.7850122850122851,3,True
3188.TWO,2025,Building Material and Construction,Building Material and Construction,262.426,4.106934631686257,,,6.551724137931034,,,1,6.551724137931034,6.551724137931034,False,,,,,6.551724137931034,,,,,,,6.551724137931034,1,False
3189.TW,2025,Semiconductor,Semiconductor,289937.6021,247.87725829948698,,,1.421568627450981,,,1,1.421568627450981,1.421568627450981,True,7790000.0,14909.26,0.92,171252.1013,1.421568627450981,6659.928992194019,0.5405405405405406,12.746420144564647,0.5882352941176472,0.92,4.216867469879518,1.6918029829971717,4,True
3191.TWO,2025,Electronic Parts and Components,Electronic Parts and Components,3.476,0.6316357328018217,,,9.855769230769232,,,1,9.855769230769232,9.855769230769232,False,2022.3,5.0664,,2.2693,9.855769230769232,367.4789822914626,5.291005291005291,0.9206327032989498,7.379679144385028,,,7.50881788871985,3,True
3205.TWO,2025,Biotechnology and Medical Care,Biotechnology and Medical Care,66.25,4.948420881869289,,,8.903225806451614,,,1,8.903225806451614,8.903225806451614,False,762.0,0.0,,,8.903225806451614,56.916176784670164,7.593984962406015,0.0,9.885496183206108,,,8.794235650687911,3,False
3206.TWO,2025,Electronic Parts and Components,Electronic Parts and Components,1153.8000000000002,11.063740655821857,,,7.884615384615384,,,1,7.884615384615384,7.884615384615384,True,36756.86,16.805,,9045.38,7.884615384615384,352.46001591467507,5.44973544973545,0.16114245252304235,8.93048128342246,,,7.421610705924432,3,True
3207.TWO,2025,Electronic Parts and Components,Electronic Parts and Components,372.45,6.572923749915208,,,8.701923076923077,,,1,8.701923076923077,8.701923076923077,False,2087.2,,,,8.701923076923077,36.83449174606798,7.98941798941799,,,,,8.345670533170534,2,False
3209.TW,2025,Electronic Products Distribution,Electronic Products Distribution,1101.9292,0.72417770672724,,,6.486486486486487,,,1,6.486486486486487,6.486486486486487,True,1450.0,35.37,,11479.0391,6.486486486486487,0.952926626097664,8.709677419354838,0.02324483776901681,5.862068965517242,,,7.019410957119522,3,True
3211.TWO,2025,Computer and Peripheral Equipment,Computer and Peripheral Equipment,9651.09,25.55212416929812,,,2.592592592592593,,,1,2.592592592592593,2.592592592592593,True,103.82,512.3,54.05,77870.85,2.592592592592593,0.27487273782096433,9.263157894736842,1.3563600807713354,2.783505154639175,54.05,7.884615384615384,5.630967756645998,4,True
3213.TWO,2025,Computer and Peripheral Equipment,Computer and Peripheral Equipment,462.15000000000003,4.666535715384488,,,7.314814814814814,,,1,7.314814814814814,7.314814814814814,False,3000.0,8.96,,,7.314814814814814,30.292344793148253,6.947368421052631,0.09047313644886945,7.628865979381443,,,7.297016405082963,3,False
3217.TWO,2025,Electronic Parts and Components,Electronic Parts and Components,449.8283,3.547416778243472,,,9.038461538461538,,,1,9.038461538461538,9.038461538461538,False,2589.6,4.65,,,9.038461538461538,20.42199321149713,8.465608465608465,0.036670631925186,9.732620320855615,,,9.078896774975206,3,False
3218.TWO,2025,Biotechnology and Medical Care,Biotechnology and Medical Care,595.23,4.457757942491165,,,8.96774193548387,,,1,8.96774193548387,8.96774193548387,False,3675.82,0.1,,83.37,8.96774193548387,27.528712934777943,8.195488721804512,0.0007489135195623819,9.694656488549619,,,8.952629048612666,3,True
3219.TWO,2025,Other Electronic,Other Electronic,1110.7674,19.250255247107145,,,4.239130434782608,,,1,4.239130434782608,4.239130434782608,False,4268.6625,,,2385.1725,4.239130434782608,73.97844291140927,5.526315789473683,,,,,4.882723112128145,2,True
3221.TWO,2025,Communications and Internet,Communications and Internet,6994.0575,102.00386394431327,,,1.348314606741573,,,1,1.348314606741573,1.348314606741573,False,,79.897,,2130.6944,1.348314606741573,,,1.1652467423321582,3.7037037037037033,,,2.526009155222638,2,True
3224.TWO,2025,Electronic Products Distribution,Electronic Products Distribution,512.0999,10.776853225585825,,,2.1621621621621623,,,1,2.1621621621621623,2.1621621621621623,False,932.0,3.75,,,2.1621621621621623,19.613413723076274,3.870967741935484,0.07891663246945926,4.482758620689655,,,3.5052961749291,3,False
3226.TWO,2025,Electric Machinery,Electric Machinery,2494.3219,45.07728349086999,,,4.848484848484849,,,1,4.848484848484849,4.848484848484849,False,3.192,,,,4.848484848484849,0.057685693615911006,9.89247311827957,,,,,7.37047898338221,2,False
3227.TWO,2025,Semiconductor,Semiconductor,1843.7604,6.4564430889638125,,,7.352941176470589,,,1,7.352941176470589,7.352941176470589,True,12547.0,1.4434,,1652.6849,7.352941176470589,43.93683226802624,6.594594594594594,0.0050544690918681015,9.411764705882353,,,7.7864334923158465,3,True
3228.TWO,2025,Semiconductor,Semiconductor,107.1378,10.96655918931368,,,6.2254901960784315,,,1,6.2254901960784315,6.2254901960784315,True,1489.0,4.9,,,6.2254901960784315,152.4131224730027,4.324324324324325,0.5015609806028968,5.080213903743315,,,5.210009474715357,3,False
3229.TW,2025,Electronic Parts and Components,Electronic Parts and Components,4495.740000000001,150.1150720609043,,,2.9326923076923075,,,1,2.9326923076923075,2.9326923076923075,False,58251.688,472.969,,10693.6016,2.9326923076923075,1945.0538380309615,2.592592592592593,15.792678294913372,1.8181818181818177,,,2.447822239488906,3,True
3230.TWO,2025,Optoelectronic,Optoelectronic,59.7154,4.706139874520525,,,9.298245614035087,,,1,9.298245614035087,9.298245614035087,True,315.2108,19.7958,,1368.3882,9.298245614035087,24.84160057136876,8.83495145631068,1.5600967878978185,6.153846153846154,,,8.09568107473064,3,True
3231.TW,2025,Computer and Peripheral Equipment,Computer and Peripheral Equipment,271891.62200000003,4.595633015436729,,,7.4074074074074066,,,1,7.4074074074074066,7.4074074074074066,True,2561570.0,49510.48,76.71,54272282.011,7.4074074074074066,43.29679442403805,6.210526315789473,0.8368481339160934,4.123711340206185,76.71,9.038461538461538,6.695026650466151,4,True
3232.TWO,2025,Electronic Products Distribution,Electronic Products Distribution,215.87,7.329895375734811,,,2.7027027027027026,,,1,2.7027027027027026,2.7027027027027026,False,963.0,16.1522,,,2.7027027027027026,32.69879671484052,3.225806451612904,0.5484501602258017,1.3793103448275867,,,2.435939833047731,3,False
3234.TWO,2025,Communications and Internet,Communications and Internet,8554.5893,396.90369171792037,,,0.33707865168539297,,,1,0.33707865168539297,0.33707865168539297,False,,,,11339.4737,0.33707865168539297,,,,,,,0.33707865168539297,1,True
3236.TWO,2025,Electronic Parts and Components,Electronic Parts and Components,4430.3847000000005,70.18502435296993,,,4.5673076923076925,,,1,4.5673076923076925,4.5673076923076925,False,35939.0,190.05,34.81,1248.7989,4.5673076923076925,569.3364709889382,4.391534391534392,3.01072362368034,5.401069518716577,34.81,8.023255813953488,5.595791854128038,4,True
3252.TWO,2025,Tourism,Tourism,1656.8879000000002,106.05365809262922,,,5.2,,,1,5.2,5.2,False,0.0754,827.65,0.0,56.04,5.2,0.004826183968260159,9.761904761904761,52.97601009722176,0.0,0.0,3.333333333333333,4.5738095238095235,4,True
3257.TW,2025,Semiconductor,Semiconductor,540.0454000000001,16.13829656296255,,,5.294117647058823,,,1,5.294117647058823,5.294117647058823,False,1870.544,23.6201,,,5.294117647058823,55.89788155971742,6.216216216216216,0.7058446912923093,4.598930481283422,,,5.369754781519487,3,False
3259.TWO,2025,Semiconductor,Semiconductor,236.2023,33.63312731107581,,,4.117647058823529,,,1,4.117647058823529,4.117647058823529,False,1.094,35.3723,0.0,,4.117647058823529,0.15577596525654888,9.405405405405405,5.036703999857609,1.9251336898395721,0.0,1.2650602409638554,4.178311598758091,4,False
3260.TWO,2025,Semiconductor,Semiconductor,1754.2789,1.1721406493407314,,,9.705882352941176,,,1,9.705882352941176,9.705882352941176,True,14972.32,156.92,0.0,144972.7415,9.705882352941176,10.003919494749221,8.486486486486486,0.10484781564353739,7.272727272727273,0.0,1.2650602409638554,6.682539088279698,4,True
3264.TWO,2025,Semiconductor,Semiconductor,92802.0,219.46728819149027,,,1.6666666666666663,,,1,1.6666666666666663,1.6666666666666663,True,437372.0,709.0,16.1,133287.0,1.6666666666666663,1034.3402811457563,2.7027027027027026,1.6767128653236631,3.689839572192514,16.1,8.55421686746988,4.15335645225794,4,True
3265.TWO,2025,Semiconductor,Semiconductor,31492.6719,221.0926979651448,,,1.6176470588235292,,,1,1.6176470588235292,1.6176470588235292,False,426654.0,1577.57,4.98,40739.9011,1.6176470588235292,2995.302661430289,1.567567567567567,11.075249779897952,0.7486631016042777,4.98,6.385542168674698,2.5798549741675183,4,True
3266.TW,2025,Building Material and Construction,Building Material and Construction,130.2859,3.5623291794246734,,,6.781609195402298,,,1,6.781609195402298,6.781609195402298,False,1307.0,1.717,,,6.781609195402298,35.736516672241954,5.27027027027027,0.046946900632164834,8.125,,,6.725626488557523,3,False
3268.TWO,2025,Semiconductor,Semiconductor,62.379999999999995,2.0721133135065837,,,9.46078431372549,,,1,9.46078431372549,9.46078431372549,False,,,,,9.46078431372549,,,,,,,9.46078431372549,1,False
3272.TWO,2025,Computer and Peripheral Equipment,Computer and Peripheral Equipment,2529.0238,27.46112115229211,,,2.5,,,1,2.5,2.5,True,31572.0,1886.9,18.83,10356.073,2.5,342.8210193277606,2.210526315789474,20.488691922258695,0.5154639175257736,18.83,5.576923076923077,2.700728327559581,4,True
3276.TWO,2025,Electronic Parts and Components,Electronic Parts and Components,356.1,22.18607354276853,,,7.163461538461538,,,1,7.163461538461538,7.163461538461538,False,20.51,9.7,,6058.66,7.163461538461538,1.2778331040780189,9.417989417989418,0.6043384256244164,7.967914438502674,,,8.183121798317877,3,True
3284.TWO,2025,Other,Other,3404.5126,129.42231345805794,,,2.197802197802198,,,1,2.197802197802198,2.197802197802198,False,,,,35628.7895,2.197802197802198,,,,,,,2.197802197802198,1,True
3285.TWO,2025,Other Electronic,Other Electronic,96.8904,4.8155439690238895,,,8.043478260869566,,,1,8.043478260869566,8.043478260869566,False,1298.0,1.059,,,8.043478260869566,64.51182028140052,6.052631578947368,0.05263329559168192,9.135802469135804,,,7.743970769650912,3,False
3287.TWO,2025,Computer and Peripheral Equipment,Computer and Peripheral Equipment,69.4816,2.621016832468664,,,7.962962962962963,,,1,7.962962962962963,7.962962962962963,False,549.3718,1.9479,,,7.962962962962963,20.723655400618412,7.473684210526316,0.07347957859297584,7.938144329896907,,,7.791597167795395,3,False
3288.TWO,2025,Electronic Parts and Components,Electronic Parts and Components,198.12890000000002,90.23996811773665,,,3.846153846153846,,,1,3.846153846153846,3.846153846153846,False,667.4923,0.3259,,,3.846153846153846,304.01664709608093,5.925925925925926,0.14843470896759825,9.037433155080215,,,6.269837642386662,3,False
3289.TWO,2025,Other Electronic,Other Electronic,24566.0029,166.19691924150592,,,0.4347826086956519,,,1,0.4347826086956519,0.4347826086956519,True,89842.0,64.93,0.4,554.6604,0.4347826086956519,607.810056820248,1.1842105263157898,0.43927235579504803,6.049382716049383,0.4,3.0434782608695654,2.6779635279825973,4,True
3290.TWO,2025,Electronic Parts and Components,Electronic Parts and Components,539.4149,8.1740792883868,,,8.365384615384615,,,1,8.365384615384615,8.365384615384615,False,1771.0,8.65,,5.8797,8.365384615384615,26.837031049259156,8.306878306878307,0.13107866661552328,9.144385026737968,,,8.605549316333631,3,True
3293.TWO,2025,Cultural and Creative,Cultural and Creative,1888.4542999999999,2.7699806442276853,,,8.8,,,1,8.8,8.8,False,14580.67,55.65,,,8.8,21.386894922408917,6.5,0.0816272985008272,9.444444444444445,,,8.248148148148148,3,False
3294.TWO,2025,Electronic Parts and Components,Electronic Parts and Components,27178.128,250.31843022126282,,,1.7307692307692313,,,1,1.7307692307692313,1.7307692307692313,False,158272.0,428.0179,,,1.7307692307692313,1457.7309588055405,3.068783068783069,3.942168821730527,4.759358288770054,,,3.1863035294407847,3,False
3296.TW,2025,Electronic Parts and Components,Electronic Parts and Components,2154.09,42.915021497704544,,,5.961538461538462,,,1,5.961538461538462,5.961538461538462,False,15319.0,222.735,,,5.961538461538462,305.19394005047883,5.8730158730158735,4.437454940736562,4.385026737967914,,,5.406527024174083,3,False
3297.TWO,2025,Optoelectronic,Optoelectronic,429.3454,66.33762481410665,,,5.526315789473683,,,1,5.526315789473683,5.526315789473683,False,1.6,54.89,,,5.526315789473683,0.24721401394441547,9.611650485436893,8.480985765880604,1.6346153846153844,,,5.590860553175321,3,False
3303.TWO,2025,Other Electronic,Other Electronic,32884.1676,341.9435086783782,,,0.21739130434782594,,,1,0.21739130434782594,0.21739130434782594,True,46625.4,1777.228,0.9,67494.3066,0.21739130434782594,484.8306657314584,1.578947368421053,18.48036980694189,0.3703703703703709,0.9,3.9130434782608696,1.51993813035003,4,True
3305.TW,2025,Other Electronic,Other Electronic,1544.5112,4.931879644808252,,,7.826086956521739,,,1,7.826086956521739,7.826086956521739,False,18052.7636,56.3252,,28428.1966,7.826086956521739,57.64545917917289,6.447368421052632,0.17985567690914367,7.530864197530864,,,7.268106525035079,3,True
3306.TWO,2025,Communications and Internet,Communications and Internet,292.38000000000005,8.991850674016872,,,7.52808988764045,,,1,7.52808988764045,7.52808988764045,True,2363.0,42.9472,,195.3986,7.52808988764045,72.67167091696376,7.215189873417723,1.3207976238700914,3.2098765432098766,,,5.984385434756017,3,True
3308.TW,2025,Electronic Parts and Components,Electronic Parts and Components,284.32300000000004,1378.2225251836705,,,0.048076923076922906,,,1,0.048076923076922906,0.048076923076922906,False,,,,,0.048076923076922906,,,,,,,0.048076923076922906,1,False
3310.TWO,2025,Electronic Parts and Components,Electronic Parts and Components,984.7241,10.177676769193825,,,8.076923076923077,,,1,8.076923076923077,8.076923076923077,True,6289.0179,28.091,,1487.0133,8.076923076923077,65.00053302430004,7.4603174603174605,0.2903362658874945,8.609625668449198,,,8.048955401896578,3,True
3311.TW,2025,Communications and Internet,Communications and Internet,1928.5862,25.835440971866824,,,4.269662921348315,,,1,4.269662921348315,4.269662921348315,True,39655.0,48.0,,465.9751,4.269662921348315,531.2204410357074,2.5316455696202533,0.6430104947601551,4.938271604938271,,,3.91319336530228,3,True
3312.TW,2025,Electronic Products Distribution,Electronic Products Distribution,227.54559999999998,0.3364804680577438,,,8.378378378378379,,,1,8.378378378378379,8.378378378378379,False,1936.0,0.38,0.0,,8.378378378378379,2.862837981309206,7.096774193548388,0.0005619206781495343,8.96551724137931,0.0,1.6666666666666665,6.526834119993186,4,False
3313.TWO,2025,Building Material and Construction,Building Material and Construction,389.5599,1394.3978523489934,,,0.34482758620689613,,,1,0.34482758620689613,0.34482758620689613,False,329.16,170.93,,,0.34482758620689613,1178.2013422818793,1.4864864864864868,611.8299776286354,1.25,,,1.0271046908977943,3,False
3317.TWO,2025,Semiconductor,Semiconductor,393.4877,4.72828552797866,,,8.333333333333334,,,1,8.333333333333334,8.333333333333334,True,2055.9053,10.7647,,1891.9468,8.333333333333334,24.704475583060475,7.513513513513513,0.12935239201385934,7.0588235294117645,,,7.635223458752871,3,True
3321.TW,2025,Electronic Parts and Components,Electronic Parts and Components,9667.0265,146.4344258938814,,,3.076923076923077,,,1,3.076923076923077,3.076923076923077,False,274735.0,508.746,,,3.076923076923077,4161.637707102128,1.1111111111111116,7.7063953880553235,2.994652406417112,,,2.3942288648171,3,False
3322.TWO,2025,Electronic Parts and Components,Electronic Parts and Components,6139.3982,64.97665248139691,,,4.759615384615384,,,1,4.759615384615384,4.759615384615384,True,673.93,18.45,,,4.759615384615384,7.132574558657528,8.941798941798941,0.19526657161312214,8.770053475935828,,,7.490489267450052,3,False
3323.TWO,2025,Computer and Peripheral Equipment,Computer and Peripheral Equipment,1005.1133,6.251867350173763,,,6.574074074074074,,,1,6.574074074074074,6.574074074074074,True,47909.0,81.92,,597.5434,6.574074074074074,297.99696499834874,2.421052631578947,0.5095475040736549,5.257731958762887,,,4.750952888138635,3,True
3324.TWO,2025,Other Electronic,Other Electronic,41336.3531,66.08234520300702,,,1.8478260869565222,,,1,1.8478260869565222,1.8478260869565222,True,528606.0,3141.63,7.84,318253.9319,1.8478260869565222,845.0557813814671,0.7894736842105265,5.022365607771116,1.2345679012345678,7.84,6.521739130434783,2.5984017007091,4,True
3325.TWO,2025,Computer and Peripheral Equipment,Computer and Peripheral Equipment,11331.689999999999,285.59733284816747,,,0.2777777777777779,,,1,0.2777777777777779,0.2777777777777779,False,122.453,2222.19,,10582.89,0.2777777777777779,3.0862342862588594,8.631578947368421,56.006786020608516,0.10309278350515427,,,3.004149836217118,3,True
3332.TWO,2025,Electronic Parts and Components,Electronic Parts and Components,1768.7619,33.95363128944046,,,6.346153846153846,,,1,6.346153846153846,6.346153846153846,True,8.3774,18.176,,7138.7677,6.346153846153846,0.16081483367781638,9.894179894179894,0.34891140651371433,8.502673796791445,,,8.247669179041727,3,True
3338.TW,2025,Electronic Parts and Components,Electronic Parts and Components,41137.215000000004,352.3526891770846,,,1.0576923076923073,,,1,1.0576923076923073,1.0576923076923073,True,78331.0,888.247,31.6889,33112.8494,1.0576923076923073,670.9287076417354,4.074074074074074,7.608104221529771,3.048128342245989,31.6889,7.906976744186046,4.021717867049604,4,True
3339.TWO,2025,Optoelectronic,Optoelectronic,9440.78,363.57865764534637,,,0.7894736842105265,,,1,0.7894736842105265,0.7894736842105265,False,121519.1593,271.358,,,0.7894736842105265,4679.8858586350925,1.0679611650485432,10.4504053035158,1.25,,,1.03581161641969,3,False
3346.TW,2025,Automobile,Automobile,2329.6800000000003,8.672376959601426,,,8.333333333333334,,,1,8.333333333333334,8.333333333333334,False,10486.0,158.0,23.79,,8.333333333333334,39.034779368145216,8.68421052631579,0.5881647091519115,7.631578947368421,23.79,8.666666666666668,8.328947368421053,4,False
3349.TWO,2025,Computer and Peripheral Equipment,Computer and Peripheral Equipment,329.99899999999997,20.300935364586483,,,3.6111111111111116,,,1,3.6111111111111116,3.6111111111111116,False,5870.0,20.17,,,3.6111111111111116,361.1116718236197,2.1052631578947367,1.2408215367431703,3.0927835051546393,,,2.9363859247201627,3,False
3354.TWO,2025,Electronic Parts and Components,Electronic Parts and Components,1175.9748,379.55523548723846,,,0.8653846153846156,,,1,0.8653846153846156,0.8653846153846156,False,13873.1773,53.783,,,0.8653846153846156,4477.678498772007,1.0582010582010581,17.35889172983141,1.7112299465240643,,,1.2116052067032461,3,False
3356.TW,2025,Optoelectronic,Optoelectronic,531.8471000000001,17.299268859174333,,,7.982456140350878,,,1,7.982456140350878,7.982456140350878,False,4602.0,18.7484,,,7.982456140350878,149.68820040556818,7.184466019417476,0.6098249144901683,7.5,,,7.555640719922785,3,False
3357.TWO,2025,Electronic Parts and Components,Electronic Parts and Components,8756.1773,44.06665185184486,,,5.865384615384616,,,1,5.865384615384616,5.865384615384616,True,65252.0,525.183,,2155.1684,5.865384615384616,328.38955495300223,5.555555555555555,2.643054797383721,5.775401069518717,,,5.732113746819628,3,True
3360.TWO,2025,Electronic Products Distribution,Electronic Products Distribution,134.65730000000002,0.6540315555242887,,,7.027027027027026,,,1,7.027027027027026,7.027027027027026,False,877.0,0.0,,,7.027027027027026,4.2595958347211855,5.806451612903225,0.0,9.827586206896552,,,7.553688282275601,3,False
3362.TWO,2025,Optoelectronic,Optoelectronic,17802.380400000002,132.30180816550194,,,3.333333333333334,,,1,3.333333333333334,3.333333333333334,False,91319.0,304.208,0.0,,3.333333333333334,678.654682598821,5.242718446601941,2.260780162770312,5.384615384615384,0.0,1.0465116279069768,3.7517946981144092,4,False
3363.TWO,2025,Communications and Internet,Communications and Internet,2999.2727999999997,48.234408517849545,,,2.808988764044944,,,1,2.808988764044944,2.808988764044944,False,13400.0,43.07,,340.1533,2.808988764044944,215.49926173410566,4.30379746835443,0.6926532240961143,4.6913580246913575,,,3.9347147523635773,3,True
3372.TWO,2025,Semiconductor,Semiconductor,18058.6047,541.5899096343198,,,0.39215686274509776,,,1,0.39215686274509776,0.39215686274509776,False,382850.0,262.07,1.65,4649.1391,0.39215686274509776,11481.933424430035,0.10810810810810811,7.859658593549378,1.2299465240641716,1.65,5.301204819277109,1.7578540785486214,4,True
3373.TWO,2025,Other Electronic,Other Electronic,150.4707,12.062882503034471,,,5.978260869565217,,,1,5.978260869565217,5.978260869565217,False,1934.0,,,,5.978260869565217,155.0442362590768,4.473684210526315,,,,,5.225972540045766,2,False
3374.TWO,2025,Semiconductor,Semiconductor,129976.0,629.5661147939709,,,0.14705882352941124,,,1,0.14705882352941124,0.14705882352941124,True,1900889.0,1145.07,1.18,38506.0,0.14705882352941124,9207.355991756913,0.27027027027026973,5.546387572068168,1.7112299465240643,1.18,4.578313253012048,1.6767180733339484,4,True
3376.TW,2025,Electronic Parts and Components,Electronic Parts and Components,26856.7882,75.66668571942749,,,4.230769230769232,,,1,4.230769230769232,4.230769230769232,True,354400.0,2073.23,1.0,47034.8328,4.230769230769232,998.4914509980425,3.544973544973545,5.841146814200541,3.743315508021391,1.0,3.1395348837209305,3.6646482918712744,4,True
3379.TWO,2025,Electric Machinery,Electric Machinery,111.0569,3.0279041314145982,,,9.696969696969697,,,1,9.696969696969697,9.696969696969697,True,,,,149.7743,9.696969696969697,,,,,,,9.696969696969697,1,True
3380.TW,2025,Communications and Internet,Communications and Internet,18717.935999999998,28.964110455836103,,,3.820224719101124,,,1,3.820224719101124,3.820224719101124,True,173292.0,1553.184,9.96,3118600.2298,3.820224719101124,268.1518212858913,3.924050632911392,2.403394954135827,1.8518518518518523,9.96,5.555555555555555,3.787920689854981,4,True
3388.TWO,2025,Electronic Parts and Components,Electronic Parts and Components,407.1682,1.7676301860970043,,,9.326923076923077,,,1,9.326923076923077,9.326923076923077,True,1338.0,37.941,8.59,654.2474,9.326923076923077,5.808629428815393,9.047619047619047,0.1647124134220365,8.877005347593583,8.59,5.813953488372094,8.26637524012695,4,True
3390.TWO,2025,Electronic Parts and Components,Electronic Parts and Components,4157.2357999999995,174.88985945081828,,,2.596153846153846,,,1,2.596153846153846,2.596153846153846,True,163.261,2694114.921,,3419.3272,2.596153846153846,6.868191923056192,8.994708994708995,113338.14162719432,0.0,,,3.86362094695428,3,True
3402.TWO,2025,Other Electronic,Other Electronic,556.6829,3.4833413211894455,,,8.58695652173913,,,1,8.58695652173913,8.58695652173913,False,3950.404,60.7996,,,8.58695652173913,24.718929732873185,7.763157894736842,0.3804423649294595,6.5432098765432105,,,7.631108097673061,3,False
3406.TW,2025,Optoelectronic,Optoelectronic,7894.0613,11.098331030168982,,,8.771929824561404,,,1,8.771929824561404,8.771929824561404,False,66861.62,13.837,,,8.771929824561404,94.00134655318257,7.864077669902913,0.019453561434143944,9.807692307692307,,,8.814566600718875,3,False
3413.TW,2025,Semiconductor,Semiconductor,30908.025999999998,48.64410059287554,,,3.5784313725490193,,,1,3.5784313725490193,3.5784313725490193,True,592.95,4776.26,,14524.3928,3.5784313725490193,0.9332048396279191,9.08108108108108,7.517040133773918,1.336898395721925,,,4.665470283117341,3,True
3416.TW,2025,Computer and Peripheral Equipment,Computer and Peripheral Equipment,944.1424000000001,8.529643734707898,,,6.111111111111112,,,1,6.111111111111112,6.111111111111112,True,2611.5714,50.591,0.0576,1444.4862,6.111111111111112,23.59365878468368,7.2631578947368425,0.4570530951502732,5.463917525773196,0.0576,1.9230769230769231,5.190315863674518,4,True
3419.TW,2025,Communications and Internet,Communications and Internet,762.5534,13.634757031954782,,,6.2921348314606735,,,1,6.2921348314606735,6.2921348314606735,True,10440.0,31.56,,1653.8534,6.2921348314606735,186.67133792021377,4.556962025316455,0.5643053088852439,5.3086419753086425,,,5.38591294402859,3,True
3430.TWO,2025,Chemical,Chemical,4321.3108,85.82019135498481,,,6.097560975609756,,,1,6.097560975609756,6.097560975609756,True,41964.0,319.89,0.0,8578.756,6.097560975609756,833.3949296173241,4.25,6.352938328931603,5.365853658536586,0.0,1.5217391304347827,4.308788441145281,4,True
3432.TW,2025,Electronic Parts and Components,Electronic Parts and Components,202.6552,49.998969946492736,,,5.528846153846154,,,1,5.528846153846154,5.528846153846154,False,,,,3089.6505,5.528846153846154,,,,,,,5.528846153846154,1,True
3434.TWO,2025,Optoelectronic,Optoelectronic,153.1747,6.723565790349053,,,9.12280701754386,,,1,9.12280701754386,9.12280701754386,False,1975.0,4.925,,,9.12280701754386,86.69213934115346,7.961165048543689,0.21618166392667382,8.75,,,8.611324022029182,3,False
3437.TW,2025,Optoelectronic,Optoelectronic,6482.5405,125.92588302818776,,,3.7719298245614032,,,1,3.7719298245614032,3.7719298245614032,True,44429.0,58.84,,1646.8449,3.7719298245614032,863.0506908609909,4.271844660194175,1.1429899986553986,6.923076923076923,,,4.9889504692775,3,True
3438.TWO,2025,Semiconductor,Semiconductor,808.07,23.82616587770522,,,4.754901960784314,,,1,4.754901960784314,4.754901960784314,False,3441.0,0.0578,,,4.754901960784314,101.45883003351648,5.135135135135135,0.0017042488741462517,9.786096256684493,,,6.558711117534647,3,False
3441.TWO,2025,Optoelectronic,Optoelectronic,29.3831,2.293250799062953,,,9.649122807017545,,,1,9.649122807017545,9.649122807017545,False,678.0,0.76,,,9.649122807017545,52.91558895299278,8.349514563106796,0.05931540944583261,9.615384615384615,,,9.204673995169651,3,False
3443.TW,2025,Semiconductor,Semiconductor,8348.2771,9.824076595363792,,,6.323529411764706,,,1,6.323529411764706,6.323529411764706,True,16680.0,2.197,36.0,108958.479,6.323529411764706,19.628672556960055,7.837837837837838,0.002585383309810626,9.732620320855615,36.0,10.0,8.47349689261454,4,True
3444.TWO,2025,Electronic Products Distribution,Electronic Products Distribution,512.6850000000001,13.211078323491009,,,1.6216216216216217,,,1,1.6216216216216217,1.6216216216216217,False,4066.0,1648.0,0.0,,1.6216216216216217,104.77436332897284,0.9677419354838712,42.46634303151678,0.0,0.0,1.6666666666666665,1.0640075559430398,4,False
3447.TW,2025,Communications and Internet,Communications and Internet,2612.4273000000003,25.349704846628505,,,4.49438202247191,,,1,4.49438202247191,4.49438202247191,True,136878.42,291.8,27.19,265115.2355,4.49438202247191,1328.2006151416547,0.7594936708860756,2.831483147586996,1.6049382716049387,27.19,8.148148148148147,3.751740528277768,4,True
3450.TW,2025,Semiconductor,Semiconductor,41409.5821,151.8586724608981,,,2.2058823529411766,,,1,2.2058823529411766,2.2058823529411766,True,,,,5145.2562,2.2058823529411766,,,,,,,2.2058823529411766,1,True
3455.TWO,2025,Optoelectronic,Optoelectronic,902.85,17.9431284212566,,,7.807017543859649,,,1,7.807017543859649,7.807017543859649,False,8833.0,,,,7.807017543859649,175.54594156832204,6.990291262135923,,,,,7.398654402997786,2,False
3465.TWO,2025,Other Electronic,Other Electronic,5315.0289,95.0678907820756,,,1.3043478260869568,,,1,1.3043478260869568,1.3043478260869568,False,155416.0,343.171,7.9972,3386.4194,1.3043478260869568,2779.866599368267,0.3947368421052633,6.138168533302926,0.9876543209876543,7.9972,6.956521739130435,2.4108151820775774,4,True
3466.TWO,2025,Communications and Internet,Communications and Internet,46.840999999999994,17.278325321898304,,,5.280898876404494,,,1,5.280898876404494,5.280898876404494,False,,1.096,,,5.280898876404494,,,0.4042835241092322,5.925925925925926,,,5.60341240116521,2,False
3467.TWO,2025,Semiconductor,Semiconductor,3274.1709,170.0916321486406,,,2.0588235294117654,,,1,2.0588235294117654,2.0588235294117654,False,13162.0,176.19,,,2.0588235294117654,683.7596847313033,3.027027027027027,9.15298730077559,0.9625668449197866,,,2.016139133786193,3,False
3479.TWO,2025,Computer and Peripheral Equipment,Computer and Peripheral Equipment,887.4228999999999,3.4194319721667767,,,7.87037037037037,,,1,7.87037037037037,7.87037037037037,True,,3.2225,0.0,2998.3809,7.87037037037037,,,0.012416988033898426,9.072164948453608,0.0,0.8653846153846154,5.935973311402865,3,True
3481.TW,2025,Optoelectronic,Optoelectronic,2135465.668,303.4662913777757,,,1.1403508771929827,,,1,1.1403508771929827,1.1403508771929827,True,14541200.0,65560.8871,5.2,2937761.433,1.1403508771929827,2066.4176916107235,2.4271844660194173,9.31671230580236,1.4423076923076927,5.2,6.046511627906977,2.764088665856767,4,True
3483.TWO,2025,Computer and Peripheral Equipment,Computer and Peripheral Equipment,23310.5212,83.2049518510853,,,0.8333333333333337,,,1,0.8333333333333337,0.8333333333333337,False,117782.7,2195.2303,,,0.8333333333333337,420.4154766986001,1.6842105263157892,7.8356905813647595,1.030927835051546,,,1.1828238982335562,3,False
3484.TWO,2025,Electronic Parts and Components,Electronic Parts and Components,8021.1416,54.497467281544324,,,5.240384615384616,,,1,5.240384615384616,5.240384615384616,False,104910.0,417.49,0.0,,5.240384615384616,712.782491273663,3.9682539682539684,2.8365223742430805,5.614973262032086,0.0,1.0465116279069768,3.967530868394412,4,False
3485.TWO,2025,Electronic Parts and Components,Electronic Parts and Components,167.899,9.560689331799427,,,8.221153846153847,,,1,8.221153846153847,8.221153846153847,True,2610.4643,21.428,48.0,33.5071,8.221153846153847,148.64792633698391,6.71957671957672,1.2201767193479303,6.6310160427807485,48.0,8.953488372093023,7.631308745151085,4,True
3489.TWO,2025,Building Material and Construction,Building Material and Construction,38.759100000000004,2.1260762019366752,,,7.35632183908046,,,1,7.35632183908046,7.35632183908046,False,224.0,0.3693,,222.7604,7.35632183908046,12.287206597516846,6.486486486486487,0.020257434805638266,9.0625,,,7.635102775188982,3,True
3490.TWO,2025,Optoelectronic,Optoelectronic,806.9696,104.48934774647915,,,4.385964912280702,,,1,4.385964912280702,4.385964912280702,False,874.0,2.84,,11.1,4.385964912280702,113.16868681350918,7.669902912621359,0.36773349033222663,8.076923076923077,,,6.710930300608379,3,True
3491.TWO,2025,Communications and Internet,Communications and Internet,1778.5400000000002,26.598526766759417,,,4.157303370786517,,,1,4.157303370786517,4.157303370786517,False,14527.0,69.8,4.38,5024.93,4.157303370786517,217.255050963551,4.177215189873418,1.0438770948754637,3.950617283950617,4.38,3.7037037037037033,3.9972098870785633,4,True
3492.TWO,2025,Electronic Parts and Components,Electronic Parts and Components,2517.9501,95.10132003852472,,,3.653846153846154,,,1,3.653846153846154,3.653846153846154,False,11653.0,75.331,,,3.653846153846154,440.1261496043661,4.920634920634921,2.8452023492531113,5.561497326203209,,,4.711992800228095,3,False
3494.TW,2025,Computer and Peripheral Equipment,Computer and Peripheral Equipment,3971.9846000000002,131.3818928497042,,,0.5555555555555558,,,1,0.5555555555555558,0.5555555555555558,False,24369.0,,23.1645,72.96,0.5555555555555558,806.0568378977202,1.0526315789473684,,,23.1645,6.346153846153846,2.651446993552257,3,True
3498.TWO,2025,Other Electronic,Other Electronic,874.2866,25.529679154022585,,,3.586956521739131,,,1,3.586956521739131,3.586956521739131,False,11583.4774,55.07,,,3.586956521739131,338.2443028520301,2.3684210526315788,1.6080761514725535,3.08641975308642,,,3.0139324424857095,3,False
3499.TWO,2025,Communications and Internet,Communications and Internet,224.0416,21.023167815424582,,,4.606741573033708,,,1,4.606741573033708,4.606741573033708,False,,0.3,,133.1812,4.606741573033708,,,0.028150800318455925,9.135802469135804,,,6.871272021084756,2,True
3501.TW,2025,Electronic Parts and Components,Electronic Parts and Components,12980.0,72.41934595232067,,,4.423076923076923,,,1,4.423076923076923,4.423076923076923,False,87717.0,121.0,,1609.0,4.423076923076923,489.3996740292536,4.814814814814815,0.6750955978606165,7.754010695187166,,,5.663967477692968,3,True
3504.TW,2025,Optoelectronic,Optoelectronic,10853.88,130.57839233953283,,,3.421052631578947,,,1,3.421052631578947,3.421052631578947,True,59151.0,289.56,,4239.9361,3.421052631578947,711.6204053551087,5.048543689320388,3.4835726289433024,3.9423076923076925,,,4.137301337735676,3,True
3508.TWO,2025,Other Electronic,Other Electronic,3942.3273,141.0577148789647,,,0.8695652173913049,,,1,0.8695652173913049,0.8695652173913049,False,,,,,0.8695652173913049,,,,,,,0.8695652173913049,1,False
3511.TWO,2025,Electronic Parts and Components,Electronic Parts and Components,2989.1579,57.13519182535885,,,5.144230769230768,,,1,5.144230769230768,5.144230769230768,True,47794.3,172.0243,,,5.144230769230768,913.5470891847998,3.650793650793651,3.2880970855113003,5.080213903743315,,,4.625079441255911,3,False
3512.TWO,2025,Building Material and Construction,Building Material and Construction,238.3226,6.667945990702343,,,5.517241379310345,,,1,5.517241379310345,5.517241379310345,True,9.828,18.6651,,10469.8339,5.517241379310345,0.2749742290350249,9.18918918918919,0.5222244080547053,6.71875,,,7.141726856166511,3,True
3515.TW,2025,Computer and Peripheral Equipment,Computer and Peripheral Equipment,2197.011,1.616041206637753,,,8.796296296296296,,,1,8.796296296296296,8.796296296296296,True,5834.0,5.5333,,585.859,8.796296296296296,4.2912777403138405,8.526315789473685,0.004070093781364171,9.587628865979381,,,8.970080317249788,3,True
3516.TWO,2025,Optoelectronic,Optoelectronic,434.00480000000005,15.187023811476532,,,8.508771929824562,,,1,8.508771929824562,8.508771929824562,True,3392.0,28.56,,112.1438,8.508771929824562,118.69542633751605,7.572815533980583,0.9993930943984253,7.307692307692308,,,7.796426590499149,3,True
3518.TW,2025,Other Electronic,Other Electronic,4422.147,440.68881497813817,,,0.0,,,1,0.0,0.0,False,35326.0,169.75,,,0.0,3520.4105783723858,0.2631578947368418,16.916426871955853,0.49382716049382713,,,0.25232835174355633,3,False
3520.TWO,2025,Electronic Parts and Components,Electronic Parts and Components,862.4253,23.77893804920857,,,7.019230769230768,,,1,7.019230769230768,7.019230769230768,True,8951.0,104.812,35.09,9726.5841,7.019230769230768,246.7985047266887,6.349206349206349,2.889894411508624,5.454545454545454,35.09,8.13953488372093,6.740629364175875,4,True
3521.TWO,2025,Building Material and Construction,Building Material and Construction,110.2423,11.732194619042868,,,4.137931034482759,,,1,4.137931034482759,4.137931034482759,False,,,,,4.137931034482759,,,,,,,4.137931034482759,1,False
3522.TWO,2025,Tourism,Tourism,5210.2891,148.58693502088497,,,3.1999999999999993,,,1,3.1999999999999993,3.1999999999999993,False,151.6073,431.714,0.0,1530.8062,3.1999999999999993,4.3235343762003176,9.047619047619047,12.311612433484033,4.0,0.0,3.333333333333333,4.895238095238095,4,True
3523.TWO,2025,Optoelectronic,Optoelectronic,1301.63,305.48980347719584,,,1.0526315789473684,,,1,1.0526315789473684,1.0526315789473684,False,22282.0,12.8452,,,1.0526315789473684,5229.538195246635,0.9708737864077666,3.0147412272498912,4.615384615384616,,,2.21296332691325,3,False
3526.TWO,2025,Electronic Parts and Components,Electronic Parts and Components,5113.7,44.77597156243783,,,5.769230769230768,,,1,5.769230769230768,5.769230769230768,False,62808.66,168.36,,,5.769230769230768,549.9577163374518,4.497354497354498,1.4741738021886373,6.310160427807487,,,5.525581898130919,3,False
3527.TWO,2025,Semiconductor,Semiconductor,527.0122,11.332716042538364,,,6.127450980392157,,,1,6.127450980392157,6.127450980392157,False,8695.0,2.581,0.0,265.3689,6.127450980392157,186.97473415201978,4.162162162162161,0.055501068297454055,7.967914438502674,0.0,1.2650602409638554,4.880646955505212,4,True
3528.TW,2025,Electronic Products Distribution,Electronic Products Distribution,451.80899999999997,1.85043533818766,,,4.594594594594595,,,1,4.594594594594595,4.594594594594595,False,1463.9,61.2074,,128.2735,4.594594594594595,5.995569569382008,5.483870967741935,0.250681894160115,2.7586206896551726,,,4.2790287506639,3,True
3529.TWO,2025,Semiconductor,Semiconductor,1434.3066999999999,11.571312719532939,,,6.029411764705883,,,1,6.029411764705883,6.029411764705883,True,5763.3448,16.42,27.0,181.5088,6.029411764705883,46.49595863373854,6.486486486486487,0.13246884704277748,7.005347593582888,27.0,9.638554216867469,7.289950015410682,4,True
3530.TW,2025,Semiconductor,Semiconductor,117.6338,2.299245837815122,,,9.313725490196079,,,1,9.313725490196079,9.313725490196079,False,669.0,8.993,,,9.313725490196079,13.076135137165652,8.378378378378379,0.17577531134309524,6.737967914438503,,,8.14335726100432,3,False
3531.TWO,2025,Optoelectronic,Optoelectronic,10771.479000000001,248.806596107517,,,1.578947368421053,,,1,1.578947368421053,1.578947368421053,False,81074.0,203.095,,222.27,1.578947368421053,1872.6997446516707,2.815533980582524,4.691219807090202,3.2692307692307687,,,2.554570706078115,3,True
3532.TW,2025,Semiconductor,Semiconductor,304356.8339,809.6729843883404,,,0.04901960784313708,,,1,0.04901960784313708,0.04901960784313708,True,3634949.0,8606.76,0.4869,4350933.5717,0.04901960784313708,9669.965241839813,0.21621621621621623,22.89635151548405,0.16042780748663055,0.4869,3.7349397590361444,1.0401508476455321,4,True
3533.TW,2025,Electronic Parts and Components,Electronic Parts and Components,58953.53,58.1016750152795,,,5.096153846153846,,,1,5.096153846153846,5.096153846153846,True,664840.0,13499.22,20.6609,188284.07,5.096153846153846,655.2333272860577,4.1269841269841265,13.304161657491269,2.192513368983957,20.6609,7.093023255813954,4.627168649483971,4,True
3535.TW,2025,Optoelectronic,Optoelectronic,632.2569,104.99799316524081,,,4.298245614035087,,,1,4.298245614035087,4.298245614035087,True,5630.0,41.3,,2045.5658,4.298245614035087,934.9659948674436,3.980582524271845,6.858631543166148,2.3076923076923075,,,3.5288401486664136,3,True
3537.TWO,2025,Electronic Parts and Components,Electronic Parts and Components,184.8906,2.027388405385901,,,9.230769230769232,,,1,9.230769230769232,9.230769230769232,False,,,,,9.230769230769232,,,,,,,9.230769230769232,1,False
3540.TWO,2025,Computer and Peripheral Equipment,Computer and Peripheral Equipment,405.6889,2.525516941788903,,,8.148148148148149,,,1,8.148148148148149,8.148148148148149,False,,,,,8.148148148148149,,,,,,,8.148148148148149,1,False
3541.TWO,2025,Other Electronic,Other Electronic,609.5296,17.793018604496293,,,4.456521739130435,,,1,4.456521739130435,4.456521739130435,False,,6.5305,,,4.456521739130435,,,0.19063439740524996,7.4074074074074066,,,5.931964573268921,2,False
3543.TW,2025,Optoelectronic,Optoelectronic,8753.0198,84.70308689156347,,,5.175438596491229,,,1,5.175438596491229,5.175438596491229,True,136.708,4564.689,0.1001,110849.6516,5.175438596491229,1.3229251009773633,9.223300970873787,44.17255505351011,0.19230769230769273,0.1001,3.0232558139534884,4.403575768406549,4,True
3545.TW,2025,Semiconductor,Semiconductor,2155.728,5.676261212713362,,,7.745098039215686,,,1,7.745098039215686,7.745098039215686,True,,38.4249,,926.9303,7.745098039215686,,,0.10117685045255694,7.32620320855615,,,7.5356506238859176,2,True
3546.TWO,2025,Cultural and Creative,Cultural and Creative,278.7087,6.86325923070086,,,6.799999999999999,,,1,6.799999999999999,6.799999999999999,False,3879.0,24.25,,770.7311,6.799999999999999,95.52117517640689,3.5,0.5971612523918193,5.555555555555555,,,5.285185185185185,3,True
3548.TWO,2025,Electronic Parts and Components,Electronic Parts and Components,9514.8371,30.497500720682066,,,6.586538461538462,,,1,6.586538461538462,6.586538461538462,False,91703.4865,272.25,22.25,393640.2301,6.586538461538462,293.933266143128,6.0317460317460325,0.8726312898415982,7.4866310160427805,22.25,7.209302325581395,6.828554458727168,4,True
3550.TW,2025,Electronic Parts and Components,Electronic Parts and Components,72.5179,0.6671829733231498,,,9.759615384615385,,,1,9.759615384615385,9.759615384615385,False,1325.99,21.1369,,45.0807,9.759615384615385,12.199442493463868,8.518518518518519,0.19446481198206353,8.823529411764707,,,9.033887771632871,3,True
3551.TWO,2025,Green Energy and Environmental Services,Green Energy and Environmental Services,16049.7045,181.62204414494173,,,2.727272727272727,,,1,2.727272727272727,2.727272727272727,True,172977.0,2466.84,,23561.1255,2.727272727272727,1957.4464022100585,1.2195121951219512,27.915312919219673,2.432432432432432,,,2.1264057849423703,3,True
3552.TWO,2025,Other Electronic,Other Electronic,1271.0968,5.078067227955607,,,7.717391304347826,,,1,7.717391304347826,7.717391304347826,True,7139.4,31.147,,322.7551,7.717391304347826,28.522102460856058,7.5,0.12443313518618983,8.518518518518519,,,7.911969940955449,3,True
3555.TWO,2025,Semiconductor,Semiconductor,19.2447,3.1782252258529,,,8.872549019607842,,,1,8.872549019607842,8.872549019607842,False,4440.0,22.65,,,8.872549019607842,733.2574684347833,2.8648648648648645,3.7406039774882522,2.5668449197860967,,,4.768086268086268,3,False
3556.TWO,2025,Semiconductor,Semiconductor,251.5453,8.382223888368218,,,6.617647058823529,,,1,6.617647058823529,6.617647058823529,False,1502.0,10.25,,255.7786,6.617647058823529,50.051025721128816,6.27027027027027,0.3415599291887952,5.775401069518717,,,6.2211061328708395,3,True
3557.TW,2025,Household,Household,22598.0,153.25882921678698,,,0.8823529411764708,,,1,0.8823529411764708,0.8823529411764708,False,,,,34087.92,0.8823529411764708,,,,,,,0.8823529411764708,1,True
3558.TWO,2025,Communications and Internet,Communications and Internet,7693.1523,15.805573110820827,,,5.617977528089888,,,1,5.617977528089888,5.617977528089888,True,62247.0,2039.342,,2348.1535,5.617977528089888,127.88639442758257,5.569620253164558,4.189825941567226,0.9876543209876543,,,4.058417367414034,3,True
3563.TW,2025,Optoelectronic,Optoelectronic,666.9292,6.184082150622321,,,9.210526315789473,,,1,9.210526315789473,9.210526315789473,False,5002.5716,19.3192,,1107.968,9.210526315789473,46.38620372112984,8.446601941747574,0.17913673577990397,9.038461538461538,,,8.898529931999528,3,True
3564.TWO,2025,Communications and Internet,Communications and Internet,688.4413,9.58172149921146,,,7.3033707865168545,,,1,7.3033707865168545,7.3033707865168545,True,3315.9044,,,677.1692,7.3033707865168545,46.15073569643465,8.354430379746836,,,,,7.828900583131845,2,True
3567.TWO,2025,Semiconductor,Semiconductor,2304.6533999999997,274.8850452868164,,,1.2745098039215685,,,1,1.2745098039215685,1.2745098039215685,True,9880.0,5.37,,79.9752,1.2745098039215685,1178.4263297178425,2.5945945945945947,0.6405009504640501,4.705882352941177,,,2.8583289171524466,3,True
3570.TWO,2025,Information Service,Information Service,188.2226,2.357348481423883,,,8.40909090909091,,,1,8.40909090909091,8.40909090909091,True,338.0,,1.01,197.827,8.40909090909091,4.233199343337477,9.705882352941176,,,1.01,5.0,7.7049910873440295,3,True
3576.TW,2025,Optoelectronic,Optoelectronic,28940.946399999997,288.048345552158,,,1.228070175438597,,,1,1.228070175438597,1.228070175438597,True,218.177,1888.2807,,7416.7955,1.228070175438597,2.1715089416541398,9.029126213592233,18.7939994793353,0.6730769230769229,,,3.6434244373692515,3,True
3577.TWO,2025,Computer and Peripheral Equipment,Computer and Peripheral Equipment,1279.1375,34.490853676519535,,,2.2222222222222223,,,1,2.2222222222222223,2.2222222222222223,False,10532.9671,,,,2.2222222222222223,284.0124904677522,2.7368421052631575,,,,,2.47953216374269,2,False
3580.TWO,2025,Other Electronic,Other Electronic,653.034,49.30628424196951,,,2.065217391304348,,,1,2.065217391304348,2.065217391304348,False,3360.0,16.9225,,215.2052,2.065217391304348,253.69140818551185,2.8947368421052633,1.2777062068509892,3.7037037037037033,,,2.887885979037771,3,True
3581.TWO,2025,Semiconductor,Semiconductor,506.6404,11.834899555693767,,,5.882352941176471,,,1,5.882352941176471,5.882352941176471,False,6001.0,23.482,,,5.882352941176471,140.18075193711022,4.4324324324324325,0.5485293146121016,4.8663101604278065,,,5.060365178012236,3,False
3583.TW,2025,Semiconductor,Semiconductor,12985.2583,36.71827292881385,,,3.9215686274509807,,,1,3.9215686274509807,3.9215686274509807,True,450124.0,403.83,,,3.9215686274509807,1272.8107136543758,2.486486486486487,1.1419056759805,4.171122994652406,,,3.526392702863291,3,False
3587.TWO,2025,Other Electronic,Other Electronic,25638.738899999997,153.35129849320563,,,0.7608695652173914,,,1,0.7608695652173914,0.7608695652173914,False,61182.7869,23.7733,,3302.4219,0.7608695652173914,365.9485692000277,2.1052631578947367,0.14219367179828513,8.024691358024691,,,3.6302746937122734,3,True
3588.TW,2025,Semiconductor,Semiconductor,736.2133,17.38655508015668,,,5.098039215686274,,,1,5.098039215686274,5.098039215686274,False,4283.47,0.73,,,5.098039215686274,101.15925247370393,5.1891891891891895,0.017239820590736917,9.144385026737968,,,6.477204477204477,3,False
3591.TW,2025,Optoelectronic,Optoelectronic,6377.0489,85.83903403223398,,,5.087719298245615,,,1,5.087719298245615,5.087719298245615,True,69569.0,387.7815,8.4,1868.2047,5.087719298245615,936.4418953394706,3.8834951456310685,5.219779540277751,3.076923076923077,8.4,6.7441860465116275,4.698080891827846,4,True
3592.TW,2025,Semiconductor,Semiconductor,1269.8246,1.7682200867783358,,,9.558823529411764,,,1,9.558823529411764,9.558823529411764,True,11867.0,28.43,7.4,53421.434,9.558823529411764,16.524697796686652,8.054054054054054,0.03958853613885578,8.502673796791445,7.4,7.349397590361447,8.366237242654677,4,True
3593.TW,2025,Electronic Parts and Components,Electronic Parts and Components,7096.085,188.76692628125997,,,2.3076923076923075,,,1,2.3076923076923075,2.3076923076923075,False,67575.3333,125.0685,,,2.3076923076923075,1797.6092393866013,2.8042328042328046,3.327017125585131,4.973262032085561,,,3.3617290480035575,3,False
3594.TWO,2025,Computer and Peripheral Equipment,Computer and Peripheral Equipment,293.8196,5.157181182064062,,,7.12962962962963,,,1,7.12962962962963,7.12962962962963,True,,1.3066,,78.109,7.12962962962963,,,0.022933708072861388,8.659793814432991,,,7.89471172203131,2,True
3596.TW,2025,Communications and Internet,Communications and Internet,10139.14,6.12654169882274,,,8.314606741573034,,,1,8.314606741573034,8.314606741573034,True,155200.0,2705.9,50.3,2855924.54,8.314606741573034,93.77908497735402,6.708860759493671,1.6350310956199887,2.8395061728395063,50.3,9.62962962962963,6.87315082588396,4,True
3597.TWO,2025,Electronic Parts and Components,Electronic Parts and Components,292.9028,11.43406924323576,,,7.836538461538462,,,1,7.836538461538462,7.836538461538462,False,2814.0,0.88,,57.301,7.836538461538462,109.8503355053807,6.984126984126984,0.034352628018740235,9.786096256684493,,,8.202253900783314,3,True
3605.TW,2025,Electronic Parts and Components,Electronic Parts and Components,27110.164500000003,80.44669231149072,,,4.134615384615384,,,1,4.134615384615384,4.134615384615384,True,399160.0,3517.71,4.91,14010.6297,4.134615384615384,1184.467239328431,3.28042328042328,10.438451379041023,2.620320855614974,4.91,5.0,3.7588398801634098,4,True
3607.TW,2025,Electronic Parts and Components,Electronic Parts and Components,920.68,10.204961649682794,,,7.980769230769232,,,1,7.980769230769232,7.980769230769232,False,8494.0,45.32,,,7.980769230769232,94.1488294004493,7.08994708994709,0.5023339943993833,8.288770053475936,,,7.786495458064086,3,False
3609.TWO,2025,Electronic Parts and Components,Electronic Parts and Components,197.8703,12.796501290391685,,,7.692307692307692,,,1,7.692307692307692,7.692307692307692,False,1162.2217,67.04,,413.3867,7.692307692307692,75.16222234348065,7.248677248677248,4.33555438339083,4.491978609625669,,,6.477654516870203,3,True
3611.TWO,2025,Computer and Peripheral Equipment,Computer and Peripheral Equipment,632.9716999999999,1.7683407113524412,,,8.425925925925926,,,1,8.425925925925926,8.425925925925926,True,4309.0,82.528,,223.6612,8.425925925925926,12.038105534919918,7.894736842105264,0.23055947402781876,6.701030927835053,,,7.673897898622081,3,True
3615.TWO,2025,Optoelectronic,Optoelectronic,3422.1609000000003,107.18615681639665,,,4.2105263157894735,,,1,4.2105263157894735,4.2105263157894735,False,128525.0,47.327,,790.2541,4.2105263157894735,4025.5561346713353,1.2621359223300976,1.482338029065087,6.442307692307692,,,3.971656643475754,3,True
3617.TW,2025,Other Electronic,Other Electronic,6243.5076,16.723255757599805,,,4.673913043478261,,,1,4.673913043478261,4.673913043478261,True,93030.6443,517.301,0.1242,1887.9491,4.673913043478261,249.18288846532266,3.026315789473685,1.385592439522639,3.5802469135802473,0.1242,2.1739130434782608,3.3635971975026138,4,True
3622.TW,2025,Optoelectronic,Optoelectronic,13198.3587,250.4781432422094,,,1.4912280701754388,,,1,1.4912280701754388,1.4912280701754388,True,9434.0,81.9,,9583.15,1.4912280701754388,179.03823172702553,6.893203883495146,1.5542962877298487,6.25,,,4.8781439845568615,3,True
3623.TWO,2025,Optoelectronic,Optoelectronic,6670.3514,706.7968820985569,,,0.17543859649122862,,,1,0.17543859649122862,0.17543859649122862,False,69021.0,166.6,,11.3905,0.17543859649122862,7313.531877694554,0.7766990291262132,17.65309704037775,0.7692307692307687,,,0.5737894649494035,3,True
3624.TWO,2025,Electronic Parts and Components,Electronic Parts and Components,15322.6584,182.45831639735624,,,2.451923076923077,,,1,2.451923076923077,2.451923076923077,False,275700.0,448.4,0.0,3724.1389,2.451923076923077,3282.965430512444,1.5343915343915349,5.339433075958578,3.8502673796791442,0.0,1.0465116279069768,2.2207734047251835,4,True
3625.TWO,2025,Computer and Peripheral Equipment,Computer and Peripheral Equipment,459.4499,34.62838098670087,,,2.129629629629629,,,1,2.129629629629629,2.129629629629629,False,1.422,1.7143,,,2.129629629629629,0.10717503206135996,9.578947368421053,0.1292054553184173,7.31958762886598,,,6.342721542305554,3,False
3628.TWO,2025,Other Electronic,Other Electronic,766.1513,7.836490819944137,,,6.956521739130435,,,1,6.956521739130435,6.956521739130435,True,5892.0,791.4996,10.154,593.0237,6.956521739130435,60.26564715234557,6.184210526315789,8.095763003194612,0.6172839506172845,10.154,7.826086956521739,5.396025793146312,4,True
3629.TWO,2025,Cultural and Creative,Cultural and Creative,34.44,829.255079006772,,,0.0,,,1,0.0,0.0,False,,,,,0.0,,,,,,,0.0,1,False
3630.TWO,2025,Optoelectronic,Optoelectronic,1845.7297,26.235388803419205,,,7.105263157894736,,,1,7.105263157894736,7.105263157894736,False,21002.0,13.28,,,7.105263157894736,298.5245540825453,6.116504854368932,0.18876326436606997,8.942307692307693,,,7.38802523485712,3,False
3631.TWO,2025,Electronic Parts and Components,Electronic Parts and Components,494.9528,500.49737245421943,,,0.43269230769230727,,,1,0.43269230769230727,0.43269230769230727,False,9.432,36.39,0.0,96.9308,0.43269230769230727,9.537659382850643,8.783068783068783,36.7976489548277,1.06951871657754,0.0,1.0465116279069768,2.8329478588114014,4,True
3632.TWO,2025,Communications and Internet,Communications and Internet,123.783,16.257389291452988,,,5.50561797752809,,,1,5.50561797752809,5.50561797752809,False,114.0,0.791,,4.1274,5.50561797752809,14.972511404842672,9.367088607594937,0.10388821509851363,8.148148148148149,,,7.673618244423725,3,True
3645.TW,2025,Electronic Parts and Components,Electronic Parts and Components,49758.2028,658.0136798824201,,,0.19230769230769273,,,1,0.19230769230769273,0.19230769230769273,True,193640.0,17351.513,1.1713,52225.5193,0.19230769230769273,2560.7389697047465,1.9576719576719581,229.46031564985805,0.10695187165775444,1.1713,3.2558139534883725,1.3781863687814444,4,True
3646.TWO,2025,Electronic Parts and Components,Electronic Parts and Components,21.064999999999998,0.9868063256440379,,,9.663461538461538,,,1,9.663461538461538,9.663461538461538,False,,,,,9.663461538461538,,,,,,,9.663461538461538,1,False
3652.TW,2025,Computer and Peripheral Equipment,Computer and Peripheral Equipment,713.8971,9.501228874623346,,,5.37037037037037,,,1,5.37037037037037,5.37037037037037,True,7236.6,78.43,,364.9369,5.37037037037037,96.31162932879165,4.842105263157894,1.0438218345987245,3.5051546391752577,,,4.5725434242345075,3,True
3653.TW,2025,Electronic Parts and Components,Electronic Parts and Components,50591.2996,81.11142703178997,,,4.038461538461538,,,1,4.038461538461538,4.038461538461538,True,1679398.8571,2670.2577,0.0,10589.244,4.038461538461538,2692.5269548706774,1.7989417989417988,4.2811395299603126,4.545454545454546,0.0,1.0465116279069768,2.8573423776912152,4,True
3661.TW,2025,Semiconductor,Semiconductor,238.19099999999997,0.20690690262719313,,,9.901960784313726,,,1,9.901960784313726,9.901960784313726,True,2200.2,1.15,0.0,119.6919,9.901960784313726,1.9112248874237496,8.91891891891892,0.0009989585585570913,9.83957219251337,0.0,1.2650602409638554,7.481378034177467,4,True
3663.TWO,2025,Other Electronic,Other Electronic,1816.3527,10.429606852790169,,,6.413043478260869,,,1,6.413043478260869,6.413043478260869,True,,143.73,,,6.413043478260869,,,0.8253063366776348,5.061728395061729,,,5.737385936661299,2,False
3664.TWO,2025,Communications and Internet,Communications and Internet,17.316,1.328304057819888,,,10.0,,,1,10.0,10.0,False,,,,,10.0,,,,,,,10.0,1,False
3665.TW,2025,Other Electronic,Other Electronic,30025.39,14.318473222314148,,,5.434782608695652,,,1,5.434782608695652,5.434782608695652,True,452014.0,1995.01,16.06,9707.71,5.434782608695652,215.55591301598773,3.552631578947368,0.9513780591442426,4.444444444444445,16.06,8.26086956521739,5.423182049326214,4,True
3666.TWO,2025,Optoelectronic,Optoelectronic,3340.8170999999998,216.11609194008125,,,2.0175438596491224,,,1,2.0175438596491224,2.0175438596491224,False,3168.7,296.33,,91.708,2.0175438596491224,204.98190713000585,6.699029126213592,19.169466513028887,0.5769230769230771,,,3.0978320209285974,3,True
3669.TW,2025,Communications and Internet,Communications and Internet,2010.4405000000002,25.5927299474553,,,4.382022471910112,,,1,4.382022471910112,4.382022471910112,True,14650.0,85.895,,19331.2188,4.382022471910112,186.4932057080128,4.6835443037974684,1.0934357613849666,3.8271604938271606,,,4.297575756511581,3,True
3672.TWO,2025,Communications and Internet,Communications and Internet,194.0983,28.800103865271904,,,3.9325842696629207,,,1,3.9325842696629207,3.9325842696629207,False,,0.182,,248.0071,3.9325842696629207,,,0.02700497069515543,9.25925925925926,,,6.595921764461091,2,True
3673.TW,2025,Optoelectronic,Optoelectronic,82975.4853,40.90088335501983,,,6.578947368421053,,,1,6.578947368421053,6.578947368421053,True,1381374.1121,6105.9925,14.1875,479120.2099,6.578947368421053,680.9170350058342,5.145631067961165,3.0098105013328063,4.711538461538462,14.1875,8.372093023255815,6.202052480294124,4,True
3675.TWO,2025,Semiconductor,Semiconductor,5598.1013,69.39746160102567,,,3.2352941176470584,,,1,3.2352941176470584,3.2352941176470584,True,42813.0,103.8355,,15556.4098,3.2352941176470584,530.735934257694,3.297297297297297,1.2872078831573304,3.8502673796791442,,,3.4609529315411667,3,True
3679.TW,2025,Electronic Parts and Components,Electronic Parts and Components,36638.9003,258.07224923578957,,,1.6346153846153844,,,1,1.6346153846153844,1.6346153846153844,True,195.2168,2023.6803,11.02,523.9786,1.6346153846153844,1.3750423252908954,9.365079365079366,14.2541321513178,2.0320855614973263,11.02,6.162790697674419,4.798642752216624,4,True
3680.TWO,2025,Semiconductor,Semiconductor,9360.62,44.5166583478402,,,3.6274509803921573,,,1,3.6274509803921573,3.6274509803921573,False,54600.0,226.08,,4421.88,3.6274509803921573,259.66330710915247,3.7297297297297294,1.0751772980080072,4.278074866310161,,,3.878418525477349,3,True
3684.TWO,2025,Communications and Internet,Communications and Internet,268.9147,7.551910977132162,,,7.865168539325843,,,1,7.865168539325843,7.865168539325843,False,1.81,12.6705,0.0,219.1391,7.865168539325843,0.05083009173023719,9.873417721518988,0.35582468357346425,6.419753086419753,0.0,1.2962962962962963,6.363658910890221,4,True
3685.TWO,2025,Electric Machinery,Electric Machinery,3261.0671,99.72768037951397,,,3.232323232323232,,,1,3.232323232323232,3.232323232323232,True,15733.0,2959.0,,5.2425,3.232323232323232,481.13563667883227,3.548387096774194,90.49007493374847,0.6896551724137934,,,2.490121833837073,3,True
3686.TW,2025,Semiconductor,Semiconductor,28.1683,10.988219231519407,,,6.176470588235294,,,1,6.176470588235294,6.176470588235294,False,169.5853,1.1375,,7.6279,6.176470588235294,66.15381314608933,5.945945945945946,0.4437292763799493,5.401069518716577,,,5.841162017632605,3,True
3687.TWO,2025,Digital and Cloud Services,Digital and Cloud Services,59.59,1.0991590932606126,,,8.157894736842104,,,1,8.157894736842104,8.157894736842104,False,905.0,3.67,,13.26,8.157894736842104,16.693052179910293,8.148148148148149,0.06769447679587931,7.5,,,7.935347628330085,3,True
3689.TWO,2025,Electronic Parts and Components,Electronic Parts and Components,6551.13,34.725891264921714,,,6.298076923076923,,,1,6.298076923076923,6.298076923076923,False,5749.0,20.24,0.0,40589.14,6.298076923076923,30.47400202438891,8.148148148148149,0.10728714575989415,9.251336898395722,0.0,1.0465116279069768,6.186018399381942,4,True
3691.TWO,2025,Optoelectronic,Optoelectronic,2353.246,15.963035496001444,,,8.24561403508772,,,1,8.24561403508772,8.24561403508772,False,9860.0,77.58,2.65,,8.24561403508772,66.8844353673922,8.252427184466018,0.52625704825581,7.788461538461538,2.65,5.348837209302325,7.4088349918294,4,False
3693.TWO,2025,Computer and Peripheral Equipment,Computer and Peripheral Equipment,2112.075,8.567678280805495,,,5.925925925925926,,,1,5.925925925925926,5.925925925925926,True,18199.792,92.19,,9822.03,5.925925925925926,73.82785300407306,5.157894736842106,0.3739707447450771,5.6701030927835046,,,5.584641251850512,3,True
3694.TW,2025,Communications and Internet,Communications and Internet,10669.49,29.572328387370977,,,3.707865168539326,,,1,3.707865168539326,3.707865168539326,True,117712.0,206.42,,940698.0,3.707865168539326,326.25907322038944,3.291139240506329,0.5721285671312422,5.185185185185186,,,4.0613965314102805,3,True
3701.TW,2025,Computer and Peripheral Equipment,Computer and Peripheral Equipment,19804.2631,60.53525865849464,,,1.5740740740740744,,,1,1.5740740740740744,1.5740740740740744,True,224130.7581,1404.3987,0.2926,66792.47,1.5740740740740744,685.0955951452692,1.2631578947368416,4.292794845982106,1.7525773195876293,0.2926,2.307692307692308,1.7243753990227133,4,True
3702.TW,2025,Electronic Products Distribution,Electronic Products Distribution,5301.2917,0.1727519663371755,,,9.45945945945946,,,1,9.45945945945946,9.45945945945946,True,46500.0,482.402,0.0156,30137.7447,9.45945945945946,1.5152847436557133,7.419354838709678,0.015719922385139858,6.551724137931034,0.0156,4.166666666666667,6.89930127569171,4,True
3703.TW,2025,Building Material and Construction,Building Material and Construction,70580.818,75.8738908821892,,,2.1839080459770113,,,1,2.1839080459770113,2.1839080459770113,True,386959.8935,37820.3064,3.9419,548171.5764,2.1839080459770113,415.97920748385997,2.1621621621621623,40.65656763746436,4.53125,3.9419,9.09090909090909,4.492057324762066,4,True
3704.TW,2025,Communications and Internet,Communications and Internet,17174.4663,21.014025600283375,,,4.719101123595506,,,1,4.719101123595506,4.719101123595506,True,148700.0,825.48,0.31,1535435.6517,4.719101123595506,181.9436803554203,4.810126582278481,1.0100260205769493,4.074074074074074,0.31,2.962962962962963,4.141566185727756,4,True
3705.TW,2025,Biotechnology and Medical Care,Biotechnology and Medical Care,24.341299999999997,0.09256142407309832,,,9.870967741935484,,,1,9.870967741935484,9.870967741935484,False,329553.0,642.9807,,28.3878,9.870967741935484,1253.1744396380543,2.706766917293233,2.4450300207268145,3.3587786259541987,,,5.312171095060972,3,True
3706.TW,2025,Computer and Peripheral Equipment,Computer and Peripheral Equipment,32492.1739,10.659874986039506,,,5.0925925925925934,,,1,5.0925925925925934,5.0925925925925934,True,380700.0,3249.2,27.4,627410.8469,5.0925925925925934,124.8982114793261,3.894736842105263,1.0659817933770064,3.298969072164949,27.4,6.923076923076923,4.8023438574849315,4,True
3707.TWO,2025,Semiconductor,Semiconductor,77005.2671,447.91553065407646,,,0.49019607843137303,,,1,0.49019607843137303,0.49019607843137303,False,817070.0,431.17,0.75,412.9106,0.49019607843137303,4752.640389601691,0.972972972972973,2.507980903453267,3.1550802139037435,0.75,3.9759036144578315,2.1485382199414804,4,True
3708.TW,2025,Green Energy and Environmental Services,Green Energy and Environmental Services,1426.45,44.34425317756733,,,4.090909090909091,,,1,4.090909090909091,4.090909090909091,False,3883.0,36.245,11.22,36.5,4.090909090909091,120.71137094780325,5.853658536585367,1.1267534483654722,5.675675675675675,11.22,7.647058823529411,5.816825531674886,4,True
3709.TWO,2025,Computer and Peripheral Equipment,Computer and Peripheral Equipment,732.8307,0.5831463090310471,,,9.351851851851853,,,1,9.351851851851853,9.351851851851853,True,10278.0,64.14,3.87,841.8867,9.351851851851853,8.178666319821348,8.210526315789474,0.05103907936887929,8.144329896907216,3.87,3.269230769230769,7.243984708444828,4,True
3710.TWO,2025,Electronic Parts and Components,Electronic Parts and Components,16349.781,75.62233768080876,,,4.278846153846154,,,1,4.278846153846154,4.278846153846154,False,427.59,803.1742,3.53,,4.278846153846154,1.9777240666977138,9.25925925925926,3.7149066748302886,4.812834224598931,3.53,4.3023255813953485,5.663316304774923,4,False
3711.TW,2025,Semiconductor,Semiconductor,2056277.6429,107.80546572032239,,,2.9411764705882346,,,1,2.9411764705882346,2.9411764705882346,True,23327959.0,81716.7384,22.3263,11480769.8529,2.9411764705882346,1223.0262255600903,2.5405405405405403,4.284203094254122,2.192513368983957,22.3263,9.27710843373494,4.2378347034619175,4,True
3712.TW,2025,Computer and Peripheral Equipment,Computer and Peripheral Equipment,10.3738,0.01144640900646952,,,10.0,,,1,10.0,10.0,True,150.7954,583.4318,6.9823,4.671,10.0,0.16638703509747382,9.368421052631579,0.6437562908655192,4.948453608247423,6.9823,4.038461538461538,7.088834049835135,4,True
3713.TWO,2025,Green Energy and Environmental Services,Green Energy and Environmental Services,42.8621,4.744023049332627,,,8.181818181818182,,,1,8.181818181818182,8.181818181818182,False,336.4366,,0.0,8.4354,8.181818181818182,37.2371625524438,7.560975609756097,,,0.0,1.4705882352941178,5.737794008956132,3,True
3714.TW,2025,Optoelectronic,Optoelectronic,179977.3976,252.85329180047677,,,1.3157894736842102,,,1,1.3157894736842102,1.3157894736842102,True,27111000.0,7379.03,43.11,259134.0826,1.3157894736842102,38088.702722761926,0.29126213592232997,10.366924128668877,1.3461538461538458,43.11,9.534883720930234,3.122022294172655,4,True
3715.TW,2025,Electronic Parts and Components,Electronic Parts and Components,210770.13139999998,366.5363317967341,,,0.9134615384615385,,,1,0.9134615384615385,0.9134615384615385,True,58518434.0,65627.8069,30.4231,446518.192,0.9134615384615385,101765.5205620339,0.0,114.12895862051161,0.16042780748663055,30.4231,7.790697674418605,2.2161467550916933,4,True
3716.TW,2025,Biotechnology and Medical Care,Biotechnology and Medical Care,21217.6811,80.09550073003827,,,4.0,,,1,4.0,4.0,True,303301.0,577.2083,,6900.2413,4.0,1144.9434720234972,2.8571428571428568,2.1789274518804107,3.8167938931297707,,,3.5579789167575426,3,True
3717.TW,2025,Automobile,Automobile,7397.3052,343.73670515509724,,,0.23809523809523836,,,1,0.23809523809523836,0.23809523809523836,False,52.638,272.36,0.0194,12009.6738,0.23809523809523836,2.4459735264071583,9.473684210526317,12.655977614123897,2.3684210526315788,0.0194,2.6666666666666665,3.68671679197995,4,True
4102.TWO,2025,Biotechnology and Medical Care,Biotechnology and Medical Care,7027.7297,461.5800727404087,,,0.8387096774193548,,,1,0.8387096774193548,0.8387096774193548,False,25168.3,352.462,,3853.3453,0.8387096774193548,1653.0495964795612,2.1804511278195493,23.149643276438184,0.7633587786259544,,,1.260839861288286,3,True
4104.TW,2025,Biotechnology and Medical Care,Biotechnology and Medical Care,212.5068,0.7896044469563899,,,9.741935483870968,,,1,9.741935483870968,9.741935483870968,True,2102.0,72.64,,513.1781,9.741935483870968,7.810331469403951,8.646616541353383,0.26990603136893576,8.01526717557252,,,8.80127306693229,3,True
4105.TWO,2025,Biotechnology and Medical Care,Biotechnology and Medical Care,9730.422999999999,53.07144016155269,,,5.032258064516128,,,1,5.032258064516128,5.032258064516128,True,137616.0,54.37,,2710.8336,5.032258064516128,750.5818924081959,3.7593984962406015,0.2965435522775957,7.862595419847328,,,5.55141732686802,3,True
4106.TW,2025,Biotechnology and Medical Care,Biotechnology and Medical Care,2133.5468,28.78277186195011,,,6.645161290322581,,,1,6.645161290322581,6.645161290322581,False,7027.0,52.861,,368.9346,6.645161290322581,94.79826637687226,6.992481203007519,0.7131252538704774,6.4885496183206115,,,6.70873070388357,3,True
4107.TWO,2025,Biotechnology and Medical Care,Biotechnology and Medical Care,5482.6102,84.07498951120414,,,3.612903225806452,,,1,3.612903225806452,3.612903225806452,True,39047.0,188.32,,8478.7924,3.612903225806452,598.7797774578225,4.2857142857142865,2.887858419106644,2.8244274809160306,,,3.5743483308122563,3,True
4108.TW,2025,Biotechnology and Medical Care,Biotechnology and Medical Care,1732.6584,439.82555181399556,,,0.903225806451613,,,1,0.903225806451613,0.903225806451613,False,11641.01,15.23,,287.4503,0.903225806451613,2955.0046604236823,1.278195488721805,3.866049507581617,2.5190839694656484,,,1.566835088213022,3,True
4109.TWO,2025,Biotechnology and Medical Care,Biotechnology and Medical Care,1189.5689,80.47780889107351,,,3.935483870967742,,,1,3.935483870967742,3.935483870967742,True,33.65,43.64,,565.1797,3.935483870967742,2.2765207372054057,9.097744360902256,2.952373401831914,2.7480916030534353,,,5.260439944974478,3,True
4111.TWO,2025,Biotechnology and Medical Care,Biotechnology and Medical Care,6475.0,150.43353099515193,,,2.5806451612903225,,,1,2.5806451612903225,2.5806451612903225,False,154062.0,50.0274,,,2.5806451612903225,3579.319019640942,1.0526315789473684,1.1622854715840716,5.190839694656488,,,2.9413721449647263,3,False
4113.TWO,2025,Building Material and Construction,Building Material and Construction,359.8652,13.406896776540785,,,3.793103448275862,,,1,3.793103448275862,3.793103448275862,False,370.0,22513.3412,,52585.9986,3.793103448275862,13.784472094884668,6.216216216216216,838.7419554973441,0.78125,,,3.5968565548306928,3,True
4114.TWO,2025,Biotechnology and Medical Care,Biotechnology and Medical Care,16297.1166,85.62109528033638,,,3.548387096774194,,,1,3.548387096774194,3.548387096774194,False,180235.0,369.56,,,3.548387096774194,946.910946679453,3.1578947368421053,1.9415785472014795,4.0458015267175576,,,3.584027786777952,3,False
4116.TWO,2025,Biotechnology and Medical Care,Biotechnology and Medical Care,577.4702,3.5822935616194043,,,9.161290322580646,,,1,9.161290322580646,9.161290322580646,False,7589.0,34.3,,,9.161290322580646,47.07779871434,7.894736842105264,0.2127775063778972,8.244274809160306,,,8.43343399128207,3,False
4119.TW,2025,Biotechnology and Medical Care,Biotechnology and Medical Care,14698.8739,362.33043523810187,,,1.0967741935483866,,,1,1.0967741935483866,1.0967741935483866,True,237098.0,3611.72,,17958.517,1.0967741935483866,5844.517213940006,0.6766917293233088,89.02968271318778,0.0,,,0.5911553076238985,3,True
4120.TWO,2025,Biotechnology and Medical Care,Biotechnology and Medical Care,5240.4879,37.241720479251526,,,6.064516129032258,,,1,6.064516129032258,6.064516129032258,False,447.0,42.01,0.0,,6.064516129032258,3.176621980984906,8.947368421052632,0.29854561391761947,7.786259541984732,0.0,2.5,6.324536023017405,4,False
4121.TWO,2025,Biotechnology and Medical Care,Biotechnology and Medical Care,4647.6584,38.91768682116504,,,5.870967741935484,,,1,5.870967741935484,5.870967741935484,False,6517.0,8.4905,,,5.870967741935484,54.57082754049492,7.669172932330827,0.071096150258182,8.854961832061068,,,7.4650341687757935,3,False
4123.TWO,2025,Biotechnology and Medical Care,Biotechnology and Medical Care,14794.7494,319.939220249825,,,1.4193548387096777,,,1,1.4193548387096777,1.4193548387096777,False,27164.0,115.3944,0.0,1775.885,1.4193548387096777,587.4265757327559,4.360902255639098,2.495425462035633,3.282442748091603,0.0,2.5,2.8906749606100948,4,True
4126.TWO,2025,Biotechnology and Medical Care,Biotechnology and Medical Care,5371.6934,70.90677477530991,,,4.258064516129032,,,1,4.258064516129032,4.258064516129032,True,62820.96,54.92,3.93,1244.2083,4.258064516129032,829.2416059875555,3.458646616541353,0.724948313442465,6.412213740458014,3.93,7.8125,5.485356218282099,4,True
4127.TWO,2025,Biotechnology and Medical Care,Biotechnology and Medical Care,487.38030000000003,31.458033753078503,,,6.451612903225806,,,1,6.451612903225806,6.451612903225806,False,5170.0,10.73,,,6.451612903225806,333.6984168285338,5.413533834586466,0.6925694415029339,6.7175572519083975,,,6.194234663240223,3,False
4128.TWO,2025,Biotechnology and Medical Care,Biotechnology and Medical Care,7125.475,124.33492067906336,,,2.9032258064516125,,,1,2.9032258064516125,2.9032258064516125,True,39.7587,137.6948,0.004,273.6244,2.9032258064516125,0.6937635471042528,9.473684210526317,2.40268501902252,3.5114503816793894,0.004,5.3125,5.30021509966433,4,True
4129.TWO,2025,Biotechnology and Medical Care,Biotechnology and Medical Care,4713.2985,27.695484647172385,,,6.709677419354838,,,1,6.709677419354838,6.709677419354838,True,40347.1775,355.941,0.0,1724.0899,6.709677419354838,237.08123621026527,5.86466165413534,2.091520089550701,3.893129770992366,0.0,2.5,4.741867211120636,4,True
4131.TWO,2025,Biotechnology and Medical Care,Biotechnology and Medical Care,297.88750000000005,39.18057987455507,,,5.806451612903225,,,1,5.806451612903225,5.806451612903225,True,2240.0,76.92,,58.2918,5.806451612903225,294.6229664521114,5.563909774436091,10.11714222298947,1.4503816793893132,,,4.273581022242876,3,True
4133.TW,2025,Biotechnology and Medical Care,Biotechnology and Medical Care,832.46,73.56425444955332,,,4.129032258064517,,,1,4.129032258064517,4.129032258064517,False,4322.0,5.57,0.0,,4.129032258064517,381.9339160211535,5.18796992481203,0.49221932259088963,7.251908396946565,0.0,2.5,4.767227644955778,4,False
4137.TW,2025,Biotechnology and Medical Care,Biotechnology and Medical Care,2997.4734,26.832324958227975,,,6.774193548387098,,,1,6.774193548387098,6.774193548387098,True,7603.0,139.88,,55708.6042,6.774193548387098,68.05937515822737,7.293233082706767,1.2521564378709513,4.885496183206107,,,6.3176409380999905,3,True
4138.TWO,2025,Biotechnology and Medical Care,Biotechnology and Medical Care,716.1593,17.05695160667881,,,7.548387096774194,,,1,7.548387096774194,7.548387096774194,True,13.89,37.708,,293.0702,7.548387096774194,0.33082172893205275,9.849624060150376,0.8981012062325301,5.9541984732824424,,,7.78406987673567,3,True
4139.TWO,2025,Biotechnology and Medical Care,Biotechnology and Medical Care,15.075,0.45077371607983846,,,9.806451612903226,,,1,9.806451612903226,9.806451612903226,False,,,,,9.806451612903226,,,,,,,9.806451612903226,1,False
4142.TW,2025,Biotechnology and Medical Care,Biotechnology and Medical Care,16614.9709,718.6226404102946,,,0.38709677419354827,,,1,0.38709677419354827,0.38709677419354827,True,161087.8227,292.98,,4708.6664,0.38709677419354827,6967.292159784606,0.45112781954887216,12.671828464496928,1.297709923664122,,,0.7119781724688474,3,True
4147.TWO,2025,Biotechnology and Medical Care,Biotechnology and Medical Care,2719.2184,144.2284795549909,,,2.709677419354839,,,1,2.709677419354839,2.709677419354839,True,18938.0,11.76,,62.1832,2.709677419354839,1004.4794290199043,3.0827067669172936,0.6237553112933824,6.946564885496183,,,4.246316357256105,3,True
4148.TW,2025,Biotechnology and Medical Care,Biotechnology and Medical Care,3724.07,44.921124326321134,,,5.548387096774193,,,1,5.548387096774193,5.548387096774193,False,,618.0,,96231.6,5.548387096774193,,,7.454546996610285,1.8320610687022898,,,3.6902240827382413,2,True
4153.TWO,2025,Biotechnology and Medical Care,Biotechnology and Medical Care,192.19279999999998,7.104474598160626,,,8.64516129032258,,,1,8.64516129032258,8.64516129032258,True,3014.2,68.76,0.0,,8.64516129032258,111.42096547724867,6.842105263157895,2.5417376372555305,3.206106870229007,0.0,2.5,5.29834335592737,4,False
4154.TWO,2025,Other,Other,49.3095,76.03990169148474,,,3.7362637362637363,,,1,3.7362637362637363,3.7362637362637363,False,44.7,,,,3.7362637362637363,68.93161775336128,6.714285714285715,,,,,5.225274725274726,2,False
4155.TW,2025,Biotechnology and Medical Care,Biotechnology and Medical Care,504.6302,9.930314728328932,,,8.258064516129032,,,1,8.258064516129032,8.258064516129032,False,,37.85,,,8.258064516129032,,,0.7448274250475895,6.183206106870229,,,7.220635311499631,2,False
4157.TWO,2025,Biotechnology and Medical Care,Biotechnology and Medical Care,505.66089999999997,395.85455701931426,,,1.0322580645161294,,,1,1.0322580645161294,1.0322580645161294,False,,,,164.502,1.0322580645161294,,,,,,,1.0322580645161294,1,True
4160.TWO,2025,Biotechnology and Medical Care,Biotechnology and Medical Care,474.53000000000003,26.04494802145348,,,6.967741935483871,,,1,6.967741935483871,6.967741935483871,False,1633.0,13.26,0.0,,6.967741935483871,89.62847474139366,7.067669172932332,0.7277854103312185,6.335877862595421,0.0,2.5,5.717822242752906,4,False
4161.TWO,2025,Biotechnology and Medical Care,Biotechnology and Medical Care,1469.3852000000002,60.23868085635186,,,4.580645161290322,,,1,4.580645161290322,4.580645161290322,False,11292.0,55.06,,,4.580645161290322,462.9250275761081,4.81203007518797,2.2572309615958654,3.7404580152671754,,,4.377711083915155,3,False
4162.TWO,2025,Biotechnology and Medical Care,Biotechnology and Medical Care,75.9835,3.7809349427566237,,,9.096774193548388,,,1,9.096774193548388,9.096774193548388,True,986.99,0.123,20.0,,9.096774193548388,49.112570217894145,7.7443609022556394,0.006120473496996909,9.541984732824428,20.0,10.0,9.095779957157113,4,False
4163.TWO,2025,Biotechnology and Medical Care,Biotechnology and Medical Care,5293.046799999999,69.48461232362962,,,4.32258064516129,,,1,4.32258064516129,4.32258064516129,True,46.689,40.33,2.5797,4823.8322,4.32258064516129,0.6129110864423007,9.62406015037594,0.5294331451994686,7.175572519083969,2.5797,7.1875,7.0774283286553,4,True
4164.TW,2025,Biotechnology and Medical Care,Biotechnology and Medical Care,1937.066,15.53012937617152,,,7.612903225806451,,,1,7.612903225806451,7.612903225806451,False,10943.0,10.152,0.0,1028.9977,7.612903225806451,87.73382309298957,7.142857142857143,0.08139210198666089,8.702290076335878,0.0,2.5,6.489512611249868,4,True
4166.TWO,2025,Biotechnology and Medical Care,Biotechnology and Medical Care,4192.6401,104.83803486826527,,,3.225806451612904,,,1,3.225806451612904,3.225806451612904,False,19138.0,45.92,,,3.225806451612904,478.5505703933092,4.736842105263158,1.1482413100878233,5.267175572519084,,,4.409941376465048,3,False
4167.TWO,2025,Biotechnology and Medical Care,Biotechnology and Medical Care,8001.281199999999,212.3075532072793,,,1.9354838709677424,,,1,1.9354838709677424,1.9354838709677424,False,85820.0,746.95,,,1.9354838709677424,2277.164589122141,1.6541353383458646,19.819716730887713,0.992366412213741,,,1.5273285405091162,3,False
4168.TWO,2025,Biotechnology and Medical Care,Biotechnology and Medical Care,674.626,437.4607536196642,,,0.9677419354838712,,,1,0.9677419354838712,0.9677419354838712,False,,,,,0.9677419354838712,,,,,,,0.9677419354838712,1,False
4169.TW,2025,Biotechnology and Medical Care,Biotechnology and Medical Care,369.9202,17.66255804237541,,,7.419354838709678,,,1,7.419354838709678,7.419354838709678,False,3125.0,0.082,0.0,,7.419354838709678,149.20919128618323,6.390977443609023,0.003915249179349448,9.618320610687023,0.0,2.5,6.4821632232514315,4,False
4171.TWO,2025,Agricultural Technology,_all,610.319,91.96506965585276,,,3.333333333333334,,,1,3.333333333333334,3.333333333333334,False,2979.0,13.048,,123.09,3.333333333333334,448.8864716726587,3.333333333333334,1.966119732254062,3.333333333333334,,,3.333333333333334,3,True
4173.TWO,2025,Biotechnology and Medical Care,Biotechnology and Medical Care,1812.4553,38.111908918176645,,,5.935483870967742,,,1,5.935483870967742,5.935483870967742,True,12286.4,160.978,,884.6504,5.935483870967742,258.3556999901104,5.7142857142857135,3.3850097565607493,2.67175572519084,,,4.773841770148098,3,True
4174.TWO,2025,Biotechnology and Medical Care,Biotechnology and Medical Care,797.3139,525.1748548845251,,,0.7741935483870965,,,1,0.7741935483870965,0.7741935483870965,False,,7.1959,,137.1037,0.7741935483870965,,,4.739796632497633,2.2900763358778633,,,1.53213494213248,2,True
4175.TWO,2025,Biotechnology and Medical Care,Biotechnology and Medical Care,11000.4945,44.801939022211094,,,5.612903225806452,,,1,5.612903225806452,5.612903225806452,True,161.583,377.12,,48191.3862,5.612903225806452,0.6580823901167293,9.548872180451127,1.5359043399418315,4.351145038167939,,,6.504306814808506,3,True
4178.TW,2025,Biotechnology and Medical Care,Biotechnology and Medical Care,1335.0,114.74154949437975,,,2.967741935483871,,,1,2.967741935483871,2.967741935483871,False,1.449,3.555,,,2.967741935483871,0.12453970428266388,9.924812030075188,0.30554772168728095,7.7099236641221385,,,6.8674925432270655,3,False
4183.TWO,2025,Biotechnology and Medical Care,Biotechnology and Medical Care,530.9766999999999,34.23571615669491,,,6.322580645161291,,,1,6.322580645161291,6.322580645161291,False,8319.49,9.9554,,,6.322580645161291,536.4146829954342,4.43609022556391,0.6418930409307235,6.870229007633588,,,5.876299959452929,3,False
4188.TWO,2025,Biotechnology and Medical Care,Biotechnology and Medical Care,19.8455,21.8209806549153,,,7.225806451612904,,,1,7.225806451612904,7.225806451612904,False,347.27,0.0,,8.7877,7.225806451612904,381.8382984572037,5.2631578947368425,0.0,9.885496183206108,,,7.458153509851951,3,True
4190.TW,2025,Biotechnology and Medical Care,Biotechnology and Medical Care,4223.9861,61.78865092414948,,,4.516129032258065,,,1,4.516129032258065,4.516129032258065,False,35954.0,74.391,8.72,,4.516129032258065,525.9366633159304,4.511278195488721,1.0881947577664624,5.4961832061068705,8.72,8.4375,5.740272608463414,4,False
4192.TWO,2025,Biotechnology and Medical Care,Biotechnology and Medical Care,75.05000000000001,90.03861582874069,,,3.419354838709677,,,1,3.419354838709677,3.419354838709677,False,123.0,1.3464,,,3.419354838709677,147.56495332358566,6.466165413533835,1.6152963671128109,4.2748091603053435,,,4.720109804182952,3,False
4195.TW,2025,Biotechnology and Medical Care,Biotechnology and Medical Care,978.8763999999999,48.52683046230089,,,5.290322580645162,,,1,5.290322580645162,5.290322580645162,False,916.46,78.9259,,,5.290322580645162,45.432599095739036,7.969924812030076,3.9126735187246466,2.442748091603053,,,5.234331828092763,3,False
4198.TWO,2025,Biotechnology and Medical Care,Biotechnology and Medical Care,52.9144,8.567984556726957,,,8.451612903225808,,,1,8.451612903225808,8.451612903225808,False,,,,59.2934,8.451612903225808,,,,,,,8.451612903225808,1,True
4205.TWO,2025,Food,Food,13863.622299999999,220.62547610167047,,,2.1875,,,1,2.1875,2.1875,False,630019.0,1921.99,,,2.1875,10026.112859991745,0.0,30.58651986015586,0.9677419354838712,,,1.051747311827957,3,False
4207.TWO,2025,Food,Food,39536.3329,241.94950136124518,,,1.5625,,,1,1.5625,1.5625,False,400319.0,4498.2377,,,1.5625,2449.822108702254,3.548387096774194,27.527752036895517,2.2580645161290325,,,2.4563172043010755,3,False
4303.TWO,2025,Plastics,Plastics,1373.3205,42.28415060790449,,,9.583333333333334,,,1,9.583333333333334,9.583333333333334,False,6322.0,2972.12,,,9.583333333333334,194.65259576564407,8.095238095238095,91.51073598971624,0.4761904761904767,,,6.051587301587303,3,False
4304.TWO,2025,Plastics,Plastics,5741.2304,535.6031322336697,,,3.75,,,1,3.75,3.75,False,,,,,3.75,,,,,,,3.75,1,False
4305.TWO,2025,Plastics,Plastics,8798.3141,259.5581054159026,,,6.666666666666668,,,1,6.666666666666668,6.666666666666668,False,27595.0,28.831,,2200.8079,6.666666666666668,814.0770876720386,6.190476190476191,0.8505401889716451,9.047619047619047,,,7.301587301587301,3,True
4306.TW,2025,Plastics,Plastics,142905.8284,364.9395636433573,,,5.833333333333332,,,1,5.833333333333332,5.833333333333332,False,41169.8,6569.9,,185911.8861,5.833333333333332,105.13559184745115,9.047619047619047,16.777597289240394,3.333333333333334,,,6.071428571428572,3,True
4401.TWO,2025,Textiles,Textiles,52496.4744,429.6623460449035,,,2.9411764705882346,,,1,2.9411764705882346,2.9411764705882346,True,820061.0,1917.05,1.45,16.3309,2.9411764705882346,6711.866600320299,2.558139534883721,15.690276535701647,2.0930232558139537,1.45,4.090909090909091,2.9208120880487503,4,True
4402.TWO,2025,Textiles,Textiles,3.8462,4.977389546051967,,,8.627450980392158,,,1,8.627450980392158,8.627450980392158,False,,,,,8.627450980392158,,,,,,,8.627450980392158,1,False
4406.TWO,2025,Textiles,Textiles,8561.0782,549.7534275494284,,,0.5882352941176472,,,1,0.5882352941176472,0.5882352941176472,False,26900.0,185.94,,,0.5882352941176472,1727.3954116059379,4.883720930232558,11.94021943620848,3.2558139534883725,,,2.9092567259461926,3,False
4413.TWO,2025,Textiles,Textiles,287.6698,11.46391695060474,,,8.235294117647058,,,1,8.235294117647058,8.235294117647058,False,,,,,8.235294117647058,,,,,,,8.235294117647058,1,False
4414.TW,2025,Textiles,Textiles,38.0826,0.08808760394163959,,,10.0,,,1,10.0,10.0,False,,,,,10.0,,,,,,,10.0,1,False
4416.TWO,2025,Building Material and Construction,Building Material and Construction,38.563199999999995,1.7655248191943684,,,7.931034482758621,,,1,7.931034482758621,7.931034482758621,False,,,,,7.931034482758621,,,,,,,7.931034482758621,1,False
4417.TWO,2025,Textiles,Textiles,942.8937999999999,9.099370186073163,,,8.431372549019608,,,1,8.431372549019608,8.431372549019608,False,24870.0,107.31,0.0,1254.8319,8.431372549019608,240.00723785397628,8.13953488372093,1.0355921469284357,7.209302325581395,0.0,0.4545454545454546,6.058688803216847,4,True
4419.TWO,2025,Tourism,Tourism,777.4261,9.187239823232225,,,7.800000000000001,,,1,7.800000000000001,7.800000000000001,False,,684.0912,,,7.800000000000001,,,8.084253815716659,6.0,,,6.9,2,False
4420.TWO,2025,Textiles,Textiles,11729.178600000001,362.17411860064556,,,4.117647058823529,,,1,4.117647058823529,4.117647058823529,True,25309.5665,11.205,,107215.5198,4.117647058823529,781.509963477061,6.279069767441861,0.345988507577183,8.604651162790697,,,6.333789329685362,3,True
4426.TW,2025,Textiles,Textiles,12354.650000000001,451.3152795257951,,,2.1568627450980395,,,1,2.1568627450980395,2.1568627450980395,False,,0.917,,,2.1568627450980395,,,0.033498003692954,9.30232558139535,,,5.729594163246695,2,False
4430.TWO,2025,Other,Other,3868.6132,58.36914812685224,,,4.835164835164835,,,1,4.835164835164835,4.835164835164835,False,38932.0,300.54,,374.8232,4.835164835164835,587.4011066484009,3.2857142857142865,4.53450962170221,4.084507042253521,,,4.068462054377547,3,True
4432.TWO,2025,Textiles,Textiles,80953.25,2261.6173441904766,,,0.0,,,1,0.0,0.0,False,,,,,0.0,,,,,,,0.0,1,False
4433.TWO,2025,Textiles,Textiles,20863.6262,225.41099612709712,,,5.098039215686274,,,1,5.098039215686274,5.098039215686274,False,906759.0,5229.21,,,5.098039215686274,9796.640693131785,1.3953488372093026,56.49647974702392,0.46511627906976716,,,2.319501443988448,3,False
4438.TW,2025,Textiles,Textiles,11564.343499999999,20.009438731984474,,,7.450980392156863,,,1,7.450980392156863,7.450980392156863,True,3973.3365,25.3944,25.357,13217.1883,7.450980392156863,6.874945668840399,9.534883720930234,0.04393917310874643,9.069767441860465,25.357,8.181818181818182,8.559362434191435,4,True
4439.TW,2025,Textiles,Textiles,31521.51,134.47356827885503,,,5.882352941176471,,,1,5.882352941176471,5.882352941176471,False,2728762.07,10844.21,73.66,,5.882352941176471,11641.141954712664,1.1627906976744184,46.26236540905694,0.9302325581395354,73.66,10.0,4.493844049247606,4,False
4440.TW,2025,Textiles,Textiles,14830.4296,491.0697626675276,,,1.5686274509803921,,,1,1.5686274509803921,1.5686274509803921,True,44400.0,29.1,3.0,3072.4087,1.5686274509803921,1470.1865050786002,5.116279069767442,0.9635681823825962,7.441860465116279,3.0,6.363636363636363,5.122600837375119,4,True
4441.TW,2025,Textiles,Textiles,152.71030000000002,0.6696768298181235,,,9.607843137254902,,,1,9.607843137254902,9.607843137254902,False,3617.0,0.19,0.0,,9.607843137254902,15.861543677487061,8.837209302325581,0.0008332024602495277,10.0,0.0,0.4545454545454546,7.224899473531484,4,False
4442.TWO,2025,Textiles,Textiles,835.0299,17.220551012122264,,,7.647058823529411,,,1,7.647058823529411,7.647058823529411,False,13401.5,61.0,,,7.647058823529411,276.374791356521,7.906976744186046,1.2579832311866417,6.976744186046512,,,7.510259917920656,3,False
4502.TWO,2025,Electric Machinery,Electric Machinery,4530.6592,158.8231688587122,,,1.6161616161616166,,,1,1.6161616161616166,1.6161616161616166,False,,,,,1.6161616161616166,,,,,,,1.6161616161616166,1,False
4503.TWO,2025,Electric Machinery,Electric Machinery,1020.4085,48.48266072754269,,,4.444444444444445,,,1,4.444444444444445,4.444444444444445,False,4286.0,0.092,,,4.444444444444445,203.64068299925762,5.161290322580645,0.0043711952487008165,10.0,,,6.535244922341697,3,False
4506.TWO,2025,Electric Machinery,Electric Machinery,1411.7507,7.153966648146745,,,8.686868686868687,,,1,8.686868686868687,8.686868686868687,True,5069.0,305.405,,457.376,8.686868686868687,25.686870167272346,8.602150537634408,1.5476225258306984,5.9770114942528725,,,7.755343572918655,3,True
4510.TWO,2025,Electric Machinery,Electric Machinery,1331.8586,28.703665487054064,,,6.161616161616161,,,1,6.161616161616161,6.161616161616161,False,5738.9606,133.09,,9994.7491,6.161616161616161,123.68370434052315,6.559139784946236,2.868300613647744,4.367816091954023,,,5.696190679505474,3,True
4513.TWO,2025,Electric Machinery,Electric Machinery,711.2155,22.90476499587624,,,6.565656565656566,,,1,6.565656565656566,6.565656565656566,False,520.4,32.53,,,6.565656565656566,16.75953308646113,8.817204301075268,1.047631843394659,6.8965517241379315,,,7.426470863623255,3,False
4523.TWO,2025,Electric Machinery,Electric Machinery,637.1807,33.34467031515874,,,5.656565656565657,,,1,5.656565656565657,5.656565656565657,False,10396.8,51.548,,,5.656565656565657,544.080930782496,3.440860215053764,2.6975880867166926,4.482758620689655,,,4.526728164103026,3,False
4526.TW,2025,Electric Machinery,Electric Machinery,3005.6168,17.845236145737605,,,6.969696969696971,,,1,6.969696969696971,6.969696969696971,False,21737.0,177.417,,1439.0,6.969696969696971,129.05899983653885,6.344086021505376,1.053377217371266,6.666666666666668,,,6.660149885956339,3,True
4527.TWO,2025,Electric Machinery,Electric Machinery,6352.503699999999,82.07046048534507,,,3.5353535353535346,,,1,3.5353535353535346,3.5353535353535346,False,7987.0,171.631,,,3.5353535353535346,103.187152476031,7.096774193548388,2.2173674930028393,4.942528735632184,,,5.191552154844702,3,False
4528.TWO,2025,Electric Machinery,Electric Machinery,10127.724999999999,212.84817008035154,,,0.8080808080808077,,,1,0.8080808080808077,0.8080808080808077,True,135340.0,594.624,,150.493,0.8080808080808077,2844.3575767188368,0.21505376344086002,12.496847049644314,1.954022988505747,,,0.9923858533424715,3,True
4529.TWO,2025,Other,Other,34.457300000000004,202.89513294691326,,,1.8681318681318682,,,1,1.8681318681318682,1.8681318681318682,False,,,,,1.8681318681318682,,,,,,,1.8681318681318682,1,False
4530.TWO,2025,Tourism,Tourism,186.2127,18.294906027936022,,,7.4,,,1,7.4,7.4,False,2923.51,,,,7.4,287.22713714870815,6.190476190476191,,,,,6.795238095238096,2,False
4532.TW,2025,Electric Machinery,Electric Machinery,63154.92,90.85466254390904,,,3.333333333333334,,,1,3.333333333333334,3.333333333333334,True,661990.0,32414.28,9.03,5029.44,3.333333333333334,952.3387577316597,2.2580645161290325,46.631180452825845,1.1494252873563215,9.03,7.8125,3.6383307842046717,4,True
4533.TWO,2025,Electric Machinery,Electric Machinery,854.2529,6.683155149472624,,,8.787878787878787,,,1,8.787878787878787,8.787878787878787,True,16516.0,19.7,,13690.1965,8.787878787878787,129.2111392875457,6.236559139784946,0.15412081884019438,9.195402298850574,,,8.07328007550477,3,True
4534.TWO,2025,Electric Machinery,Electric Machinery,4727.2901999999995,192.19446755716822,,,0.9090909090909094,,,1,0.9090909090909094,0.9090909090909094,False,51498.0,1.5975,,1079.4108,0.9090909090909094,2093.7218303752647,0.5376344086021501,0.06494855380839032,9.655172413793103,,,3.7006325771620543,3,True
4535.TWO,2025,Electric Machinery,Electric Machinery,9481.985999999999,116.76639605441798,,,2.6262626262626263,,,1,2.6262626262626263,2.6262626262626263,True,158340.0,593.164,0.0,16169.556,2.6262626262626263,1949.8859364753907,0.6451612903225812,7.304548071387449,2.2988505747126444,0.0,1.40625,1.744131122824463,4,True
4536.TW,2025,Sports and Leisure,Sports and Leisure,1353.42,4.3936327920401075,,,9.230769230769232,,,1,9.230769230769232,9.230769230769232,True,16320.0,57.688,,1755.09,9.230769230769232,52.97992283703105,8.4,0.18727363900874064,9.583333333333334,,,9.071367521367522,3,True
4538.TWO,2025,Electric Machinery,Electric Machinery,5164.415,444.34571366730256,,,0.10101010101010055,,,1,0.10101010101010055,0.10101010101010055,False,700.0,1825.72,0.0,,0.10101010101010055,60.22792505387576,7.849462365591398,157.08475332766008,0.34482758620689613,0.0,1.40625,2.4253875132020988,4,False
4540.TW,2025,Electric Machinery,Electric Machinery,9292.5466,127.27132277238316,,,2.2222222222222223,,,1,2.2222222222222223,2.2222222222222223,True,57426.0,1367.049,0.2237,2796.7182,2.2222222222222223,786.5102319236016,2.9032258064516125,18.723192039162186,1.6091954022988508,0.2237,3.75,2.6211608577431713,4,True
4541.TWO,2025,Other,Other,12558.1968,259.6137971934659,,,0.8791208791208793,,,1,0.8791208791208793,0.8791208791208793,False,95340.0,886.301,,2762.1165,0.8791208791208793,1970.9501147828041,1.1428571428571432,18.322373166374177,1.5492957746478875,,,1.1904245988753035,3,True
4542.TWO,2025,Electronic Parts and Components,Electronic Parts and Components,216.22029999999998,8.942841448267215,,,8.269230769230768,,,1,8.269230769230768,8.269230769230768,True,1733.601,7108.0,,134.2428,8.269230769230768,71.70149554670627,7.4074074074074066,293.98588853259093,0.05347593582887722,,,5.243371370822351,3,True
4543.TWO,2025,Electric Machinery,Electric Machinery,2947.17,121.74536723273242,,,2.4242424242424243,,,1,2.4242424242424243,2.4242424242424243,False,24459.5,260.87,,,2.4242424242424243,1010.4034751402255,1.9354838709677424,10.776342711822835,2.068965517241379,,,2.142897270817182,3,False
4545.TW,2025,Electronic Parts and Components,Electronic Parts and Components,7175.1419000000005,96.11489219730792,,,3.6057692307692313,,,1,3.6057692307692313,3.6057692307692313,True,249367.0,346.0,0.0,2280.293,3.6057692307692313,3340.405340633902,1.4814814814814814,4.634856447963564,4.278074866310161,0.0,1.0465116279069768,2.6029593016169628,4,True
4549.TWO,2025,Electric Machinery,Electric Machinery,2805.4979999999996,70.67549481187052,,,3.8383838383838387,,,1,3.8383838383838387,3.8383838383838387,False,5214.0,28.291,0.0,2798.9709,3.8383838383838387,131.34995282445146,6.129032258064516,0.7127007125731792,7.7011494252873565,0.0,1.40625,4.768703880433928,4,True
4550.TWO,2025,Electric Machinery,Electric Machinery,8159.0954,338.29988157154816,,,0.4040404040404044,,,1,0.4040404040404044,0.4040404040404044,False,271751.0,1925.68,,4627.2807,0.4040404040404044,11267.58869824586,0.10752688172043001,79.84430675301319,0.9195402298850575,,,0.47703583854863063,3,True
4551.TW,2025,Automobile,Automobile,51273.17,214.22410288659916,,,0.714285714285714,,,1,0.714285714285714,0.714285714285714,True,370890.0,5480.51,,491978.88,0.714285714285714,1549.6131313825683,1.842105263157895,22.898083697790398,1.3157894736842102,,,1.2907268170426065,3,True
4552.TW,2025,Electric Machinery,Electric Machinery,7106.1083,64.967580730757,,,3.9393939393939394,,,1,3.9393939393939394,3.9393939393939394,False,187350.0,,,,3.9393939393939394,1712.8469952966134,0.7526881720430112,,,,,2.346041055718475,2,False
4554.TWO,2025,Other Electronic,Other Electronic,411.33180000000004,27.353650393857876,,,3.4782608695652173,,,1,3.4782608695652173,3.4782608695652173,False,4.2052,4.0,,131.5956,3.4782608695652173,0.2796466760806024,9.605263157894736,0.26600083333073565,6.790123456790123,,,6.6245491614166925,3,True
4555.TW,2025,Electric Machinery,Electric Machinery,547.3283,10.934138668020129,,,8.080808080808081,,,1,8.080808080808081,8.080808080808081,True,5426.0,58.41,,280.0001,8.080808080808081,108.39680026170255,6.881720430107528,1.1668737750250728,6.551724137931034,,,7.171417549615548,3,True
4556.TWO,2025,Other,Other,1189.9637,60.12579495815304,,,4.615384615384616,,,1,4.615384615384616,4.615384615384616,True,,10.08,0.0561,242.269,4.615384615384616,,,0.5093163877000472,7.464788732394366,0.0561,3.6666666666666665,5.248946671481883,3,True
4557.TW,2025,Automobile,Automobile,7777.16,59.53835897999021,,,4.0476190476190474,,,1,4.0476190476190474,4.0476190476190474,False,57638.5714,1197.2616,11.8495,,4.0476190476190474,441.25438529064553,4.2105263157894735,9.165683994383226,2.8947368421052633,11.8495,8.0,4.788220551378446,4,False
4558.TWO,2025,Electric Machinery,Electric Machinery,8660.76,169.69903597460615,,,1.4141414141414144,,,1,1.4141414141414144,1.4141414141414144,False,52561.35,61.28,,,1.4141414141414144,1029.8877263108393,1.7204301075268813,1.2007210596441726,6.436781609195402,,,3.1904510436212328,3,False
4560.TW,2025,Electric Machinery,Electric Machinery,9294.350299999998,177.72121596722585,,,1.1111111111111116,,,1,1.1111111111111116,1.1111111111111116,False,45250.0,291.523,,,1.1111111111111116,865.2444509775978,2.6881720430107525,5.574334985245133,2.528735632183908,,,2.1093395954352574,3,False
4561.TWO,2025,Electric Machinery,Electric Machinery,2163.177,71.21691263277617,,,3.737373737373737,,,1,3.737373737373737,3.737373737373737,True,6372.0,71.38,,,3.737373737373737,209.7813388807526,5.053763440860215,2.3499987396905397,4.712643678160919,,,4.501260285464958,3,False
4562.TW,2025,Electric Machinery,Electric Machinery,2046.0228000000002,84.69793205690192,,,3.4343434343434343,,,1,3.4343434343434343,3.4343434343434343,False,8.527,125.87,,131.6228,3.4343434343434343,0.35298691033609325,9.56989247311828,5.210562026973621,2.6436781609195403,,,5.215971356127085,3,True
4563.TWO,2025,Electric Machinery,Electric Machinery,773.76,8.707046656120585,,,8.383838383838384,,,1,8.383838383838384,8.383838383838384,True,3747.0,74.52,,,8.383838383838384,42.16462962738295,8.064516129032258,0.8385663730537971,7.241379310344827,,,7.896577941071823,3,False
4564.TW,2025,Electric Machinery,Electric Machinery,15097.7476,428.806120629477,,,0.30303030303030276,,,1,0.30303030303030276,0.30303030303030276,False,90380.0,135.23,,,0.30303030303030276,2566.9721212250315,0.43010752688172005,3.8408015042405506,3.793103448275862,,,1.508747092729295,3,False
4566.TW,2025,Electric Machinery,Electric Machinery,16543.2104,107.00249097149667,,,3.03030303030303,,,1,3.03030303030303,3.03030303030303,True,25080.0,1959.45,9.0,3639.0275,3.03030303030303,162.21896528409846,5.913978494623655,12.673841767381449,1.839080459770115,9.0,7.5,4.5708404961742,4,True
4568.TWO,2025,Electric Machinery,Electric Machinery,4119.0,111.88227100434558,,,2.929292929292929,,,1,2.929292929292929,2.929292929292929,False,46570.0,184.34,,,2.929292929292929,1264.9568731906709,1.1827956989247312,5.007132274081346,2.8735632183908044,,,2.328550615536155,3,False
4569.TW,2025,Automobile,Automobile,9635.053,168.05381486111463,,,1.428571428571429,,,1,1.428571428571429,1.428571428571429,False,166831.0,918.703,0.6865,9084.988,1.428571428571429,2909.8528038293734,0.2631578947368418,16.023943394431832,1.842105263157895,0.6865,5.333333333333333,2.2167919799498748,4,True
4571.TW,2025,Electric Machinery,Electric Machinery,9950.903,102.51793128316078,,,3.1313131313131315,,,1,3.1313131313131315,3.1313131313131315,True,101062.0,448.9,5.4391,24862.319,3.1313131313131315,1041.178591665379,1.6129032258064513,4.62473600164838,3.2183908045977017,5.4391,6.875,3.709401790429321,4,True
4572.TW,2025,Electric Machinery,Electric Machinery,2477.4467,114.94030587131715,,,2.8282828282828287,,,1,2.8282828282828287,2.8282828282828287,False,32515.0,193.57,,650.8823,2.8282828282828287,1508.5224822014848,0.9677419354838712,8.980615004759077,2.1839080459770113,,,1.993310936581237,3,True
4576.TW,2025,Electric Machinery,Electric Machinery,3594.6133,44.72625284599648,,,4.949494949494949,,,1,4.949494949494949,4.949494949494949,True,23161.0,242.15,0.0,1060.2564,4.949494949494949,288.1825263836097,4.516129032258065,3.012970025637541,4.252873563218391,0.0,1.40625,3.7811868862428515,4,True
4577.TWO,2025,Other Electronic,Other Electronic,6517.9402,333.57656805263684,,,0.32608695652173947,,,1,0.32608695652173947,0.32608695652173947,False,71268.0,2.45,,199.797,0.32608695652173947,3647.3692796345877,0.13157894736842146,0.12538663544795337,8.395061728395062,,,2.950909210761741,3,True
4580.TWO,2025,Electric Machinery,Electric Machinery,1514.9502,21.309184943036275,,,6.767676767676766,,,1,6.767676767676766,6.767676767676766,True,40481.26,,,666.0532,6.767676767676766,569.4066089216244,3.333333333333334,,,,,5.05050505050505,2,True
4581.TW,2025,Automobile,Automobile,2363.8999999999996,67.7317352380108,,,3.571428571428571,,,1,3.571428571428571,3.571428571428571,False,21860.0,61.233,,,3.571428571428571,626.3444867815543,3.68421052631579,1.7544808764453301,6.315789473684211,,,4.523809523809524,3,False
4582.TW,2025,Green Energy and Environmental Services,Green Energy and Environmental Services,228.64669999999998,9.159888354112013,,,6.818181818181818,,,1,6.818181818181818,6.818181818181818,False,3390.0,18.01,38.0,118.4537,6.818181818181818,135.80787092243065,5.609756097560976,0.721504352599698,6.216216216216216,38.0,9.411764705882353,7.013979709460342,4,True
4583.TW,2025,Electric Machinery,Electric Machinery,14312.846399999999,151.7263958283539,,,1.7171717171717171,,,1,1.7171717171717171,1.7171717171717171,False,76000.0,,,,1.7171717171717171,805.6542885106974,2.7956989247311825,,,,,2.25643532095145,2,False
4584.TWO,2025,Electric Machinery,Electric Machinery,457.71,10.623911983845137,,,8.181818181818182,,,1,8.181818181818182,8.181818181818182,False,15171.0,19.87,,,8.181818181818182,352.13425248938097,3.870967741935484,0.461202794605761,8.620689655172413,,,6.891158526308693,3,False
4585.TW,2025,Other Electronic,Other Electronic,686.9354000000001,12.53713703317458,,,5.760869565217392,,,1,5.760869565217392,5.760869565217392,True,9286.0,66.991,0.0,,5.760869565217392,169.47715096653798,4.2105263157894735,1.2226409455523741,3.8271604938271606,0.0,0.8695652173913043,3.6670303980563324,4,False
4588.TW,2025,Other Electronic,Other Electronic,400.7891,16.482663597674094,,,4.782608695652174,,,1,4.782608695652174,4.782608695652174,False,3473.0,53.2,0.0,171.5333,4.782608695652174,142.82896085428004,4.605263157894736,2.187878121925626,2.716049382716049,0.0,0.8695652173913043,3.243371613413566,4,True
4590.TW,2025,Electric Machinery,Electric Machinery,2263.1468999999997,58.43960879248571,,,4.242424242424242,,,1,4.242424242424242,4.242424242424242,False,36894.0,2088.08,,19503.8558,4.242424242424242,952.6871308221167,2.1505376344086025,53.91898260224008,1.0344827586206895,,,2.475814878484511,3,True
4609.TWO,2025,Household,Household,878.4269999999999,153.30690380163122,,,0.5882352941176472,,,1,0.5882352941176472,0.5882352941176472,False,,,,928.533,0.5882352941176472,,,,,,,0.5882352941176472,1,True
4702.TWO,2025,Household,Household,54.7,22.63999637842837,,,3.8235294117647056,,,1,3.8235294117647056,3.8235294117647056,False,1715.0,,,,3.8235294117647056,709.8280400183666,1.6666666666666663,,,,,2.745098039215686,2,False
4706.TWO,2025,Chemical,Chemical,7066.053999999999,216.8242195497215,,,2.9268292682926833,,,1,2.9268292682926833,2.9268292682926833,False,31489.0,639.64,,,2.9268292682926833,966.2504488928588,3.5,19.627566360628418,1.9512195121951215,,,2.7926829268292686,3,False
4707.TWO,2025,Chemical,Chemical,5824.4828,133.9036595441411,,,4.634146341463414,,,1,4.634146341463414,4.634146341463414,False,92583.0,255.62,,,4.634146341463414,2128.4640949708387,1.7500000000000004,5.876651134187116,5.609756097560976,,,3.9979674796747973,3,False
4711.TWO,2025,Chemical,Chemical,3077.273,136.00126509289663,,,4.390243902439024,,,1,4.390243902439024,4.390243902439024,False,9333.0,1216.49,19.4,,4.390243902439024,412.47552853191905,5.75,53.76324394126157,0.24390243902439046,19.4,10.0,5.096036585365853,4,False
4714.TWO,2025,Chemical,Chemical,2047.6653000000001,46.6069471606519,,,7.073170731707316,,,1,7.073170731707316,7.073170731707316,False,5.457,814.06,0.0,,7.073170731707316,0.12420687631698275,9.5,18.528834475829754,2.195121951219512,0.0,1.5217391304347827,5.072507953340402,4,False
4716.TWO,2025,Chemical,Chemical,2363.9399999999996,139.97685127359628,,,4.146341463414634,,,1,4.146341463414634,4.146341463414634,False,20310.0,238.826,0.0,25139.54,4.146341463414634,1202.6235223257531,3.2499999999999996,14.141692040520448,3.6585365853658534,0.0,1.5217391304347827,3.1441542948038177,4,True
4720.TW,2025,Chemical,Chemical,2354.0132,21.26487959458969,,,8.536585365853659,,,1,8.536585365853659,8.536585365853659,True,10458.0,158.868,0.31,528.268,8.536585365853659,94.47190474557195,7.5,1.4351274204551083,8.536585365853659,0.31,4.782608695652174,7.338944856839873,4,True
4721.TWO,2025,Chemical,Chemical,4827.0401,57.2704526309545,,,6.829268292682926,,,1,6.829268292682926,6.829268292682926,False,127208.0,278.63,,3186.3146,6.829268292682926,1509.2602479682032,2.25,3.30580767633624,6.585365853658535,,,5.221544715447154,3,True
4722.TW,2025,Chemical,Chemical,14909.0,123.83055888542945,,,5.121951219512195,,,1,5.121951219512195,5.121951219512195,False,105100.0,9993.0,0.0,53.0,5.121951219512195,872.935256479887,4.0,82.99944831592303,0.0,0.0,1.5217391304347827,2.6609225874867444,4,True
4726.TWO,2025,Biotechnology and Medical Care,Biotechnology and Medical Care,5003.15,247.03825602046655,,,1.7419354838709677,,,1,1.7419354838709677,1.7419354838709677,False,56123.0,33.88,,175.51,1.7419354838709677,2771.1597778672726,1.428571428571429,1.6728773100893253,4.198473282442748,,,2.4563267316283817,3,True
4728.TWO,2025,Biotechnology and Medical Care,Biotechnology and Medical Care,2917.1063999999997,47.42528648387482,,,5.419354838709678,,,1,5.419354838709678,5.419354838709678,False,49514.0,17.04,,,5.419354838709678,804.9811398592037,3.533834586466166,0.2770303070485283,7.938931297709924,,,5.630706907628589,3,False
4729.TWO,2025,Optoelectronic,Optoelectronic,5037.4055,150.54402888407614,,,2.7192982456140347,,,1,2.7192982456140347,2.7192982456140347,False,39052.898,242.061,,3831.7058,2.7192982456140347,1167.1048924925499,3.398058252427184,7.2340489912333545,2.2115384615384617,,,2.7762983198598934,3,True
4735.TWO,2025,Biotechnology and Medical Care,Biotechnology and Medical Care,96.5103,3.350915734223054,,,9.225806451612904,,,1,9.225806451612904,9.225806451612904,False,24.82,2.2,,19.0749,9.225806451612904,0.8617704900245486,9.398496240601503,0.07638578074351358,8.778625954198473,,,9.134309548804294,3,True
4736.TW,2025,Biotechnology and Medical Care,Biotechnology and Medical Care,6495.991999999999,49.42645840057874,,,5.225806451612903,,,1,5.225806451612903,5.225806451612903,False,66517.0,156.439,,57.5118,5.225806451612903,506.1120354568319,4.661654135338345,1.1903071502748368,5.114503816793894,,,5.000654801248381,3,True
4737.TW,2025,Biotechnology and Medical Care,Biotechnology and Medical Care,5944.7227,100.43704422334663,,,3.354838709677419,,,1,3.354838709677419,3.354838709677419,False,31059.0,163.88,,1635.9646,3.354838709677419,524.7467903814795,4.586466165413534,2.7687789049137725,3.0534351145038165,,,3.6649133298649232,3,True
4739.TW,2025,Chemical,Chemical,24998.34,148.98666601853162,,,3.902439024390244,,,1,3.902439024390244,3.902439024390244,True,486540.0,2594.28,3.0,,3.902439024390244,2899.7114402258862,1.25,15.461551763779365,3.414634146341463,3.0,8.26086956521739,4.206985683987274,4,False
4741.TWO,2025,Chemical,Chemical,1638.105,110.53899488840528,,,5.609756097560976,,,1,5.609756097560976,5.609756097560976,True,9.547,363.36,,80.393,5.609756097560976,0.6442296337533951,8.75,24.519459486816135,1.7073170731707321,,,5.355691056910569,3,True
4743.TWO,2025,Biotechnology and Medical Care,Biotechnology and Medical Care,1226.9450000000002,331.3562805143072,,,1.2903225806451613,,,1,1.2903225806451613,1.2903225806451613,True,29547.0,25.9,19.5539,2473.341,1.2903225806451613,7979.643765903307,0.3759398496240607,6.994712611666012,1.984732824427481,19.5539,9.6875,3.3346238136741757,4,True
4744.TWO,2025,Biotechnology and Medical Care,Biotechnology and Medical Care,489.534,13.499574074241638,,,7.870967741935484,,,1,7.870967741935484,7.870967741935484,False,12896.08,1.3,,,7.870967741935484,355.62716221415894,5.338345864661655,0.03584928992983966,9.236641221374045,,,7.4819849426570615,3,False
4745.TWO,2025,Biotechnology and Medical Care,Biotechnology and Medical Care,323.23,3.2634120446727675,,,9.290322580645162,,,1,9.290322580645162,9.290322580645162,False,239.33,8.57,,86.04,9.290322580645162,2.4163363693083357,9.022556390977442,0.08652489318084836,8.625954198473282,,,8.979611056698628,3,True
4746.TW,2025,Biotechnology and Medical Care,Biotechnology and Medical Care,35267.105299999996,240.4169572372958,,,1.806451612903226,,,1,1.806451612903226,1.806451612903226,False,524091.0,1346.9538,1.0,21448.7292,1.806451612903226,3572.7446997316115,1.127819548872181,9.18222608236614,1.5267175572519087,1.0,6.5625,2.755872179756829,4,True
4747.TWO,2025,Biotechnology and Medical Care,Biotechnology and Medical Care,1363.1915,77.67348457734829,,,4.064516129032258,,,1,4.064516129032258,4.064516129032258,False,15673.0,13.3756,,,4.064516129032258,893.0341216041766,3.3834586466165417,0.762130236516865,6.106870229007634,,,4.518281668218811,3,False
4749.TWO,2025,Semiconductor,Semiconductor,8925.3562,68.1896021214333,,,3.284313725490197,,,1,3.284313725490197,3.284313725490197,True,62350.0,698.68,,2654.1865,3.284313725490197,476.35316697739927,3.3513513513513518,5.3379058653371185,1.871657754010695,,,2.835774276950748,3,True
4754.TWO,2025,Chemical,Chemical,362.62330000000003,17.573148878010368,,,9.512195121951219,,,1,9.512195121951219,9.512195121951219,True,4.882,12.68,,10588.5551,9.512195121951219,0.23658742508395517,9.25,0.6144876177928209,9.26829268292683,,,9.34349593495935,3,True
4755.TW,2025,Chemical,Chemical,35069.0291,235.77350905484298,,,2.4390243902439024,,,1,2.4390243902439024,2.4390243902439024,False,102150.0,1464.77,0.56,10499.2337,2.4390243902439024,686.7673433808354,4.5,9.847833593381756,4.390243902439024,0.56,5.217391304347826,4.136664899257688,4,True
4760.TWO,2025,Other Electronic,Other Electronic,721.2956999999999,13.314483342231203,,,5.6521739130434785,,,1,5.6521739130434785,5.6521739130434785,False,5740.0,35.577,6.34,,5.6521739130434785,105.9553445062921,5.13157894736842,0.6567200856272394,5.555555555555555,6.34,5.869565217391305,5.552218408339689,4,False
4763.TW,2025,Chemical,Chemical,211265.28230000002,465.78401012331744,,,0.4878048780487809,,,1,0.4878048780487809,0.4878048780487809,True,2021349.0,7655.33,0.11,49645.3409,0.4878048780487809,4456.539346307718,0.2500000000000002,16.877975725107273,2.682926829268293,0.11,3.9130434782608696,1.8334437963944858,4,True
4764.TW,2025,Chemical,Chemical,3937.2295000000004,46.34987806569407,,,7.317073170731707,,,1,7.317073170731707,7.317073170731707,False,23542.0,1181.586,0.0,,7.317073170731707,277.1412815591699,6.75,13.90987419558123,3.902439024390244,0.0,1.5217391304347827,4.872812831389183,4,False
4766.TW,2025,Chemical,Chemical,31336.86,43.72340856219755,,,7.560975609756097,,,1,7.560975609756097,7.560975609756097,False,283430.0,4971.0,2.03,507865.55,7.560975609756097,395.4616285353303,6.0,6.935891597393102,4.878048780487805,2.03,7.826086956521739,6.56627783669141,4,True
4767.TWO,2025,Chemical,Chemical,666.6990000000001,20.860551855431655,,,9.02439024390244,,,1,9.02439024390244,9.02439024390244,False,2.36,45.802,,,9.02439024390244,0.07384277219377665,9.75,1.4331129881437958,8.78048780487805,,,9.184959349593496,3,False
4768.TWO,2025,Chemical,Chemical,743.2521,33.97306502343998,,,8.048780487804878,,,1,8.048780487804878,8.048780487804878,True,9696.0,38.76,,22317.5749,8.048780487804878,443.19126507314814,5.5,1.7716680522107282,8.048780487804878,,,7.199186991869919,3,True
4770.TW,2025,Chemical,Chemical,6133.2887,39.26286339584896,,,7.804878048780488,,,1,7.804878048780488,7.804878048780488,True,52.4347,229.2525,1.8816,1770.5162,7.804878048780488,0.33566599649912476,9.0,1.467582895723931,8.292682926829269,1.8816,6.956521739130435,8.013520678685047,4,True
4771.TW,2025,Biotechnology and Medical Care,Biotechnology and Medical Care,7443.7325,71.51203578612387,,,4.193548387096774,,,1,4.193548387096774,4.193548387096774,True,69635.0,876.0415,,1839.4039,4.193548387096774,668.9843585817647,4.060150375939849,8.41614218379417,1.6793893129770987,,,3.311029358671241,3,True
4772.TWO,2025,Chemical,Chemical,3884.7321,98.35659668403376,,,5.853658536585367,,,1,5.853658536585367,5.853658536585367,True,11341.0,77.364,4.9,466.1868,5.853658536585367,287.1400483430059,6.5,1.9587604884938108,7.560975609756097,4.9,9.130434782608695,7.26126723223754,4,True
4804.TWO,2025,Tourism,Tourism,0.0,0.0,,,9.9,,,1,9.9,9.9,False,,,,,9.9,,,,,,,9.9,1,False
4806.TWO,2025,Cultural and Creative,Cultural and Creative,108.7099,50.87405197502157,,,1.9999999999999996,,,1,1.9999999999999996,1.9999999999999996,True,2.2221,6.9311,,255.5277,1.9999999999999996,1.0398982143640592,7.5,3.243615729975577,1.6666666666666663,,,3.722222222222222,3,True
4807.TW,2025,Trading and Consumer Goods,Trading and Consumer Goods,2832.0,45.46627844934825,,,4.117647058823529,,,1,4.117647058823529,4.117647058823529,False,31756.65,282.8,25.0,3834.0,4.117647058823529,509.83640237235,3.125,4.5402060541933915,4.166666666666666,25.0,10.0,5.352328431372548,4,True
4903.TWO,2025,Communications and Internet,Communications and Internet,507.9489,12.281854296229048,,,6.853932584269663,,,1,6.853932584269663,6.853932584269663,True,4996.5486,34.0,,1735.2069,6.853932584269663,120.81310125728638,5.696202531645569,0.8220965653666886,4.444444444444445,,,5.664859853453225,3,True
4904.TW,2025,Communications and Internet,Communications and Internet,250226.8848,78.99336692449857,,,1.573033707865169,,,1,1.573033707865169,1.573033707865169,True,291356.0,2123.9219,5.23,308546.1344,1.573033707865169,91.97729265602162,6.8354430379746836,0.6704944678497559,4.814814814814815,5.23,4.0740740740740735,4.324341408682185,4,True
4905.TWO,2025,Biotechnology and Medical Care,Biotechnology and Medical Care,972.9403000000001,44.52886072292328,,,5.67741935483871,,,1,5.67741935483871,5.67741935483871,False,4736.28,7.665,,,5.67741935483871,216.7667969604785,6.015037593984962,0.3508064343117526,7.480916030534352,,,6.391124326452675,3,False
4906.TW,2025,Communications and Internet,Communications and Internet,25588.87,47.1265529980736,,,2.921348314606742,,,1,2.921348314606742,2.921348314606742,False,158910.0,1209.41,13.0,1816786.22,2.921348314606742,292.66163519232686,3.5443037974683547,2.227348236221459,2.098765432098766,13.0,6.296296296296297,3.7151784601175395,4,True
4907.TWO,2025,Building Material and Construction,Building Material and Construction,49.139,0.6160226421761656,,,8.735632183908047,,,1,8.735632183908047,8.735632183908047,False,22.0,,,,8.735632183908047,0.2757992252157277,9.054054054054054,,,,,8.89484311898105,2,False
4908.TWO,2025,Communications and Internet,Communications and Internet,1598.25,61.04257189456478,,,2.359550561797753,,,1,2.359550561797753,2.359550561797753,False,12366.0,36.24,,416.0,2.359550561797753,472.2993549495937,2.6582278481012658,1.384128143568921,3.08641975308642,,,2.7013993876618128,3,True
4909.TWO,2025,Communications and Internet,Communications and Internet,4195.151699999999,407.0246025104602,,,0.22471910112359605,,,1,0.22471910112359605,0.22471910112359605,False,80157.0,1004.1,,171.669,0.22471910112359605,7777.042022921593,0.0,97.42041113334547,0.0,,,0.07490636704119868,3,True
4911.TWO,2025,Biotechnology and Medical Care,Biotechnology and Medical Care,562.0114,56.0386279788613,,,4.709677419354838,,,1,4.709677419354838,4.709677419354838,False,7500.0,9.24,,,4.709677419354838,747.8312892611427,3.8345864661654137,0.9213281483697279,5.877862595419847,,,4.8073754936467,3,False
4912.TW,2025,Electronic Parts and Components,Electronic Parts and Components,6460.094,36.03267854235713,,,6.25,,,1,6.25,6.25,True,10248.0,11485.49,15.46,,6.25,57.16060628561687,7.619047619047619,64.06299491485068,0.6417112299465244,15.46,6.627906976744185,5.284666456434582,4,False
4915.TW,2025,Electronic Parts and Components,Electronic Parts and Components,18653.596,9.996980415373176,,,8.125,,,1,8.125,8.125,False,663843.097,2139.778,61.84,1902527.577,8.125,355.7719615879788,5.343915343915344,1.146766487236369,6.844919786096257,61.84,9.651162790697676,7.49124948017732,4,True
4916.TW,2025,Computer and Peripheral Equipment,Computer and Peripheral Equipment,19.2412,0.1893708520618646,,,9.62962962962963,,,1,9.62962962962963,9.62962962962963,False,136.0,,,300.1621,9.62962962962963,1.3385046608534596,8.842105263157894,,,,,9.235867446393762,2,True
4919.TW,2025,Semiconductor,Semiconductor,109466.2606,112.2122450208648,,,2.8921568627450975,,,1,2.8921568627450975,2.8921568627450975,True,3504000.0,2559.0,1.0522,7000013.1527,2.8921568627450975,3591.8985849883893,1.3513513513513509,2.623193059071144,3.048128342245989,1.0522,4.337349397590361,2.9072464884831994,4,True
4923.TWO,2025,Semiconductor,Semiconductor,128.7845,4.802832445863154,,,8.284313725490195,,,1,8.284313725490195,8.284313725490195,True,,,,,8.284313725490195,,,,,,,8.284313725490195,1,False
4924.TWO,2025,Green Energy and Environmental Services,Green Energy and Environmental Services,0.0,0.0,,,10.0,,,1,10.0,10.0,False,0.0,0.0,0.0,0.0,10.0,0.0,10.0,0.0,10.0,0.0,1.4705882352941178,7.867647058823529,4,False
4927.TW,2025,Electronic Parts and Components,Electronic Parts and Components,150976.6,400.2206027840602,,,0.7211538461538458,,,1,0.7211538461538458,0.7211538461538458,True,3886000.0,18190.0037,3.8275,47131.8,0.7211538461538458,10301.313332124699,0.2645502645502651,48.219487294443546,0.6951871657754005,3.8275,4.4186046511627906,1.5248739819105754,4,True
4930.TW,2025,Electrical and Cable,Electrical and Cable,20273.703299999997,108.3279075079648,,,0.625,,,1,0.625,0.625,True,247403.0,1500.248,,,0.625,1321.9414778154032,0.6666666666666665,8.016232859785868,0.6666666666666665,,,0.6527777777777777,3,False
4931.TWO,2025,Computer and Peripheral Equipment,Computer and Peripheral Equipment,1223.0838999999999,17.25060644706885,,,3.7037037037037033,,,1,3.7037037037037033,3.7037037037037033,False,13710.0,106.621,23.6671,966.2792,3.7037037037037033,193.36843072606382,3.2631578947368425,1.5038027317610247,2.680412371134021,23.6671,6.538461538461538,4.046433877009026,4,True
4933.TWO,2025,Optoelectronic,Optoelectronic,13510.432200000001,141.22208477855787,,,3.1578947368421053,,,1,3.1578947368421053,3.1578947368421053,False,87.686,736.37,,,3.1578947368421053,0.9165657724771105,9.320388349514563,7.697141366683048,1.923076923076923,,,4.800453336477864,3,False
4934.TW,2025,Optoelectronic,Optoelectronic,319.82349999999997,136.3625728656607,,,3.245614035087719,,,1,3.245614035087719,3.245614035087719,False,2942.4028,8.716,32.9622,,3.245614035087719,1254.5470117584357,3.300970873786407,3.7162253089504014,3.653846153846154,32.9622,9.30232558139535,4.875689161028907,4,False
4935.TW,2025,Optoelectronic,Optoelectronic,10663.679699999999,59.906772130948525,,,5.701754385964913,,,1,5.701754385964913,5.701754385964913,True,49748.0,52.15,0.0,11482.8926,5.701754385964913,279.4759580007291,6.407766990291261,0.29296999295927517,8.173076923076923,0.0,1.0465116279069768,5.332277481810018,4,True
4938.TW,2025,Computer and Peripheral Equipment,Computer and Peripheral Equipment,504339.11679999996,15.759448329989587,,,3.8888888888888884,,,1,3.8888888888888884,3.8888888888888884,True,2014346.0,32215.6555,55.4253,6670339.8964,3.8888888888888884,62.943723078909926,5.578947368421052,1.0066658352624434,3.608247422680413,55.4253,8.269230769230768,5.33632861230528,4,True
4939.TWO,2025,Electronic Parts and Components,Electronic Parts and Components,7329.36,168.05351584667503,,,2.740384615384616,,,1,2.740384615384616,2.740384615384616,True,30143.0,176.87,14.8,522.34,2.740384615384616,691.1431732329052,4.0211640211640205,4.055418938052083,4.652406417112299,14.8,6.511627906976745,4.48139574015942,4,True
4942.TW,2025,Optoelectronic,Optoelectronic,1550.4198000000001,8.536928885042576,,,8.947368421052632,,,1,8.947368421052632,8.947368421052632,True,34583.0,662.59,,12791.2985,8.947368421052632,190.42107926603322,6.796116504854368,3.648356212904634,3.75,,,6.497828308635666,3,True
4943.TW,2025,Electronic Parts and Components,Electronic Parts and Components,0.0,0.0,,,10.0,,,1,10.0,10.0,False,0.0,,,0.0,10.0,0.0,10.0,,,,,10.0,2,False
4946.TWO,2025,Cultural and Creative,Cultural and Creative,151.7484,12.384749458671584,,,5.6000000000000005,,,1,5.6000000000000005,5.6000000000000005,False,575.0,8.4,,,5.6000000000000005,46.92788153770426,5.0,0.6855551389855926,5.0,,,5.2,3,False
4949.TW,2025,Optoelectronic,Optoelectronic,1470.19,19.8810040722478,,,7.631578947368421,,,1,7.631578947368421,7.631578947368421,False,10100.0,82.02,,351.97,7.631578947368421,136.57972175684964,7.475728155339806,1.1091355226234463,7.115384615384616,,,7.407563906030948,3,True
4950.TWO,2025,Iron and Steel,Iron and Steel,398.7439,12.326134412949209,,,8.936170212765957,,,1,8.936170212765957,8.936170212765957,True,4995.7418,2.191,,31937.6199,8.936170212765957,154.43041240051275,6.304347826086957,0.0677290875139951,10.0,,,8.41350601295097,3,True
4951.TWO,2025,Semiconductor,Semiconductor,252.8175,14.99077224112245,,,5.4411764705882355,,,1,5.4411764705882355,5.4411764705882355,False,1882.0764,4.3307,,98.223,5.4411764705882355,111.59741178040156,4.8108108108108105,0.25678814696225144,6.149732620320856,,,5.4672399672399665,3,True
4952.TW,2025,Semiconductor,Semiconductor,623.8675999999999,8.774092650313715,,,6.568627450980392,,,1,6.568627450980392,6.568627450980392,False,4560.0,9.89,,30.0633,6.568627450980392,64.13197685763862,6.0,0.1390932568250101,6.898395721925134,,,6.4890077243018425,3,True
4953.TWO,2025,Information Service,Information Service,750.468,2.1921142956665376,,,8.636363636363637,,,1,8.636363636363637,8.636363636363637,True,9085.0,79.4659,4.4,4348.4623,8.636363636363637,26.537251922974058,6.470588235294117,0.2321196045774204,3.7037037037037033,4.4,7.0,6.452663893840364,4,True
4956.TW,2025,Optoelectronic,Optoelectronic,13614.8857,320.6383547569949,,,0.964912280701754,,,1,0.964912280701754,0.964912280701754,False,139969.0,529.57,,,0.964912280701754,3296.3501028129685,1.5533980582524276,12.471676756615135,1.0576923076923073,,,1.1920008822154964,3,False
4958.TW,2025,Electronic Parts and Components,Electronic Parts and Components,400864.0,80.45757657512856,,,4.086538461538462,,,1,4.086538461538462,4.086538461538462,True,17424000.0,98697.0,62.5,35266.0,4.086538461538462,3497.178130849964,1.428571428571429,19.809515035611735,1.4973262032085566,62.5,9.767441860465116,4.19496948844589,4,True
4960.TW,2025,Optoelectronic,Optoelectronic,46697.31,175.67068032166375,,,2.3684210526315788,,,1,2.3684210526315788,2.3684210526315788,True,451897000.0,3336.32,2.22,64644.4634,2.3684210526315788,1699992.0000813513,0.0,12.550907197240553,0.9615384615384615,2.22,4.883720930232558,2.0534201111006496,4,True
4961.TW,2025,Semiconductor,Semiconductor,1298.1686,2.1939494554049332,,,9.362745098039216,,,1,9.362745098039216,9.362745098039216,True,9318.0,54.226,,106821.8221,9.362745098039216,15.747739565926311,8.108108108108107,0.09164379971044431,7.593582887700535,,,8.35481203128262,3,True
4966.TWO,2025,Semiconductor,Semiconductor,1730.5958,3.3586898438370882,,,8.823529411764707,,,1,8.823529411764707,8.823529411764707,True,6921.0,25.512,6.44,59257.4315,8.823529411764707,13.432074901138952,8.324324324324323,0.049512945365966905,8.235294117647058,6.44,7.108433734939759,8.12289539716896,4,True
4967.TW,2025,Semiconductor,Semiconductor,1180.4301999999998,2.0755000305222477,,,9.411764705882353,,,1,9.411764705882353,9.411764705882353,True,33.2296,131.328,,975.139,9.411764705882353,0.058426187176710734,9.621621621621621,0.23090841627774839,6.363636363636363,,,8.465674230380113,3,True
4968.TW,2025,Semiconductor,Semiconductor,546.2794,4.700005820918175,,,8.431372549019608,,,1,8.431372549019608,8.431372549019608,False,3920.0,12.34,1.1,206.3496,8.431372549019608,33.72637302083741,7.081081081081081,0.10616924568294224,7.219251336898395,1.1,4.457831325301205,6.797384073075072,4,True
4971.TWO,2025,Semiconductor,Semiconductor,3.0403,0.09777426704172583,,,10.0,,,1,10.0,10.0,False,,5.97,0.0,,10.0,,,0.19199170287113218,6.577540106951871,0.0,1.2650602409638554,5.947533449305243,3,False
4972.TWO,2025,Optoelectronic,Optoelectronic,2794.7865,98.34283188292966,,,4.649122807017544,,,1,4.649122807017544,4.649122807017544,False,69629.8612,176.69,,4505.9766,4.649122807017544,2450.1326788373017,2.1359223300970873,6.217360419264527,2.596153846153846,,,3.127066327756159,3,True
4973.TWO,2025,Semiconductor,Semiconductor,835.5804999999999,6.435809073505835,,,7.401960784313726,,,1,7.401960784313726,7.401960784313726,False,5574.0,62.4314,,,7.401960784313726,42.93206911329492,6.648648648648648,0.480859199791848,5.18716577540107,,,6.412591736121148,3,False
4974.TWO,2025,Electronic Parts and Components,Electronic Parts and Components,3587.5413,27.866343003304237,,,6.682692307692308,,,1,6.682692307692308,6.682692307692308,True,45450.0,67.58,,31652.7383,6.682692307692308,353.0343440227929,5.396825396825397,0.5249298343027579,8.181818181818182,,,6.753778628778629,3,True
4976.TW,2025,Optoelectronic,Optoelectronic,11142.8802,337.01342384069346,,,0.8771929824561409,,,1,0.8771929824561409,0.8771929824561409,True,136225.0,100.839,,,0.8771929824561409,4120.088598161404,1.1650485436893199,3.049848516425016,4.519230769230768,,,2.1871574317920763,3,False
4977.TW,2025,Communications and Internet,Communications and Internet,7358.403600000001,217.7153194735309,,,0.561797752808989,,,1,0.561797752808989,0.561797752808989,False,29557.0,11.48,,,0.561797752808989,874.5119250701542,1.1392405063291144,0.3396622424402128,6.666666666666668,,,2.7892349752682573,3,False
4979.TWO,2025,Communications and Internet,Communications and Internet,5340.436,38.75305797732945,,,3.370786516853933,,,1,3.370786516853933,3.370786516853933,True,45177.9113,62.343,,1446.3829,3.370786516853933,327.83507112594316,3.1645569620253164,0.45239412914613153,5.555555555555555,,,4.030299678144935,3,True
4989.TW,2025,Electronic Parts and Components,Electronic Parts and Components,51260.15,676.2727024422422,,,0.14423076923076872,,,1,0.14423076923076872,0.14423076923076872,True,296401.0,544.44,1.23,732.8923,0.14423076923076872,3910.404188762285,1.2169312169312174,7.1827708291461185,3.262032085561497,1.23,3.488372093023256,2.0278915411866847,4,True
4991.TWO,2025,Semiconductor,Semiconductor,8502.5792,139.40104139928488,,,2.401960784313726,,,1,2.401960784313726,2.401960784313726,True,14.9,329.96,,,2.401960784313726,0.24428770000158828,9.297297297297298,5.409742918961347,1.8181818181818177,,,4.5058132999309475,3,False
4994.TW,2025,Information Service,Information Service,334.32,8.798987374254533,,,4.090909090909091,,,1,4.090909090909091,4.090909090909091,False,4109.0,2.0,0.0,,4.090909090909091,108.14500813834613,2.9411764705882346,0.05263811542387254,5.925925925925926,0.0,2.0,3.7395028718558128,4,False
4995.TWO,2025,Optoelectronic,Optoelectronic,655.08,17.12125982708496,,,8.070175438596491,,,1,8.070175438596491,8.070175438596491,True,5725.0,64.792,,242.24,8.070175438596491,149.62937734331896,7.281553398058253,1.6934125094896633,5.865384615384616,,,7.072371150679786,3,True
4999.TW,2025,Electronic Parts and Components,Electronic Parts and Components,5103.0252,86.33197774145738,,,3.990384615384616,,,1,3.990384615384616,3.990384615384616,True,32557.5435,30.886,,2460.5671,3.990384615384616,550.802124347442,4.444444444444445,0.5225232798228494,8.235294117647058,,,5.5567077258253725,3,True
5007.TW,2025,Iron and Steel,Iron and Steel,34843.0,177.91079089670723,,,4.25531914893617,,,1,4.25531914893617,4.25531914893617,True,92045.0,562.65,1.2796,156091.0,4.25531914893617,469.9881970004712,4.565217391304348,2.8729301867816295,7.872340425531915,1.2796,5.0,5.423219241443109,4,True
5009.TWO,2025,Iron and Steel,Iron and Steel,184409.00689999998,502.9426710007216,,,1.4893617021276595,,,1,1.4893617021276595,1.4893617021276595,True,108729000.0,21892.0,0.9,98555.5143,1.4893617021276595,296538.95216133,0.0,59.70652485276086,1.2765957446808507,0.9,4.5,1.8164893617021276,4,True
5011.TWO,2025,Iron and Steel,Iron and Steel,1547.8593,9.104855537167479,,,9.787234042553191,,,1,9.787234042553191,9.787234042553191,True,0.9596,34.32,,858.3417,9.787234042553191,0.005644582407112786,10.0,0.20187793686130764,9.574468085106384,,,9.787234042553193,3,True
5013.TWO,2025,Iron and Steel,Iron and Steel,47865.0787,200.7744682535594,,,3.1914893617021276,,,1,3.1914893617021276,3.1914893617021276,True,258749.0,4521.83,2.09,256269.239,3.1914893617021276,1085.3464424814629,2.1739130434782608,18.96723119318704,4.042553191489362,2.09,7.0,4.101988899167438,4,True
5014.TWO,2025,Iron and Steel,Iron and Steel,4951.9739,11.055979865485474,,,9.361702127659575,,,1,9.361702127659575,9.361702127659575,True,5592.0,43.0,,,9.361702127659575,12.484928365190854,9.130434782608695,0.09600356217868503,9.787234042553191,,,9.426456984273822,3,False
5015.TWO,2025,Iron and Steel,Iron and Steel,5665.303199999999,112.9172053739933,,,5.957446808510638,,,1,5.957446808510638,5.957446808510638,True,60.849,321.79,,11051.0506,5.957446808510638,1.212803408262795,9.565217391304348,6.413712776625497,6.382978723404255,,,7.301880974406413,3,True
5016.TWO,2025,Iron and Steel,Iron and Steel,15472.694800000001,238.34942195745708,,,2.7659574468085104,,,1,2.7659574468085104,2.7659574468085104,True,239194.0,3134.06,,68302.5094,2.7659574468085104,3684.6685320576466,0.6521739130434778,48.27868700544574,1.4893617021276595,,,1.6358310206598825,3,True
5201.TWO,2025,Information Service,Information Service,193.1323,20.535271151692765,,,1.1363636363636365,,,1,1.1363636363636365,1.1363636363636365,False,2933.0,,,,1.1363636363636365,311.85850470332974,0.2941176470588236,,,,,0.71524064171123,2,False
5202.TWO,2025,Information Service,Information Service,159.5111,33.269492160639274,,,0.6818181818181823,,,1,0.6818181818181823,0.6818181818181823,False,788.42,,,,0.6818181818181823,164.44205456103816,1.470588235294118,,,,,1.0762032085561501,2,False
5203.TW,2025,Information Service,Information Service,389.6494,5.217748607976111,,,6.363636363636363,,,1,6.363636363636363,6.363636363636363,True,11592.0,94.1,1.49,388.821,6.363636363636363,155.2270884124525,1.7647058823529416,1.2600818684965303,1.4814814814814814,1.49,6.0,3.9024559318676966,4,True
5205.TWO,2025,Green Energy and Environmental Services,Green Energy and Environmental Services,18.362000000000002,31.413205025394287,,,5.227272727272727,,,1,5.227272727272727,5.227272727272727,False,,,,,5.227272727272727,,,,,,,5.227272727272727,1,False
5206.TWO,2025,Building Material and Construction,Building Material and Construction,359.0541,2.0390106467594946,,,7.471264367816092,,,1,7.471264367816092,7.471264367816092,False,29108.0,11.3936,,13197.6417,7.471264367816092,165.2996634932601,3.648648648648649,0.0647024270295729,7.8125,,,6.310804338821581,3,True
5209.TWO,2025,Other,Other,104.902,0.671418590747889,,,10.0,,,1,10.0,10.0,True,1680.0,2.5219,32.7431,596.3882,10.0,10.752733336413543,8.857142857142858,0.01614126083398888,9.577464788732396,32.7431,8.333333333333334,9.191985244802147,4,True
5210.TWO,2025,Information Service,Information Service,247.8639,31.409531390147848,,,0.9090909090909094,,,1,0.9090909090909094,0.9090909090909094,False,1542.6,,,,0.9090909090909094,195.47962862862266,0.8823529411764708,,,,,0.8957219251336901,2,False
5211.TWO,2025,Information Service,Information Service,125.839,19.7715797975632,,,1.3636363636363635,,,1,1.3636363636363635,1.3636363636363635,False,,,,,1.3636363636363635,,,,,,,1.3636363636363635,1,False
5212.TWO,2025,Information Service,Information Service,352.2942,10.757115866854452,,,3.1818181818181825,,,1,3.1818181818181825,3.1818181818181825,False,3980.3661,,,335.1012,3.1818181818181825,121.53836007007659,2.0588235294117654,,,,,2.620320855614974,2,True
5213.TWO,2025,Building Material and Construction,Building Material and Construction,5899.3309,11.497330772816364,,,4.252873563218391,,,1,4.252873563218391,4.252873563218391,True,1468.0,12.2443,,134.3266,4.252873563218391,2.8610162509267654,8.108108108108107,0.023863175259688417,8.75,,,7.036993890442166,3,True
5215.TW,2025,Computer and Peripheral Equipment,Computer and Peripheral Equipment,19232.96,247.67980593030526,,,0.3703703703703709,,,1,0.3703703703703709,0.3703703703703709,False,171917.0,53251.0,1.7212,420.27,0.3703703703703709,2213.926987635824,0.3157894736842104,685.7601401757548,0.0,1.7212,3.076923076923077,0.9407707302444146,4,True
5220.TWO,2025,Optoelectronic,Optoelectronic,3464.7,146.25061833435564,,,2.8947368421052633,,,1,2.8947368421052633,2.8947368421052633,False,57653.0,150.88,9.7,54195.74,2.8947368421052633,2433.626836040813,2.233009708737864,6.368890032120408,2.5,9.7,6.976744186046512,3.65112268422241,4,True
5222.TW,2025,Semiconductor,Semiconductor,2339.9645,82.818737802494,,,3.03921568627451,,,1,3.03921568627451,3.03921568627451,True,24717.1527,58.26,,,3.03921568627451,874.8181387732619,2.810810810810811,2.0620054981061893,3.475935828877005,,,3.108654108654109,3,False
5223.TWO,2025,Computer and Peripheral Equipment,Computer and Peripheral Equipment,14877.01,246.18303407519568,,,0.4629629629629628,,,1,0.4629629629629628,0.4629629629629628,True,,,,,0.4629629629629628,,,,,,,0.4629629629629628,1,False
5225.TW,2025,Other Electronic,Other Electronic,10993.3169,31.083621974865896,,,2.934782608695652,,,1,2.934782608695652,2.934782608695652,True,193697.8731,916.2138,4.4462,33507.5311,2.934782608695652,547.6810610977607,1.3157894736842102,2.590596056350871,2.3456790123456797,4.4462,4.782608695652174,2.844714947594429,4,True
5227.TWO,2025,Electronic Parts and Components,Electronic Parts and Components,4299.81,285.9141970152231,,,1.4423076923076927,,,1,1.4423076923076927,1.4423076923076927,False,40247.0,278.39,,,1.4423076923076927,2676.208643468359,1.8518518518518523,18.511434995283036,1.6577540106951871,,,1.650637851618244,3,False
5228.TWO,2025,Electronic Parts and Components,Electronic Parts and Components,5439.361,339.2090986068927,,,1.1538461538461542,,,1,1.1538461538461542,1.1538461538461542,True,62687.0,81.29,,1735.5619,1.1538461538461542,3909.282866934238,1.2698412698412698,5.069402017213844,3.9572192513368987,,,2.126968891674774,3,True
5230.TWO,2025,Optoelectronic,Optoelectronic,77.5118,1.9449297011027562,,,9.736842105263158,,,1,9.736842105263158,9.736842105263158,False,,,,0.0,9.736842105263158,,,,,,,9.736842105263158,1,False
5234.TW,2025,Optoelectronic,Optoelectronic,6812.0,47.79470448426167,,,6.052631578947368,,,1,6.052631578947368,6.052631578947368,True,4910000.0,1132.0,2.5,20003.0,6.052631578947368,34449.79433613106,0.3883495145631066,7.942396576069321,1.7307692307692313,2.5,5.116279069767442,3.322007348511787,4,True
5236.TW,2025,Semiconductor,Semiconductor,147.87879999999998,2.36996650479991,,,9.264705882352942,,,1,9.264705882352942,9.264705882352942,False,11476.4865,5.9527,,8653.7951,9.264705882352942,183.92689552382328,4.216216216216217,0.09540041989198199,7.433155080213903,,,6.971359059594355,3,True
5243.TW,2025,Optoelectronic,Optoelectronic,30726.9818,80.23121759176303,,,5.2631578947368425,,,1,5.2631578947368425,5.2631578947368425,True,310390.0,24211.49,6.43,135339.388,5.2631578947368425,810.4592826721213,4.466019417475728,63.21861792526576,0.09615384615384581,6.43,6.511627906976745,4.0842397663357906,4,True
5244.TW,2025,Optoelectronic,Optoelectronic,4734.46,189.9812342037829,,,2.1052631578947367,,,1,2.1052631578947367,2.1052631578947367,False,55592.0,2.94,10.0,,2.1052631578947367,2230.7584754875315,2.3300970873786406,0.11797434735093794,9.326923076923077,10.0,7.209302325581395,5.2428964119444625,4,False
5245.TWO,2025,Optoelectronic,Optoelectronic,9547.8521,371.0425376469445,,,0.7017543859649122,,,1,0.7017543859649122,0.7017543859649122,True,,278.0376,,4334.5724,0.7017543859649122,,,10.804919848440687,1.1538461538461542,,,0.9278002699055332,2,True
5251.TWO,2025,Optoelectronic,Optoelectronic,211.24020000000002,21.49012441642545,,,7.280701754385966,,,1,7.280701754385966,7.280701754385966,False,5538.75,,,,7.280701754385966,563.4743131822279,5.533980582524272,,,,,6.407341168455119,2,False
5258.TW,2025,Computer and Peripheral Equipment,Computer and Peripheral Equipment,1232.276,5.5247589991727475,,,6.944444444444445,,,1,6.944444444444445,6.944444444444445,True,9.4611,132.1539,,14204.5517,6.944444444444445,0.042417686757733886,9.894736842105264,0.5924958761679813,5.154639175257731,,,7.331273487269147,3,True
5263.TWO,2025,Cultural and Creative,Cultural and Creative,870.9804,23.659858786377786,,,4.3999999999999995,,,1,4.3999999999999995,4.3999999999999995,False,12.623,15.21,,292.2831,4.3999999999999995,0.34289910250614913,8.5,0.41317399581070496,7.222222222222222,,,6.707407407407406,3,True
5269.TW,2025,Semiconductor,Semiconductor,622.6207,1.567743478758991,,,9.656862745098039,,,1,9.656862745098039,9.656862745098039,True,2905.5,21.261,,56308.5637,9.656862745098039,7.31597693031126,8.702702702702702,0.053534670629959626,8.02139037433155,,,8.793651940710765,3,True
5272.TWO,2025,Semiconductor,Semiconductor,387.7114,34.95050382978244,,,4.019607843137255,,,1,4.019607843137255,4.019607843137255,True,2131.86,0.11,,266.587,4.019607843137255,192.17794755212253,3.9459459459459456,0.009916023674506523,9.304812834224599,,,5.756788874435934,3,True
5274.TWO,2025,Semiconductor,Semiconductor,273.514,1.001301327651651,,,9.754901960784313,,,1,9.754901960784313,9.754901960784313,True,4035.0,1.3545,16.28,521528.6714,9.754901960784313,14.771641879663973,8.162162162162161,0.004958658965552627,9.46524064171123,16.28,8.674698795180722,9.014250889959607,4,True
5276.TWO,2025,Other,Other,1317.2428,46.224899754300026,,,5.384615384615384,,,1,5.384615384615384,5.384615384615384,False,11.7278,68.453,,,5.384615384615384,0.41155387551822625,9.285714285714286,2.4021638705340425,5.774647887323944,,,6.8149925192178715,3,False
5278.TWO,2025,Digital and Cloud Services,Digital and Cloud Services,22.3194,0.2972724321354544,,,10.0,,,1,10.0,10.0,False,0.48,,,28.9246,10.0,0.006393127388057838,10.0,,,,,10.0,2,True
5283.TW,2025,Electrical and Cable,Electrical and Cable,6246.8265,29.292182113796837,,,7.5,,,1,7.5,7.5,True,23925.0,392.6539,,2481.4515,7.5,112.18743742484112,7.333333333333334,1.8412052178002019,6.0,,,6.9444444444444455,3,True
5284.TW,2025,Other,Other,7008.73,65.26730921450854,,,4.2857142857142865,,,1,4.2857142857142865,4.2857142857142865,False,141946.0,230.23,8.0,19323.3,4.2857142857142865,1321.8419704800483,2.1428571428571432,2.1439679657307815,6.056338028169015,8.0,6.333333333333333,4.704560697518445,4,True
5285.TW,2025,Semiconductor,Semiconductor,5347.4317,31.52090674973615,,,4.215686274509803,,,1,4.215686274509803,4.215686274509803,True,117564.0,108.37,,45.2908,4.215686274509803,692.9913440738253,2.972972972972973,0.6387965019672728,4.759358288770054,,,3.9826725120842768,3,True
5287.TWO,2025,Digital and Cloud Services,Digital and Cloud Services,617.9297,8.444047189726778,,,3.1578947368421053,,,1,3.1578947368421053,3.1578947368421053,True,,,,646.0605,3.1578947368421053,,,,,,,3.1578947368421053,1,True
5288.TW,2025,Electric Machinery,Electric Machinery,37398.144799999995,176.11676579244812,,,1.3131313131313127,,,1,1.3131313131313127,1.3131313131313127,True,215487.5225,17083.09,0.0,158578.8763,1.3131313131313127,1014.782036228904,1.8279569892473113,80.44833712022294,0.8045977011494254,0.0,1.40625,1.3379840008820123,4,True
5289.TWO,2025,Computer and Peripheral Equipment,Computer and Peripheral Equipment,4175.0342,11.017717837815328,,,5.0,,,1,5.0,5.0,True,23493.0,60.9811,24.5,5987.7071,5.0,61.99691613635057,5.7894736842105265,0.16092623941609874,7.113402061855671,24.5,6.730769230769232,6.158411244208857,4,True
5291.TWO,2025,Electronic Parts and Components,Electronic Parts and Components,4392.2586,130.8656641709019,,,3.221153846153846,,,1,3.221153846153846,3.221153846153846,False,195120.0,304.54,,1152.63,3.221153846153846,5813.525732074696,0.7407407407407407,9.07365275956349,2.727272727272727,,,2.2297224380557714,3,True
5292.TW,2025,Green Energy and Environmental Services,Green Energy and Environmental Services,724.6,8.240435107710766,,,7.5,,,1,7.5,7.5,False,6529.0,37.79,,2978.4,7.5,74.25034614717582,6.829268292682926,0.4297626866138419,7.297297297297297,,,7.208855196660075,3,True
5299.TWO,2025,Semiconductor,Semiconductor,247.5447,4.9526429020247775,,,8.137254901960784,,,1,8.137254901960784,8.137254901960784,True,1181.0,1.127,,5717.3426,8.137254901960784,23.62834375888986,7.567567567567568,0.02254796224916924,8.983957219251337,,,8.22959322959323,3,True
5301.TWO,2025,Tourism,Tourism,161.9879,24.792425883810303,,,7.0,,,1,7.0,7.0,False,1564.0,,,,7.0,239.37191655845476,6.904761904761905,,,,,6.9523809523809526,2,False
5302.TWO,2025,Semiconductor,Semiconductor,75.92,138.2287843873574,,,2.450980392156863,,,1,2.450980392156863,2.450980392156863,False,,,,,2.450980392156863,,,,,,,2.450980392156863,1,False
5306.TW,2025,Sports and Leisure,Sports and Leisure,18032.2801,117.37842099647773,,,1.923076923076923,,,1,1.923076923076923,1.923076923076923,False,184993.0,4139.206,33.6054,117701.8219,1.923076923076923,1204.184169444074,3.1999999999999993,26.943540238105918,0.0,33.6054,8.666666666666668,3.4474358974358976,4,True
5309.TWO,2025,Electronic Parts and Components,Electronic Parts and Components,3041.16,29.35913465824422,,,6.634615384615384,,,1,6.634615384615384,6.634615384615384,False,14.68,112.774,0.0,12660.42,6.634615384615384,0.14171963881644672,9.947089947089946,1.0887118901829675,6.951871657754011,0.0,1.0465116279069768,6.1450221543415795,4,True
5310.TWO,2025,Information Service,Information Service,14.46,456.3313609467456,,,0.0,,,1,0.0,0.0,False,,,,8.51,0.0,,,,,,,0.0,1,True
5312.TWO,2025,Biotechnology and Medical Care,Biotechnology and Medical Care,3287.1461999999997,26.068784239872503,,,6.903225806451613,,,1,6.903225806451613,6.903225806451613,False,,,,,6.903225806451613,,,,,,,6.903225806451613,1,False
5314.TWO,2025,Other,Other,619.7845,8.553290129374682,,,8.131868131868131,,,1,8.131868131868131,8.131868131868131,False,,,,,8.131868131868131,,,,,,,8.131868131868131,1,False
5315.TWO,2025,Optoelectronic,Optoelectronic,5865.9396,95.20501693893993,,,4.824561403508771,,,1,4.824561403508771,4.824561403508771,False,124118.0,170.487,13.3,144.0194,4.824561403508771,2014.4524318708202,2.524271844660194,2.7670277619068995,5.0,13.3,7.906976744186046,5.063952498088753,4,True
5321.TWO,2025,Digital and Cloud Services,Digital and Cloud Services,76.5423,0.8419661419661418,,,8.68421052631579,,,1,8.68421052631579,8.68421052631579,False,,,,,8.68421052631579,,,,,,,8.68421052631579,1,False
5324.TWO,2025,Building Material and Construction,Building Material and Construction,49.37,1.8824090126479718,,,7.586206896551724,,,1,7.586206896551724,7.586206896551724,False,2.24,18681.19,,,7.586206896551724,0.08540806539055007,9.45945945945946,712.287632630933,1.09375,,,6.046472118670394,3,False
5328.TWO,2025,Electronic Parts and Components,Electronic Parts and Components,7818.2774,289.4171013969673,,,1.3942307692307687,,,1,1.3942307692307687,1.3942307692307687,False,58571.43,368.1285,,,1.3942307692307687,2168.198009356303,2.2751322751322753,13.627385926676569,2.0855614973262027,,,1.9183081805630824,3,False
5340.TWO,2025,Electronic Parts and Components,Electronic Parts and Components,25081.281,361.21371980363244,,,0.9615384615384615,,,1,0.9615384615384615,0.9615384615384615,True,137340.0,1144.49,,,0.9615384615384615,1977.9329563681729,2.4867724867724874,16.482630619148175,1.7647058823529416,,,1.7376722768879638,3,False
5344.TWO,2025,Semiconductor,Semiconductor,3612.2696,350.25680733889357,,,0.7843137254901966,,,1,0.7843137254901966,0.7843137254901966,True,53.3229,,,878.0003,0.7843137254901966,5.170352930482013,8.864864864864865,,,,,4.824589295177531,2,True
5345.TWO,2025,Other,Other,36.047,121.46622439846259,,,2.417582417582418,,,1,2.417582417582418,2.417582417582418,False,270.3992,,,9.2809,2.417582417582418,911.1540462275576,2.571428571428571,,,,,2.4945054945054945,2,True
5347.TWO,2025,Semiconductor,Semiconductor,796823.38,550.3634001119555,,,0.24509803921568651,,,1,0.24509803921568651,0.24509803921568651,True,8450000.0,10794.0,1.1979,358104.79,0.24509803921568651,5836.388398826882,0.7567567567567568,7.4553818197559005,1.4438502673796794,1.1979,4.698795180722891,1.7861250610187536,4,True
5348.TWO,2025,Sports and Leisure,Sports and Leisure,207.47,27.242116493301324,,,5.0,,,1,5.0,5.0,False,1495.0,1.3,,,5.0,196.30290720338112,6.4,0.17069818017685315,10.0,,,7.133333333333333,3,False
5351.TWO,2025,Semiconductor,Semiconductor,2691.8718999999996,28.137687591605193,,,4.411764705882353,,,1,4.411764705882353,4.411764705882353,True,55810.0,84.94,0.0,903.4873,4.411764705882353,583.3726131200694,3.1891891891891886,0.8878636401795142,4.545454545454546,0.0,1.2650602409638554,3.3528671703724857,4,True
5353.TWO,2025,Communications and Internet,Communications and Internet,2156.9193999999998,38.57090571865333,,,3.48314606741573,,,1,3.48314606741573,3.48314606741573,True,39.693,82.1,,586.4925,3.48314606741573,0.7098062916446979,9.620253164556962,1.4681454297742598,2.962962962962963,,,5.355454064978551,3,True
5355.TWO,2025,Electronic Parts and Components,Electronic Parts and Components,6532.3775,453.9949656521956,,,0.5288461538461542,,,1,0.5288461538461542,0.5288461538461542,True,139579.5431,932.7699,,3204.2518,0.5288461538461542,9700.66562678499,0.31746031746031744,64.82675545188593,0.5882352941176472,,,0.4781805884747063,3,True
5356.TWO,2025,Computer and Peripheral Equipment,Computer and Peripheral Equipment,8650.501900000001,82.58500557520864,,,0.9259259259259256,,,1,0.9259259259259256,0.9259259259259256,True,29975.0,128.038,,1125.3075,0.9259259259259256,286.16669538178803,2.6315789473684212,1.2223590106186282,3.1958762886597936,,,2.2511270539847135,3,True
5364.TWO,2025,Tourism,Tourism,2116.251,206.1897450184283,,,2.1999999999999997,,,1,2.1999999999999997,2.1999999999999997,False,31103.4,311.6443,,,2.1999999999999997,3030.454381453893,4.523809523809524,30.364006326965264,0.2857142857142858,,,2.336507936507936,3,False
5381.TWO,2025,Electric Machinery,Electric Machinery,1774.6491,24.633983400005725,,,6.363636363636363,,,1,6.363636363636363,6.363636363636363,False,,,,,6.363636363636363,,,,,,,6.363636363636363,1,False
5386.TWO,2025,Computer and Peripheral Equipment,Computer and Peripheral Equipment,88.296,0.6301242285891678,,,9.25925925925926,,,1,9.25925925925926,9.25925925925926,False,,,,,9.25925925925926,,,,,,,9.25925925925926,1,False
5388.TW,2025,Communications and Internet,Communications and Internet,19262.711099999997,12.19417731051484,,,6.96629213483146,,,1,6.96629213483146,6.96629213483146,True,229392.0612,3615.2015,35.9101,6138271.9057,6.96629213483146,145.21566841633586,5.063291139240507,2.2885879290500926,1.9753086419753085,35.9101,8.88888888888889,5.723445201234041,4,True
5392.TWO,2025,Optoelectronic,Optoelectronic,26.9934,0.10133085575122823,,,10.0,,,1,10.0,10.0,False,203.3064,1.9784,,20.347,10.0,0.763194391655053,9.41747572815534,0.007426740055651749,9.903846153846153,,,9.773773960667164,3,True
5398.TWO,2025,Other,Other,33.2836,4.764349969358223,,,8.681318681318682,,,1,8.681318681318682,8.681318681318682,False,,,,,8.681318681318682,,,,,,,8.681318681318682,1,False
5403.TWO,2025,Information Service,Information Service,859.8558,8.464044495364375,,,4.3181818181818175,,,1,4.3181818181818175,4.3181818181818175,True,,,,,4.3181818181818175,,,,,,,4.3181818181818175,1,False
5410.TWO,2025,Information Service,Information Service,18431.4631,131.9376511656259,,,0.22727272727272707,,,1,0.22727272727272707,0.22727272727272707,False,3694.0,,0.0,,0.22727272727272707,26.44270184963353,6.764705882352942,,,0.0,2.0,2.9973262032085564,3,False
5425.TWO,2025,Semiconductor,Semiconductor,24605.9971,43.690190374997634,,,3.6764705882352944,,,1,3.6764705882352944,3.6764705882352944,False,760.23,2254.34,,,3.6764705882352944,1.349857650303651,9.027027027027026,4.002786124443303,2.2994652406417115,,,5.000987618634678,3,False
5426.TWO,2025,Computer and Peripheral Equipment,Computer and Peripheral Equipment,1801.5300000000002,32.60075596663975,,,2.314814814814815,,,1,2.314814814814815,2.314814814814815,False,68.23,44.42,,,2.314814814814815,1.2347002712160386,8.947368421052632,0.8038309548207011,4.3298969072164954,,,5.197360047694647,3,False
5432.TWO,2025,Green Energy and Environmental Services,Green Energy and Environmental Services,59.4049,9.906931100705384,,,6.590909090909092,,,1,6.590909090909092,6.590909090909092,True,1869.1558,3.844,,26.3794,6.590909090909092,311.7183553391025,4.634146341463414,0.6410623223187227,6.486486486486487,,,5.903847306286331,3,True
5434.TW,2025,Electronic Products Distribution,Electronic Products Distribution,15692.44,7.575248279425029,,,2.432432432432432,,,1,2.432432432432432,2.432432432432432,True,203520.0,359.54,0.54,1118291.1,2.432432432432432,98.24568580976457,1.2903225806451613,0.173561585475839,3.1034482758620685,0.54,5.833333333333334,3.1648841555682488,4,True
5438.TWO,2025,Computer and Peripheral Equipment,Computer and Peripheral Equipment,967.74,22.495535242437153,,,3.2407407407407405,,,1,3.2407407407407405,3.2407407407407405,False,12668.0,43.006,,351.33,3.2407407407407405,294.4731440791885,2.526315789473684,0.999693087643636,3.711340206185567,,,3.1594655787999972,3,True
5439.TWO,2025,Electronic Parts and Components,Electronic Parts and Components,31228.769099999998,115.45034858804986,,,3.4134615384615383,,,1,3.4134615384615383,3.4134615384615383,True,427668.0,7763.726,,30684.9908,3.4134615384615383,1581.055581212585,2.962962962962963,28.701895683813746,1.2834224598930477,,,2.553282320439183,3,True
5443.TWO,2025,Semiconductor,Semiconductor,2094.9775999999997,14.892128257604584,,,5.490196078431373,,,1,5.490196078431373,5.490196078431373,True,15910.0,45.15,,46691.2431,5.490196078431373,113.09608302183707,4.756756756756757,0.3209483437106187,5.882352941176471,,,5.3764352587882,3,True
5450.TWO,2025,Other,Other,9680.2795,127.73184344641703,,,2.3076923076923075,,,1,2.3076923076923075,2.3076923076923075,True,128004.0918,831.7471,,60085.0237,2.3076923076923075,1689.0213360366706,1.428571428571429,10.974950709244643,2.394366197183099,,,2.043543311148945,3,True
5452.TWO,2025,Other Electronic,Other Electronic,6259.3649000000005,39.11160411728892,,,2.3913043478260865,,,1,2.3913043478260865,2.3913043478260865,False,,151.445,,390575.5964,2.3913043478260865,,,0.946303176148561,4.567901234567902,,,3.479602791196994,2,True
5455.TWO,2025,Building Material and Construction,Building Material and Construction,11.004,0.1156099425180936,,,9.770114942528735,,,1,9.770114942528735,9.770114942528735,False,1.686,8613.2,,36485.6885,9.770114942528735,0.017713409949609762,9.72972972972973,90.4917808884809,2.65625,,,7.385364890752822,3,True
5457.TWO,2025,Electronic Parts and Components,Electronic Parts and Components,3658.0699999999997,5.116267126569439,,,8.846153846153847,,,1,8.846153846153847,8.846153846153847,True,44656.0,65.11,,1947.4,8.846153846153847,62.45698546066229,7.513227513227514,0.09106445546720981,9.358288770053475,,,8.572556709811613,3,True
5460.TWO,2025,Electronic Parts and Components,Electronic Parts and Components,249.98069999999998,33.94970556966699,,,6.394230769230768,,,1,6.394230769230768,6.394230769230768,False,1909.0,11.43,,,6.394230769230768,259.2599665993986,6.137566137566138,1.55230037623422,6.2032085561497325,,,6.245001820982213,3,False
5464.TWO,2025,Electronic Parts and Components,Electronic Parts and Components,9307.8508,317.2374473913625,,,1.201923076923077,,,1,1.201923076923077,1.201923076923077,False,230690.0,1022.188,,4972.456,1.201923076923077,7862.556922239601,0.42328042328042326,34.83901051294054,1.1229946524064172,,,0.9160660508699725,3,True
5465.TWO,2025,Computer and Peripheral Equipment,Computer and Peripheral Equipment,33.3496,0.17493395229746997,,,9.722222222222221,,,1,9.722222222222221,9.722222222222221,False,,,,28.6484,9.722222222222221,,,,,,,9.722222222222221,1,True
5468.TWO,2025,Semiconductor,Semiconductor,2581.4578,775.900640113464,,,0.09803921568627416,,,1,0.09803921568627416,0.09803921568627416,False,341.0,0.98,,636.53,0.09803921568627416,102.49329595033132,5.081081081081081,0.29455551328834223,5.989304812834224,,,3.722808369867193,3,True
5471.TW,2025,Semiconductor,Semiconductor,609.5205000000001,7.292569747995304,,,6.911764705882353,,,1,6.911764705882353,6.911764705882353,False,3374.8,107.9227,0.08,22.4808,6.911764705882353,40.37758268267359,6.756756756756756,1.2912343672476525,3.796791443850267,0.08,2.7710843373493974,5.059099310959693,4,True
5474.TWO,2025,Computer and Peripheral Equipment,Computer and Peripheral Equipment,121.1017,2.5493820045839812,,,8.055555555555555,,,1,8.055555555555555,8.055555555555555,False,2.2781,17.5353,,,8.055555555555555,0.047957602119894,9.789473684210527,0.36914575323865384,5.773195876288659,,,7.872741705351582,3,False
5475.TWO,2025,Electronic Parts and Components,Electronic Parts and Components,301.088,12.99676794492017,,,7.644230769230768,,,1,7.644230769230768,7.644230769230768,False,,,,,7.644230769230768,,,,,,,7.644230769230768,1,False
5478.TWO,2025,Cultural and Creative,Cultural and Creative,1536.9511,7.808200713213177,,,6.4,,,1,6.4,6.4,True,15493.0,352.95,,357.5178,6.4,78.70937055174478,4.0,1.7930983241617713,2.7777777777777777,,,4.392592592592592,3,True
5481.TWO,2025,Other,Other,13.0408,4.1521086120521975,,,9.010989010989011,,,1,9.010989010989011,9.010989010989011,True,,,,9.5695,9.010989010989011,,,,,,,9.010989010989011,1,True
5483.TWO,2025,Semiconductor,Semiconductor,740079.64,308.9850177702064,,,1.078431372549019,,,1,1.078431372549019,1.078431372549019,True,18687416.19,33637.57,7.5,114884.4893,1.078431372549019,7802.040904065937,0.32432432432432434,14.04376583606132,0.3208556149732622,7.5,7.469879518072289,2.2983727074797238,4,True
5484.TW,2025,Optoelectronic,Optoelectronic,215.11239999999998,16.153672570940458,,,8.157894736842104,,,1,8.157894736842104,8.157894736842104,True,,,,184.667,8.157894736842104,,,,,,,8.157894736842104,1,True
5487.TWO,2025,Semiconductor,Semiconductor,27.2924,5.2082247984351895,,,7.8431372549019605,,,1,7.8431372549019605,7.8431372549019605,False,518.19,0.3185,0.0,114.4787,7.8431372549019605,98.88650350651211,5.351351351351351,0.060779542960736614,7.914438502673797,0.0,1.2650602409638554,5.593496837472741,4,True
5488.TWO,2025,Electronic Parts and Components,Electronic Parts and Components,448.595,19.977635687152905,,,7.403846153846154,,,1,7.403846153846154,7.403846153846154,False,,22.385,,,7.403846153846154,,,0.9968888972389746,7.112299465240641,,,7.258072809543398,2,False
5489.TWO,2025,Other Electronic,Other Electronic,1092.2143,21.146062829794104,,,4.130434782608695,,,1,4.130434782608695,4.130434782608695,True,8905.0,118.6727,,2085.0584,4.130434782608695,172.4072734621003,4.078947368421053,2.297589740750791,2.592592592592593,,,3.600658247874114,3,True
5490.TWO,2025,Computer and Peripheral Equipment,Computer and Peripheral Equipment,480.0428,10.604411069300136,,,5.185185185185186,,,1,5.185185185185186,5.185185185185186,False,4811.0,2.22,,,5.185185185185186,106.27765202270079,4.526315789473684,0.049041028370483436,8.350515463917526,,,6.020672146192132,3,False
5493.TWO,2025,Other Electronic,Other Electronic,195.2508,1.1811500342689012,,,9.347826086956522,,,1,9.347826086956522,9.347826086956522,True,,,,,9.347826086956522,,,,,,,9.347826086956522,1,False
5498.TWO,2025,Electronic Parts and Components,Electronic Parts and Components,6662.8297999999995,163.1649944230486,,,2.8365384615384617,,,1,2.8365384615384617,2.8365384615384617,False,29.87,144.57,,1630.6736,2.8365384615384617,0.7314817472024366,9.735449735449734,3.5403520653852114,4.8663101604278065,,,5.812766119138668,3,True
5508.TWO,2025,Building Material and Construction,Building Material and Construction,70.9482,1.0428696731234448,,,8.275862068965518,,,1,8.275862068965518,8.275862068965518,False,947.0,3.49,0.0,26753.5506,8.275862068965518,13.919980781019142,6.081081081081081,0.051299612382002965,7.96875,0.0,3.1818181818181817,6.376877832966194,4,True
5511.TWO,2025,Building Material and Construction,Building Material and Construction,2107.4136,6.77776722812177,,,5.402298850574713,,,1,5.402298850574713,5.402298850574713,True,25100.0,1034.11,0.0,506.4725,5.402298850574713,80.72547193671734,4.594594594594595,3.3258572822501495,6.09375,0.0,3.1818181818181817,4.818115406746871,4,True
5512.TWO,2025,Building Material and Construction,Building Material and Construction,24767.6984,131.9496427086153,,,1.4942528735632188,,,1,1.4942528735632188,1.4942528735632188,False,863.0,,,5780.5463,1.4942528735632188,4.597623074154319,7.837837837837838,,,,,4.666045355700528,2,True
5514.TWO,2025,Building Material and Construction,Building Material and Construction,224.3918,1242.0926483307387,,,0.4597701149425293,,,1,0.4597701149425293,0.4597701149425293,False,12162.804,647.9,,,0.4597701149425293,67325.67514270887,0.13513513513513487,3586.3691402871477,0.3125,,,0.3024684166925547,3,False
5515.TW,2025,Building Material and Construction,Building Material and Construction,1775.4595000000002,8.705363176727149,,,4.942528735632184,,,1,4.942528735632184,4.942528735632184,True,1341.13,5603.85,,55693.9182,4.942528735632184,6.575775858139305,7.297297297297297,27.476576873706456,5.0,,,5.74660867764316,3,True
5516.TWO,2025,Building Material and Construction,Building Material and Construction,304.49,5.357681231141445,,,6.0919540229885065,,,1,6.0919540229885065,6.0919540229885065,False,,,,,6.0919540229885065,,,,,,,6.0919540229885065,1,False
5519.TW,2025,Building Material and Construction,Building Material and Construction,766.25,4.005682776552413,,,6.666666666666668,,,1,6.666666666666668,6.666666666666668,True,13950.0,38198.46,,,6.666666666666668,72.92564402336855,4.864864864864865,199.6879782222855,2.1875,,,4.573010510510511,3,False
5520.TWO,2025,Building Material and Construction,Building Material and Construction,7247.6912,56.05827528426309,,,2.528735632183908,,,1,2.528735632183908,2.528735632183908,True,189093.0,2.88,,,2.528735632183908,1462.5660994396617,1.3513513513513509,0.02227576042680705,8.90625,,,4.262112327845086,3,False
5521.TW,2025,Building Material and Construction,Building Material and Construction,2451.601,8.34933405661164,,,5.057471264367816,,,1,5.057471264367816,5.057471264367816,False,62526.0,65626.197,,,5.057471264367816,212.942669391838,3.378378378378378,223.50090476305266,1.875,,,3.436949880915398,3,False
5522.TW,2025,Building Material and Construction,Building Material and Construction,3110.7722,8.02010154527894,,,5.287356321839081,,,1,5.287356321839081,5.287356321839081,True,138577.4,18397.0221,,374197.177,5.287356321839081,357.27618366935957,2.432432432432432,47.43066219144584,3.90625,,,3.8753462514238373,3,True
5523.TWO,2025,Building Material and Construction,Building Material and Construction,31.7384,179.98029416976786,,,1.3793103448275867,,,1,1.3793103448275867,1.3793103448275867,False,0.181,,,6.7835,1.3793103448275867,1.0264043948254475,8.783783783783784,,,,,5.081547064305686,2,True
5525.TW,2025,Building Material and Construction,Building Material and Construction,1613.1213,108.2361608575041,,,1.7241379310344829,,,1,1.7241379310344829,1.7241379310344829,False,54149.5954,2022.9984,,1230.8344,1.7241379310344829,3633.2942340313552,0.9459459459459463,135.73782717820006,2.5,,,1.7233612923268098,3,True
5529.TWO,2025,Building Material and Construction,Building Material and Construction,46.3568,16.65535588976652,,,3.2183908045977017,,,1,3.2183908045977017,3.2183908045977017,False,,,,,3.2183908045977017,,,,,,,3.2183908045977017,1,False
5530.TWO,2025,Other,Other,6519.026900000001,47.2994457855966,,,5.164835164835164,,,1,5.164835164835164,5.164835164835164,True,37777.0,393.6,0.0,,5.164835164835164,274.0947676473743,5.428571428571429,2.8558038104139163,5.211267605633802,0.0,1.3333333333333333,4.284501883093432,4,False
5531.TW,2025,Building Material and Construction,Building Material and Construction,10318.2103,507.5638651580379,,,1.0344827586206895,,,1,1.0344827586206895,1.0344827586206895,True,76109.0,,,20774.7679,1.0344827586206895,3743.8835893190803,0.8108108108108103,,,,,0.9226467847157499,2,True
5533.TW,2025,Building Material and Construction,Building Material and Construction,61.186699999999995,1.541793464694594,,,8.045977011494253,,,1,8.045977011494253,8.045977011494253,False,1079.3252,,,,8.045977011494253,27.197030394516876,5.405405405405405,,,,,6.725691208449829,2,False
5534.TW,2025,Building Material and Construction,Building Material and Construction,29.261,0.2706802476255725,,,9.655172413793103,,,1,9.655172413793103,9.655172413793103,False,762.0,,,5.692,9.655172413793103,7.048916601985109,7.162162162162162,,,,,8.408667287977632,2,True
5536.TWO,2025,Other Electronic,Other Electronic,2144.5768,1.7201878778747943,,,8.91304347826087,,,1,8.91304347826087,8.91304347826087,True,919.0,0.3174,,427.8253,8.91304347826087,0.7371396817157287,9.210526315789473,0.0002545899183640613,10.0,,,9.374523264683447,3,True
5538.TW,2025,Iron and Steel,Iron and Steel,32803.262,84.4065845866919,,,6.382978723404255,,,1,6.382978723404255,6.382978723404255,True,252.04,2504.72,14.3,40210.65,6.382978723404255,0.6485280512416669,9.782608695652174,6.444934060093747,6.170212765957447,14.3,9.5,7.958950046253469,4,True
5543.TWO,2025,Building Material and Construction,Building Material and Construction,169.62400000000002,1.7659578067637756,,,7.816091954022988,,,1,7.816091954022988,7.816091954022988,False,,,,10191.822,7.816091954022988,,,,,,,7.816091954022988,1,True
5546.TW,2025,Building Material and Construction,Building Material and Construction,0.0,0.0,,,10.0,,,1,10.0,10.0,False,0.0,0.0,0.0,0.0,10.0,0.0,10.0,0.0,9.765625,0.0,3.1818181818181817,8.236860795454545,4,False
5547.TWO,2025,Building Material and Construction,Building Material and Construction,404.9588,5.981735202815764,,,5.862068965517242,,,1,5.862068965517242,5.862068965517242,False,13829.0,3259.9619,,,5.862068965517242,204.27119035254745,3.513513513513513,48.153611816975356,3.75,,,4.375194159676918,3,False
5548.TWO,2025,Building Material and Construction,Building Material and Construction,1062.225,14.77328437764032,,,3.5632183908045976,,,1,3.5632183908045976,3.5632183908045976,True,23264.5994,18.9338,0.0,28432.0593,3.5632183908045976,323.5609620071834,2.7027027027027026,0.2633287785067818,7.1875,0.0,3.1818181818181817,4.1588098188313705,4,True
5601.TWO,2025,Shipping and Transportation,Shipping and Transportation,233426.7478,80773.55792660838,,,0.0,,,1,0.0,0.0,False,2623.0,79.2,,0.8086,0.0,907.6468075673279,0.714285714285714,27.40588149421745,0.0,,,0.238095238095238,3,True
5603.TWO,2025,Shipping and Transportation,Shipping and Transportation,14782.2671,342.3685986362653,,,3.03030303030303,,,1,3.03030303030303,3.03030303030303,False,,,,55269.6069,3.03030303030303,,,,,,,3.03030303030303,1,True
5604.TWO,2025,Other,Other,53.244,10.763294545730204,,,8.021978021978022,,,1,8.021978021978022,8.021978021978022,False,55.0,0.26,0.0,,8.021978021978022,11.118270603545213,8.714285714285715,0.052559097398577365,9.154929577464788,0.0,1.3333333333333333,6.806131661765464,4,False
5607.TW,2025,Shipping and Transportation,Shipping and Transportation,20449.372600000002,165.79224616242135,,,3.9393939393939394,,,1,3.9393939393939394,3.9393939393939394,False,467388.0,2819.05,,12471.9074,3.9393939393939394,3789.3243898036158,0.0,22.85530420352231,0.3703703703703709,,,1.4365881032547703,3,True
5608.TW,2025,Shipping and Transportation,Shipping and Transportation,9345.173400000001,96.35928509078467,,,5.151515151515151,,,1,5.151515151515151,5.151515151515151,False,9719.0,718.426,,291923.2256,5.151515151515151,100.21385925244961,5.357142857142857,7.4077829043420484,0.7407407407407407,,,3.749799583132916,3,True
5609.TWO,2025,Shipping and Transportation,Shipping and Transportation,103.2458,0.11448632894805827,,,10.0,,,1,10.0,10.0,True,,,,27783.4644,10.0,,,,,,,10.0,1,True
5701.TWO,2025,Tourism,Tourism,5430.4117,331.1933461409447,,,0.40000000000000036,,,1,0.40000000000000036,0.40000000000000036,True,278900.0,208.1,0.0,1414.9254,0.40000000000000036,17009.7276857866,0.0,12.69173299179703,3.428571428571429,0.0,3.333333333333333,1.7904761904761906,4,True
5703.TWO,2025,Tourism,Tourism,2352.0701,182.85726169305073,,,2.6,,,1,2.6,2.6,False,49128.0,167.08,0.0,,2.6,3819.3638669426546,3.333333333333334,12.989320039260274,3.142857142857143,0.0,3.333333333333333,3.102380952380952,4,False
5704.TWO,2025,Tourism,Tourism,1892.7779999999998,211.1632178137567,,,1.9999999999999996,,,1,1.9999999999999996,1.9999999999999996,False,,,,,1.9999999999999996,,,,,,,1.9999999999999996,1,False
5706.TW,2025,Tourism,Tourism,160.4407,1.6130367465942792,,,9.0,,,1,9.0,9.0,False,3213.5,3.0,0.0,37.8225,9.0,32.307846981350224,7.380952380952381,0.03016136329362087,9.428571428571429,0.0,3.333333333333333,7.285714285714286,4,True
5864.TWO,2025,Finance and Insurance,Finance and Insurance,438.813,25.57660404576899,,,0.2631578947368418,,,1,0.2631578947368418,0.2631578947368418,False,7668.0,0.0,,,0.2631578947368418,446.93616602734335,0.27027027027026973,0.0,10.0,,,3.511142721669037,3,False
5871.TW,2025,Other,Other,12708.369999999999,4.143623161683491,,,9.12087912087912,,,1,9.12087912087912,9.12087912087912,True,63006.95,568.1,0.0011,7405.29,9.12087912087912,20.54370917490077,8.142857142857142,0.18523164797313832,8.169014084507042,0.0011,3.0,7.108187587060826,4,True
5876.TW,2025,Finance and Insurance,Finance and Insurance,13551.3064,7.902884818876408,,,5.526315789473683,,,1,5.526315789473683,5.526315789473683,True,71500.0,172.0,,1644872.73,5.526315789473683,41.69754914180549,7.837837837837838,0.10030739094252508,7.714285714285714,,,7.026146447199078,3,True
5878.TWO,2025,Finance and Insurance,Finance and Insurance,193.9365,7.137862322278561,,,6.842105263157895,,,1,6.842105263157895,6.842105263157895,False,6397.0,,,,6.842105263157895,235.44255607178616,0.8108108108108103,,,,,3.8264580369843526,2,False
5880.TW,2025,Finance and Insurance,Finance and Insurance,17658.9902,9.262097651861206,,,4.473684210526315,,,1,4.473684210526315,4.473684210526315,True,266878.9302,588.3788,20.6661,19264159.1304,4.473684210526315,139.97735344666825,2.7027027027027026,0.3086032576135024,2.571428571428571,20.6661,6.956521739130435,4.176084305947006,4,True
5902.TWO,2025,Household,Household,570.0,7.68801819834834,,,6.470588235294117,,,1,6.470588235294117,6.470588235294117,True,916.0,6.553,,322.0,6.470588235294117,12.354780122258035,7.916666666666666,0.08838523377855556,8.0,,,7.462418300653595,3,True
5903.TWO,2025,Household,Household,399899.5483,118.45432432824711,,,1.470588235294118,,,1,1.470588235294118,1.470588235294118,True,4773029.0,25390.0,0.29,72025.0695,1.470588235294118,1413.8198645075313,0.8333333333333337,7.520776923803777,2.5,0.29,3.333333333333333,2.034313725490196,4,True
5904.TWO,2025,Household,Household,53493.637800000004,68.54804616635299,,,2.3529411764705888,,,1,2.3529411764705888,2.3529411764705888,True,203984.0,,,242945.0,2.3529411764705888,261.3900498125657,3.333333333333334,,,,,2.8431372549019613,2,True
5905.TWO,2025,Tourism,Tourism,1037258.65,31986.158720063217,,,0.0,,,1,0.0,0.0,False,,,,,0.0,,,,,,,0.0,1,False
5906.TW,2025,Trading and Consumer Goods,Trading and Consumer Goods,1240.5336,24.009700875753342,,,7.0588235294117645,,,1,7.0588235294117645,7.0588235294117645,False,7.7175,70.52,,,7.0588235294117645,0.1493670679364319,8.75,1.364867590654639,5.833333333333332,,,7.214052287581699,3,False
5907.TW,2025,Trading and Consumer Goods,Trading and Consumer Goods,93984.0,1089.377091150528,,,0.0,,,1,0.0,0.0,False,1059050.0,,,,0.0,12275.54486277416,0.0,,,,,0.0,2,False
6005.TW,2025,Finance and Insurance,Finance and Insurance,5427.7829,9.51786288865344,,,4.2105263157894735,,,1,4.2105263157894735,4.2105263157894735,True,56328.0,137.6383,1.9276,282459.6196,4.2105263157894735,98.77369649255333,4.864864864864865,0.24135498632919689,4.0,1.9276,0.8695652173913043,3.486239099511411,4,True
6015.TWO,2025,Finance and Insurance,Finance and Insurance,972.617,26.05814486987565,,,0.0,,,1,0.0,0.0,True,10654.8088,18.064,0.0,264.502,0.0,285.4613391203588,0.5405405405405406,0.483966791583361,1.428571428571429,0.0,0.0,0.4922779922779924,4,True
6016.TWO,2025,Finance and Insurance,Finance and Insurance,1504.5,14.406171816579846,,,1.3157894736842102,,,1,1.3157894736842102,1.3157894736842102,True,13104.813,27.2756,,349.539,1.3157894736842102,125.48367411242883,3.2432432432432434,0.261174463277039,3.142857142857143,,,2.567296619928199,3,True
6020.TWO,2025,Finance and Insurance,Finance and Insurance,128.502,17.514205580010607,,,1.0526315789473684,,,1,1.0526315789473684,1.0526315789473684,False,1718.0,9.8,,21.33,1.0526315789473684,234.15515078721126,1.0810810810810811,1.3356929439549885,0.0,,,0.7112375533428166,3,True
6021.TWO,2025,Finance and Insurance,Finance and Insurance,819.6807,18.205360249449512,,,0.5263157894736847,,,1,0.5263157894736847,0.5263157894736847,False,,,,,0.5263157894736847,,,,,,,0.5263157894736847,1,False
6023.TWO,2025,Finance and Insurance,Finance and Insurance,295.0641,2.686755819695817,,,9.210526315789473,,,1,9.210526315789473,9.210526315789473,True,4248.0,21.93,51.25,86.4429,9.210526315789473,38.68087890755883,8.108108108108107,0.19968730565978463,5.428571428571429,51.25,10.0,8.186801463117252,4,True
6024.TW,2025,Finance and Insurance,Finance and Insurance,647.3921,6.859999635750131,,,7.105263157894736,,,1,7.105263157894736,7.105263157894736,True,5136.6674,5.028,,1.9615,7.105263157894736,54.42997604229272,7.567567567567568,0.053278497171268625,8.571428571428573,,,7.748086432296959,3,True
6026.TWO,2025,Finance and Insurance,Finance and Insurance,256.2654,12.106800364953806,,,2.1052631578947367,,,1,2.1052631578947367,2.1052631578947367,True,4603.0,4.552,,134.78,2.1052631578947367,217.4605002465505,1.6216216216216217,0.21505109648540036,5.142857142857142,,,2.9565806407911666,3,True
6028.TWO,2025,Finance and Insurance,Finance and Insurance,721.7651,4.954079458374463,,,7.894736842105264,,,1,7.894736842105264,7.894736842105264,False,2111000.0,,,,7.894736842105264,14489.564176251375,0.0,,,,,3.947368421052632,2,False
6101.TWO,2025,Cultural and Creative,Cultural and Creative,71.8925,1.980893337638575,,,9.200000000000001,,,1,9.200000000000001,9.200000000000001,False,0.749,8.17,,,9.200000000000001,0.020637606285652782,9.5,0.2251124744376278,8.333333333333334,,,9.011111111111113,3,False
6103.TWO,2025,Semiconductor,Semiconductor,34.02,11.6283466585487,,,5.980392156862745,,,1,5.980392156862745,5.980392156862745,False,,0.008,,,5.980392156862745,,,0.0027344730531566608,9.679144385026738,,,7.829768270944742,2,False
6104.TWO,2025,Semiconductor,Semiconductor,1710.3285999999998,13.258640673870792,,,5.588235294117647,,,1,5.588235294117647,5.588235294117647,False,8643.2,64.6914,,,5.588235294117647,67.0029625139871,5.891891891891891,0.5014942902139653,5.1336898395721935,,,5.5379390085272435,3,False
6108.TW,2025,Electronic Parts and Components,Electronic Parts and Components,59006.67,450.90851257487776,,,0.5769230769230771,,,1,0.5769230769230771,0.5769230769230771,True,847574.0,10815.49,,76225.64,0.5769230769230771,6476.866626046503,0.5820105820105825,82.64822449171365,0.42780748663101553,,,0.528913715188225,3,True
6109.TWO,2025,Communications and Internet,Communications and Internet,1381.8268,61.93477656761239,,,2.247191011235955,,,1,2.247191011235955,2.247191011235955,False,22142.0,162.6244,,50.1555,2.247191011235955,992.4252610819775,0.8860759493670889,7.288978530769576,0.6172839506172845,,,1.250183637073443,3,True
6111.TWO,2025,Cultural and Creative,Cultural and Creative,106.5849,0.5866260345818188,,,9.6,,,1,9.6,9.6,False,,,,,9.6,,,,,,,9.6,1,False
6112.TW,2025,Information Service,Information Service,1671.8509,2.4943877238920096,,,7.954545454545454,,,1,7.954545454545454,7.954545454545454,True,9228.75,0.97,7.99,770.4908,7.954545454545454,13.769218718528299,8.823529411764707,0.0014472319823348179,9.62962962962963,7.99,8.0,8.601926123984947,4,True
6113.TWO,2025,Electronic Products Distribution,Electronic Products Distribution,114.90520000000001,5.828960225741508,,,3.2432432432432434,,,1,3.2432432432432434,3.2432432432432434,True,2421.4154,15.1483,,170.8663,3.2432432432432434,122.83459805646709,0.6451612903225812,0.7684494538767618,1.0344827586206895,,,1.6409624307288382,3,True
6114.TWO,2025,Electronic Parts and Components,Electronic Parts and Components,43.68,1.4576900093545955,,,9.423076923076923,,,1,9.423076923076923,9.423076923076923,True,901.0,10.3331,,10.2921,9.423076923076923,30.0681936453409,8.201058201058201,0.3448364614391477,8.556149732620321,,,8.72676161891848,3,True
6115.TW,2025,Electronic Parts and Components,Electronic Parts and Components,2345.9173,10.181709006502407,,,8.028846153846153,,,1,8.028846153846153,8.028846153846153,False,284.574,33.345,,595.9982,8.028846153846153,1.2351030698381464,9.470899470899472,0.14472338254286404,9.09090909090909,,,8.863551571884905,3,True
6116.TW,2025,Optoelectronic,Optoelectronic,215922.7818,600.8498228372237,,,0.2631578947368418,,,1,0.2631578947368418,0.2631578947368418,True,1120776.81,7309.36,3.0172,143530.4817,0.2631578947368418,3118.79340435845,1.6504854368932043,20.339806779265427,0.4807692307692313,3.0172,5.813953488372094,2.0520915126928427,4,True
6117.TW,2025,Computer and Peripheral Equipment,Computer and Peripheral Equipment,8027.2997000000005,81.26506568467875,,,1.0185185185185186,,,1,1.0185185185185186,1.0185185185185186,False,41817.0,205.55,,1019.3758,1.0185185185185186,423.338031310356,1.578947368421053,2.0809032770366995,2.1649484536082477,,,1.587471446849273,3,True
6118.TWO,2025,Electronic Products Distribution,Electronic Products Distribution,521.8922,1.726373486423502,,,4.864864864864865,,,1,4.864864864864865,4.864864864864865,False,2935.0,31.631,,,4.864864864864865,9.708721806252285,4.516129032258065,0.10463256540155572,4.137931034482759,,,4.506308310535229,3,False
6120.TW,2025,Optoelectronic,Optoelectronic,48710.7391,89.26920260385938,,,5.0,,,1,5.0,5.0,True,1133.385,5044.0001,10.1144,11997.213,5.0,2.077085609098778,9.126213592233011,9.24383154885833,1.5384615384615385,10.1144,7.441860465116279,5.776633898952707,4,True
6121.TWO,2025,Computer and Peripheral Equipment,Computer and Peripheral Equipment,20434.23,8.584169664041978,,,5.833333333333332,,,1,5.833333333333332,5.833333333333332,True,434720.0,8001.49,79.0,444195.19,5.833333333333332,182.6205458366833,3.3684210526315796,3.3613279152253472,1.8556701030927836,79.0,9.230769230769232,5.072048429956732,4,True
6122.TWO,2025,Electric Machinery,Electric Machinery,377.0755,3.0726839386497895,,,9.595959595959595,,,1,9.595959595959595,9.595959595959595,True,,,,111.3356,9.595959595959595,,,,,,,9.595959595959595,1,True
6123.TWO,2025,Information Service,Information Service,56.7684,0.3553791234507944,,,10.0,,,1,10.0,10.0,False,,,,50.7214,10.0,,,,,,,10.0,1,True
6124.TWO,2025,Electronic Parts and Components,Electronic Parts and Components,78.05,1.2950481106017546,,,9.519230769230768,,,1,9.519230769230768,9.519230769230768,False,726.33,5.28,,,9.519230769230768,12.051662961862556,8.571428571428573,0.08760863579727436,9.411764705882353,,,9.167474682180567,3,False
6125.TWO,2025,Electric Machinery,Electric Machinery,1567.518,16.562951618806856,,,7.474747474747474,,,1,7.474747474747474,7.474747474747474,False,15936000.0,202.458,,,7.474747474747474,168385.4328928319,0.0,2.139243095671245,5.1724137931034475,,,4.215720422616974,3,False
6126.TWO,2025,Electronic Parts and Components,Electronic Parts and Components,5558.7572,45.95303677026108,,,5.673076923076923,,,1,5.673076923076923,5.673076923076923,True,70293.0,709.829,10.48,117999.3739,5.673076923076923,581.0969426209084,4.338624338624339,5.868001958710779,3.6363636363636367,10.48,5.930232558139536,4.894574364051109,4,True
6127.TWO,2025,Electronic Parts and Components,Electronic Parts and Components,5583.384,175.3253593728381,,,2.548076923076923,,,1,2.548076923076923,2.548076923076923,False,87212.0,49.16,,25.004,2.548076923076923,2738.5677291090774,1.693121693121693,1.5436865289524633,6.256684491978611,,,3.499294369392409,3,True
6128.TW,2025,Computer and Peripheral Equipment,Computer and Peripheral Equipment,1982.72,12.1204417395527,,,4.537037037037037,,,1,4.537037037037037,4.537037037037037,False,26.23,451.35,,11884.38,4.537037037037037,0.16034497398950295,9.473684210526317,2.759119481897147,1.9587628865979378,,,5.323161378053764,3,True
6129.TWO,2025,Semiconductor,Semiconductor,1045.8324,32.22399884455678,,,4.166666666666666,,,1,4.166666666666666,4.166666666666666,True,7606.084,0.778,,125.1191,4.166666666666666,234.3572851898658,3.8378378378378377,0.023971595354155384,8.93048128342246,,,5.644995262642321,3,True
6130.TWO,2025,Biotechnology and Medical Care,Biotechnology and Medical Care,734.6466,151.75758233032835,,,2.516129032258064,,,1,2.516129032258064,2.516129032258064,False,,,,,2.516129032258064,,,,,,,2.516129032258064,1,False
6133.TW,2025,Electronic Parts and Components,Electronic Parts and Components,4748.6320000000005,113.67761690005347,,,3.4615384615384617,,,1,3.4615384615384617,3.4615384615384617,False,,,,,3.4615384615384617,,,,,,,3.4615384615384617,1,False
6134.TWO,2025,Electronic Parts and Components,Electronic Parts and Components,2576.7981999999997,45.94125261338358,,,5.721153846153846,,,1,5.721153846153846,5.721153846153846,False,22541.0,258.4355,,389.9081,5.721153846153846,401.8792682943815,5.079365079365079,4.607598138560518,4.331550802139037,,,5.0440232425526546,3,True
6136.TW,2025,Communications and Internet,Communications and Internet,93.38,5.08977313568084,,,8.764044943820226,,,1,8.764044943820226,8.764044943820226,False,1374.0,5.22,,,8.764044943820226,74.89128601869216,7.088607594936709,0.28452147963433266,7.037037037037037,,,7.629896525264658,3,False
6138.TWO,2025,Semiconductor,Semiconductor,2211.4823,9.654523940151787,,,6.42156862745098,,,1,6.42156862745098,6.42156862745098,False,7569.0,0.63,0.0,7020.5701,6.42156862745098,33.043489293587776,7.135135135135135,0.00275034988174928,9.62566844919786,0.0,1.2650602409638554,6.111858113186957,4,True
6139.TW,2025,Other Electronic,Other Electronic,427.57030000000003,0.21945802331563427,,,9.891304347826086,,,1,9.891304347826086,9.891304347826086,True,4888.24,16.88,,,9.891304347826086,2.508975688658487,9.078947368421053,0.008663958730454164,9.753086419753087,,,9.57444604533341,3,False
6140.TWO,2025,Information Service,Information Service,67.71000000000001,0.9126192123377467,,,9.772727272727273,,,1,9.772727272727273,9.772727272727273,False,38.42,0.625,,0.0,9.772727272727273,0.5178382829421979,10.0,0.008423969985394943,9.25925925925926,,,9.677328843995511,3,False
6141.TW,2025,Electronic Parts and Components,Electronic Parts and Components,8449.0379,147.22575960044128,,,2.9807692307692313,,,1,2.9807692307692313,2.9807692307692313,True,,410.21,,3332.7872,2.9807692307692313,,,7.147971113456246,3.3155080213903743,,,3.1481386260798025,2,True
6142.TW,2025,Communications and Internet,Communications and Internet,3610.6912,60.89238777420902,,,2.4719101123595513,,,1,2.4719101123595513,2.4719101123595513,True,25093.0,249.18,,830.9609,2.4719101123595513,423.1801064622272,2.911392405063291,4.202288244859433,0.864197530864198,,,2.0825000160956804,3,True
6143.TWO,2025,Communications and Internet,Communications and Internet,1591.9449,6.6314523629369635,,,8.089887640449438,,,1,8.089887640449438,8.089887640449438,True,13310.0,97.12,,455.5336,8.089887640449438,55.444526346791896,7.848101265822784,0.40456592027050553,5.802469135802469,,,7.2468193473582305,3,True
6144.TWO,2025,Cultural and Creative,Cultural and Creative,334.4918,63.36197004676493,,,0.7999999999999996,,,1,0.7999999999999996,0.7999999999999996,False,,,,,0.7999999999999996,,,,,,,0.7999999999999996,1,False
6146.TWO,2025,Other Electronic,Other Electronic,2069.7098,14.813309379108047,,,5.217391304347826,,,1,5.217391304347826,5.217391304347826,False,8088.0,26.881,,,5.217391304347826,57.887364817147734,6.315789473684211,0.1923924645956662,7.283950617283951,,,6.2723771317719965,3,False
6147.TWO,2025,Semiconductor,Semiconductor,150934.2129,227.51813120168225,,,1.5686274509803921,,,1,1.5686274509803921,1.5686274509803921,True,3328184.4,2870.041,0.239,45272.1112,1.5686274509803921,5016.902930313635,0.8648648648648649,4.32629787671028,2.0855614973262027,0.239,3.253012048192771,1.9430164653410578,4,True
6148.TWO,2025,Information Service,Information Service,151.60080000000002,6.142887478703178,,,5.681818181818182,,,1,5.681818181818182,5.681818181818182,False,1322.0,0.3277,,,5.681818181818182,53.567641113012606,5.294117647058823,0.013278453852295181,8.88888888888889,,,6.621608239255298,3,False
6150.TWO,2025,Computer and Peripheral Equipment,Computer and Peripheral Equipment,2171.2504,9.339918431662909,,,5.555555555555555,,,1,5.555555555555555,5.555555555555555,True,3407.0,11.766,,173.5541,5.555555555555555,14.655657448203824,7.684210526315789,0.0506129925258486,8.24742268041237,,,7.162396254094571,3,True
6151.TWO,2025,Other Electronic,Other Electronic,2323.421,43.66645288453181,,,2.1739130434782608,,,1,2.1739130434782608,2.1739130434782608,False,6770.0,121663.0,,571.632,2.1739130434782608,127.23560905590521,4.736842105263158,2286.538538341004,0.0,,,2.303585049580473,3,True
6152.TW,2025,Communications and Internet,Communications and Internet,5898.535199999999,124.90995970851957,,,1.123595505617978,,,1,1.123595505617978,1.123595505617978,True,78412.0,1.222,46.3032,494.2378,1.123595505617978,1660.4867867304474,0.5063291139240511,0.025877606149372633,9.382716049382715,46.3032,9.25925925925926,5.067974982046001,4,True
6153.TW,2025,Electronic Parts and Components,Electronic Parts and Components,68219.48640000001,396.5999893175321,,,0.7692307692307687,,,1,0.7692307692307687,0.7692307692307687,True,405000.0,1370.0,1.6636,1716.7379,0.7692307692307687,2354.503150783036,2.1164021164021163,7.964615596475949,2.8342245989304815,1.6636,3.7209302325581395,2.3601969292803764,4,True
6154.TWO,2025,Electronic Products Distribution,Electronic Products Distribution,3915.0545,31.63396417316577,,,0.5405405405405406,,,1,0.5405405405405406,0.5405405405405406,False,,,,,0.5405405405405406,,,,,,,0.5405405405405406,1,False
6155.TW,2025,Electronic Parts and Components,Electronic Parts and Components,5655.259999999999,290.9729846191445,,,1.3461538461538458,,,1,1.3461538461538458,1.3461538461538458,False,50775.0,60.19,,,1.3461538461538458,2612.4622553228437,1.9047619047619047,3.09688041650186,5.294117647058823,,,2.848344465991525,3,False
6156.TWO,2025,Electronic Parts and Components,Electronic Parts and Components,22029.859999999997,137.17692698068737,,,3.173076923076923,,,1,3.173076923076923,3.173076923076923,True,385379.11,3016.36,0.0,53757.2,3.173076923076923,2399.7030408886976,2.063492063492064,18.78246141679821,1.60427807486631,0.0,1.0465116279069768,1.9718396723355682,4,True
6158.TWO,2025,Electronic Parts and Components,Electronic Parts and Components,15873.6307,276.969842525245,,,1.4903846153846156,,,1,1.4903846153846156,1.4903846153846156,True,107272.9,415.0,,,1.4903846153846156,1871.743067591106,2.751322751322751,7.241096055483808,3.1550802139037435,,,2.4655958602037034,3,False
6160.TWO,2025,Computer and Peripheral Equipment,Computer and Peripheral Equipment,513.3342,13.280100700074096,,,4.2592592592592595,,,1,4.2592592592592595,4.2592592592592595,False,,0.219,,573.7164,4.2592592592592595,,,0.005665591837279158,9.381443298969073,,,6.820351279114166,2,True
6161.TWO,2025,Computer and Peripheral Equipment,Computer and Peripheral Equipment,870.8877,21.45980976142211,,,3.4259259259259256,,,1,3.4259259259259256,3.4259259259259256,True,36926.9,300.1757,37.2793,23158.3281,3.4259259259259256,909.927019383852,0.9473684210526312,7.396721089299706,1.1340206185567014,37.2793,7.115384615384616,3.1556748952299687,4,True
6163.TWO,2025,Information Service,Information Service,1778.8975,11.25461332675353,,,2.727272727272727,,,1,2.727272727272727,2.727272727272727,False,3740.0,15628.5,0.0,3676.346,2.727272727272727,23.661989430002684,7.647058823529411,98.87738016224517,0.0,0.0,2.0,3.0935828877005345,4,True
6164.TW,2025,Optoelectronic,Optoelectronic,3503.3117,141.63029690874558,,,3.0701754385964906,,,1,3.0701754385964906,3.0701754385964906,False,38473.51,92.966,,1280749.6991,3.0701754385964906,1555.3896173216879,3.106796116504854,3.7583872946328007,3.4615384615384617,,,3.212836672213269,3,True
6165.TW,2025,Digital and Cloud Services,Digital and Cloud Services,223.6456,2.257801039357236,,,6.578947368421053,,,1,6.578947368421053,6.578947368421053,False,1978.0,,,,6.578947368421053,19.968783002431582,7.777777777777778,,,,,7.178362573099415,2,False
6166.TW,2025,Computer and Peripheral Equipment,Computer and Peripheral Equipment,8585.5971,23.885050512690444,,,2.685185185185185,,,1,2.685185185185185,2.685185185185185,True,37860.0,243.092,5.19,1345.1195,2.685185185185185,105.32616449128041,4.631578947368421,0.6762796613448055,4.845360824742269,5.19,3.6538461538461537,3.953992777785507,4,True
6167.TWO,2025,Optoelectronic,Optoelectronic,1750.3294,47.51739959066374,,,6.140350877192983,,,1,6.140350877192983,6.140350877192983,False,,,,389.5362,6.140350877192983,,,,,,,6.140350877192983,1,True
6168.TW,2025,Optoelectronic,Optoelectronic,8225.312399999999,127.32490795658538,,,3.68421052631579,,,1,3.68421052631579,3.68421052631579,False,33581.0,99.84,0.007,4453.2708,3.68421052631579,519.8219260450331,5.728155339805825,1.5454876595794083,6.346153846153846,0.007,2.3255813953488373,4.521025276906075,4,True
6169.TWO,2025,Cultural and Creative,Cultural and Creative,39.69,37.640364525450096,,,2.8000000000000003,,,1,2.8000000000000003,2.8000000000000003,False,391.75,3.1757,,,2.8000000000000003,371.51959694746984,0.9999999999999998,3.0117033414832926,2.2222222222222223,,,2.0074074074074075,3,False
6170.TWO,2025,Communications and Internet,Communications and Internet,290.6659,2.8730488179685465,,,9.662921348314606,,,1,9.662921348314606,9.662921348314606,False,2073.5,32.4,,,9.662921348314606,20.49523774222494,9.11392405063291,0.32025353404778784,6.790123456790123,,,8.522322951912546,3,False
6171.TWO,2025,Building Material and Construction,Building Material and Construction,30.456400000000002,0.603865687945609,,,8.85057471264368,,,1,8.85057471264368,8.85057471264368,False,1077.49,4.9614,,15.4673,8.85057471264368,21.363629322720815,5.675675675675675,0.09837076030566136,7.65625,,,7.394166796106451,3,True
6173.TWO,2025,Electronic Parts and Components,Electronic Parts and Components,32778.640999999996,252.83674846791394,,,1.6826923076923073,,,1,1.6826923076923073,1.6826923076923073,True,281340.0431,1751.348,,7863.3975,1.6826923076923073,2170.105274078531,2.2222222222222223,13.508953399129151,2.13903743315508,,,2.0146506543565366,3,True
6174.TWO,2025,Electronic Parts and Components,Electronic Parts and Components,2619.6498,139.11680154535884,,,3.125,,,1,3.125,3.125,True,21875.0,18.105,,,3.125,1161.674371057049,3.333333333333334,0.9614680908794456,7.219251336898395,,,4.559194890077243,3,False
6175.TWO,2025,Electronic Parts and Components,Electronic Parts and Components,81997.65,623.1802626694587,,,0.28846153846153855,,,1,0.28846153846153855,0.28846153846153855,False,2508191.0197,1662.7725,6.9,37511.5208,0.28846153846153855,19062.194324859596,0.05291005291005346,12.637032930938297,2.406417112299465,6.9,5.465116279069767,2.053226245685206,4,True
6176.TW,2025,Optoelectronic,Optoelectronic,66060.8478,42.49041013989655,,,6.4035087719298245,,,1,6.4035087719298245,6.4035087719298245,False,953.7519,5032.9529,2.76,71142.7764,6.4035087719298245,0.6134542736326432,9.514563106796118,3.2372008543278445,4.134615384615384,2.76,5.5813953488372094,6.408520653044634,4,True
6177.TW,2025,Building Material and Construction,Building Material and Construction,4001.7448,34.27078834075521,,,2.7586206896551726,,,1,2.7586206896551726,2.7586206896551726,False,72276.0,7468.684,,84283.7597,2.7586206896551726,618.9688803035175,1.8918918918918914,63.961522121047054,2.96875,,,2.539754193849021,3,True
6179.TWO,2025,Other,Other,2717.7247,23.448461638741012,,,6.813186813186814,,,1,6.813186813186814,6.813186813186814,False,,,,,6.813186813186814,,,,,,,6.813186813186814,1,False
6180.TWO,2025,Cultural and Creative,Cultural and Creative,2961.256,9.83523441718933,,,6.0,,,1,6.0,6.0,True,17930.0,51.78,26.9834,6944.705,6.0,59.550999001844055,4.5,0.17197717391608952,8.88888888888889,26.9834,10.0,7.347222222222222,4,True
6182.TWO,2025,Semiconductor,Semiconductor,165100.5092,546.5686601898398,,,0.3431372549019607,,,1,0.3431372549019607,0.3431372549019607,True,2021907.0,2436.04,1.34,2128.0569,0.3431372549019607,6693.565061508958,0.48648648648648596,8.064560947876576,1.1229946524064172,1.34,5.1807228915662655,1.7833353213402823,4,True
6183.TW,2025,Information Service,Information Service,1346.7289,16.84785936649086,,,1.5909090909090906,,,1,1.5909090909090906,1.5909090909090906,True,13765.0,2.9233,,619.5054,1.5909090909090906,172.2030203552821,1.1764705882352944,0.036571092582971025,6.296296296296297,,,3.0212253251468937,3,True
6184.TW,2025,Other,Other,1480.1833,22.04848417986747,,,7.032967032967033,,,1,7.032967032967033,7.032967032967033,True,4495.0,44.5806,0.0,,7.032967032967033,66.95652922749788,6.857142857142858,0.6640627912968614,7.04225352112676,0.0,1.3333333333333333,5.566424186142496,4,False
6185.TWO,2025,Electronic Parts and Components,Electronic Parts and Components,50.5206,3.0655645753098923,,,9.134615384615385,,,1,9.134615384615385,9.134615384615385,True,,0.2082,,11.9734,9.134615384615385,,,0.012633471189564644,9.946524064171122,,,9.540569724393254,2,True
6186.TWO,2025,Building Material and Construction,Building Material and Construction,164.7634,0.3865754270350566,,,9.425287356321839,,,1,9.425287356321839,9.425287356321839,False,760.0,14.74,,,9.425287356321839,1.7831467701361043,8.64864864864865,0.03458366235763971,8.4375,,,8.837145334990163,3,False
6187.TWO,2025,Semiconductor,Semiconductor,866.732,4.712248285730329,,,8.382352941176471,,,1,8.382352941176471,8.382352941176471,False,12.73,44.82,,31627.928,8.382352941176471,0.0692104603007009,9.513513513513514,0.24367736297544496,6.256684491978611,,,8.050850315556199,3,True
6188.TWO,2025,Computer and Peripheral Equipment,Computer and Peripheral Equipment,14279.9106,50.09988180471876,,,1.7592592592592593,,,1,1.7592592592592593,1.7592592592592593,True,5921.0,1272.91,12.38,3039.2342,1.7592592592592593,20.77333734608533,7.36842105263158,4.46589914561822,1.649484536082474,12.38,4.8076923076923075,3.896214288916405,4,True
6189.TW,2025,Electronic Products Distribution,Electronic Products Distribution,398.47,0.4209688443259555,,,8.108108108108107,,,1,8.108108108108107,8.108108108108107,True,,11.937,,1194.153,8.108108108108107,,,0.012610999811074686,7.586206896551724,,,7.847157502329916,2,True
6190.TWO,2025,Communications and Internet,Communications and Internet,10801.9502,39.337965339107775,,,3.2584269662921352,,,1,3.2584269662921352,3.2584269662921352,True,23630.0,347.4,,54014.8522,3.2584269662921352,86.0544719936884,6.962025316455696,1.2651427664243482,3.333333333333334,,,4.517928538693722,3,True
6191.TW,2025,Electronic Parts and Components,Electronic Parts and Components,222179.86,222.7999505561392,,,2.0673076923076925,,,1,2.0673076923076925,2.0673076923076925,True,5262318.0,69381.8,0.2,649319.1,2.0673076923076925,5277.004811375259,0.8465608465608465,69.5754404089369,0.53475935828877,0.2,2.3255813953488373,1.4435523231265366,4,True
6192.TW,2025,Other Electronic,Other Electronic,1003.2,4.456869062811332,,,8.478260869565217,,,1,8.478260869565217,8.478260869565217,False,,,,,8.478260869565217,,,,,,,8.478260869565217,1,False
6194.TWO,2025,Electronic Parts and Components,Electronic Parts and Components,13.39,0.28936472530003154,,,9.951923076923077,,,1,9.951923076923077,9.951923076923077,False,200.0,,,,9.951923076923077,4.322101946229,9.206349206349207,,,,,9.579136141636141,2,False
6195.TWO,2025,Household,Household,2028.5174,29.7352638734668,,,3.5294117647058822,,,1,3.5294117647058822,3.5294117647058822,False,8021.0,92.6,,,3.5294117647058822,117.57678367909351,5.416666666666668,1.357388127251472,5.0,,,4.648692810457517,3,False
6196.TW,2025,Other Electronic,Other Electronic,11307.4145,7.283830069882441,,,7.065217391304348,,,1,7.065217391304348,7.065217391304348,True,75137.0,203.88,0.0,214946.8999,7.065217391304348,48.4005552251363,6.842105263157895,0.1313321692282203,8.271604938271604,0.0,0.8695652173913043,5.762123202531288,4,True
6197.TW,2025,Electronic Parts and Components,Electronic Parts and Components,3694.2635,15.686325588258281,,,7.548076923076923,,,1,7.548076923076923,7.548076923076923,True,60575.0,67.2391,,48779.5367,7.548076923076923,257.2093659558246,6.190476190476191,0.28550600542204346,8.663101604278076,,,7.467218239277063,3,True
6198.TWO,2025,Building Material and Construction,Building Material and Construction,322.3752,46784.60952380952,,,0.0,,,1,0.0,0.0,False,,2938.01,,,0.0,,,426377.8684807257,0.0,,,0.0,2,False
6199.TWO,2025,Other,Other,21.917,4.56461522440904,,,8.791208791208792,,,1,8.791208791208792,8.791208791208792,False,,,,,8.791208791208792,,,,,,,8.791208791208792,1,False
6201.TW,2025,Other Electronic,Other Electronic,3311.9784000000004,30.525907053847973,,,3.0434782608695654,,,1,3.0434782608695654,3.0434782608695654,True,22435.0,164.1,,496.9325,3.0434782608695654,206.77934516513733,3.947368421052632,1.512480077628662,3.2098765432098766,,,3.400241075044024,3,True
6202.TW,2025,Semiconductor,Semiconductor,1258.4449,12.590913647225747,,,5.686274509803921,,,1,5.686274509803921,5.686274509803921,True,13778.0,10.6651,,1004.8333,5.686274509803921,137.85077775870548,4.54054054054054,0.10670578675238569,7.165775401069519,,,5.797530150471327,3,True
6203.TWO,2025,Electronic Parts and Components,Electronic Parts and Components,913.19,10.288787322806563,,,7.932692307692308,,,1,7.932692307692308,7.932692307692308,False,14840.0,77.72,,238471.89,7.932692307692308,167.20025829285186,6.613756613756614,0.8756606519218629,7.433155080213903,,,7.326534667220941,3,True
6204.TWO,2025,Electronic Parts and Components,Electronic Parts and Components,257.1217,20.493551223327277,,,7.355769230769232,,,1,7.355769230769232,7.355769230769232,False,757.0,0.9666,,,7.355769230769232,60.335702027711974,7.5661375661375665,0.07704159785995561,9.518716577540108,,,8.14687445814897,3,False
6205.TW,2025,Electronic Parts and Components,Electronic Parts and Components,319.55559999999997,7.157143282089292,,,8.509615384615385,,,1,8.509615384615385,8.509615384615385,False,,,,130.5124,8.509615384615385,,,,,,,8.509615384615385,1,True
6206.TW,2025,Computer and Peripheral Equipment,Computer and Peripheral Equipment,1870.3899999999999,11.423433482251706,,,4.814814814814815,,,1,4.814814814814815,4.814814814814815,False,10521.0,45.71,0.221,671.17,4.814814814814815,64.25715688533953,5.473684210526315,0.27917447402612583,6.391752577319587,0.221,2.1153846153846154,4.698909054511334,4,True
6207.TWO,2025,Electronic Parts and Components,Electronic Parts and Components,1339.039,36.231018439248565,,,6.201923076923077,,,1,6.201923076923077,6.201923076923077,True,3490.0,443.06,,,6.201923076923077,94.43059862556467,7.037037037037037,11.988086254166957,2.4598930481283423,,,5.232951054029486,3,False
6208.TWO,2025,Semiconductor,Semiconductor,3580.565,31.2752493252084,,,4.264705882352942,,,1,4.264705882352942,4.264705882352942,True,35493.0,146.9229,0.77,1309.3102,4.264705882352942,310.0215815938607,3.513513513513513,1.283331074588134,3.9037433155080214,0.77,4.096385542168674,3.9445870633857876,4,True
6209.TW,2025,Optoelectronic,Optoelectronic,21618.364,223.74883276093297,,,1.7543859649122806,,,1,1.7543859649122806,1.7543859649122806,False,178441.0,99.18,,,1.7543859649122806,1846.854159116464,2.9126213592233006,1.0265073357645995,7.211538461538462,,,3.9595152618913474,3,False
6210.TWO,2025,Electronic Parts and Components,Electronic Parts and Components,5617.4336,625.6386636456343,,,0.24038461538461564,,,1,0.24038461538461564,0.24038461538461564,True,154515.0,403.852,0.0,1392.0978,0.24038461538461564,17209.025508233008,0.10582010582010581,44.978800566617586,0.7486631016042777,0.0,1.0465116279069768,0.5353448626789941,4,True
6212.TWO,2025,Building Material and Construction,Building Material and Construction,27.0715,0.4397063981390259,,,9.310344827586206,,,1,9.310344827586206,9.310344827586206,False,828.9162,47.3,,11062.81,9.310344827586206,13.463596648175697,6.351351351351351,0.7682659857036338,6.25,,,7.303898726312519,3,True
6213.TW,2025,Electronic Parts and Components,Electronic Parts and Components,183580.64,182.85629194215545,,,2.403846153846154,,,1,2.403846153846154,2.403846153846154,True,762.51,14930.78,,942618.13,2.403846153846154,0.7595013895191397,9.682539682539682,14.871868115309413,1.871657754010695,,,4.652681196798844,3,True
6214.TW,2025,Information Service,Information Service,5514.1439,4.321665041810727,,,7.045454545454546,,,1,7.045454545454546,7.045454545454546,True,25589.0,45.8,10.5306,1508.1058,7.045454545454546,20.055168809594303,7.9411764705882355,0.03589537424203443,6.666666666666668,10.5306,9.0,7.6633244206773625,4,True
6215.TW,2025,Other Electronic,Other Electronic,568.4861000000001,7.873588079913334,,,6.8478260869565215,,,1,6.8478260869565215,6.8478260869565215,False,2039.0,11.36,0.1251,474.0754,6.8478260869565215,28.240349403342115,7.631578947368421,0.15733711094750683,7.777777777777778,0.1251,2.608695652173913,6.216469616069158,4,True
6216.TW,2025,Communications and Internet,Communications and Internet,524.072,20.657255898974668,,,4.831460674157303,,,1,4.831460674157303,4.831460674157303,False,4793.27,23.42,,841.3042,4.831460674157303,188.93549928803355,4.4303797468354436,0.9231421124463562,4.197530864197531,,,4.486457095063426,3,True
6217.TWO,2025,Electronic Parts and Components,Electronic Parts and Components,866.0589,7.960435145837795,,,8.413461538461538,,,1,8.413461538461538,8.413461538461538,True,8840.0,130.253,6.91,278.9819,8.413461538461538,81.25341901019215,7.195767195767195,1.1972286862369408,6.79144385026738,6.91,5.5813953488372094,6.995516983333331,4,True
6218.TWO,2025,Communications and Internet,Communications and Internet,548.6883,13.130156166221344,,,6.404494382022472,,,1,6.404494382022472,6.404494382022472,False,,1.0608,,109.4895,6.404494382022472,,,0.025385031284843505,9.506172839506172,,,7.955333610764322,2,True
6219.TWO,2025,Building Material and Construction,Building Material and Construction,1222.7,3570.7415012548486,,,0.2298850574712641,,,1,0.2298850574712641,0.2298850574712641,False,19338.0,94178.0,,,0.2298850574712641,56474.19575633128,0.27027027027026973,275034.99885922886,0.15625,,,0.21880177591384461,3,False
6220.TWO,2025,Electronic Parts and Components,Electronic Parts and Components,8009.03,31.280206441168527,,,6.490384615384616,,,1,6.490384615384616,6.490384615384616,False,37579.0,1026.974,1.21,91250.545,6.490384615384616,146.76919400385216,6.772486772486772,4.010967461691691,4.705882352941177,1.21,3.3720930232558137,5.335211691017095,4,True
6221.TWO,2025,Information Service,Information Service,563.7505,3.1976217089252206,,,7.727272727272727,,,1,7.727272727272727,7.727272727272727,False,,3.074,,,7.727272727272727,,,0.017435885437327554,8.148148148148149,,,7.937710437710438,2,False
6222.TWO,2025,Optoelectronic,Optoelectronic,8.39,75.29939699901837,,,5.350877192982456,,,1,5.350877192982456,5.350877192982456,False,,,,,5.350877192982456,,,,,,,5.350877192982456,1,False
6223.TWO,2025,Semiconductor,Semiconductor,25245.3836,64.02752697989621,,,3.382352941176471,,,1,3.382352941176471,3.382352941176471,True,210384.09,412.88,,9788.9224,3.382352941176471,533.5776715476769,3.2432432432432434,1.0471492831449605,4.331550802139037,,,3.652382328852917,3,True
6224.TW,2025,Electronic Parts and Components,Electronic Parts and Components,3695.5268,40.814565796167486,,,6.105769230769232,,,1,6.105769230769232,6.105769230769232,False,23154.0,85.12,0.0,768.0064,6.105769230769232,255.72009285508682,6.296296296296297,0.9400921786224838,7.32620320855615,0.0,1.0465116279069768,5.193695090882163,4,True
6225.TW,2025,Optoelectronic,Optoelectronic,16.8425,15.687507276749331,,,8.333333333333334,,,1,8.333333333333334,8.333333333333334,False,1163.0,3.213,0.0,,8.333333333333334,1083.2460123413668,3.4951456310679605,2.9926650366748166,4.8076923076923075,0.0,1.0465116279069768,4.420670725000145,4,False
6226.TW,2025,Optoelectronic,Optoelectronic,2973.3559999999998,154.41179826109536,,,2.6315789473684212,,,1,2.6315789473684212,2.6315789473684212,False,56055.7,65.775,12.42,37217.6616,2.6315789473684212,2911.0747047391847,1.8446601941747576,3.4158156744848407,4.038461538461538,12.42,7.674418604651163,4.04727982116397,4,True
6227.TWO,2025,Electronic Products Distribution,Electronic Products Distribution,760.77,1.313038936427588,,,5.945945945945946,,,1,5.945945945945946,5.945945945945946,False,4969.7,19.6,,354.04,5.945945945945946,8.577375031039846,5.161290322580645,0.03382830967832686,5.517241379310345,,,5.541492549278979,3,True
6228.TWO,2025,Computer and Peripheral Equipment,Computer and Peripheral Equipment,85.50139999999999,53.85225906134057,,,1.6666666666666663,,,1,1.6666666666666663,1.6666666666666663,False,2279.0,0.0,,,1.6666666666666663,1435.406886914076,0.5263157894736847,0.0,10.0,,,4.064327485380117,3,False
6229.TWO,2025,Semiconductor,Semiconductor,12.593399999999999,0.19438562065966566,,,9.950980392156863,,,1,9.950980392156863,9.950980392156863,False,37.0,0.0,,115.2266,9.950980392156863,0.5711140728006441,9.18918918918919,0.0,9.946524064171122,,,9.695564548505724,3,True
6230.TW,2025,Computer and Peripheral Equipment,Computer and Peripheral Equipment,2340.6882,8.53821911465276,,,6.018518518518519,,,1,6.018518518518519,6.018518518518519,True,10058.47,75.773,,13250.7949,6.018518518518519,36.690671067663494,6.842105263157895,0.27640011043529145,6.494845360824742,,,6.451823047500386,3,True
6231.TWO,2025,Information Service,Information Service,479.0351,9.722128589322805,,,3.6363636363636367,,,1,3.6363636363636367,3.6363636363636367,False,5957.5,21.47,0.0,259.6116,3.6363636363636367,120.9088458672248,2.3529411764705888,0.43573863546274716,2.2222222222222223,0.0,2.0,2.552881758764112,4,True
6233.TWO,2025,Semiconductor,Semiconductor,334.3057,27.4684558243914,,,4.46078431372549,,,1,4.46078431372549,4.46078431372549,False,4598.0,29.4,,,4.46078431372549,377.7978056627561,3.4054054054054053,2.4156710496922638,3.262032085561497,,,3.7094072682307977,3,False
6234.TWO,2025,Optoelectronic,Optoelectronic,1359.1661,93.87498936999121,,,4.912280701754385,,,1,4.912280701754385,4.912280701754385,True,,23.222,,337.701,4.912280701754385,,,1.6038988929682223,6.057692307692308,,,5.484986504723347,2,True
6235.TW,2025,Computer and Peripheral Equipment,Computer and Peripheral Equipment,76919.0858,392.21228346973624,,,0.092592592592593,,,1,0.092592592592593,0.092592592592593,True,472842.0,2975.44,6.635,,0.092592592592593,2411.0328224987434,0.21052631578947323,15.1718407023396,0.7216494845360821,6.635,3.8461538461538463,1.2177305597679986,4,False
6236.TWO,2025,Digital and Cloud Services,Digital and Cloud Services,50.0019,41.98147113227596,,,0.5263157894736847,,,1,0.5263157894736847,0.5263157894736847,False,,,,,0.5263157894736847,,,,,,,0.5263157894736847,1,False
6237.TWO,2025,Semiconductor,Semiconductor,149.048,11.564361813041602,,,6.07843137254902,,,1,6.07843137254902,6.07843137254902,False,2150.0,,,,6.07843137254902,166.8145691189378,4.27027027027027,,,,,5.174350821409645,2,False
6239.TW,2025,Semiconductor,Semiconductor,541611.04,246.77062239619724,,,1.470588235294118,,,1,1.470588235294118,1.470588235294118,True,3276266.0,7827.5,5.316,831281.79,1.470588235294118,1492.7432054477683,2.3783783783783785,3.5663915691346206,2.67379679144385,5.316,6.746987951807228,3.3174378392308936,4,True
6240.TWO,2025,Information Service,Information Service,18.2602,12.858588325906366,,,2.272727272727273,,,1,2.272727272727273,2.272727272727273,False,,,,,2.272727272727273,,,,,,,2.272727272727273,1,False
6241.TWO,2025,Communications and Internet,Communications and Internet,29.9379,1.3430835974251834,,,9.887640449438202,,,1,9.887640449438202,9.887640449438202,True,15347.7,1.089,,6862.5588,9.887640449438202,688.5334017483686,2.0253164556962022,0.04885506457019446,8.88888888888889,,,6.933948598007764,3,True
6242.TWO,2025,Biotechnology and Medical Care,Biotechnology and Medical Care,456.484,25.71541641140475,,,7.032258064516129,,,1,7.032258064516129,7.032258064516129,False,16180.0,12.45,,,7.032258064516129,911.478688270627,3.308270676691729,0.7013541204554576,6.564885496183206,,,5.635138079130354,3,False
6243.TW,2025,Semiconductor,Semiconductor,177.3422,8.33355419280562,,,6.715686274509805,,,1,6.715686274509805,6.715686274509805,False,842.0,26.42,,196.347,6.715686274509805,39.56673950330114,6.864864864864865,1.2415121825145086,3.9572192513368987,,,5.845923463570522,3,True
6244.TWO,2025,Optoelectronic,Optoelectronic,15130.820000000002,164.39044281090523,,,2.4561403508771926,,,1,2.4561403508771926,2.4561403508771926,False,353780.0,520.45,0.12,,2.4561403508771926,3843.6813641059803,1.3592233009708743,5.654485742407592,2.884615384615384,0.12,3.2558139534883725,2.488948247487956,4,False
6245.TWO,2025,Communications and Internet,Communications and Internet,2649.2457,12.808921899384769,,,6.629213483146068,,,1,6.629213483146068,6.629213483146068,True,113763.7,78.583,0.0,979.7122,6.629213483146068,550.0397144308054,2.40506329113924,0.3799434343214574,6.17283950617284,0.0,1.2962962962962963,4.1258531441886115,4,True
6246.TWO,2025,Optoelectronic,Optoelectronic,2734.1130000000003,56.083668184916924,,,5.87719298245614,,,1,5.87719298245614,5.87719298245614,False,44772.0,157.508,13.53,,5.87719298245614,918.3885201434981,4.077669902912621,3.2308929471714936,4.230769230769232,13.53,8.13953488372093,5.5812917499647305,4,False
6248.TWO,2025,Iron and Steel,Iron and Steel,1481.3219,6.072293654677863,,,10.0,,,1,10.0,10.0,True,4670.0,1193.56,0.0,,10.0,19.14344975750755,8.91304347826087,4.892688627959467,6.808510638297872,0.0,0.0,6.430388529139685,4,False
6257.TW,2025,Semiconductor,Semiconductor,76677.1618,129.17491834533783,,,2.598039215686274,,,1,2.598039215686274,2.598039215686274,True,355925.0,716.34,5.04,22487.5147,2.598039215686274,599.6124756415328,3.135135135135135,1.2067890729818238,4.010695187165776,5.04,6.506024096385542,4.062473408593182,4,True
6259.TWO,2025,Electronic Parts and Components,Electronic Parts and Components,100.248,6.685330949240071,,,8.605769230769232,,,1,8.605769230769232,8.605769230769232,False,425.0,,,,8.605769230769232,28.342367462962155,8.253968253968253,,,,,8.429868742368743,2,False
6261.TWO,2025,Semiconductor,Semiconductor,20980.003699999997,165.64412682175566,,,2.1568627450980395,,,1,2.1568627450980395,2.1568627450980395,False,199.09,138.26,,1922424.8969,2.1568627450980395,1.5718819539075364,8.972972972972972,1.0916088148438192,4.224598930481283,,,5.118144882850765,3,True
6263.TWO,2025,Communications and Internet,Communications and Internet,290.51329999999996,4.943015478916446,,,8.876404494382022,,,1,8.876404494382022,8.876404494382022,True,3288.0,3.056,16.2,36272.2181,8.876404494382022,55.94454675457983,7.7215189873417724,0.05199712131447566,8.641975308641976,16.2,6.666666666666666,7.976641364258109,4,True
6264.TWO,2025,Building Material and Construction,Building Material and Construction,47.49,24.048042915806214,,,3.1034482758620685,,,1,3.1034482758620685,3.1034482758620685,False,,,,,3.1034482758620685,,,,,,,3.1034482758620685,1,False
6265.TWO,2025,Electronic Products Distribution,Electronic Products Distribution,69.96260000000001,3.2555484060006825,,,4.0540540540540535,,,1,4.0540540540540535,4.0540540540540535,False,456.0,,,,4.0540540540540535,21.218909433558945,3.548387096774194,,,,,3.8012205754141237,2,False
6266.TWO,2025,Electronic Parts and Components,Electronic Parts and Components,5718.9278,55.03654090155472,,,5.192307692307692,,,1,5.192307692307692,5.192307692307692,True,32088.469,72.9581,,2570.7778,5.192307692307692,308.80584584172766,5.767195767195767,0.7021178785907596,7.647058823529411,,,6.202187427677624,3,True
6269.TW,2025,Electronic Parts and Components,Electronic Parts and Components,47154.616799999996,68.87174509999242,,,4.663461538461538,,,1,4.663461538461538,4.663461538461538,True,1855934.0,3184.0,,14630.4476,4.663461538461538,2710.6871404033836,1.7460317460317465,4.650395895028796,4.224598930481283,,,3.5446974049915227,3,True
6270.TWO,2025,Electronic Products Distribution,Electronic Products Distribution,67.7739,0.7188600407696515,,,6.756756756756756,,,1,6.756756756756756,6.756756756756756,False,5576.5,37.9696,,12.9097,6.756756756756756,59.14847776728153,2.2580645161290325,0.40273362170403887,2.068965517241379,,,3.6945955967090556,3,True
6271.TW,2025,Semiconductor,Semiconductor,64348.943100000004,177.07716653821223,,,2.009803921568627,,,1,2.009803921568627,2.009803921568627,True,1392847.0,1402.9865,0.29,57876.3749,2.009803921568627,3832.8741436819228,1.2432432432432428,3.860776294729283,2.4598930481283423,0.29,3.373493975903614,2.2716085472109566,4,True
6272.TW,2025,Electronic Parts and Components,Electronic Parts and Components,5115.0107,40.61993978741829,,,6.153846153846154,,,1,6.153846153846154,6.153846153846154,True,65.399,342.089,25.1746,37166.4997,6.153846153846154,0.5193544252326527,9.788359788359788,2.7166384191411637,5.72192513368984,25.1746,7.325581395348837,7.247428117811155,4,True
6274.TWO,2025,Electronic Parts and Components,Electronic Parts and Components,46381.0064,53.88144889218622,,,5.288461538461538,,,1,5.288461538461538,5.288461538461538,True,326842.0,5032.0,,89300.3594,5.288461538461538,379.69681742007066,5.238095238095238,5.84574315803292,3.689839572192514,,,4.73879878291643,3,True
6275.TWO,2025,Electronic Parts and Components,Electronic Parts and Components,2800.8786,21.145511379782477,,,7.307692307692308,,,1,7.307692307692308,7.307692307692308,False,39135.0,174.181,,1930.0456,7.307692307692308,295.45357226399864,5.9788359788359795,1.3149967719564468,6.470588235294117,,,6.585705507274135,3,True
6276.TWO,2025,Computer and Peripheral Equipment,Computer and Peripheral Equipment,40.1425,0.8674752819922703,,,9.074074074074074,,,1,9.074074074074074,9.074074074074074,True,0.0167,,,,9.074074074074074,0.00036088527643447505,10.0,,,,,9.537037037037038,2,False
6277.TW,2025,Computer and Peripheral Equipment,Computer and Peripheral Equipment,1776.6498000000001,12.20567333040068,,,4.444444444444445,,,1,4.444444444444445,4.444444444444445,True,19942.21,43.85,,394.1677,4.444444444444445,137.0039839850542,3.7894736842105257,0.3012517016792335,6.082474226804124,,,4.772130785153031,3,True
6278.TW,2025,Optoelectronic,Optoelectronic,66248.70999999999,42.39374164200857,,,6.491228070175438,,,1,6.491228070175438,6.491228070175438,False,462000.0,3162.01,0.0,,6.491228070175438,295.6421134631597,6.213592233009708,2.023427097817415,5.576923076923077,0.0,1.0465116279069768,4.8320637520038,4,False
6279.TWO,2025,Electronic Parts and Components,Electronic Parts and Components,14221.1266,50.95843244911713,,,5.432692307692308,,,1,5.432692307692308,5.432692307692308,True,142.9689,3602.23,42.46,72259.4756,5.432692307692308,0.5122991474511296,9.841269841269842,12.907837704024322,2.3529411764705888,42.46,8.488372093023255,6.5288188546139985,4,True
6281.TW,2025,Electronic Products Distribution,Electronic Products Distribution,15746.7735,25.213455215331,,,1.3513513513513509,,,1,1.3513513513513509,1.3513513513513509,True,42846.0,87.7,,,1.3513513513513509,68.60425738365208,1.6129032258064513,0.14042368885184822,3.4482758620689657,,,2.1375101464089226,3,False
6282.TW,2025,Electronic Parts and Components,Electronic Parts and Components,28217.4776,30.940126021766208,,,6.538461538461538,,,1,6.538461538461538,6.538461538461538,True,358935.1049,4277.26,27.7356,1328388.62,6.538461538461538,393.5680409379283,5.132275132275133,4.689964330045566,4.117647058823529,27.7356,7.558139534883721,5.83663081611098,4,True
6283.TW,2025,Other Electronic,Other Electronic,1898.0266000000001,34.221135097385144,,,2.717391304347826,,,1,2.717391304347826,2.717391304347826,False,,49.5,,2309.6696,2.717391304347826,,,0.8924775803039664,4.814814814814815,,,3.7661030595813205,2,True
6284.TWO,2025,Electronic Parts and Components,Electronic Parts and Components,30284.1512,124.97739446450898,,,3.2692307692307687,,,1,3.2692307692307687,3.2692307692307687,True,246109.8,778.0664,,12090.6571,3.2692307692307687,1015.6520931708137,3.492063492063492,3.210943927409147,5.18716577540107,,,3.9828200122317767,3,True
6285.TW,2025,Communications and Internet,Communications and Internet,51599.25,14.990192161995566,,,5.842696629213483,,,1,5.842696629213483,5.842696629213483,True,1014435.43,8314.34,34.47,5427354.97,5.842696629213483,294.7054856734662,3.417721518987342,2.4154140670681494,1.728395061728395,34.47,8.518518518518519,4.876832932111935,4,True
6290.TWO,2025,Electronic Parts and Components,Electronic Parts and Components,18578.4275,60.32808710767151,,,5.0,,,1,5.0,5.0,True,180855.0,881.29,,239353.6006,5.0,587.2744716342612,4.2857142857142865,2.861735197293733,5.508021390374331,,,4.931245225362873,3,True
6291.TWO,2025,Semiconductor,Semiconductor,42.9844,0.6865544221965337,,,9.80392156862745,,,1,9.80392156862745,9.80392156862745,True,557.6478,5.7798,,4949.1528,9.80392156862745,8.906849068921938,8.594594594594595,0.09231598555316639,7.540106951871658,,,8.646207705031234,3,True
6292.TWO,2025,Electronic Parts and Components,Electronic Parts and Components,87.2934,2.9550804599889875,,,9.182692307692307,,,1,9.182692307692307,9.182692307692307,False,1353.0,1.653,,,9.182692307692307,45.802132376160166,7.830687830687831,0.05595781582985422,9.62566844919786,,,8.879682862525998,3,False
6294.TWO,2025,Cultural and Creative,Cultural and Creative,1859.6771999999999,56.98162368365113,,,1.6000000000000003,,,1,1.6000000000000003,1.6000000000000003,False,24.417,2.5817,,151.09,1.6000000000000003,0.7481515101027801,8.0,0.07910483489504638,10.0,,,6.533333333333334,3,True
6405.TW,2025,Optoelectronic,Optoelectronic,843.654,28034.193146417445,,,0.0,,,1,0.0,0.0,False,7000.0,147.39,,,0.0,232606.43821391487,0.1941747572815533,4897.694704049844,0.0,,,0.0647249190938511,3,False
6409.TW,2025,Other Electronic,Other Electronic,10327.44,15.584058275888948,,,5.108695652173914,,,1,5.108695652173914,5.108695652173914,True,187160.0,383.29,0.61,8430888.87,5.108695652173914,282.4235577176314,2.6315789473684212,0.5783828031501974,5.802469135802469,0.61,3.4782608695652173,4.2552511512275055,4,True
6411.TWO,2025,Semiconductor,Semiconductor,210.74,2.7484088101604662,,,9.068627450980392,,,1,9.068627450980392,9.068627450980392,False,,,,26.81,9.068627450980392,,,,,,,9.068627450980392,1,True
6412.TW,2025,Electronic Parts and Components,Electronic Parts and Components,24411.05,22.108816765297604,,,7.211538461538462,,,1,7.211538461538462,7.211538461538462,True,560228.12,3556.12,55.51,11421744.45,7.211538461538462,507.39238385268794,4.656084656084656,3.220738373622196,5.1336898395721935,55.51,9.186046511627907,6.546839867205804,4,True
6414.TW,2025,Computer and Peripheral Equipment,Computer and Peripheral Equipment,331.4486,0.07807947042366666,,,9.814814814814815,,,1,9.814814814814815,9.814814814814815,True,4496.0,2.47,0.0,6283.8802,9.814814814814815,1.059124398246984,9.052631578947368,0.0005818588219906696,9.79381443298969,0.0,0.8653846153846154,7.381661360534122,4,True
6415.TW,2025,Semiconductor,Semiconductor,10040.970000000001,18.234249792807475,,,5.0,,,1,5.0,5.0,True,,1145.176,,2088296.71,5.0,,,2.079622311462746,3.4224598930481287,,,4.211229946524064,2,True
6416.TW,2025,Communications and Internet,Communications and Internet,580.5618,4.600101693618446,,,9.101123595505618,,,1,9.101123595505618,9.101123595505618,True,5040.0,1.1,0.0,1055.1779,9.101123595505618,39.934615980309026,8.481012658227847,0.00871588840840078,9.62962962962963,0.0,1.2962962962962963,7.1270155449148485,4,True
6417.TWO,2025,Communications and Internet,Communications and Internet,2955.8409,60.792389230545275,,,2.584269662921348,,,1,2.584269662921348,2.584269662921348,True,31150.0,609.61,,3282.5603,2.584269662921348,640.6579341031127,2.1518987341772156,12.537768321303323,0.3703703703703709,,,1.7021795891563114,3,True
6418.TWO,2025,Electronic Parts and Components,Electronic Parts and Components,1008.769,42.099878384767116,,,6.009615384615384,,,1,6.009615384615384,6.009615384615384,False,22043.0,16.0,57.22,404.0459,6.009615384615384,919.940659591464,3.5978835978835977,0.6677426191291306,7.86096256684492,57.22,9.30232558139535,6.692696782684813,4,True
6419.TWO,2025,Optoelectronic,Optoelectronic,211.7552,14.097981058903812,,,8.596491228070175,,,1,8.596491228070175,8.596491228070175,False,2185.563,0.5331,,49.0123,8.596491228070175,145.50776451790082,7.378640776699029,0.03549208568432616,9.711538461538462,,,8.562223488769222,3,True
6423.TWO,2025,Semiconductor,Semiconductor,354.94309999999996,42.75497285038065,,,3.7254901960784315,,,1,3.7254901960784315,3.7254901960784315,False,1575.0,2.96,,,3.7254901960784315,189.71796391970864,4.108108108108109,0.3565493163189445,5.668449197860963,,,4.500682500682501,3,False
6425.TWO,2025,Electric Machinery,Electric Machinery,819.6843,22.519331114015827,,,6.666666666666668,,,1,6.666666666666668,6.666666666666668,True,7170.16,9.96,,1.6021,6.666666666666668,196.98706829015967,5.376344086021505,0.2736328338795774,9.080459770114942,,,7.041156840934371,3,True
6426.TW,2025,Communications and Internet,Communications and Internet,6203.2603,433.61343844680215,,,0.11235955056179803,,,1,0.11235955056179803,0.11235955056179803,True,29808.0,17.5488,,1893.8349,0.11235955056179803,2083.6058375983803,0.25316455696202556,1.2266768022962444,3.5802469135802473,,,1.3152570070346903,3,True
6431.TW,2025,Biotechnology and Medical Care,Biotechnology and Medical Care,0.0,0.0,,,9.967741935483872,,,1,9.967741935483872,9.967741935483872,False,,0.0,,,9.967741935483872,,,0.0,9.885496183206108,,,9.92661905934499,2,False
6432.TWO,2025,Electronic Parts and Components,Electronic Parts and Components,1836.5399000000002,52.01396331452595,,,5.384615384615384,,,1,5.384615384615384,5.384615384615384,True,185.69,8.02,,,5.384615384615384,5.259059630490098,9.153439153439153,0.22714017037282885,8.71657754010695,,,7.751544026053829,3,False
6435.TWO,2025,Semiconductor,Semiconductor,276.9598,2.625823496176389,,,9.117647058823529,,,1,9.117647058823529,9.117647058823529,False,2455.0,2.93,0.0,195.9638,9.117647058823529,23.27556809007313,7.621621621621621,0.027778987577969153,8.823529411764707,0.0,1.2650602409638554,6.706964583293428,4,True
6438.TW,2025,Other Electronic,Other Electronic,1115.5655000000002,5.5076586380932,,,7.5,,,1,7.5,7.5,False,7542.0,118.353,,473.034,7.5,37.23560960651697,7.105263157894736,0.5843206183717983,5.679012345679013,,,6.761425167857916,3,True
6441.TWO,2025,Computer and Peripheral Equipment,Computer and Peripheral Equipment,415.9038,43.81343248942022,,,1.9444444444444442,,,1,1.9444444444444442,1.9444444444444442,False,,16.74,,,1.9444444444444442,,,1.7634771787920533,2.4742268041237114,,,2.209335624284078,2,False
6442.TW,2025,Communications and Internet,Communications and Internet,1789.4416,5.888770267732653,,,8.539325842696629,,,1,8.539325842696629,8.539325842696629,True,14450.9,75.5616,0.0,596.8454,8.539325842696629,47.555634261536,8.227848101265822,0.24866131616829945,7.283950617283951,0.0,1.2962962962962963,6.336855214385675,4,True
6443.TW,2025,Optoelectronic,Optoelectronic,29672.8713,499.96386985895646,,,0.43859649122807043,,,1,0.43859649122807043,0.43859649122807043,False,205945.0,1458.2122,,233395.8893,0.43859649122807043,3470.0065975112693,1.456310679611651,24.569695571980006,0.28846153846153855,,,0.7277895697670868,3,True
6446.TW,2025,Biotechnology and Medical Care,Biotechnology and Medical Care,5559.41,12.569363869841842,,,8.129032258064516,,,1,8.129032258064516,8.129032258064516,True,35170.0,53.72,,1556.59,8.129032258064516,79.51644640390573,7.2180451127819545,0.12145645438776845,8.396946564885496,,,7.914674645243989,3,True
6449.TW,2025,Electronic Parts and Components,Electronic Parts and Components,31673.6013,241.2798493981604,,,1.875,,,1,1.875,1.875,True,5995.0,3.3111,,1771.2877,1.875,45.66808439121104,7.883597883597884,0.02522295149753776,9.83957219251337,,,6.532723358703751,3,True
6451.TW,2025,Semiconductor,Semiconductor,44869.86,193.36988793025603,,,1.8627450980392157,,,1,1.8627450980392157,1.8627450980392157,False,770636.5,1051.995,3.7864,12951.09,1.8627450980392157,3321.113407529347,1.4054054054054055,4.53364809369117,2.0320855614973263,3.7864,5.903614457831326,2.800962630693318,4,True
6456.TW,2025,Optoelectronic,Optoelectronic,16035.92,7.492749025304573,,,9.035087719298247,,,1,9.035087719298247,9.035087719298247,True,1533726.0,12533.73,86.45,385420.59,9.035087719298247,716.6301647541446,4.951456310679612,5.856358303167557,2.7884615384615383,86.45,10.0,6.693751392109849,4,True
6461.TWO,2025,Biotechnology and Medical Care,Biotechnology and Medical Care,8171.16,1804.4976294486657,,,0.12903225806451646,,,1,0.12903225806451646,0.12903225806451646,False,36362.0,32.3513,,,0.12903225806451646,8030.089094083629,0.3007518796992481,7.144376582955495,1.9083969465648853,,,0.7793936947762167,3,False
6462.TWO,2025,Semiconductor,Semiconductor,369.0431,2.4263487797762133,,,9.215686274509805,,,1,9.215686274509805,9.215686274509805,False,3.1,0.6759,,,9.215686274509805,0.02038157932584639,9.891891891891891,0.004443841763335346,9.518716577540108,,,9.5420982479806,3,False
6464.TW,2025,Other,Other,11167.2935,81.9897313625699,,,3.5164835164835164,,,1,3.5164835164835164,3.5164835164835164,True,18.3353,359.796,0.5919,2608.0732,3.5164835164835164,0.1346168900684958,9.857142857142858,2.6416049139683846,5.492957746478872,0.5919,4.666666666666667,5.883312696692978,4,True
6465.TWO,2025,Communications and Internet,Communications and Internet,74.6943,12.996952791099801,,,6.5168539325842705,,,1,6.5168539325842705,6.5168539325842705,False,615.0,,,,6.5168539325842705,107.0111904994943,6.20253164556962,,,,,6.359692789076945,2,False
6469.TWO,2025,Biotechnology and Medical Care,Biotechnology and Medical Care,12128.0,20.629896062737643,,,7.354838709677419,,,1,7.354838709677419,7.354838709677419,False,,,,,7.354838709677419,,,,,,,7.354838709677419,1,False
6470.TWO,2025,Communications and Internet,Communications and Internet,568.7003,8.4864749441744,,,7.640449438202247,,,1,7.640449438202247,7.640449438202247,False,,147.413,,0.9379,7.640449438202247,,,2.199782083718931,2.2222222222222223,,,4.931335830212235,2,True
6472.TW,2025,Biotechnology and Medical Care,Biotechnology and Medical Care,41063.926699999996,66.48464745741992,,,4.387096774193548,,,1,4.387096774193548,4.387096774193548,True,390840.0,1241.75,,,4.387096774193548,632.7904246005291,4.2105263157894735,2.010458268723025,3.969465648854962,,,4.189029579612661,3,False
6474.TWO,2025,Electronic Products Distribution,Electronic Products Distribution,720.2411,5.945271306011523,,,2.972972972972973,,,1,2.972972972972973,2.972972972972973,False,7784.3866,54.03,0.0,,2.972972972972973,64.25666389752071,1.9354838709677424,0.4459937216354393,1.7241379310344829,0.0,1.6666666666666665,2.0748153604104664,4,False
6477.TW,2025,Optoelectronic,Optoelectronic,1417.9171,55.869045820442956,,,5.964912280701755,,,1,5.964912280701755,5.964912280701755,False,18521.0,63.07,,,5.964912280701755,729.7680503609303,4.757281553398059,2.4850964276369454,5.288461538461538,,,5.336885124187117,3,False
6482.TWO,2025,Cultural and Creative,Cultural and Creative,48.1083,2.8864943918820103,,,8.4,,,1,8.4,8.4,False,4748.27,22.94,0.0,,8.4,284.89584388019523,1.5000000000000002,1.3763982795021508,3.8888888888888884,0.0,0.0,3.447222222222222,4,False
6485.TWO,2025,Semiconductor,Semiconductor,540.0447,12.314618444104065,,,5.784313725490195,,,1,5.784313725490195,5.784313725490195,False,1.9337,107.8056,,,5.784313725490195,0.04409408644388886,9.72972972972973,2.4582869346513445,3.20855614973262,,,6.240866534984182,3,False
6486.TWO,2025,Communications and Internet,Communications and Internet,751.8394999999999,13.72204251353376,,,6.067415730337078,,,1,6.067415730337078,6.067415730337078,True,5590.0,16.8,,311.5862,6.067415730337078,102.02472422725026,6.582278481012658,0.30662171145220113,6.91358024691358,,,6.521091486087772,3,True
6488.TWO,2025,Semiconductor,Semiconductor,541905.8765,287.6334395990426,,,1.2254901960784315,,,1,1.2254901960784315,1.2254901960784315,True,24889622.0161,29828.0067,7.83,968746.7903,1.2254901960784315,13210.942898514408,0.0,15.83214453941115,0.267379679144385,7.83,7.710843373493976,2.300928312179198,4,True
6491.TW,2025,Biotechnology and Medical Care,Biotechnology and Medical Care,45549.048,216.58502001551315,,,1.8709677419354842,,,1,1.8709677419354842,1.8709677419354842,True,330824.6355,4110.687,0.7836,25125.7519,1.8709677419354842,1573.0660342537199,2.406015037593985,19.546253220759073,1.145038167938931,0.7836,6.25,2.9180052368671,4,True
6492.TWO,2025,Biotechnology and Medical Care,Biotechnology and Medical Care,38.8238,1243.6052052052053,,,0.1935483870967747,,,1,0.1935483870967747,0.1935483870967747,False,1263.885,2.7273,,28.9011,0.1935483870967747,40484.80480480481,0.07518796992481258,87.36096096096097,0.07633587786259555,,,0.1150240782947276,3,True
6494.TWO,2025,Semiconductor,Semiconductor,253.3998,7.132563236149795,,,7.107843137254902,,,1,7.107843137254902,7.107843137254902,False,235.0,41.8957,,22458.0092,7.107843137254902,6.614655419993236,8.81081081081081,1.1792579535294068,4.064171122994652,,,6.660941690353455,3,True
6496.TWO,2025,Biotechnology and Medical Care,Biotechnology and Medical Care,360.0065,14.018432932987748,,,7.741935483870968,,,1,7.741935483870968,7.741935483870968,False,10598.0,14.14,,,7.741935483870968,412.6796383504302,5.037593984962406,0.5506029520923837,7.099236641221374,,,6.626255370018249,3,False
6498.TWO,2025,Optoelectronic,Optoelectronic,26.9749,0.7244470741276935,,,9.912280701754385,,,1,9.912280701754385,9.912280701754385,False,,0.1837,,,9.912280701754385,,,0.004933509578061727,10.0,,,9.956140350877192,2,False
6499.TWO,2025,Biotechnology and Medical Care,Biotechnology and Medical Care,690.8438,55.240919307583226,,,4.774193548387097,,,1,4.774193548387097,4.774193548387097,False,,,0.0,,4.774193548387097,,,,,0.0,2.5,3.6370967741935485,2,False
6504.TW,2025,Other,Other,20138.673300000002,99.32727503081834,,,2.8571428571428568,,,1,2.8571428571428568,2.8571428571428568,True,,,,,2.8571428571428568,,,,,,,2.8571428571428568,1,False
6505.TW,2025,"Oil, Gas and Electricity","Oil, Gas and Electricity",24513895.0477,1216.620958506632,,,1.8181818181818177,,,1,1.8181818181818177,1.8181818181818177,True,43116117.0,1448506.0,0.0082,59036436.5081,1.8181818181818177,2139.8464621617013,1.9999999999999996,71.88913694431243,1.8181818181818177,0.0082,6.666666666666666,3.0757575757575752,4,True
6506.TWO,2025,Textiles,Textiles,17630.353799999997,290.4778565536927,,,4.313725490196079,,,1,4.313725490196079,4.313725490196079,False,125868.0152,13972.448,30.03,45351.364,4.313725490196079,2073.8024703715027,4.4186046511627906,230.21017002210874,0.0,30.03,8.636363636363637,4.342173444430626,4,True
6508.TWO,2025,Agricultural Technology,_all,4019.1392,74.34873370816265,,,6.666666666666668,,,1,6.666666666666668,6.666666666666668,False,66.28,345.54,,,6.666666666666668,1.2260919129591283,6.666666666666668,6.392030772539186,0.0,,,4.4444444444444455,3,False
6509.TWO,2025,Chemical,Chemical,10199.6664,64.68055298925483,,,6.585365853658535,,,1,6.585365853658535,6.585365853658535,True,222180.0,837.892,1.9607,41068.0513,6.585365853658535,1408.9407142916593,2.75,5.3134402420526925,5.853658536585367,1.9607,7.391304347826086,5.645082184517497,4,True
6510.TWO,2025,Semiconductor,Semiconductor,17920.2592,119.76965277140324,,,2.696078431372549,,,1,2.696078431372549,2.696078431372549,True,244770.0,878.18,,8048.3215,2.696078431372549,1635.9148370385387,2.1621621621621623,5.869296448055333,1.6577540106951871,,,2.1719982014099664,3,True
6512.TWO,2025,Other Electronic,Other Electronic,75.189,12.114130352692394,,,5.869565217391304,,,1,5.869565217391304,5.869565217391304,False,423.646,2.1729,,6090.618,5.869565217391304,68.2560330287239,5.7894736842105265,0.3500883619062004,6.666666666666668,,,6.1085685227561655,3,True
6515.TW,2025,Semiconductor,Semiconductor,6843.9752,29.451706794641552,,,4.362745098039216,,,1,4.362745098039216,4.362745098039216,True,24778.0,917.42,,1849.2396,4.362745098039216,106.62726991728847,4.864864864864865,3.9479372817628056,2.3529411764705888,,,3.86018371312489,3,True
6516.TWO,2025,Information Service,Information Service,146.4529,9.298679849324051,,,3.8636363636363633,,,1,3.8636363636363633,3.8636363636363633,False,1060.78,0.0,,71.0424,3.8636363636363633,67.3517124656867,4.705882352941177,0.0,10.0,,,6.189839572192514,3,True
6517.TWO,2025,Optoelectronic,Optoelectronic,1655.4243,110.12347797887068,,,4.12280701754386,,,1,4.12280701754386,4.12280701754386,False,15750.0,30.77,,1353.1413,4.12280701754386,1047.73427463111,3.592233009708737,2.046906897168207,5.480769230769232,,,4.3986030860072765,3,True
6523.TWO,2025,Biotechnology and Medical Care,Biotechnology and Medical Care,66.4546,1.7447647553035075,,,9.483870967741936,,,1,9.483870967741936,9.483870967741936,False,854.0,4.33,,,9.483870967741936,22.42176013442554,8.345864661654135,0.113684099978996,8.473282442748092,,,8.76767269071472,3,False
6525.TW,2025,Semiconductor,Semiconductor,32388.727,195.54773394251956,,,1.8137254901960786,,,1,1.8137254901960786,1.8137254901960786,True,259677.0,1953.6512,5.27,4260.4738,1.8137254901960786,1567.806258856412,2.3243243243243237,11.795217054195557,0.6951871657754005,5.27,6.626506024096386,2.864935751098047,4,True
6526.TW,2025,Semiconductor,Semiconductor,4126.8125,6.051269453532445,,,7.598039215686274,,,1,7.598039215686274,7.598039215686274,True,15145.0,33.11,0.0,77154.3486,7.598039215686274,22.20756961304854,7.72972972972973,0.04855019015437684,8.288770053475936,0.0,1.2650602409638554,6.220399809963949,4,True
6527.TWO,2025,Biotechnology and Medical Care,Biotechnology and Medical Care,151.67,5.346861771421175,,,8.709677419354838,,,1,8.709677419354838,8.709677419354838,False,1633.0,19.74,,,8.709677419354838,57.568571719725576,7.518796992481203,0.6958993299126656,6.641221374045801,,,7.6232319286272805,3,False
6530.TWO,2025,Communications and Internet,Communications and Internet,199.1607,19.6709211452276,,,4.943820224719101,,,1,4.943820224719101,4.943820224719101,False,1312.7387,1.29,,5520.1405,4.943820224719101,129.65800708668223,5.443037974683545,0.12741212637505092,7.901234567901234,,,6.096030922434626,3,True
6531.TW,2025,Semiconductor,Semiconductor,417.67199999999997,2.8235177803614153,,,8.970588235294118,,,1,8.970588235294118,8.970588235294118,True,3.583,4.655,5.4,40897.3717,8.970588235294118,0.02422155233540901,9.837837837837837,0.031468413653734005,8.770053475935828,5.4,6.867469879518072,8.611487357146464,4,True
6532.TWO,2025,Semiconductor,Semiconductor,1678.108,78.0169488816731,,,3.1372549019607843,,,1,3.1372549019607843,3.1372549019607843,False,31358.0,48.556,,,3.1372549019607843,1457.8653358612826,2.432432432432432,2.257417859815053,3.3689839572192515,,,2.979557097204156,3,False
6533.TW,2025,Semiconductor,Semiconductor,272.2126,7.234901401373342,,,6.96078431372549,,,1,6.96078431372549,6.96078431372549,True,864.0,43.138,0.17,107.8805,6.96078431372549,22.963502831193587,7.675675675675675,1.146527297606515,4.117647058823529,0.17,3.0120481927710845,5.441538810248945,4,True
6534.TW,2025,Biotechnology and Medical Care,Biotechnology and Medical Care,3501.0314,53.93715755481494,,,4.903225806451613,,,1,4.903225806451613,4.903225806451613,True,26374.0,89.7649,11.912,491.6515,4.903225806451613,406.3198614415995,5.112781954887218,1.382924915838289,4.427480916030534,11.912,8.75,5.798372169342342,4,True
6535.TWO,2025,Biotechnology and Medical Care,Biotechnology and Medical Care,45.586400000000005,52.53402477672141,,,5.096774193548388,,,1,5.096774193548388,5.096774193548388,False,645.0509,3.6823,,64.3275,5.096774193548388,743.3602996254681,3.9097744360902253,4.243503313166235,2.3664122137404577,,,3.7909869477930243,3,True
6538.TWO,2025,Electronic Parts and Components,Electronic Parts and Components,4463.18,93.19387702501041,,,3.798076923076923,,,1,3.798076923076923,3.798076923076923,True,8860.0,49.2,,700.49,3.798076923076923,185.00211742336006,6.507936507936508,1.027325527903986,7.005347593582888,,,5.77045367486544,3,True
6541.TW,2025,Biotechnology and Medical Care,Biotechnology and Medical Care,1924.2625,299.29667488103746,,,1.548387096774193,,,1,1.548387096774193,1.548387096774193,True,27911.0,145.94,,458.4799,1.548387096774193,4341.231766770197,0.8270676691729328,22.69927139989404,0.8396946564885499,,,1.0717164741452252,3,True
6542.TWO,2025,Cultural and Creative,Cultural and Creative,125.468,4.81795867330745,,,8.0,,,1,8.0,8.0,False,717.32,14.08,,,8.0,27.545016382957407,6.0,0.5406705942564549,6.111111111111112,,,6.703703703703703,3,False
6546.TWO,2025,Communications and Internet,Communications and Internet,301.95,4.100388739971979,,,9.213483146067416,,,1,9.213483146067416,9.213483146067416,True,640.0,,,,9.213483146067416,8.691004449683943,9.493670886075948,,,,,9.353577016071682,2,False
6547.TWO,2025,Biotechnology and Medical Care,Biotechnology and Medical Care,4954.74,292.025118867054,,,1.6129032258064513,,,1,1.6129032258064513,1.6129032258064513,False,56396.0,20.48,,,1.6129032258064513,3323.89764218231,1.2030075187969924,1.2070612049062648,5.038167938931297,,,2.6180262278449136,3,False
6548.TWO,2025,Semiconductor,Semiconductor,47984.4638,117.30496274323355,,,2.7450980392156863,,,1,2.7450980392156863,2.7450980392156863,True,1906000.0,20126.0,1.3,80891.5278,2.7450980392156863,4659.492704149028,1.0270270270270265,49.20091823908884,0.0,1.3,4.9397590361445785,2.1779710255968228,4,True
6550.TW,2025,Biotechnology and Medical Care,Biotechnology and Medical Care,7606.9053,7522.395883743569,,,0.0,,,1,0.0,0.0,False,63454.0,,,,0.0,62749.05360095181,0.0,,,,,0.0,2,False
6552.TW,2025,Semiconductor,Semiconductor,17428.2704,356.5174175875984,,,0.7352941176470584,,,1,0.7352941176470584,0.7352941176470584,True,477460.0,1216.97,,733.3152,0.7352941176470584,9767.051020815854,0.16216216216216162,24.894667785368974,0.10695187165775444,,,0.3348027171556582,3,True
6556.TWO,2025,Optoelectronic,Optoelectronic,1140.221,25.63486115033815,,,7.192982456140351,,,1,7.192982456140351,7.192982456140351,False,6.385,5.945,,1839.273,7.192982456140351,0.14354988063270988,9.902912621359224,0.13365764140351766,9.230769230769232,,,8.775554769422937,3,True
6558.TW,2025,Other Electronic,Other Electronic,5776.349999999999,165.2722398140585,,,0.5434782608695654,,,1,0.5434782608695654,0.5434782608695654,True,55891.0,148.56,6.34,14737.32,0.5434782608695654,1599.146650644013,0.5263157894736847,4.250581067071167,1.4814814814814814,6.34,5.869565217391305,2.105210187304009,4,True
6560.TWO,2025,Optoelectronic,Optoelectronic,63.4187,13.583520915117989,,,8.68421052631579,,,1,8.68421052631579,8.68421052631579,False,,,,,8.68421052631579,,,,,,,8.68421052631579,1,False
6561.TWO,2025,Communications and Internet,Communications and Internet,38983.240600000005,308.6756080529686,,,0.449438202247191,,,1,0.449438202247191,0.449438202247191,True,125057.0,43.87,,8861.1552,0.449438202247191,990.2215650147896,1.0126582278481011,0.3473697598471003,6.5432098765432105,,,2.6684354355461672,3,True
6568.TWO,2025,Semiconductor,Semiconductor,175.8426,5.132922021857251,,,7.9411764705882355,,,1,7.9411764705882355,7.9411764705882355,False,598.48,9.7641,,,7.9411764705882355,17.469891662436336,8.0,0.28501832840060587,6.096256684491978,,,7.345811051693405,3,False
6569.TWO,2025,Biotechnology and Medical Care,Biotechnology and Medical Care,202.5376,4.949054967073513,,,8.838709677419356,,,1,8.838709677419356,8.838709677419356,False,,55.9401,,14099.6664,8.838709677419356,,,1.36690979730968,4.5038167938931295,,,6.671263235656243,2,True
6570.TWO,2025,Computer and Peripheral Equipment,Computer and Peripheral Equipment,639.943,22.87242739060773,,,3.055555555555556,,,1,3.055555555555556,3.055555555555556,True,4726.0221,0.254,,1113.763,3.055555555555556,168.9144147660924,3.68421052631579,0.009078303157022365,9.278350515463918,,,5.339372199111755,3,True
6573.TW,2025,Semiconductor,Semiconductor,7365.219,271.179994856846,,,1.3235294117647056,,,1,1.3235294117647056,1.3235294117647056,False,189.98,366.48,,5446.877,1.3235294117647056,6.994873529613119,8.756756756756756,13.493426945639625,0.42780748663101553,,,3.5026978850508255,3,True
6574.TWO,2025,Biotechnology and Medical Care,Biotechnology and Medical Care,41.2808,2.220186776719214,,,9.419354838709676,,,1,9.419354838709676,9.419354838709676,False,2078.0,0.7264,,449.88,9.419354838709676,111.76014326327315,6.766917293233083,0.039067645845255836,9.16030534351145,,,8.448859158484735,3,True
6576.TWO,2025,Biotechnology and Medical Care,Biotechnology and Medical Care,235.223,13.463432782428274,,,7.935483870967742,,,1,7.935483870967742,7.935483870967742,False,721.0,5.906,,,7.935483870967742,41.26779709522787,8.045112781954888,0.33804106746798307,7.557251908396947,,,7.845949520439859,3,False
6577.TWO,2025,Computer and Peripheral Equipment,Computer and Peripheral Equipment,570.2101,8.883826973318415,,,5.7407407407407405,,,1,5.7407407407407405,5.7407407407407405,True,,13.361,0.0,1223.65,5.7407407407407405,,,0.20816329312740578,6.907216494845361,0.0,0.8653846153846154,4.504447283656906,3,True
6578.TWO,2025,Agricultural Technology,_all,2373.5658,250.9643369051277,,,0.0,,,1,0.0,0.0,False,10157.0,7.55,,,0.0,1073.9305267818495,0.0,0.7982844813628989,6.666666666666668,,,2.2222222222222228,3,False
6579.TW,2025,Computer and Peripheral Equipment,Computer and Peripheral Equipment,1601.4265,6.154001197039872,,,6.666666666666668,,,1,6.666666666666668,6.666666666666668,True,9783.1119,39.675,,170517.6946,6.666666666666668,37.59478336556502,6.7368421052631575,0.1524640671879458,7.216494845360825,,,6.873334539096883,3,True
6581.TW,2025,Green Energy and Environmental Services,Green Energy and Environmental Services,83763.67629999999,1181.1110552671923,,,0.45454545454545414,,,1,0.45454545454545414,0.45454545454545414,True,84074.0,87033.21,9.6879,58410.7935,0.45454545454545414,1185.486779554516,2.195121951219512,1227.2131674143245,0.5405405405405406,9.6879,7.058823529411765,2.562257868929318,4,True
6582.TW,2025,Rubber,Rubber,11104.5075,359.56826823104416,,,1.9999999999999996,,,1,1.9999999999999996,1.9999999999999996,True,90967.1429,580.015,0.0,,1.9999999999999996,2945.551438321684,1.9999999999999996,18.781111102678718,0.9999999999999998,0.0,0.0,1.2499999999999998,4,False
6584.TWO,2025,Electronic Parts and Components,Electronic Parts and Components,4335.6311000000005,61.04050965278145,,,4.903846153846154,,,1,4.903846153846154,4.903846153846154,False,93636.0,249.17,,,4.903846153846154,1318.2830895940024,3.1746031746031744,3.508016120233004,4.919786096256685,,,4.3327451415686715,3,False
6585.TW,2025,Other,Other,21141.5752,236.99030113930638,,,1.3186813186813184,,,1,1.3186813186813184,1.3186813186813184,True,90064.0,404.88,0.0,80023.891,1.3186813186813184,1009.5886555231936,2.428571428571429,4.538575400251272,3.943661971830986,0.0,1.3333333333333333,2.2560620131042666,4,True
6588.TWO,2025,Communications and Internet,Communications and Internet,2323.1293,473.89645948874863,,,0.0,,,1,0.0,0.0,False,18532.17,0.47,,,0.0,3780.3878370625353,0.12658227848101222,0.09587556575508382,8.395061728395062,,,2.8405480022920244,3,False
6589.TW,2025,Biotechnology and Medical Care,Biotechnology and Medical Care,14401.3379,549.0459459201861,,,0.6451612903225812,,,1,0.6451612903225812,0.6451612903225812,True,154537.7889,71.1331,,3431.0946,0.6451612903225812,5891.69888771338,0.6015037593984962,2.711924436946597,3.129770992366412,,,1.458812014029163,3,True
6590.TWO,2025,Information Service,Information Service,93.817,4.55602373207252,,,6.818181818181818,,,1,6.818181818181818,6.818181818181818,False,1042.0,,,,6.818181818181818,50.60252117227758,5.588235294117647,,,,,6.2032085561497325,2,False
6591.TW,2025,Computer and Peripheral Equipment,Computer and Peripheral Equipment,2772.5087,48.75605857523066,,,1.8518518518518523,,,1,1.8518518518518523,1.8518518518518523,True,61867.0,56.0,20.03,14862.6109,1.8518518518518523,1087.9645123832418,0.8421052631578951,0.9847901578137219,3.8144329896907214,20.03,5.961538461538462,3.1174821415597327,4,True
6592.TW,2025,Other,Other,2300.8886,3.0682677922527284,,,9.56043956043956,,,1,9.56043956043956,9.56043956043956,True,8615.0,0.0,11.19,423.2622,9.56043956043956,11.48822547526084,8.571428571428573,0.0,10.0,11.19,6.666666666666666,8.699633699633699,4,True
6593.TWO,2025,Information Service,Information Service,1003.6133,75.14246279508606,,,0.45454545454545414,,,1,0.45454545454545414,0.45454545454545414,True,,37.17,,241.7442,0.45454545454545414,,,2.782989565894901,1.1111111111111116,,,0.7828282828282829,2,True
6596.TWO,2025,Cultural and Creative,Cultural and Creative,36.0874,0.3130392117397078,,,10.0,,,1,10.0,10.0,False,,,,,10.0,,,,,,,10.0,1,False
6597.TWO,2025,Electronic Parts and Components,Electronic Parts and Components,3966.9851,169.76086260837934,,,2.6923076923076925,,,1,2.6923076923076925,2.6923076923076925,False,116300.0,483.332,,1491.5613,2.6923076923076925,4976.874836599341,0.8994708994709,20.683429651962445,1.4438502673796794,,,1.6785429530527571,3,True
6598.TW,2025,Biotechnology and Medical Care,Biotechnology and Medical Care,192.0262,13.045825915912186,,,8.0,,,1,8.0,8.0,False,,0.725,,,8.0,,,0.049254860998323845,8.931297709923665,,,8.465648854961833,2,False
6603.TWO,2025,Electric Machinery,Electric Machinery,2347.8765,16.341370249511762,,,7.575757575757576,,,1,7.575757575757576,7.575757575757576,False,40.84,41.0,,463.2935,7.575757575757576,0.2842490058527612,9.67741935483871,0.28536261606178276,8.96551724137931,,,8.739564723991865,3,True
6605.TW,2025,Automobile,Automobile,27857.848400000003,46.58005534943906,,,4.761904761904762,,,1,4.761904761904762,4.761904761904762,True,,1459.119,,17152.6067,4.761904761904762,,,2.4397377286832445,5.526315789473683,,,5.144110275689222,2,True
6606.TW,2025,Electric Machinery,Electric Machinery,204.99720000000002,8.309832274638643,,,8.484848484848484,,,1,8.484848484848484,8.484848484848484,False,4611.0,13.32,,48.7237,8.484848484848484,186.91297548629336,5.591397849462365,0.5399437938576074,8.160919540229886,,,7.412388624846912,3,True
6609.TWO,2025,Electric Machinery,Electric Machinery,2087.179,29.42658589853228,,,6.0606060606060606,,,1,6.0606060606060606,6.0606060606060606,False,38.41,63.5,,,6.0606060606060606,0.5415324533078498,9.35483870967742,0.8952697418653598,7.126436781609195,,,7.5139605172975585,3,False
6612.TWO,2025,Biotechnology and Medical Care,Biotechnology and Medical Care,508.9528,14.49903416865415,,,7.677419354838709,,,1,7.677419354838709,7.677419354838709,False,2144.0,5.27,,,7.677419354838709,61.07821640355352,7.443609022556391,0.15013162334268984,8.3206106870229,,,7.813879688139333,3,False
6613.TWO,2025,Other Electronic,Other Electronic,1229.7803,4.711169021594561,,,8.152173913043478,,,1,8.152173913043478,8.152173913043478,True,4822.63,7.7,,22706.7842,8.152173913043478,18.47502766031671,8.289473684210527,0.02949795298093336,9.506172839506172,,,8.649273478920058,3,True
6614.TW,2025,Digital and Cloud Services,Digital and Cloud Services,450.8902,3.7006010965751743,,,6.052631578947368,,,1,6.052631578947368,6.052631578947368,True,9898.4666,18.1894,0.0,29354.6393,6.052631578947368,81.2399035383176,3.7037037037037033,0.14928626434117323,6.5,0.0,0.0,4.064083820662768,4,True
6615.TWO,2025,Biotechnology and Medical Care,Biotechnology and Medical Care,386.2316,31.690066639487807,,,6.387096774193548,,,1,6.387096774193548,6.387096774193548,False,2509.0,9.041,0.0,7.0203,6.387096774193548,205.8619160070665,6.165413533834587,0.7418085223674326,6.259541984732824,0.0,2.5,5.32801307319024,4,True
6616.TWO,2025,Household,Household,2730.0624000000003,85.44595666768387,,,1.7647058823529416,,,1,1.7647058823529416,1.7647058823529416,False,,,,,1.7647058823529416,,,,,,,1.7647058823529416,1,False
6617.TWO,2025,Biotechnology and Medical Care,Biotechnology and Medical Care,183.87900000000002,167.0037890076206,,,2.2580645161290325,,,1,2.2580645161290325,2.2580645161290325,False,1.86,0.472,,42.917,2.2580645161290325,1.6893013751117545,9.32330827067669,0.42868292959825166,7.32824427480916,,,6.303205687204961,3,True
6620.TWO,2025,Biotechnology and Medical Care,Biotechnology and Medical Care,87.628,1.3938337890228412,,,9.548387096774194,,,1,9.548387096774194,9.548387096774194,False,478.1,3.0865,0.0,,9.548387096774194,7.604783111925645,8.721804511278195,0.049094672819407034,9.007633587786259,0.0,2.5,7.444456298959662,4,False
6624.TWO,2025,Green Energy and Environmental Services,Green Energy and Environmental Services,125.3567,8.55927265433798,,,7.272727272727273,,,1,7.272727272727273,7.272727272727273,False,1360.0,3.6,,,7.272727272727273,92.85990146437845,6.341463414634147,0.24580562152335472,8.64864864864865,,,7.420946445336689,3,False
6625.TW,2025,Other,Other,464.8972,3.9371187785457917,,,9.230769230769232,,,1,9.230769230769232,9.230769230769232,False,3716.0,36.81,,,9.230769230769232,31.470039787454436,7.857142857142857,0.31173631985365924,7.746478873239436,,,8.278130320383841,3,False
6629.TWO,2025,Household,Household,8984.498800000001,198.28098725329446,,,0.2941176470588236,,,1,0.2941176470588236,0.2941176470588236,False,428498.85,2173.6784,13.52,1214.9583,0.2941176470588236,9456.640476695407,0.0,47.971412620497134,0.0,13.52,8.333333333333334,2.1568627450980395,4,True
6637.TWO,2025,Biotechnology and Medical Care,Biotechnology and Medical Care,98.6,2.424370952114217,,,9.35483870967742,,,1,9.35483870967742,9.35483870967742,False,373.0,,,,9.35483870967742,9.171301877673459,8.571428571428573,,,,,8.963133640552996,2,False
6640.TWO,2025,Semiconductor,Semiconductor,682.2330000000001,8.317719504284788,,,6.764705882352942,,,1,6.764705882352942,6.764705882352942,True,4049.1313,6.0575,,33135.5982,6.764705882352942,49.36662165186969,6.324324324324325,0.07385246081207608,7.754010695187166,,,6.947680300621478,3,True
6641.TW,2025,Green Energy and Environmental Services,Green Energy and Environmental Services,611.8389,11.57309362966457,,,6.363636363636363,,,1,6.363636363636363,6.363636363636363,True,5316.0,27.71,,658.5972,6.363636363636363,100.55353743493076,6.097560975609756,0.5241419342215823,7.027027027027026,,,6.496074788757714,3,True
6642.TWO,2025,Electronic Parts and Components,Electronic Parts and Components,421.8027,24.68746512297837,,,6.875,,,1,6.875,6.875,False,10655.0,42.75,,220.5237,6.875,623.6208086987933,4.232804232804233,2.5020919354174955,5.882352941176471,,,5.663385724660235,3,True
6643.TWO,2025,Semiconductor,Semiconductor,1601.5333999999998,30.68857050041243,,,4.313725490196079,,,1,4.313725490196079,4.313725490196079,False,5360.0,4.234,,349.5924,4.313725490196079,102.7082781303285,5.027027027027026,0.0811318749260841,7.647058823529411,,,5.662603780250838,3,True
6645.TW,2025,Biotechnology and Medical Care,Biotechnology and Medical Care,274.12829999999997,17.660203416036527,,,7.483870967741936,,,1,7.483870967741936,7.483870967741936,True,,0.0,,,7.483870967741936,,,0.0,9.885496183206108,,,8.684683575474022,2,False
6649.TWO,2025,Biotechnology and Medical Care,Biotechnology and Medical Care,570.1734,86.47527886194467,,,3.4838709677419355,,,1,3.4838709677419355,3.4838709677419355,False,5154.0,7.38,,,3.4838709677419355,781.6807786095649,3.68421052631579,1.1192867959135795,5.419847328244275,,,4.1959762741006665,3,False
6651.TWO,2025,Semiconductor,Semiconductor,329.3675,6.813047088341829,,,7.254901960784314,,,1,7.254901960784314,7.254901960784314,True,853.4971,1.7134,,343.7415,7.254901960784314,17.65479572836784,7.945945945945946,0.03544209699246249,8.609625668449198,,,7.936824525059819,3,True
6654.TWO,2025,Other Electronic,Other Electronic,848.6626,88.97932950643495,,,1.5217391304347827,,,1,1.5217391304347827,1.5217391304347827,False,4587.27,36.0,,290.3567,1.5217391304347827,480.95934575764727,1.7105263157894735,3.7744751120547297,1.728395061728395,,,1.6535535026508839,3,True
6655.TW,2025,Other,Other,3933.2970000000005,51.046156710039405,,,4.945054945054945,,,1,4.945054945054945,4.945054945054945,False,61401.0,528.13,,,4.945054945054945,796.85949679191,2.8571428571428568,6.854048078055918,3.380281690140845,,,3.7274931641128823,3,False
6657.TW,2025,Biotechnology and Medical Care,Biotechnology and Medical Care,66.709,348.20781339205615,,,1.1612903225806448,,,1,1.1612903225806448,1.1612903225806448,True,2827.0,9.8777,,44.1183,1.1612903225806448,14756.382024304707,0.15037593984962405,51.5596444009461,0.22900763358778664,,,0.5135579653393518,3,True
6658.TW,2025,Other Electronic,Other Electronic,96.39150000000001,1.4747957800520681,,,9.23913043478261,,,1,9.23913043478261,9.23913043478261,False,1401.0,6.22,,50.9894,9.23913043478261,21.43538473675529,8.026315789473683,0.09516637620458093,8.88888888888889,,,8.718111704381728,3,True
6661.TWO,2025,Biotechnology and Medical Care,Biotechnology and Medical Care,293.0443,25.17015361242857,,,7.096774193548388,,,1,7.096774193548388,7.096774193548388,False,2484.0233,32.2712,,,7.096774193548388,213.35766652977634,6.090225563909774,2.7718370951334146,2.977099236641222,,,5.388032998033128,3,False
6662.TWO,2025,Biotechnology and Medical Care,Biotechnology and Medical Care,1271.1109999999999,157.29229674572744,,,2.451612903225806,,,1,2.451612903225806,2.451612903225806,False,20834.3841,135.36,,365.9545,2.451612903225806,2578.128996107866,1.578947368421053,16.74998114838253,1.2213740458015265,,,1.7506447724827954,3,True
6664.TWO,2025,Electronic Parts and Components,Electronic Parts and Components,754.6012000000001,9.899772668664887,,,8.173076923076923,,,1,8.173076923076923,8.173076923076923,True,9068.5911,57.289,,405.2102,8.173076923076923,118.97276377916924,6.878306878306879,0.7515865021353567,7.593582887700535,,,7.548322229694779,3,True
6666.TW,2025,Biotechnology and Medical Care,Biotechnology and Medical Care,0.0,0.0,,,9.967741935483872,,,1,9.967741935483872,9.967741935483872,False,14554.0,305.4263,,,9.967741935483872,413.9865162466827,4.962406015037594,8.687808843418592,1.6030534351145043,,,5.511067128545323,3,False
6667.TWO,2025,Other Electronic,Other Electronic,860.1587,4.534556251483714,,,8.369565217391305,,,1,8.369565217391305,8.369565217391305,False,72458.8,23.397,9.1179,,8.369565217391305,381.9859108732007,1.9736842105263153,0.12334353255505577,8.641975308641976,9.1179,7.391304347826086,6.59413227109642,4,False
6668.TW,2025,Optoelectronic,Optoelectronic,3859.6279999999997,117.18230236270524,,,3.947368421052632,,,1,3.947368421052632,3.947368421052632,False,,39.9636,,1205.4505,3.947368421052632,,,1.2133362745586382,6.826923076923077,,,5.387145748987854,2,True
6669.TW,2025,Computer and Peripheral Equipment,Computer and Peripheral Equipment,18361.6989,0.6849308925518468,,,9.166666666666666,,,1,9.166666666666666,9.166666666666666,True,405869.1601,18233.2644,80.897,20961286.8,9.166666666666666,15.139793305648935,7.578947368421053,0.6801400092464109,4.742268041237113,80.897,9.423076923076923,7.727739749850439,4,True
6670.TW,2025,Sports and Leisure,Sports and Leisure,20699.9784,23.5032841403122,,,6.153846153846154,,,1,6.153846153846154,6.153846153846154,True,124389.3,6070.66,0.5448,111519.1018,6.153846153846154,141.23478804763081,6.799999999999999,6.892782404991671,4.166666666666666,0.5448,1.3333333333333333,4.6134615384615385,4,True
6671.TW,2025,Household,Household,8280.5095,138.94561470710923,,,1.1764705882352944,,,1,1.1764705882352944,1.1764705882352944,False,46419.34,721.26,,0.0146,1.1764705882352944,778.9090430484142,1.25,12.102626542925842,1.5000000000000002,,,1.3088235294117647,3,True
6672.TW,2025,Electronic Parts and Components,Electronic Parts and Components,22505.45,170.2792352436165,,,2.6442307692307687,,,1,2.6442307692307687,2.6442307692307687,False,146830.0,1723.61,0.9,3939.44,2.6442307692307687,1110.9353561390778,3.386243386243386,13.041063060647524,2.2459893048128343,0.9,2.7906976744186047,2.7667902836763982,4,True
6674.TW,2025,Communications and Internet,Communications and Internet,325.085,17.28458692746276,,,5.168539325842696,,,1,5.168539325842696,5.168539325842696,False,2153.62,11.0,,75.628,5.168539325842696,114.50676622644032,6.075949367088608,0.5848638239294043,5.061728395061729,,,5.4354056959976775,3,True
6679.TWO,2025,Semiconductor,Semiconductor,118.4297,1.8942306880084052,,,9.509803921568627,,,1,9.509803921568627,9.509803921568627,False,845.202,6.073,,76.2628,9.509803921568627,13.518632285364905,8.27027027027027,0.09713494983331922,7.379679144385028,,,8.386584445407976,3,True
6680.TWO,2025,Computer and Peripheral Equipment,Computer and Peripheral Equipment,154.942,10.39044559424791,,,5.277777777777778,,,1,5.277777777777778,5.277777777777778,False,645.0,0.0375,,53.8677,5.277777777777778,43.25384600876394,6.315789473684211,0.002514758488881624,9.690721649484535,,,7.094762966982174,3,True
6683.TWO,2025,Semiconductor,Semiconductor,1107.04,17.226382293801713,,,5.147058823529411,,,1,5.147058823529411,5.147058823529411,False,8660.0,175.94,,2293.109,5.147058823529411,134.75617020552357,4.648648648648649,2.737759882905291,2.994652406417112,,,4.263453292865058,3,True
6684.TWO,2025,Semiconductor,Semiconductor,196.0927,19.882373033337615,,,4.852941176470589,,,1,4.852941176470589,4.852941176470589,False,1347.0,9.0864,,522.5048,4.852941176470589,136.57599939164368,4.594594594594595,0.921294848457484,4.491978609625669,,,4.646504793563618,3,True
6689.TW,2025,Digital and Cloud Services,Digital and Cloud Services,403.1412,1.0320309865651764,,,8.421052631578947,,,1,8.421052631578947,8.421052631578947,True,2859.0,7.7891,12.0344,288.521,8.421052631578947,7.318965639309105,8.88888888888889,0.019939893410682946,8.5,12.0344,7.5,8.32748538011696,4,True
6690.TWO,2025,Digital and Cloud Services,Digital and Cloud Services,582.2361999999999,8.221057074205932,,,3.421052631578947,,,1,3.421052631578947,3.421052631578947,True,5071.6302,28.362,73.0,,3.421052631578947,71.61038996453063,4.074074074074074,0.40046568856183906,4.0,73.0,10.0,5.373781676413255,4,False
6691.TW,2025,Other Electronic,Other Electronic,405.3171,0.6534353900167743,,,9.565217391304348,,,1,9.565217391304348,9.565217391304348,True,3099.0,2977.73,,313.7812,9.565217391304348,4.996079054305835,8.81578947368421,4.800572598379514,1.3580246913580252,,,6.579677185448861,3,True
6692.TWO,2025,Green Energy and Environmental Services,Green Energy and Environmental Services,217.631,4.0744246511106805,,,8.636363636363637,,,1,8.636363636363637,8.636363636363637,False,1030.0,,,,8.636363636363637,19.283362161842756,8.292682926829269,,,,,8.464523281596453,2,False
6693.TWO,2025,Semiconductor,Semiconductor,511.1995,12.544359350113456,,,5.735294117647058,,,1,5.735294117647058,5.735294117647058,True,2843.9984,8.8579,,601.0642,5.735294117647058,69.7890704524314,5.783783783783783,0.2173646114430276,6.470588235294117,,,5.996555378908319,3,True
6695.TW,2025,Semiconductor,Semiconductor,428.53999999999996,12.14868166063143,,,5.833333333333332,,,1,5.833333333333332,5.833333333333332,False,4226.0,59.3369,0.1095,,5.833333333333332,119.80288583989459,4.702702702702703,1.6821419443429344,3.6363636363636367,0.1095,2.891566265060241,4.265991484364978,4,False
6697.TWO,2025,Information Service,Information Service,562.9162,12.940351300657243,,,2.045454545454546,,,1,2.045454545454546,2.045454545454546,True,,,,129.713,2.045454545454546,,,,,,,2.045454545454546,1,True
6698.TW,2025,Other Electronic,Other Electronic,3591.6059,112.59553806507107,,,1.1956521739130432,,,1,1.1956521739130432,1.1956521739130432,False,48675.0,231.15,,994.1266,1.1956521739130432,1525.943538325665,0.6578947368421051,7.246468390014945,0.7407407407407407,,,0.8647625504986296,3,True
6703.TWO,2025,Biotechnology and Medical Care,Biotechnology and Medical Care,365.274,3.9420767288578795,,,9.032258064516128,,,1,9.032258064516128,9.032258064516128,True,5880.0,,,409.346,9.032258064516128,63.45759940670382,7.36842105263158,,,,,8.200339558573853,2,True
6706.TW,2025,Optoelectronic,Optoelectronic,3451.1905,99.44150619921871,,,4.56140350877193,,,1,4.56140350877193,4.56140350877193,False,22484.0,20.73,,,4.56140350877193,647.8468300672574,5.339805825242719,0.5973076315288315,7.596153846153846,,,5.832454393389498,3,False
6708.TWO,2025,Semiconductor,Semiconductor,64.03190000000001,6.9095638656071445,,,7.205882352941177,,,1,7.205882352941177,7.205882352941177,False,,,,65.9497,7.205882352941177,,,,,,,7.205882352941177,1,True
6712.TWO,2025,Biotechnology and Medical Care,Biotechnology and Medical Care,996.263,37.185916659376545,,,6.129032258064516,,,1,6.129032258064516,6.129032258064516,False,684.0,6.41,0.0,,6.129032258064516,25.530574752865014,8.270676691729324,0.23925582480389584,8.16793893129771,0.0,2.5,6.266911970272888,4,False
6715.TW,2025,Electronic Parts and Components,Electronic Parts and Components,3670.39,69.36796165559431,,,4.615384615384616,,,1,4.615384615384616,4.615384615384616,True,28136.1534,302.54,,13891.99,4.615384615384616,531.7548299191965,4.55026455026455,5.71780740446751,3.796791443850267,,,4.320813536499811,3,True
6716.TWO,2025,Semiconductor,Semiconductor,129.8531,3.927032577374928,,,8.676470588235293,,,1,8.676470588235293,8.676470588235293,False,255.5,0.7992,,58.6789,8.676470588235293,7.726860764350594,8.64864864864865,0.02416949950242268,8.877005347593583,,,8.734041528159175,3,True
6719.TW,2025,Semiconductor,Semiconductor,926.64,6.618723438734105,,,7.303921568627452,,,1,7.303921568627452,7.303921568627452,False,5656.63,7.27,,,7.303921568627452,40.40368380951233,6.7027027027027035,0.05192752244625415,8.181818181818182,,,7.396147484382779,3,False
6720.TWO,2025,Semiconductor,Semiconductor,54.4392,3.7093201743879654,,,8.725490196078432,,,1,8.725490196078432,8.725490196078432,True,0.903,,,61.0217,8.725490196078432,0.061527651351826126,9.567567567567568,,,,,9.146528881823,2,True
6721.TWO,2025,Other,Other,1337.1193,11.997592395847091,,,7.9120879120879115,,,1,7.9120879120879115,7.9120879120879115,True,2.0,15.1358,,314.0281,7.9120879120879115,0.01794543298544429,10.0,0.13580924229054384,8.450704225352112,,,8.787597379146675,3,True
6722.TW,2025,Other Electronic,Other Electronic,2243.356,14.101649102315612,,,5.543478260869565,,,1,5.543478260869565,5.543478260869565,False,14653.58,131.69,,,5.543478260869565,92.11183746704044,5.394736842105264,0.8277982497133504,4.938271604938271,,,5.292162235971034,3,False
6725.TWO,2025,Other Electronic,Other Electronic,185.57070000000002,1.5916739137164844,,,9.021739130434783,,,1,9.021739130434783,9.021739130434783,True,2094.6489,18.1444,,22213.7265,9.021739130434783,17.966187617576097,8.421052631578947,0.15562784512876965,7.901234567901234,,,8.448008776638321,3,True
6727.TWO,2025,Electronic Parts and Components,Electronic Parts and Components,399.7844,8.888310466592673,,,8.317307692307692,,,1,8.317307692307692,8.317307692307692,False,454.3,29.3112,,,8.317307692307692,10.10034269714639,8.677248677248677,0.6516688638886138,7.914438502673797,,,8.302998290743389,3,False
6728.TWO,2025,Household,Household,1650.0700000000002,11.502571903001272,,,5.588235294117647,,,1,5.588235294117647,5.588235294117647,False,38563.44,31.22,,,5.588235294117647,268.824196202025,2.916666666666666,0.21763336998533375,7.5,,,5.334967320261438,3,False
6730.TWO,2025,Biotechnology and Medical Care,Biotechnology and Medical Care,893.01,58.994203042164195,,,4.64516129032258,,,1,4.64516129032258,4.64516129032258,False,14191.0,17.349,,,4.64516129032258,937.4886455597946,3.2330827067669174,1.1461130654511222,5.34351145038168,,,4.407251815823726,3,False
6732.TWO,2025,Semiconductor,Semiconductor,401.69329999999997,2.779817398434272,,,9.019607843137255,,,1,9.019607843137255,9.019607843137255,True,4024.0,9.38,17.62,452.6866,9.019607843137255,27.847079379465654,7.459459459459459,0.06491192956744231,7.86096256684492,17.62,8.91566265060241,8.313923130011013,4,True
6733.TWO,2025,Biotechnology and Medical Care,Biotechnology and Medical Care,344.89,51.699410701068985,,,5.161290322580645,,,1,5.161290322580645,5.161290322580645,False,2.39,1.796,,,5.161290322580645,0.3582637698267705,9.774436090225564,0.26922248142630956,8.091603053435115,,,7.675776488747108,3,False
6735.TWO,2025,Other Electronic,Other Electronic,246.0728,28.82880856407496,,,3.2608695652173916,,,1,3.2608695652173916,3.2608695652173916,False,,,,90.2154,3.2608695652173916,,,,,,,3.2608695652173916,1,True
6739.TWO,2025,Other Electronic,Other Electronic,102.7367,4.6430928583433255,,,8.26086956521739,,,1,8.26086956521739,8.26086956521739,False,0.0,2.521,,295.558,8.26086956521739,0.0,10.0,0.11393433014573685,8.765432098765432,,,9.008767221327608,3,True
6741.TWO,2025,Digital and Cloud Services,Digital and Cloud Services,307.653,5.92225135756038,,,4.2105263157894735,,,1,4.2105263157894735,4.2105263157894735,True,5737.0,12.271,,500.002,4.2105263157894735,110.43596531912219,3.333333333333334,0.23621400216680294,5.5,,,4.347953216374269,3,True
6742.TW,2025,Optoelectronic,Optoelectronic,7171.976000000001,381.2292218465354,,,0.5263157894736847,,,1,0.5263157894736847,0.5263157894736847,False,101625.0,50.73,,1580.6485,0.5263157894736847,5401.9170825661095,0.8737864077669899,2.696573221142226,5.096153846153846,,,2.165418681131507,3,True
6743.TW,2025,Other Electronic,Other Electronic,19092.1864,113.65604896428256,,,1.0869565217391308,,,1,1.0869565217391308,1.0869565217391308,False,132460.0,242.14,,4934.735,1.0869565217391308,788.5362069275036,0.9210526315789469,1.4414627596665084,3.333333333333334,,,1.7804474955504705,3,True
6751.TWO,2025,Information Service,Information Service,60.037499999999994,0.9667370887234888,,,9.545454545454547,,,1,9.545454545454547,9.545454545454547,False,1207.642,2.148,0.0,47.0378,9.545454545454547,19.445718281077852,8.235294117647058,0.03458757054471046,7.4074074074074066,0.0,2.0,6.797039017627252,4,True
6752.TWO,2025,Information Service,Information Service,318.6981,5.35782109213328,,,5.909090909090908,,,1,5.909090909090908,5.909090909090908,True,4597.77,278.1072,,599.7138,5.909090909090908,77.29581407224465,3.8235294117647056,4.675423612610581,0.3703703703703709,,,3.3676635637419943,3,True
6753.TW,2025,Shipping and Transportation,Shipping and Transportation,3719.4368,25.690050353993172,,,7.575757575757576,,,1,7.575757575757576,7.575757575757576,False,42053.0,1071.85,0.0,,7.575757575757576,290.45894462744326,2.8571428571428568,7.403239240932277,1.1111111111111116,0.0,0.9090909090909092,3.113275613275613,4,False
6754.TW,2025,Household,Household,1286.1611,11.333212228103546,,,5.882352941176471,,,1,5.882352941176471,5.882352941176471,True,20692.0,250.84,,1677.0006,5.882352941176471,182.33083509050195,4.583333333333334,2.210316386724411,4.5,,,4.988562091503268,3,True
6756.TW,2025,Semiconductor,Semiconductor,221.87849999999997,4.664936068388197,,,8.529411764705882,,,1,8.529411764705882,8.529411764705882,True,3447.0,11.4987,,56.208,8.529411764705882,72.4722522810192,5.675675675675675,0.2417570894411823,6.310160427807487,,,6.838415956063014,3,True
6757.TW,2025,Shipping and Transportation,Shipping and Transportation,424664.3299,800.9878420504899,,,2.4242424242424243,,,1,2.4242424242424243,2.4242424242424243,True,4424.8193,,,62.4717,2.4242424242424243,8.345948112489113,8.214285714285714,,,,,5.319264069264069,2,True
6761.TWO,2025,Electronic Parts and Components,Electronic Parts and Components,280.21419999999995,4.277006056686155,,,8.942307692307693,,,1,8.942307692307693,8.942307692307693,True,3266.0,,0.0,143.8141,8.942307692307693,49.85008533163911,7.7248677248677255,,,0.0,1.0465116279069768,5.904562348360798,3,True
6762.TWO,2025,Biotechnology and Medical Care,Biotechnology and Medical Care,2539.685,112.81495594354386,,,3.032258064516129,,,1,3.032258064516129,3.032258064516129,False,7083.1091,23.5,,605.5974,3.032258064516129,314.63769761203247,5.488721804511279,1.0438898779467851,5.572519083969465,,,4.69783298433229,3,True
6763.TWO,2025,Digital and Cloud Services,Digital and Cloud Services,229.6202,4.436056572374345,,,5.2631578947368425,,,1,5.2631578947368425,5.2631578947368425,False,2148.02,18.2607,,57.398,5.2631578947368425,41.4978222237919,5.185185185185186,0.3527803662358808,5.0,,,5.149447693307343,3,True
6767.TWO,2025,Biotechnology and Medical Care,Biotechnology and Medical Care,321.05229999999995,30.566175313325147,,,6.516129032258064,,,1,6.516129032258064,6.516129032258064,False,4.249,8.922,,,6.516129032258064,0.404531220945368,9.699248120300751,0.8494298783889324,6.030534351145038,,,7.4153038345679505,3,False
6768.TW,2025,Sports and Leisure,Sports and Leisure,67954.01299999999,105.3195671390874,,,3.076923076923077,,,1,3.076923076923077,3.076923076923077,True,447480.0,6196.53,19.6222,403709.0748,3.076923076923077,693.533727042711,4.0,9.603786863394944,3.75,19.6222,7.333333333333333,4.540064102564102,4,True
6770.TW,2025,Semiconductor,Semiconductor,686123.0,483.353358455409,,,0.44117647058823484,,,1,0.44117647058823484,0.44117647058823484,True,7583235.0,19062.5744,1.8,233246.0,0.44117647058823484,5342.164750644714,0.8108108108108103,13.42901980701143,0.48128342245989275,1.8,5.421686746987952,1.7887393627117225,4,True
6771.TW,2025,Green Energy and Environmental Services,Green Energy and Environmental Services,3065.9817000000003,152.86580598117214,,,3.1818181818181825,,,1,3.1818181818181825,3.1818181818181825,True,509955.0,7785.94,,,3.1818181818181825,25425.684076695117,0.0,388.19670496436663,1.0810810810810811,,,1.4209664209664215,3,False
6776.TW,2025,Electronic Products Distribution,Electronic Products Distribution,573.27,0.6517183453574974,,,7.297297297297297,,,1,7.297297297297297,7.297297297297297,True,3266.0,11.46,4.0,,7.297297297297297,3.7129312818350635,6.451612903225806,0.013028227951570676,7.241379310344827,4.0,8.333333333333334,7.330905711050317,4,False
6781.TW,2025,Electronic Parts and Components,Electronic Parts and Components,2661.3945000000003,5.601004180005817,,,8.798076923076923,,,1,8.798076923076923,8.798076923076923,True,55630.0,523.8,83.7112,151521.0,8.798076923076923,117.07541386056204,6.931216931216931,1.1023566740996296,6.898395721925134,83.7112,9.883720930232558,8.127852626612887,4,True
6782.TW,2025,Biotechnology and Medical Care,Biotechnology and Medical Care,20480.0,160.7170862082517,,,2.322580645161291,,,1,2.322580645161291,2.322580645161291,True,283303.0,2671.0,14.6056,6055.0,2.322580645161291,2223.2242516629067,1.8045112781954886,20.960709827257826,0.9160305343511455,14.6056,9.375,3.6045306144269813,4,True
6785.TWO,2025,Biotechnology and Medical Care,Biotechnology and Medical Care,34.482,587.0837988826815,,,0.580645161290323,,,1,0.580645161290323,0.580645161290323,False,520.0,2.52,,,0.580645161290323,8853.41846235701,0.22556390977443663,42.9050279329609,0.3816793893129766,,,0.39596282012591205,3,False
6788.TWO,2025,Semiconductor,Semiconductor,574.149,7.408017234653411,,,6.862745098039216,,,1,6.862745098039216,6.862745098039216,False,4391.75,39.438,,,6.862745098039216,56.66501150448598,6.108108108108108,0.5088529000316316,5.026737967914439,,,5.999197058020588,3,False
6789.TW,2025,Semiconductor,Semiconductor,36192.3429,130.7323971640284,,,2.549019607843137,,,1,2.549019607843137,2.549019607843137,True,639147.0,2722.0,31.7622,64673.1443,2.549019607843137,2308.698822871654,1.7297297297297298,9.832289279080777,0.802139037433155,31.7622,9.759036144578314,3.709981129896084,4,True
6790.TW,2025,Paper and Pulp,Paper and Pulp,186512.8822,551.5771730655781,,,6.666666666666668,,,1,6.666666666666668,6.666666666666668,True,1114920.0,3434.0,9.1296,86633.8258,6.666666666666668,3297.168616668744,5.0,10.155416558713151,6.666666666666668,9.1296,3.333333333333333,5.416666666666667,4,True
6791.TWO,2025,Information Service,Information Service,253.24169999999998,10.800421422159847,,,2.954545454545454,,,1,2.954545454545454,2.954545454545454,False,1437.9,,,,2.954545454545454,61.32452105211601,5.0,,,,,3.977272727272727,2,False
6792.TW,2025,Communications and Internet,Communications and Internet,5232.8068,122.0724843800632,,,1.235955056179775,,,1,1.235955056179775,1.235955056179775,True,18448.68,493.145,,1674.6195,1.235955056179775,430.3763328569257,2.784810126582279,11.50423426861589,0.49382716049382713,,,1.504864114418627,3,True
6794.TW,2025,Biotechnology and Medical Care,Biotechnology and Medical Care,869.24,828.4023527659891,,,0.32258064516129004,,,1,0.32258064516129004,0.32258064516129004,False,1990.0,1.97,,,0.32258064516129004,1896.5080783262601,2.030075187969925,1.8774476956295139,4.122137404580153,,,2.158264412570456,3,False
6796.TW,2025,Biotechnology and Medical Care,Biotechnology and Medical Care,669.0999999999999,37.04468816556888,,,6.193548387096774,,,1,6.193548387096774,6.193548387096774,False,4589.0,0.88,,,6.193548387096774,254.0697563769177,5.7894736842105265,0.04872115615857214,9.083969465648854,,,7.022330512318717,3,False
6799.TW,2025,Semiconductor,Semiconductor,153.37,5.026482581615154,,,8.03921568627451,,,1,8.03921568627451,8.03921568627451,False,380.0,0.53,,24.684,8.03921568627451,12.453956973422171,8.432432432432433,0.01736999262082566,9.09090909090909,,,8.520852403205344,3,True
6803.TWO,2025,Green Energy and Environmental Services,Green Energy and Environmental Services,87888.9399,291.51729829958975,,,1.8181818181818177,,,1,1.8181818181818177,1.8181818181818177,True,1795460.0,449484.39,30.0,89973.0643,1.8181818181818177,5955.330090458646,0.24390243902439046,1490.8869665480986,0.0,30.0,8.235294117647058,2.5743445937133167,4,True
6804.TWO,2025,Sports and Leisure,Sports and Leisure,1092.2128,23.681816986821154,,,5.769230769230768,,,1,5.769230769230768,5.769230769230768,True,14880000.0,82.25,,196.4579,5.769230769230768,322634.41406647017,0.0,1.783379069688654,7.5,,,4.4230769230769225,3,True
6805.TW,2025,Electronic Parts and Components,Electronic Parts and Components,7622.862999999999,22.532542533437066,,,7.115384615384616,,,1,7.115384615384616,7.115384615384616,True,139107.7,227.5262,0.9782,10847.6573,7.115384615384616,411.1906729766236,5.026455026455027,0.672548329803554,7.807486631016043,0.9782,3.0232558139534884,5.743145521702294,4,True
6807.TW,2025,Household,Household,2835.6836000000003,21.63816794748668,,,4.117647058823529,,,1,4.117647058823529,4.117647058823529,False,62950.0,5959.32,79.5,,4.117647058823529,480.35072470507157,2.5,45.473608907854285,0.5000000000000004,79.5,10.0,4.279411764705882,4,False
6811.TWO,2025,Digital and Cloud Services,Digital and Cloud Services,250.6303,0.8190099838984204,,,8.947368421052632,,,1,8.947368421052632,8.947368421052632,False,1927.0,7.81,1.8446,257.78,8.947368421052632,6.297052826303348,9.25925925925926,0.02552152702305612,8.0,1.8446,5.0,7.801656920077972,4,True
6821.TWO,2025,Electronic Parts and Components,Electronic Parts and Components,144.3588,7.5403734372781095,,,8.461538461538462,,,1,8.461538461538462,8.461538461538462,True,,,,25.237,8.461538461538462,,,,,,,8.461538461538462,1,True
6823.TWO,2025,Semiconductor,Semiconductor,1036.038,56.26904687953482,,,3.480392156862745,,,1,3.480392156862745,3.480392156862745,False,166.0,67.1645,14.7,4677.7776,3.480392156862745,9.015752107550862,8.54054054054054,3.6478221832987945,2.620320855614974,14.7,8.433734939759036,5.7687471231943235,4,True
6829.TWO,2025,Semiconductor,Semiconductor,6243.83,115.23047674412905,,,2.8431372549019605,,,1,2.8431372549019605,2.8431372549019605,False,41.737,478.94,,334.47,2.8431372549019605,0.770260306233468,9.135135135135135,8.8388832706581,1.0160427807486627,,,4.331438390261919,3,True
6830.TW,2025,Other Electronic,Other Electronic,5014.041,76.79333768872362,,,1.7391304347826086,,,1,1.7391304347826086,1.7391304347826086,False,13531.15,3.9,,1037.7197,1.7391304347826086,207.23846718979212,3.81578947368421,0.059731066615933553,9.012345679012345,,,4.855755195826387,3,True
6831.TW,2025,Computer and Peripheral Equipment,Computer and Peripheral Equipment,7420.2136,65.24038088581105,,,1.2962962962962965,,,1,1.2962962962962965,1.2962962962962965,True,46018.0,119.547,,,1.2962962962962965,404.6018092529375,1.9999999999999996,1.0510872374019062,3.4020618556701034,,,2.2327860506554664,3,False
6834.TW,2025,Electronic Parts and Components,Electronic Parts and Components,8810.3545,191.20120825186652,,,2.259615384615384,,,1,2.259615384615384,2.259615384615384,True,170700.0,481.83,,,2.259615384615384,3704.5099886268613,1.3227513227513232,10.456614222730407,2.5668449197860967,,,2.0497372090509347,3,False
6835.TW,2025,Electronic Parts and Components,Electronic Parts and Components,9134.857100000001,117.00020861200969,,,3.365384615384616,,,1,3.365384615384616,3.365384615384616,True,160968.0,387.18,,19144.9372,3.365384615384616,2061.695040621705,2.328042328042328,4.959042081829382,4.010695187165776,,,3.23470737686424,3,True
6838.TW,2025,Biotechnology and Medical Care,Biotechnology and Medical Care,256.0906,1019.6465347766579,,,0.2580645161290318,,,1,0.2580645161290318,0.2580645161290318,False,,,,86.7378,0.2580645161290318,,,,,,,0.2580645161290318,1,True
6840.TWO,2025,Other Electronic,Other Electronic,787.1891,28.45209852154432,,,3.3695652173913047,,,1,3.3695652173913047,3.3695652173913047,False,,,,,3.3695652173913047,,,,,,,3.3695652173913047,1,False
6841.TWO,2025,Biotechnology and Medical Care,Biotechnology and Medical Care,135.1242,13.744574452867973,,,7.806451612903226,,,1,7.806451612903226,7.806451612903226,True,,,,,7.806451612903226,,,,,,,7.806451612903226,1,False
6843.TWO,2025,Electric Machinery,Electric Machinery,446.236,18.32671343462112,,,6.8686868686868685,,,1,6.8686868686868685,6.8686868686868685,False,7108.823,30.3,,113.8635,6.8686868686868685,291.95618905342377,4.408602150537635,1.2444074818459736,6.206896551724138,,,5.828061856982881,3,True
6844.TWO,2025,Biotechnology and Medical Care,Biotechnology and Medical Care,5578.67,46.78361690345774,,,5.483870967741935,,,1,5.483870967741935,5.483870967741935,False,24455.0,,,,5.483870967741935,205.08353270117414,6.2406015037593985,,,,,5.862236235750666,2,False
6846.TWO,2025,Food,Food,840.5632999999999,30.503682938003795,,,9.0625,,,1,9.0625,9.0625,False,3105.0,120.86,0.0,,9.0625,112.67912306247703,8.064516129032258,4.385957749865048,7.419354838709678,0.0,1.6666666666666665,6.553259408602151,4,False
6854.TW,2025,Semiconductor,Semiconductor,5741.6,169.30996939207586,,,2.1078431372549025,,,1,2.1078431372549025,2.1078431372549025,True,31504.0,133.49,,1099.76,2.1078431372549025,928.9991075184544,2.756756756756756,3.936391914126412,2.406417112299465,,,2.423672335437041,3,True
6855.TWO,2025,Other Electronic,Other Electronic,166.3743,8.1604031783402,,,6.739130434782608,,,1,6.739130434782608,6.739130434782608,False,5617.0,15.336,,68.3293,6.739130434782608,275.5051991367471,2.7631578947368416,0.7522071806945262,5.3086419753086425,,,4.936976768276031,3,True
6856.TWO,2025,Cultural and Creative,Cultural and Creative,573.9471,26.46594501123984,,,4.0,,,1,4.0,4.0,True,5.7313,34.9068,,131.509,4.0,0.26428266758891,9.0,1.609628220646723,3.333333333333334,,,5.4444444444444455,3,True
6859.TWO,2025,Optoelectronic,Optoelectronic,4643.7724,142.64178491431215,,,2.9824561403508776,,,1,2.9824561403508776,2.9824561403508776,False,20416.0,53.04,0.0,31.8875,2.9824561403508776,627.113999129371,5.4368932038834945,1.6292185792428406,5.961538461538462,0.0,1.0465116279069768,3.856849858419953,4,True
6861.TW,2025,Biotechnology and Medical Care,Biotechnology and Medical Care,3251.2133,47.78306208193942,,,5.354838709677418,,,1,5.354838709677418,5.354838709677418,True,385.0,22.52,,1067.146,5.354838709677418,5.6583426567388475,8.87218045112782,0.3309763029344386,7.633587786259541,,,7.286868982354927,3,True
6862.TW,2025,Electronic Parts and Components,Electronic Parts and Components,8059.3369999999995,108.73938832013718,,,3.509615384615384,,,1,3.509615384615384,3.509615384615384,False,109600.8,309.366,13.5187,1113.3906,3.509615384615384,1478.7722552609093,3.0158730158730163,4.174074071731652,4.598930481283422,13.5187,6.395348837209303,4.379941929745282,4,True
6863.TW,2025,Communications and Internet,Communications and Internet,5546.8945,45.93726415179793,,,3.033707865168539,,,1,3.033707865168539,3.033707865168539,True,26900.0,3620.84,18.37,21115.3008,3.033707865168539,222.77553785877203,4.050632911392405,29.98641555764149,0.24691358024691357,18.37,7.037037037037037,3.592072848461224,4,True
6865.TWO,2025,Digital and Cloud Services,Digital and Cloud Services,111.6934,8.17060156133914,,,3.68421052631579,,,1,3.68421052631579,3.68421052631579,False,2234.0,11.0353,,,3.68421052631579,163.42168729783174,1.8518518518518523,0.8072548548960441,1.9999999999999996,,,2.5120207927225473,3,False
6869.TW,2025,Green Energy and Environmental Services,Green Energy and Environmental Services,3650.6882,16.741058964709104,,,6.136363636363637,,,1,6.136363636363637,6.136363636363637,True,1842.0,4.27,32.89,212952.7923,6.136363636363637,8.446908890491983,9.02439024390244,0.01958105372551616,9.72972972972973,32.89,8.823529411764707,8.428503255440127,4,True
6870.TWO,2025,Digital and Cloud Services,Digital and Cloud Services,113.4481,5.313001221290705,,,4.736842105263158,,,1,4.736842105263158,4.736842105263158,False,5587.4488,77.7702,,235.3581,4.736842105263158,261.67139245434066,1.4814814814814814,3.6421338707305133,0.0,,,2.0727745289148802,3,True
6872.TWO,2025,Biotechnology and Medical Care,Biotechnology and Medical Care,54.5608,149.30268513767743,,,2.645161290322581,,,1,2.645161290322581,2.645161290322581,True,1020.1,,,,2.645161290322581,2791.448606122798,1.3533834586466165,,,,,1.9992723744845988,2,False
6873.TW,2025,Green Energy and Environmental Services,Green Energy and Environmental Services,824.1709999999999,4.100218408552019,,,8.40909090909091,,,1,8.40909090909091,8.40909090909091,True,1798.7921,359.954,9.52,325.8614,8.40909090909091,8.948920165327275,8.78048780487805,1.7907570358965963,5.405405405405405,9.52,6.470588235294118,7.266393088667121,4,True
6874.TWO,2025,Information Service,Information Service,73.2019,1.540516964713186,,,9.09090909090909,,,1,9.09090909090909,9.09090909090909,False,1197.0,1.6993,,66.1289,9.09090909090909,25.190586675505468,7.0588235294117645,0.03576137338152585,7.037037037037037,,,7.728923219119298,3,True
6875.TWO,2025,Biotechnology and Medical Care,Biotechnology and Medical Care,503.68280000000004,546.1918907470476,,,0.7096774193548383,,,1,0.7096774193548383,0.7096774193548383,False,6353.6457,21.5569,,,0.7096774193548383,6889.8714786763585,0.5263157894736847,23.37622799437469,0.6870229007633588,,,0.6410053698639606,3,False
6877.TWO,2025,Other Electronic,Other Electronic,321.1796,22.196839712544072,,,3.913043478260869,,,1,3.913043478260869,3.913043478260869,False,2.0082,27.94,,79.183,3.913043478260869,0.13878743703127785,9.868421052631579,1.9309436264584718,2.962962962962963,,,5.581475831285137,3,True
6881.TWO,2025,Other,Other,57.0523,0.7567278229470865,,,9.89010989010989,,,1,9.89010989010989,9.89010989010989,False,981.7,2162.49,0.0,,9.89010989010989,13.021029893398774,8.428571428571429,28.68274109623705,0.9859154929577463,0.0,1.3333333333333333,5.1594825362431,4,False
6884.TWO,2025,Information Service,Information Service,66.2696,1.882572182392148,,,8.863636363636363,,,1,8.863636363636363,8.863636363636363,True,3110.0,3.797,75.6484,49.6225,8.863636363636363,88.34819415296879,3.5294117647058822,0.10786433864913907,4.814814814814815,75.6484,10.0,6.801965735789265,4,True
6885.TW,2025,Biotechnology and Medical Care,Biotechnology and Medical Care,39.681200000000004,337.6674378407127,,,1.225806451612903,,,1,1.225806451612903,1.225806451612903,False,,,,,1.225806451612903,,,,,,,1.225806451612903,1,False
6887.TW,2025,Green Energy and Environmental Services,Green Energy and Environmental Services,26842.4438,193.3341709904503,,,2.272727272727273,,,1,2.272727272727273,2.272727272727273,True,262669.0,2561.7119,5.0321,34830.3078,2.272727272727273,1891.8878526213246,1.4634146341463417,18.450870203661236,2.7027027027027026,5.0321,4.705882352941177,2.7861817406293734,4,True
6890.TW,2025,Sports and Leisure,Sports and Leisure,111425.08249999999,89.71995974481565,,,3.4615384615384617,,,1,3.4615384615384617,3.4615384615384617,False,1519549.5,20538.0189,12.8112,1226277.3388,3.4615384615384617,1223.5478485757887,2.8000000000000003,16.537301903691773,1.25,12.8112,6.0,3.3778846153846156,4,True
6894.TWO,2025,Green Energy and Environmental Services,Green Energy and Environmental Services,68.0993,1.612952902875063,,,9.318181818181818,,,1,9.318181818181818,9.318181818181818,False,0.0001,6.53,,,9.318181818181818,2.3685308114401517e-06,9.75609756097561,0.1546650619870419,9.45945945945946,,,9.511246279538963,3,False
6895.TWO,2025,Semiconductor,Semiconductor,814.186,37.06122994747493,,,3.8725490196078427,,,1,3.8725490196078427,3.8725490196078427,False,4943.0,13.693,,326.33,3.8725490196078427,225.0022226252583,3.891891891891892,0.6232966689070729,4.812834224598931,,,4.192425045366222,3,True
6899.TWO,2025,Optoelectronic,Optoelectronic,3579.5467000000003,99.83143850952032,,,4.473684210526315,,,1,4.473684210526315,4.473684210526315,False,35075.0,234.448,,2703.7839,4.473684210526315,978.220986953858,3.786407766990292,6.5386159358334455,2.403846153846154,,,3.5546460437875873,3,True
6902.TW,2025,Digital and Cloud Services,Digital and Cloud Services,53.246,1.7449945413617307,,,7.631578947368421,,,1,7.631578947368421,7.631578947368421,False,738.0,3.225,,,7.631578947368421,24.185966486214124,7.4074074074074066,0.105690707206017,7.0,,,7.3463287849252765,3,False
6903.TWO,2025,Other Electronic,Other Electronic,14.5822,0.19696650816665506,,,10.0,,,1,10.0,10.0,False,35.0,8141.0,,277.0248,10.0,0.47275635952276934,9.473684210526317,109.96312922499615,0.24691358024691357,,,6.57353259692441,3,True
6904.TWO,2025,Other,Other,853.3892,29.678812084774698,,,6.593406593406593,,,1,6.593406593406593,6.593406593406593,False,9171.5713,93.44,,,6.593406593406593,318.9650643982989,4.857142857142858,3.2496171749084097,5.070422535211268,,,5.506990661920239,3,False
6906.TW,2025,Digital and Cloud Services,Digital and Cloud Services,125.59,13.756833266583829,,,2.3684210526315788,,,1,2.3684210526315788,2.3684210526315788,False,1268.0,,,7156.44,2.3684210526315788,138.89373821186635,2.592592592592593,,,,,2.480506822612086,2,True
6907.TWO,2025,Semiconductor,Semiconductor,434.4554,8.366498434881722,,,6.666666666666668,,,1,6.666666666666668,6.666666666666668,True,,0.0,,0.0,6.666666666666668,,,0.0,9.946524064171122,,,8.306595365418895,2,False
6908.TW,2025,Electronic Products Distribution,Electronic Products Distribution,221.7405,1.441731566161216,,,5.405405405405405,,,1,5.405405405405405,5.405405405405405,True,5260.0,8.094,67.5178,150.8372,5.405405405405405,34.199923054236805,2.5806451612903225,0.052626269429846516,4.827586206896552,67.5178,9.166666666666666,5.495075860064736,4,True
6909.TW,2025,Semiconductor,Semiconductor,322.581,23.057377680836023,,,4.803921568627451,,,1,4.803921568627451,4.803921568627451,False,,1.51,16.7661,132.806,4.803921568627451,,,0.1079314661993806,7.112299465240641,16.7661,8.795180722891565,6.903800585586552,3,True
6910.TWO,2025,Digital and Cloud Services,Digital and Cloud Services,150.1691,13.454543214646698,,,2.6315789473684212,,,1,2.6315789473684212,2.6315789473684212,True,507.01,,,59.5319,2.6315789473684212,45.42604274286802,4.814814814814815,,,,,3.723196881091618,2,True
6913.TWO,2025,Electronic Parts and Components,Electronic Parts and Components,2184.5744,27.53267367287592,,,6.730769230769232,,,1,6.730769230769232,6.730769230769232,False,21526.0,39.4849,16.0718,20428.5228,6.730769230769232,271.2969324745026,6.084656084656085,0.4976369157791735,8.342245989304812,16.0718,6.8604651162790695,7.0045341052523,4,True
6914.TW,2025,Other,Other,3091.4665999999997,18.0283931306648,,,7.362637362637363,,,1,7.362637362637363,7.362637362637363,False,7686.8447,388.9117,,1138.2098,7.362637362637363,44.82709215941946,7.571428571428571,2.2680021905186263,5.915492957746479,,,6.949852963937471,3,True
6916.TW,2025,Optoelectronic,Optoelectronic,8176.0835,129.45508019114854,,,3.5964912280701755,,,1,3.5964912280701755,3.5964912280701755,False,156642.0,111.924,0.0,14304.7062,3.5964912280701755,2480.1731380681094,2.0388349514563107,1.7721358148206425,5.769230769230768,0.0,1.0465116279069768,3.1127671441660576,4,True
6918.TW,2025,Biotechnology and Medical Care,Biotechnology and Medical Care,280.8438,10.876091723667203,,,8.193548387096774,,,1,8.193548387096774,8.193548387096774,False,3901.5856,,0.0,,8.193548387096774,151.09467559312023,6.315789473684211,,,0.0,2.5,5.669779286926995,3,False
6919.TW,2025,Biotechnology and Medical Care,Biotechnology and Medical Care,770.2449,641.1944901861318,,,0.4516129032258065,,,1,0.4516129032258065,0.4516129032258065,False,,,,17.1719,0.4516129032258065,,,,,,,0.4516129032258065,1,True
6921.TW,2025,Semiconductor,Semiconductor,35.86,5.796916952718695,,,7.647058823529411,,,1,7.647058823529411,7.647058823529411,False,527.0,,,,7.647058823529411,85.19172431909514,5.45945945945946,,,,,6.5532591414944354,2,False
6922.TWO,2025,Computer and Peripheral Equipment,Computer and Peripheral Equipment,355.84950000000003,6.5753819529556266,,,6.481481481481481,,,1,6.481481481481481,6.481481481481481,False,,0.2975,,1207.0446,6.481481481481481,,,0.00549720072953397,9.484536082474227,,,7.983008781977854,2,True
6923.TW,2025,Green Energy and Environmental Services,Green Energy and Environmental Services,68348.7,1901.449456796016,,,0.22727272727272707,,,1,0.22727272727272707,0.22727272727272707,False,152241.0,45541.0,,,0.22727272727272707,4235.3192782318065,0.4878048780487809,1266.9430393255082,0.27027027027026973,,,0.3284492918639259,3,False
6924.TW,2025,Electronic Parts and Components,Electronic Parts and Components,169.2307,3.15117312538805,,,9.086538461538462,,,1,9.086538461538462,9.086538461538462,False,512.83,8.1116,4.39,49801.0837,9.086538461538462,9.549190034034922,8.730158730158731,0.15104266497684937,8.983957219251337,4.39,4.767441860465117,7.892024067853412,4,True
6925.TWO,2025,Digital and Cloud Services,Digital and Cloud Services,88.8447,14.918757920421898,,,1.578947368421053,,,1,1.578947368421053,1.578947368421053,False,2041.0,,,,1.578947368421053,342.7237068230417,0.7407407407407407,,,,,1.1598440545808968,2,False
6928.TW,2025,Computer and Peripheral Equipment,Computer and Peripheral Equipment,595.9595999999999,8.497141043077837,,,6.203703703703703,,,1,6.203703703703703,6.203703703703703,True,8253.7281,5.25,9.5471,2509.1832,6.203703703703703,117.68094984444394,4.315789473684211,0.07485405130844214,7.835051546391752,9.5471,4.615384615384616,5.742482334791071,4,True
6929.TWO,2025,Biotechnology and Medical Care,Biotechnology and Medical Care,3773.38,37.42216110617565,,,6.0,,,1,6.0,6.0,False,,,,,6.0,,,,,,,6.0,1,False
6931.TW,2025,Biotechnology and Medical Care,Biotechnology and Medical Care,725.8131000000001,21.36026420268783,,,7.290322580645161,,,1,7.290322580645161,7.290322580645161,False,2.723,,,,7.290322580645161,0.08013633182415549,10.0,,,,,8.64516129032258,2,False
6933.TW,2025,Computer and Peripheral Equipment,Computer and Peripheral Equipment,1189.869,5.283142394975578,,,7.037037037037037,,,1,7.037037037037037,7.037037037037037,False,2217.2081,78.7609,0.0,,7.037037037037037,9.84463509142036,8.0,0.34970660623684796,5.876288659793815,0.0,0.8653846153846154,5.444677578053867,4,False
6934.TW,2025,Biotechnology and Medical Care,Biotechnology and Medical Care,134.716,205.47231953480616,,,1.9999999999999996,,,1,1.9999999999999996,1.9999999999999996,False,2620.0,22.4575,0.0,,1.9999999999999996,3996.0916088749077,0.9022556390977443,34.252758513858105,0.5343511450381677,0.0,2.5,1.4841516960339778,4,False
6936.TW,2025,Biotechnology and Medical Care,Biotechnology and Medical Care,4550.1719,105.70184045650436,,,3.096774193548387,,,1,3.096774193548387,3.096774193548387,False,55646.0,148.3919,,2424.4671,3.096774193548387,1292.6730557240355,2.556390977443609,3.447187773024036,2.595419847328244,,,2.74952833944008,3,True
6937.TW,2025,Semiconductor,Semiconductor,3866.8451999999997,67.57946418258065,,,3.333333333333334,,,1,3.333333333333334,3.333333333333334,True,18.763,52.96,0.0,3149.2604,3.333333333333334,0.32791420935540966,9.243243243243244,0.9255628911934388,4.438502673796791,0.0,1.2650602409638554,4.570034872834306,4,True
6944.TW,2025,Green Energy and Environmental Services,Green Energy and Environmental Services,1266.49,2.81153688249656,,,9.09090909090909,,,1,9.09090909090909,9.09090909090909,False,171371.0,141.08,,,9.09090909090909,380.43402402728645,4.146341463414634,0.3131897001813001,8.108108108108107,,,7.115119554143944,3,False
6949.TW,2025,Biotechnology and Medical Care,Biotechnology and Medical Care,661.8536,604.6395797647597,,,0.5161290322580647,,,1,0.5161290322580647,0.5161290322580647,False,3010.78,,,,0.5161290322580647,2750.5127326710062,1.5037593984962405,,,,,1.0099442153771525,2,False
6951.TW,2025,Green Energy and Environmental Services,Green Energy and Environmental Services,4397.497,185.12914648064282,,,2.5,,,1,2.5,2.5,False,7761.0,348.549,,,2.5,326.728433432989,4.390243902439024,14.673478771374162,2.972972972972973,,,3.2877389584706656,3,False
6952.TW,2025,Other,Other,6024.740400000001,106.22509328843918,,,2.5274725274725274,,,1,2.5274725274725274,2.5274725274725274,False,,20619.67,,1306.5888,2.5274725274725274,,,363.55531091876264,0.0,,,1.2637362637362637,2,True
6953.TWO,2025,Semiconductor,Semiconductor,210.4476,5.433789220408894,,,7.794117647058823,,,1,7.794117647058823,7.794117647058823,False,767.4285,9.836,,110.2859,7.794117647058823,19.8151212498245,7.783783783783784,0.253967024437161,6.2032085561497325,,,7.260369995664114,3,True
6955.TW,2025,Biotechnology and Medical Care,Biotechnology and Medical Care,120.3823,12.979661039792445,,,8.064516129032258,,,1,8.064516129032258,8.064516129032258,False,1241.3186,9.107,,0.2055,8.064516129032258,133.83939890158024,6.541353383458647,0.9819198760066039,5.648854961832061,,,6.751574824774322,3,True
6957.TW,2025,Other,Other,3153.6188,28.322567840030896,,,6.703296703296704,,,1,6.703296703296704,6.703296703296704,False,93910.0,1117.81,,,6.703296703296704,843.4032502144207,2.7142857142857144,10.03902233119137,2.676056338028169,,,4.031212918536863,3,False
6958.TW,2025,Other,Other,2525.8882,7.24793226570633,,,8.241758241758241,,,1,8.241758241758241,8.241758241758241,True,3137.0,14.4,0.0,815.2567,8.241758241758241,9.001492432452379,9.0,0.04132020753181838,9.295774647887324,0.0,1.3333333333333333,6.967716555744724,4,True
6961.TWO,2025,Tourism,Tourism,80.9711,0.5860412243495663,,,9.6,,,1,9.6,9.6,False,0.3779,7.7061,,46049.2053,9.6,0.0027351114000143395,10.0,0.05577412532323499,9.142857142857142,,,9.58095238095238,3,True
6962.TW,2025,Semiconductor,Semiconductor,1783.4383,3.0215682323884065,,,8.92156862745098,,,1,8.92156862745098,8.92156862745098,True,19067.23,20.85,0.0,893.2964,8.92156862745098,32.30441807134186,7.1891891891891895,0.035324854044739465,8.663101604278076,0.0,1.2650602409638554,6.509729915470525,4,True
6965.TW,2025,Sports and Leisure,Sports and Leisure,17076.0871,24.311443002282747,,,5.384615384615384,,,1,5.384615384615384,5.384615384615384,False,280690.0,2648.6591,53.4303,105399.514,5.384615384615384,399.6219330780261,5.6000000000000005,3.7709297431568802,6.25,53.4303,10.0,6.808653846153846,4,True
6967.TWO,2025,Electronic Parts and Components,Electronic Parts and Components,150.7095,3.5772941001065908,,,8.990384615384615,,,1,8.990384615384615,8.990384615384615,False,982.0,35.2,,,8.990384615384615,23.30909999903571,8.35978835978836,0.8355196740998544,7.540106951871658,,,8.296759975681544,3,False
6968.TWO,2025,Household,Household,5192.4632,52.60219761990464,,,2.9411764705882346,,,1,2.9411764705882346,2.9411764705882346,False,,,,,2.9411764705882346,,,,,,,2.9411764705882346,1,False
6969.TW,2025,Green Energy and Environmental Services,Green Energy and Environmental Services,3716.4908,391.0912013469608,,,1.3636363636363635,,,1,1.3636363636363635,1.3636363636363635,False,,25.87,,81.7979,1.3636363636363635,,,2.7223340304907726,4.594594594594595,,,2.979115479115479,2,True
6971.TWO,2025,Green Energy and Environmental Services,Green Energy and Environmental Services,54.852799999999995,0.7807804024870536,,,9.545454545454547,,,1,9.545454545454547,9.545454545454547,False,1225.0,14.05,0.0,,9.545454545454547,17.436776118022067,8.536585365853659,0.199989146496498,8.91891891891892,0.0,1.4705882352941178,7.117886766380311,4,False
6982.TWO,2025,Electric Machinery,Electric Machinery,1607.634,31.85409760696224,,,5.757575757575757,,,1,5.757575757575757,5.757575757575757,False,10600.0,34.33,4.35,623.4833,5.757575757575757,210.03128487814996,4.946236559139785,0.6802239631949895,7.816091954022988,4.35,6.5625,6.270601067684632,4,True
6983.TWO,2025,Other Electronic,Other Electronic,176.3488,23.533029326827844,,,3.804347826086957,,,1,3.804347826086957,3.804347826086957,True,,1.6,,,3.804347826086957,,,0.21351348533658607,7.037037037037037,,,5.4206924315619975,2,False
6986.TWO,2025,Biotechnology and Medical Care,Biotechnology and Medical Care,315.7,36.15023474178403,,,6.258064516129032,,,1,6.258064516129032,6.258064516129032,False,971.13,5.11,,,6.258064516129032,111.20233596702164,6.917293233082706,0.5851368372838658,7.022900763358779,,,6.732752837523506,3,False
6988.TW,2025,Automobile,Automobile,1034.5727,40.959539955138695,,,5.0,,,1,5.0,5.0,False,2596.5,9.7725,,157.3464,5.0,102.79745975659094,7.36842105263158,0.3869008956176719,8.421052631578947,,,6.929824561403509,3,True
6994.TW,2025,Green Energy and Environmental Services,Green Energy and Environmental Services,4555.3059,81.67074757668306,,,3.6363636363636367,,,1,3.6363636363636367,3.6363636363636367,True,4681.3131,21.5753,0.3869,1138.2631,3.6363636363636367,83.92989382283189,6.585365853658535,0.3868172453997457,7.567567567567568,0.3869,3.5294117647058827,5.329677205573907,4,True
6996.TWO,2025,Semiconductor,Semiconductor,127.0898,1.6374927021200694,,,9.607843137254902,,,1,9.607843137254902,9.607843137254902,True,1457.1617,6.2242,0.0,85.8533,9.607843137254902,18.77484778132371,7.891891891891891,0.08019590932187898,7.7005347593582885,0.0,1.2650602409638554,6.616332507367233,4,True
6997.TWO,2025,Digital and Cloud Services,Digital and Cloud Services,102.15899999999999,0.7725896631278333,,,9.210526315789473,,,1,9.210526315789473,9.210526315789473,False,3225.5,,,17330.338,9.210526315789473,24.393229753803645,7.037037037037037,,,,,8.123781676413255,2,True
7402.TWO,2025,Optoelectronic,Optoelectronic,53.336999999999996,3.1601756369059686,,,9.56140350877193,,,1,9.56140350877193,9.56140350877193,False,740.0,,0.0,4181.82,9.56140350877193,43.844422658012576,8.54368932038835,,,0.0,1.0465116279069768,6.383868152355752,3,True
7547.TWO,2025,Digital and Cloud Services,Digital and Cloud Services,28.631,2.921889326336301,,,6.315789473684211,,,1,6.315789473684211,6.315789473684211,False,,,,,6.315789473684211,,,,,,,6.315789473684211,1,False
7556.TWO,2025,Semiconductor,Semiconductor,627.9762,26.690731738416662,,,4.6568627450980395,,,1,4.6568627450980395,4.6568627450980395,True,6357.71,10.5274,,226.5702,4.6568627450980395,270.22032376489585,3.621621621621621,0.44744372366820206,5.3475935828877,,,4.542025983202453,3,True
7584.TWO,2025,Cultural and Creative,Cultural and Creative,179.85660000000001,5.567133527661261,,,7.6,,,1,7.6,7.6,False,,,,,7.6,,,,,,,7.6,1,False
7610.TW,2025,Green Energy and Environmental Services,Green Energy and Environmental Services,6072.684499999999,170.74124507635761,,,2.954545454545454,,,1,2.954545454545454,2.954545454545454,False,52.68,98.094,,,2.954545454545454,1.4811651734290692,9.26829268292683,2.7580375194068165,4.324324324324325,,,5.51572082059887,3,False
7631.TW,2025,Other Electronic,Other Electronic,77.919,2.9610776416435387,,,8.695652173913043,,,1,8.695652173913043,8.695652173913043,False,640.0,37.3,,117.214,8.695652173913043,24.321278387195225,7.894736842105264,1.4174745060037217,3.45679012345679,,,6.6823930464917,3,True
7642.TWO,2025,Electric Machinery,Electric Machinery,107.303,3.7369291128632915,,,9.494949494949495,,,1,9.494949494949495,9.494949494949495,False,2350.5,,,,9.494949494949495,81.85839985634294,7.526881720430108,,,,,8.510915607689801,2,False
7703.TWO,2025,Other Electronic,Other Electronic,447.07759999999996,6.122158396618676,,,7.282608695652174,,,1,7.282608695652174,7.282608695652174,True,2483.48,18.56,,4528.7915,7.282608695652174,34.0080959878879,7.2368421052631575,0.2541555645848565,6.91358024691358,,,7.144343682609637,3,True
7704.TWO,2025,Semiconductor,Semiconductor,749.9572999999999,35.572582353364055,,,3.9705882352941178,,,1,3.9705882352941178,3.9705882352941178,False,2929.0,6.159,,361.5202,3.9705882352941178,138.93070140527112,4.486486486486486,0.2921386787146005,6.042780748663102,,,4.8332851568145685,3,True
7705.TW,2025,Tourism,Tourism,43317.2197,214.49854171584624,,,1.8000000000000005,,,1,1.8000000000000005,1.8000000000000005,False,743574.4691,391.99,,101.5411,1.8000000000000005,3682.0377758243926,3.8095238095238093,1.9410590972715307,7.428571428571429,,,4.346031746031746,3,True
7708.TWO,2025,Tourism,Tourism,6985.192,83.0556381679809,,,5.800000000000001,,,1,5.800000000000001,5.800000000000001,True,219453.36,851.976,,1802.7649,5.800000000000001,2609.3540253306787,4.761904761904762,10.130202632054166,4.857142857142858,,,5.13968253968254,3,True
7709.TWO,2025,Electric Machinery,Electric Machinery,1013.9501,38.598824181602325,,,5.353535353535354,,,1,5.353535353535354,5.353535353535354,True,9155.0,14166.0,,222.5525,5.353535353535354,348.5104793446633,3.978494623655914,539.268099442545,0.11494252873563204,,,3.148990835308967,3,True
7711.TW,2025,Computer and Peripheral Equipment,Computer and Peripheral Equipment,1104.0563000000002,1.644003515851322,,,8.703703703703704,,,1,8.703703703703704,8.703703703703704,True,6159.0,7.0058,,199.9964,8.703703703703704,9.171106268881658,8.105263157894736,0.010432040314747707,9.175257731958762,,,8.661408197852401,3,True
7712.TWO,2025,Semiconductor,Semiconductor,301.2276,7.170869227541756,,,7.009803921568627,,,1,7.009803921568627,7.009803921568627,False,0.0003,,,,7.009803921568627,7.141645613690534e-06,10.0,,,,,8.504901960784313,2,False
7713.TWO,2025,Biotechnology and Medical Care,Biotechnology and Medical Care,309.0441,9.229674095643409,,,8.387096774193548,,,1,8.387096774193548,8.387096774193548,False,,0.214,0.0,144.969,8.387096774193548,,,0.006391159890991899,9.465648854961833,0.0,2.5,6.784248543051793,3,True
7714.TWO,2025,Digital and Cloud Services,Digital and Cloud Services,113.681,2.1159007575334563,,,6.842105263157895,,,1,6.842105263157895,6.842105263157895,False,,0.4,,,6.842105263157895,,,0.007445046252349844,9.5,,,8.171052631578947,2,False
7715.TWO,2025,Green Energy and Environmental Services,Green Energy and Environmental Services,619906.3755,14159.37196556269,,,0.0,,,1,0.0,0.0,False,21668.297,260.5123,,65.7519,0.0,494.9287331265496,2.9268292682926833,5.950399452383527,3.783783783783784,,,2.2368710173588227,3,True
7716.TWO,2025,Shipping and Transportation,Shipping and Transportation,111.41999999999999,1.720057862070313,,,9.09090909090909,,,1,9.09090909090909,9.09090909090909,False,,,,,9.09090909090909,,,,,,,9.09090909090909,1,False
7717.TWO,2025,Communications and Internet,Communications and Internet,335.4872,11.560893698932547,,,7.0786516853932575,,,1,7.0786516853932575,7.0786516853932575,False,3841.1509,,0.0,,7.0786516853932575,132.36611482184443,5.3164556962025316,,,0.0,1.2962962962962963,4.563801225964029,3,False
7718.TWO,2025,Electric Machinery,Electric Machinery,455.12239999999997,6.051275671792456,,,9.09090909090909,,,1,9.09090909090909,9.09090909090909,True,17390.0,140.53,,,9.09090909090909,231.21622651943918,4.838709677419355,1.8684770737651977,5.517241379310345,,,6.482286715879597,3,False
7721.TW,2025,Digital and Cloud Services,Digital and Cloud Services,239.081,15.809490746480853,,,1.3157894736842102,,,1,1.3157894736842102,1.3157894736842102,False,147.1638,16.56,,43457.1614,1.3157894736842102,9.731366082277383,8.518518518518519,1.0950479827410915,1.5000000000000002,,,3.7781026640675766,3,True
7722.TW,2025,Digital and Cloud Services,Digital and Cloud Services,440.3748,1.873318519062075,,,7.36842105263158,,,1,7.36842105263158,7.36842105263158,True,3.192,104.0445,,237.4748,7.36842105263158,0.01357850792744304,9.62962962962963,0.44259682583234566,3.5,,,6.832683560753736,3,True
7723.TWO,2025,Tourism,Tourism,21659.5075,136.36764539513618,,,3.3999999999999995,,,1,3.3999999999999995,3.3999999999999995,False,549041.0465,1593.96,,,3.3999999999999995,3456.746869082156,4.0476190476190474,10.035526987584149,5.142857142857142,,,4.196825396825396,3,False
7728.TWO,2025,Other Electronic,Other Electronic,144.13240000000002,15.61316014854083,,,5.0,,,1,5.0,5.0,True,104.0,0.2189,,160.0961,5.0,11.26581292928062,8.552631578947368,0.023712369713649307,9.62962962962963,,,7.727420402858999,3,True
7730.TW,2025,Semiconductor,Semiconductor,796.5989000000001,56.80779895994554,,,3.431372549019608,,,1,3.431372549019608,3.431372549019608,False,,5.193,,752.4367,3.431372549019608,,,0.370328028320146,5.508021390374331,,,4.46969696969697,2,True
7732.TW,2025,Automobile,Automobile,2529.2858,67.34012965137732,,,3.8095238095238093,,,1,3.8095238095238093,3.8095238095238093,True,20442.066,1212.45,29.8834,6396.7015,3.8095238095238093,544.2529961548877,3.947368421052632,32.28047229609735,0.5263157894736847,29.8834,10.0,4.570802005012531,4,True
7734.TWO,2025,Semiconductor,Semiconductor,1155.6126000000002,15.32805972784734,,,5.392156862745098,,,1,5.392156862745098,5.392156862745098,False,6.209,27.5,,7097.0143,5.392156862745098,0.08235625230306776,9.45945945945946,0.3647603379504531,5.561497326203209,,,6.804371216135922,3,True
7736.TW,2025,Automobile,Automobile,879.144,16.540585351914924,,,7.380952380952381,,,1,7.380952380952381,7.380952380952381,True,83333.0,32.4,,1218.3063,7.380952380952381,1567.8621467371972,1.578947368421053,0.6095872410003862,7.36842105263158,,,5.442773600668338,3,True
7738.TWO,2025,Digital and Cloud Services,Digital and Cloud Services,33.9743,1.945669043323884,,,7.105263157894736,,,1,7.105263157894736,7.105263157894736,False,,,,,7.105263157894736,,,,,,,7.105263157894736,1,False
7740.TW,2025,Green Energy and Environmental Services,Green Energy and Environmental Services,82.0672,3.0813162779455623,,,8.863636363636363,,,1,8.863636363636363,8.863636363636363,True,518.0,,,13.938,8.863636363636363,19.448961728629726,8.048780487804878,,,,,8.456208425720622,2,True
7743.TWO,2025,Food,Food,1718.7815,80.29690037746151,,,5.0,,,1,5.0,5.0,False,70668.6,647.47,,,5.0,3301.449040506124,1.2903225806451613,30.248076377011856,1.6129032258064513,,,2.6344086021505375,3,False
7744.TWO,2025,Electronic Parts and Components,Electronic Parts and Components,3619.8775,50.46443093481943,,,5.480769230769232,,,1,5.480769230769232,5.480769230769232,False,36150.0,41.97,,1306.8671,5.480769230769232,503.9643408633918,4.761904761904762,0.585100508604054,8.02139037433155,,,6.088021455668515,3,True
7747.TWO,2025,Digital and Cloud Services,Digital and Cloud Services,21.627899999999997,0.4395026919105515,,,9.736842105263158,,,1,9.736842105263158,9.736842105263158,False,,,,0.8841,9.736842105263158,,,,,,,9.736842105263158,1,True
7749.TW,2025,Semiconductor,Semiconductor,265.75460000000004,6.089634517261246,,,7.549019607843137,,,1,7.549019607843137,7.549019607843137,False,8357.72,40.803,,,7.549019607843137,191.5129980726755,4.0,0.9349804564354127,4.385026737967914,,,5.311348781937017,3,False
7750.TW,2025,Electric Machinery,Electric Machinery,966.9612999999999,2.2532017039209125,,,9.8989898989899,,,1,9.8989898989899,9.8989898989899,True,8149.812,22.931,0.0,474.6866,9.8989898989899,18.99059485114358,8.709677419354838,0.05343354307210687,9.770114942528735,0.0,1.40625,7.446258065218368,4,True
7751.TWO,2025,Semiconductor,Semiconductor,485.17060000000004,9.110134424052626,,,6.470588235294117,,,1,6.470588235294117,6.470588235294117,False,5507.0,3.78,0.0,54.6844,6.470588235294117,103.40591592577499,4.972972972972974,0.07097773056100044,7.807486631016043,0.0,1.2650602409638554,5.129027020061748,4,True
7753.TWO,2025,Optoelectronic,Optoelectronic,829.9456,29.508586717154547,,,7.017543859649122,,,1,7.017543859649122,7.017543859649122,False,2297.9,38.1224,,192.901,7.017543859649122,81.70147708156948,8.058252427184465,1.3554360023910632,6.538461538461538,,,7.204752608431709,3,True
7757.TWO,2025,Tourism,Tourism,7655.3850999999995,108.20370531344632,,,4.8,,,1,4.8,4.8,False,262330.0,,,,4.8,3707.8576249386037,3.571428571428571,,,,,4.185714285714285,2,False
7760.TW,2025,Tourism,Tourism,7253.0136,173.03087519108425,,,2.8000000000000003,,,1,2.8000000000000003,2.8000000000000003,False,220.748,878.88,,308745.8979,2.8000000000000003,5.266255069021443,8.571428571428573,20.966922713055457,1.1428571428571432,,,4.171428571428572,3,True
7765.TW,2025,Digital and Cloud Services,Digital and Cloud Services,270.7045,4.397285143901536,,,5.526315789473683,,,1,5.526315789473683,5.526315789473683,True,28420.0,10.331,,1626.2322,5.526315789473683,461.650411388365,0.3703703703703709,0.16781528501242782,6.0,,,3.9655620532813516,3,True
7767.TWO,2025,Information Service,Information Service,758.0832,10.714611410497808,,,3.409090909090909,,,1,3.409090909090909,3.409090909090909,True,8423.0,5.4,,2915.701,3.409090909090909,119.04916493416954,2.6470588235294112,0.07632262740644848,5.185185185185186,,,3.747111639268502,3,True
7768.TW,2025,Semiconductor,Semiconductor,292.9623,4.555007776480483,,,8.627450980392158,,,1,8.627450980392158,8.627450980392158,False,6385.0,19.548,0.0,,8.627450980392158,99.27463244529376,5.2972972972972965,0.3039343014942212,5.935828877005347,0.0,1.2650602409638554,5.281409348914664,4,False
7769.TW,2025,Semiconductor,Semiconductor,3985.7086,4.689036445464339,,,8.480392156862745,,,1,8.480392156862745,8.480392156862745,True,41479.52,79.69,2.9278,717603.7072,8.480392156862745,48.799097109198335,6.378378378378377,0.09375229145930367,7.4866310160427805,2.9278,5.783132530120482,7.032133520351096,4,True
7770.TWO,2025,Semiconductor,Semiconductor,40.3867,2.551651330590905,,,9.166666666666666,,,1,9.166666666666666,9.166666666666666,False,457.5218,,,,9.166666666666666,28.90644964169754,7.351351351351352,,,,,8.25900900900901,2,False
7772.TWO,2025,Semiconductor,Semiconductor,7084.08,549.2413031153237,,,0.2941176470588236,,,1,0.2941176470588236,0.2941176470588236,False,49921.0,164.27,0.0,,0.2941176470588236,3870.4637853920444,1.1891891891891893,12.736144829357409,0.6417112299465244,0.0,1.2650602409638554,0.8475195767895982,4,False
7777.TWO,2025,Other,Other,15.946,3.6779938949014856,,,9.340659340659341,,,1,9.340659340659341,9.340659340659341,False,,,,,9.340659340659341,,,,,,,9.340659340659341,1,False
7780.TW,2025,Food,Food,31.4552,0.6178822921337693,,,10.0,,,1,10.0,10.0,False,0.845,0.0,,696.0893,10.0,0.0165985444967139,10.0,0.0,10.0,,,10.0,3,True
7782.TWO,2025,Household,Household,32.05,1.488489819969072,,,8.235294117647058,,,1,8.235294117647058,8.235294117647058,False,,,,,8.235294117647058,,,,,,,8.235294117647058,1,False
7786.TW,2025,Green Energy and Environmental Services,Green Energy and Environmental Services,5829.9414,17.704178369491984,,,5.909090909090908,,,1,5.909090909090908,5.909090909090908,True,22480.0,175.42,0.0,854.814,5.909090909090908,68.26654033712583,7.073170731707316,0.5327098089830343,6.756756756756756,0.0,1.4705882352941178,5.302401658212274,4,True
7788.TW,2025,Electronic Parts and Components,Electronic Parts and Components,18850.6982,94.57082043262353,,,3.701923076923077,,,1,3.701923076923077,3.701923076923077,True,143051.391,1935.654,,38466.3893,3.701923076923077,717.6650576739921,3.8624338624338628,9.71085446870554,2.67379679144385,,,3.4127179102669296,3,True
7791.TW,2025,Food,Food,14543.3478,169.4624296974553,,,3.4375,,,1,3.4375,3.4375,False,324609.0,1025.097,,,3.4375,3782.4186424023546,0.9677419354838712,11.944665745776383,4.838709677419355,,,3.0813172043010755,3,False
7792.TWO,2025,Other Electronic,Other Electronic,257.90110000000004,1.4954132767554629,,,9.130434782608695,,,1,9.130434782608695,9.130434782608695,False,,,,,9.130434782608695,,,,,,,9.130434782608695,1,False
7794.TWO,2025,Household,Household,2161.3532,73.06782792059272,,,2.0588235294117654,,,1,2.0588235294117654,2.0588235294117654,True,56054.0,6.5163,1.0,1803.4756,2.0588235294117654,1894.9906134087219,0.4166666666666663,0.22029341945544037,7.0,1.0,5.0,3.618872549019608,4,True
7795.TW,2025,Electronic Parts and Components,Electronic Parts and Components,21.1621,0.3928513851434744,,,9.903846153846153,,,1,9.903846153846153,9.903846153846153,False,1647.075,168.6259,0.0,80.4726,9.903846153846153,30.57615714816526,8.095238095238095,3.1303565518575662,5.240641711229946,0.0,1.0465116279069768,6.071559397055293,4,True
7799.TW,2025,Biotechnology and Medical Care,Biotechnology and Medical Care,803.7703,4273.953074111,,,0.06451612903225823,,,1,0.06451612903225823,0.06451612903225823,False,206.3191,9.292,,,0.06451612903225823,1097.0773014290462,3.007518796992481,49.40910601528747,0.3053435114503822,,,1.1257928124917072,3,False
7803.TW,2025,Biotechnology and Medical Care,Biotechnology and Medical Care,44.3312,8.204069074800191,,,8.580645161290322,,,1,8.580645161290322,8.580645161290322,False,172.0,13.0466,,,8.580645161290322,31.830852331216676,8.120300751879698,2.4144441745607645,3.435114503816794,,,6.712020138995605,3,False
7805.TWO,2025,Digital and Cloud Services,Digital and Cloud Services,5886.91,30.822158771950924,,,0.7894736842105265,,,1,0.7894736842105265,0.7894736842105265,True,,,,,0.7894736842105265,,,,,,,0.7894736842105265,1,False
7810.TWO,2025,Semiconductor,Semiconductor,2171.6372,143.29317674519788,,,2.303921568627451,,,1,2.303921568627451,2.303921568627451,False,4291.0,2.841,,0.9658,2.303921568627451,283.1370826644727,3.5675675675675675,0.1874603709740776,6.6310160427807485,,,4.167501726325256,3,True
7811.TWO,2025,Sports and Leisure,Sports and Leisure,308.8546,3.3194327774662664,,,9.615384615384615,,,1,9.615384615384615,9.615384615384615,False,1126.0,18.618,,138.0986,9.615384615384615,12.101750491742768,9.6,0.20009803788211974,9.166666666666666,,,9.460683760683759,3,True
7818.TW,2025,Green Energy and Environmental Services,Green Energy and Environmental Services,14907.6399,37.31511249046822,,,4.772727272727273,,,1,4.772727272727273,4.772727272727273,False,59170.0,1221.619,,483.9712,4.772727272727273,148.10762943509286,5.365853658536586,3.057818052439897,4.0540540540540535,,,4.730878328439304,3,True
7819.TWO,2025,Information Service,Information Service,113.23089999999999,6.59117335945508,,,5.454545454545454,,,1,5.454545454545454,5.454545454545454,False,1223.0,6.188,,,5.454545454545454,71.1908588434214,4.117647058823529,0.36020362593875027,2.962962962962963,,,4.178385158777314,3,False
7820.TWO,2025,Green Energy and Environmental Services,Green Energy and Environmental Services,3876.2282999999998,437.570088156544,,,1.1363636363636365,,,1,1.1363636363636365,1.1363636363636365,False,5160.25,,,,1.1363636363636365,582.5175589915088,2.682926829268293,,,,,1.9096452328159645,2,False
7821.TW,2025,Automobile,Automobile,1889.4485,7.650476655755735,,,8.571428571428573,,,1,8.571428571428573,8.571428571428573,False,16509.0,33.03,,146177.2537,8.571428571428573,66.84581194452849,8.157894736842104,0.13374021252212587,9.210526315789473,,,8.646616541353383,3,True
7822.TW,2025,Semiconductor,Semiconductor,936.5142000000001,18.473063903639236,,,4.950980392156863,,,1,4.950980392156863,4.950980392156863,False,3452.0,26.36,,,4.950980392156863,68.09188434661496,5.837837837837839,0.5199600438519034,4.973262032085561,,,5.2540267540267545,3,False
7823.TW,2025,Digital and Cloud Services,Digital and Cloud Services,201.14059999999998,19.405574599843824,,,1.0526315789473684,,,1,1.0526315789473684,1.0526315789473684,False,,,,,1.0526315789473684,,,,,,,1.0526315789473684,1,False
7828.TWO,2025,Semiconductor,Semiconductor,390.5833,34.05598475218901,,,4.068627450980392,,,1,4.068627450980392,4.068627450980392,False,,,,,4.068627450980392,,,,,,,4.068627450980392,1,False
7839.TWO,2025,Digital and Cloud Services,Digital and Cloud Services,22.822100000000002,4.206850826183255,,,5.7894736842105265,,,1,5.7894736842105265,5.7894736842105265,False,,,,,5.7894736842105265,,,,,,,5.7894736842105265,1,False
7842.TWO,2025,Green Energy and Environmental Services,Green Energy and Environmental Services,31.0898,0.45790294768173867,,,9.772727272727273,,,1,9.772727272727273,9.772727272727273,False,0.1491,,,65.529,9.772727272727273,0.002196004139600359,9.512195121951219,,,,,9.642461197339246,2,True
8011.TW,2025,Communications and Internet,Communications and Internet,1806.1963,28.18283185417828,,,4.044943820224719,,,1,4.044943820224719,4.044943820224719,False,7475.2,190.71,,3987.264,4.044943820224719,116.63865365926918,5.822784810126582,2.975727423929691,1.2345679012345678,,,3.700765510528623,3,True
8021.TW,2025,Other Electronic,Other Electronic,19935.6542,160.4573443636592,,,0.6521739130434778,,,1,0.6521739130434778,0.6521739130434778,True,28814.0,101.73,1.5652,8647.6223,0.6521739130434778,231.9170403996311,3.421052631578947,0.8188006010916385,5.185185185185186,1.5652,4.3478260869565215,3.401559454191033,4,True
8024.TWO,2025,Semiconductor,Semiconductor,210.49269999999999,40.6557684182571,,,3.7745098039215685,,,1,3.7745098039215685,3.7745098039215685,False,1610.0,,,,3.7745098039215685,310.9646422578737,3.4594594594594597,,,,,3.616984631690514,2,False
8027.TWO,2025,Electric Machinery,Electric Machinery,5653.8291,131.48845890952302,,,2.1212121212121215,,,1,2.1212121212121215,2.1212121212121215,True,16.854,35.07,,4583.7111,2.1212121212121215,0.39196559486757404,9.46236559139785,0.8156065866859987,7.471264367816092,,,6.351614026808687,3,True
8028.TW,2025,Semiconductor,Semiconductor,32601.9683,239.34750211613138,,,1.519607843137255,,,1,1.519607843137255,1.519607843137255,True,826234.0,3406.458,8.1511,11600.7583,1.519607843137255,6065.800759134524,0.7027027027027022,25.00852727237063,0.05347593582887722,8.1511,7.831325301204819,2.5267779457184134,4,True
8032.TWO,2025,Electronic Products Distribution,Electronic Products Distribution,414.0553,3.8120501720559203,,,3.513513513513513,,,1,3.513513513513513,3.513513513513513,True,1731.89,34.5762,99.92,195.8463,3.513513513513513,15.944854642560857,4.193548387096774,0.3183299650047709,2.4137931034482762,99.92,10.0,5.0302137510146405,4,True
8033.TW,2025,Other,Other,2157.0289,46.93355744513901,,,5.274725274725275,,,1,5.274725274725275,5.274725274725275,False,13353.0,15.31,,1869.9693,5.274725274725275,290.5402855589655,5.142857142857142,0.3331215286383406,7.605633802816901,,,6.007738740133106,3,True
8034.TWO,2025,Communications and Internet,Communications and Internet,230.1,13.709587327122016,,,6.179775280898876,,,1,6.179775280898876,6.179775280898876,False,1930.0,0.06,,,6.179775280898876,114.99132351736415,5.9493670886075956,0.003574859798467279,9.753086419753087,,,7.294076263086519,3,False
8038.TWO,2025,Electronic Parts and Components,Electronic Parts and Components,665.2449,41.537080440661704,,,6.057692307692308,,,1,6.057692307692308,6.057692307692308,False,5007.0,,0.0,,6.057692307692308,312.63097509863377,5.7142857142857135,,,0.0,1.0465116279069768,4.272829883295,3,False
8039.TW,2025,Electronic Parts and Components,Electronic Parts and Components,28613.138,89.40688418634397,,,3.9423076923076925,,,1,3.9423076923076925,3.9423076923076925,False,97820.0,2500.31,0.0,59218.5177,3.9423076923076925,305.65614338099397,5.820105820105821,7.8126672649451345,2.9411764705882346,0.0,1.0465116279069768,3.4375254027271813,4,True
8040.TWO,2025,Semiconductor,Semiconductor,354.02410000000003,16.893699368393428,,,5.196078431372548,,,1,5.196078431372548,5.196078431372548,True,4005.0,0.71,,,5.196078431372548,191.11485904608097,4.0540540540540535,0.03388053680966729,8.71657754010695,,,5.988903341844517,3,False
8042.TWO,2025,Electronic Parts and Components,Electronic Parts and Components,16623.85,146.96573499968642,,,3.028846153846154,,,1,3.028846153846154,3.028846153846154,False,221250.0,694.45,3.86,26886.36,3.028846153846154,1955.995083490324,2.5396825396825395,6.139393381829856,3.5828877005347595,3.86,4.534883720930233,3.4215750287484212,4,True
8043.TWO,2025,Electronic Parts and Components,Electronic Parts and Components,256.3476,1.7405499613935989,,,9.375,,,1,9.375,9.375,False,1089.2,6.052,,,9.375,7.395454523271948,8.88888888888889,0.041091893843960545,9.679144385026738,,,9.314344424638543,3,False
8044.TWO,2025,Digital and Cloud Services,Digital and Cloud Services,5890.8,5.4707817564222605,,,4.473684210526315,,,1,4.473684210526315,4.473684210526315,False,41635.0,1183.9,0.17,1410.63,4.473684210526315,38.666394789950566,5.555555555555555,1.0994870851884828,0.9999999999999998,0.17,2.5,3.3823099415204676,4,True
8045.TW,2025,Communications and Internet,Communications and Internet,746.0477999999999,17.83374090143067,,,5.056179775280899,,,1,5.056179775280899,5.056179775280899,False,7407.0,32.55,,8826.9926,5.056179775280899,177.05905554161137,4.936708860759493,0.7780845494639462,4.567901234567902,,,4.853596623536098,3,True
8046.TW,2025,Electronic Parts and Components,Electronic Parts and Components,702725.42,588.6179185090086,,,0.33653846153846145,,,1,0.33653846153846145,0.33653846153846145,False,5466617.3,37263.0,2.19,382952.4451,0.33653846153846145,4578.956168130842,1.0052910052910058,31.212289854835745,1.1764705882352944,2.19,3.953488372093023,1.6179471067894462,4,True
8047.TWO,2025,Other Electronic,Other Electronic,194.5431,14.466254897313275,,,5.326086956521738,,,1,5.326086956521738,5.326086956521738,False,2801.0,0.4335,,,5.326086956521738,208.28279166608573,3.68421052631579,0.032235126807300306,9.382716049382715,,,6.131004510740081,3,False
8048.TWO,2025,Communications and Internet,Communications and Internet,296.5659,9.868984031459755,,,7.191011235955056,,,1,7.191011235955056,7.191011235955056,False,1922.6954,1.9889,0.0,89.3414,7.191011235955056,63.98257587929404,7.341772151898734,0.06618570220032144,8.518518518518519,0.0,1.2962962962962963,6.086899550667152,4,True
8049.TWO,2025,Optoelectronic,Optoelectronic,623.6512,15.45754805688907,,,8.421052631578947,,,1,8.421052631578947,8.421052631578947,True,6.408,51.65,,481.5392,8.421052631578947,0.15882590773263192,9.805825242718447,1.2801744903855239,6.730769230769232,,,8.319215701688876,3,True
8050.TWO,2025,Computer and Peripheral Equipment,Computer and Peripheral Equipment,3004.3359,16.587021323674985,,,3.7962962962962967,,,1,3.7962962962962967,3.7962962962962967,False,21896.0,50.655,7.1,832.1585,3.7962962962962967,120.88841960154572,4.105263157894737,0.2796676513936928,6.288659793814433,7.1,4.230769230769231,4.605247119693674,4,True
8054.TWO,2025,Semiconductor,Semiconductor,265.0893,3.5435356541103595,,,8.774509803921568,,,1,8.774509803921568,8.774509803921568,False,1.9823,26.3774,,1194.8995,8.774509803921568,0.026498054531597336,9.783783783783784,0.35259536074345743,5.72192513368984,,,8.093406240465063,3,True
8059.TWO,2025,Communications and Internet,Communications and Internet,548.7299999999999,3.1372027744888946,,,9.325842696629215,,,1,9.325842696629215,9.325842696629215,True,4173.8,8.61,,,9.325842696629215,23.86247688327912,8.987341772151899,0.04922514877690191,8.765432098765432,,,9.026205522515516,3,False
8064.TWO,2025,Optoelectronic,Optoelectronic,2202.5061,30.69088714402447,,,6.9298245614035086,,,1,6.9298245614035086,6.9298245614035086,True,24282.0,19.4844,,266.5868,6.9298245614035086,338.3582554578179,6.019417475728154,0.27150595472540595,8.461538461538462,,,7.136926832890041,3,True
8066.TWO,2025,Household,Household,43.5978,0.30973248925194896,,,9.411764705882353,,,1,9.411764705882353,9.411764705882353,False,0.3934,5.8109,0.0,13.1594,9.411764705882353,0.0027948373833477083,10.0,0.041282462000241986,8.5,0.0,0.8333333333333333,7.186274509803922,4,True
8067.TWO,2025,Electronic Products Distribution,Electronic Products Distribution,104.74929999999999,30.163349305977366,,,1.0810810810810811,,,1,1.0810810810810811,1.0810810810810811,False,,,,3.9,1.0810810810810811,,,,,,,1.0810810810810811,1,True
8068.TWO,2025,Electronic Products Distribution,Electronic Products Distribution,35.8946,1.5006936918398608,,,5.135135135135135,,,1,5.135135135135135,5.135135135135135,False,,,,10.3864,5.135135135135135,,,,,,,5.135135135135135,1,True
8069.TWO,2025,Optoelectronic,Optoelectronic,25402.5322,20.909378029875977,,,7.456140350877193,,,1,7.456140350877193,7.456140350877193,True,671082.9,4564.2,57.4,102573.241,7.456140350877193,552.3829646197814,5.631067961165048,3.7568925197134453,3.5576923076923075,57.4,9.767441860465116,6.6030856200499155,4,True
8070.TW,2025,Electronic Products Distribution,Electronic Products Distribution,48244.275700000006,82.04661626631645,,,0.0,,,1,0.0,0.0,True,1935000.0,20130.0,1.3,103359.6305,0.0,3290.7573006702287,0.0,34.234079825577105,0.34482758620689613,1.3,6.666666666666666,1.7528735632183905,4,True
8071.TWO,2025,Electronic Parts and Components,Electronic Parts and Components,13071.954500000002,214.59963482885234,,,2.115384615384616,,,1,2.115384615384616,2.115384615384616,False,173299.0,284.105,,,2.115384615384616,2845.014654557226,1.6402116402116407,4.664094359649973,4.171122994652406,,,2.642239750082888,3,False
8072.TW,2025,Electronic Products Distribution,Electronic Products Distribution,85.1163,2.2860302476743937,,,4.324324324324325,,,1,4.324324324324325,4.324324324324325,False,,,,,4.324324324324325,,,,,,,4.324324324324325,1,False
8074.TWO,2025,Electronic Parts and Components,Electronic Parts and Components,9774.0,240.56513979087612,,,1.9711538461538458,,,1,1.9711538461538458,1.9711538461538458,True,48660.0,1580.406,,60999.87,1.9711538461538458,1197.6570188483765,3.227513227513228,38.898157388616674,0.9625668449197866,,,2.0537446395289534,3,True
8076.TWO,2025,Computer and Peripheral Equipment,Computer and Peripheral Equipment,277.93109999999996,5.007556099826864,,,7.222222222222222,,,1,7.222222222222222,7.222222222222222,False,2850.0,54.546,,,7.222222222222222,51.3491828892361,6.105263157894737,0.9827693087285165,3.9175257731958766,,,5.748337051104279,3,False
8077.TWO,2025,Tourism,Tourism,6907.788200000001,214.88962615586823,,,1.6000000000000003,,,1,1.6000000000000003,1.6000000000000003,False,200.8892,329.664,,,1.6000000000000003,6.249323783081745,8.333333333333334,10.255290357201185,4.571428571428572,,,4.8349206349206355,3,False
8080.TWO,2025,Building Material and Construction,Building Material and Construction,12.494599999999998,1.8694215146520787,,,7.7011494252873565,,,1,7.7011494252873565,7.7011494252873565,False,95.0,0.0,,,7.7011494252873565,14.213743848698437,5.945945945945946,0.0,9.765625,,,7.804240123744434,3,False
8081.TW,2025,Semiconductor,Semiconductor,1276.7354,4.619664838669172,,,8.57843137254902,,,1,8.57843137254902,8.57843137254902,False,8664.0,14.634,,,8.57843137254902,31.349311816864876,7.297297297297297,0.052950811302862485,8.074866310160427,,,7.983531660002249,3,False
8083.TWO,2025,Electric Machinery,Electric Machinery,3664.2913,79.05746569389916,,,3.6363636363636367,,,1,3.6363636363636367,3.6363636363636367,False,12855.0,5.2,,,3.6363636363636367,277.3479612538102,4.623655913978495,0.11219054053051833,9.310344827586206,,,5.856788125976113,3,False
8084.TWO,2025,Electronic Products Distribution,Electronic Products Distribution,65.5695,3.669266181388944,,,3.783783783783784,,,1,3.783783783783784,3.783783783783784,True,609.8,,0.0,19.1076,3.783783783783784,34.124379740748026,2.9032258064516125,,,0.0,1.6666666666666665,2.7845587523006876,3,True
8085.TWO,2025,Other Electronic,Other Electronic,1707.4604,86.01057337514325,,,1.6304347826086951,,,1,1.6304347826086951,1.6304347826086951,True,,102.723,,586.2907,1.6304347826086951,,,5.174506025917111,1.1111111111111116,,,1.3707729468599035,2,True
8086.TWO,2025,Semiconductor,Semiconductor,38801.0202,334.54342029589986,,,0.9313725490196079,,,1,0.9313725490196079,0.9313725490196079,True,186838.0,1094.111,0.0,,0.9313725490196079,1610.9221674858265,2.216216216216216,9.43345392045561,0.8556149732620322,0.0,1.2650602409638554,1.3170659948654277,4,False
8087.TWO,2025,Green Energy and Environmental Services,Green Energy and Environmental Services,45.239599999999996,5.78194961997308,,,7.954545454545454,,,1,7.954545454545454,7.954545454545454,True,262.1799,1.4962,7.2,1755.9125,7.954545454545454,33.50849638744772,7.804878048780488,0.19122523234961677,9.18918918918919,7.2,5.294117647058823,7.560682584893488,4,True
8088.TWO,2025,Semiconductor,Semiconductor,2891.2625,69.55006519350762,,,3.1862745098039214,,,1,3.1862745098039214,3.1862745098039214,False,,14.842,,685.8366,3.1862745098039214,,,0.35702813826210533,5.614973262032086,,,4.400623885918003,2,True
8089.TWO,2025,Communications and Internet,Communications and Internet,270.0421,9.010484211953193,,,7.415730337078652,,,1,7.415730337078652,7.415730337078652,False,1694.3,0.036,,34.8622,7.415730337078652,56.53364197772234,7.468354430379747,0.0012012105950528265,10.0,,,8.294694922486132,3,True
8091.TWO,2025,Semiconductor,Semiconductor,7917.8309,122.33768822044392,,,2.6470588235294112,,,1,2.6470588235294112,2.6470588235294112,False,46081.0,383.78,0.0,2364.0492,2.6470588235294112,711.9933580403033,2.9189189189189193,5.929750026013054,1.60427807486631,0.0,1.2650602409638554,2.108829014569624,4,True
8092.TWO,2025,Other Electronic,Other Electronic,989.4699,89.57873402250853,,,1.4130434782608692,,,1,1.4130434782608692,1.4130434782608692,False,5822.0,25.43,,,1.4130434782608692,527.0775689882478,1.4473684210526316,2.3022299174460907,2.4691358024691357,,,1.7765159005942124,3,False
8093.TWO,2025,Electronic Parts and Components,Electronic Parts and Components,78.9786,14.400533328774968,,,7.596153846153846,,,1,7.596153846153846,7.596153846153846,False,,0.635,,,7.596153846153846,,,0.11578248618957673,9.197860962566844,,,8.397007404360345,2,False
8096.TWO,2025,Electronic Products Distribution,Electronic Products Distribution,174.36290000000002,0.14879859067822013,,,9.72972972972973,,,1,9.72972972972973,9.72972972972973,False,1656.0,0.0,,36.0874,9.72972972972973,1.4132046792243793,8.064516129032258,0.0,9.827586206896552,,,9.207277355219514,3,True
8097.TWO,2025,Communications and Internet,Communications and Internet,335.50649999999996,33.67429781227946,,,3.595505617977528,,,1,3.595505617977528,3.595505617977528,False,,,,,3.595505617977528,,,,,,,3.595505617977528,1,False
8099.TWO,2025,Information Service,Information Service,1027.5469,6.905779020537245,,,5.0,,,1,5.0,5.0,True,,4.688,,349.8412,5.0,,,0.031506388709146606,7.777777777777778,,,6.388888888888889,2,True
8101.TW,2025,Communications and Internet,Communications and Internet,40.0338,3.0033210254246225,,,9.438202247191011,,,1,9.438202247191011,9.438202247191011,False,1.18,5.28,0.0,,9.438202247191011,0.08852316817292025,9.746835443037975,0.39610366775679573,6.049382716049383,0.0,1.2962962962962963,6.632679175643667,4,False
8102.TWO,2025,Semiconductor,Semiconductor,68.84190000000001,4.963926181301968,,,8.088235294117647,,,1,8.088235294117647,8.088235294117647,False,,0.0,0.0,57.7649,8.088235294117647,,,0.0,9.946524064171122,0.0,1.2650602409638554,6.433273199750874,3,True
8103.TW,2025,Electronic Parts and Components,Electronic Parts and Components,116.04100000000001,1.151723664133739,,,9.567307692307693,,,1,9.567307692307693,9.567307692307693,True,3599.71,0.0,47.0,38.2454,9.567307692307693,35.727641014976264,8.042328042328041,0.0,10.0,47.0,8.837209302325581,9.111711259240328,4,True
8104.TW,2025,Optoelectronic,Optoelectronic,7443.0242,56.53505186267574,,,5.7894736842105265,,,1,5.7894736842105265,5.7894736842105265,False,95637.0,72.245,,1757.7055,5.7894736842105265,726.4308982081128,4.854368932038835,0.5487520545504889,7.692307692307692,,,6.112050102852351,3,True
8105.TW,2025,Optoelectronic,Optoelectronic,150285.1861,562.2644124066958,,,0.3508771929824561,,,1,0.3508771929824561,0.3508771929824561,True,3066882.0,3897.8821,1.663,18094.3123,0.3508771929824561,11474.175535193832,0.5825242718446599,14.583209732519855,0.8653846153846156,1.663,4.186046511627907,1.4962081479599099,4,True
8107.TWO,2025,Electric Machinery,Electric Machinery,363.823,11.477688557640644,,,7.97979797979798,,,1,7.97979797979798,7.97979797979798,False,1166.22,15.42,,,7.97979797979798,36.79126924271328,8.172043010752688,0.48646170681572837,8.275862068965518,,,8.142567686505394,3,False
8109.TWO,2025,Electronic Parts and Components,Electronic Parts and Components,2534.0987999999998,48.293730302229015,,,5.625,,,1,5.625,5.625,False,8449.0,23.462,,1786.3965,5.625,161.0172923500587,6.666666666666668,0.44712838360954876,8.39572192513369,,,6.895796197266786,3,True
8110.TW,2025,Semiconductor,Semiconductor,93457.36929999999,426.64224018589084,,,0.5392156862745101,,,1,0.5392156862745101,0.5392156862745101,True,1096935.0,525.1267,0.0052,21080.5455,0.5392156862745101,5007.618010689182,0.9189189189189184,2.397255918366881,3.3155080213903743,0.0052,2.6506024096385543,1.8560612590555892,4,True
8111.TWO,2025,Optoelectronic,Optoelectronic,2540.1014,96.1019775313844,,,4.736842105263158,,,1,4.736842105263158,4.736842105263158,True,19689.0,50.385,0.699,686.8435,4.736842105263158,744.911929742422,4.660194174757281,1.9062617492037142,5.673076923076923,0.699,3.488372093023256,4.639621324030155,4,True
8112.TW,2025,Electronic Products Distribution,Electronic Products Distribution,599.755,0.09380579043037834,,,10.0,,,1,10.0,10.0,True,5568.0,2.323,,1369.42,10.0,0.8708733418084829,9.032258064516128,0.00036333311297074455,9.310344827586206,,,9.447534297367445,3,True
8114.TW,2025,Computer and Peripheral Equipment,Computer and Peripheral Equipment,5569.029,8.333728043252409,,,6.296296296296297,,,1,6.296296296296297,6.296296296296297,True,69452.696,120.9317,,1298.7576,6.296296296296297,103.9319206875533,4.736842105263158,0.18096725651961718,7.010309278350515,,,6.0144825599699905,3,True
8121.TWO,2025,Electronic Parts and Components,Electronic Parts and Components,48761.3869,539.5288526244196,,,0.38461538461538436,,,1,0.38461538461538436,0.38461538461538436,True,169950.0,2240.01,15.8,1140.0,0.38461538461538436,1880.4413560172982,2.6984126984126986,24.78498053481794,1.3903743315508021,15.8,6.7441860465116275,2.804397115272628,4,True
8131.TW,2025,Semiconductor,Semiconductor,110250.1264,388.48934744820986,,,0.5882352941176472,,,1,0.5882352941176472,0.5882352941176472,True,1734282.0,485.9868,5.95,66964.2012,0.5882352941176472,6111.10485285735,0.6486486486486487,1.7124759940451522,3.5828877005347595,5.95,6.9879518072289155,2.9519308626324925,4,True
8147.TWO,2025,Electronic Parts and Components,Electronic Parts and Components,358.118,7.030929947622842,,,8.557692307692308,,,1,8.557692307692308,8.557692307692308,False,2083.83,29.6,,65.9132,8.557692307692308,40.91183004695354,7.936507936507937,0.5811367383087032,8.074866310160427,,,8.189688851453557,3,True
8150.TW,2025,Semiconductor,Semiconductor,235531.2864,327.88542730475154,,,1.029411764705882,,,1,1.029411764705882,1.029411764705882,True,1582710.0,2405.06,1.3292,119699.1374,1.029411764705882,2203.3062043748228,1.8918918918918914,3.3481077518267472,2.8342245989304815,1.3292,5.0602409638554215,2.703942304845919,4,True
8155.TWO,2025,Electronic Parts and Components,Electronic Parts and Components,30372.665999999997,206.81125458857832,,,2.1634615384615383,,,1,2.1634615384615383,2.1634615384615383,True,883200.0,5980.0,,8204.9499,2.1634615384615383,6013.818479175729,0.6878306878306883,40.718562619419004,0.9090909090909094,,,1.253461045127712,3,True
8162.TW,2025,Semiconductor,Semiconductor,13754.3,333.744393046183,,,0.980392156862745,,,1,0.980392156862745,0.980392156862745,True,149000.0,574.09,0.0,,0.980392156862745,3615.4449564049983,1.2972972972972974,13.930139563909702,0.3743315508021394,0.0,1.2650602409638554,0.9792703114815093,4,False
8163.TW,2025,Computer and Peripheral Equipment,Computer and Peripheral Equipment,54515.5524,69.85183770039035,,,1.1111111111111116,,,1,1.1111111111111116,1.1111111111111116,True,559.5,3922.66,18.6,114561.6402,1.1111111111111116,0.7168982331245423,9.157894736842104,5.026180559693149,1.5463917525773196,18.6,5.384615384615384,4.30000324628648,4,True
8171.TWO,2025,Green Energy and Environmental Services,Green Energy and Environmental Services,558.2736,68.69725380262679,,,3.8636363636363633,,,1,3.8636363636363633,3.8636363636363633,False,3570.0,2.626,,166.229,3.8636363636363633,439.29928994560674,3.6585365853658534,0.32313723680592804,7.837837837837838,,,5.120003595613351,3,True
8176.TWO,2025,Communications and Internet,Communications and Internet,95.51,8.15641817014866,,,7.752808988764045,,,1,7.752808988764045,7.752808988764045,False,1221.0,363.0,,,7.752808988764045,104.27166355095292,6.329113924050633,30.99968375839141,0.12345679012345734,,,4.735126567646045,3,False
8182.TWO,2025,Electronic Parts and Components,Electronic Parts and Components,5253.6248,60.6999338538372,,,4.951923076923077,,,1,4.951923076923077,4.951923076923077,True,63736.0,49.99,,2169.3448,4.951923076923077,736.4003200434428,3.8095238095238093,0.577580205832994,8.128342245989305,,,5.629929710812064,3,True
8201.TW,2025,Other Electronic,Other Electronic,352.7498,25.157218440911258,,,3.695652173913043,,,1,3.695652173913043,3.695652173913043,True,3.09,16.5588,,59.0408,3.695652173913043,0.2203709399195004,9.736842105263158,1.1809314951258978,3.950617283950617,,,5.794370521042272,3,True
8210.TW,2025,Computer and Peripheral Equipment,Computer and Peripheral Equipment,12788.812,20.8505995600985,,,3.5185185185185186,,,1,3.5185185185185186,3.5185185185185186,True,160650.0,6454.765,5.16,83612.1428,3.5185185185185186,261.92024867750223,2.8421052631578947,10.523707774384299,0.8247422680412375,5.16,3.4615384615384617,2.661726127814028,4,True
8213.TW,2025,Electronic Parts and Components,Electronic Parts and Components,235044.86,407.3203549660935,,,0.6730769230769229,,,1,0.6730769230769229,0.6730769230769229,True,4334733.0,51015.3,8.57,312625.222,0.6730769230769229,7511.863838431691,0.4761904761904767,88.40682627436206,0.3743315508021394,8.57,5.6976744186046515,1.8053183421685477,4,True
8215.TW,2025,Optoelectronic,Optoelectronic,70341.9926,124.86900912024201,,,3.859649122807017,,,1,3.859649122807017,3.859649122807017,True,12733005.3173,2347.1405,24.98,147302.8064,3.859649122807017,22603.251604419627,0.4854368932038833,4.166573872418129,3.365384615384616,24.98,9.069767441860465,4.195059518313995,4,True
8222.TW,2025,Electric Machinery,Electric Machinery,3596.6917000000003,119.05392755752713,,,2.525252525252525,,,1,2.525252525252525,2.525252525252525,True,18870.0,137.18,,1603.1851,2.525252525252525,624.6150074554728,3.225806451612904,4.540788909525265,3.333333333333334,,,3.028130770066254,3,True
8227.TWO,2025,Semiconductor,Semiconductor,165.58,4.84146074586982,,,8.235294117647058,,,1,8.235294117647058,8.235294117647058,False,1288.0,0.096,,,8.235294117647058,37.66035415316057,6.918918918918919,0.002806982918247993,9.572192513368984,,,8.242135183311653,3,False
8234.TWO,2025,Computer and Peripheral Equipment,Computer and Peripheral Equipment,4280.2605,22.95391230114719,,,2.870370370370371,,,1,2.870370370370371,2.870370370370371,True,9595.0,50.94,,606.0164,2.870370370370371,51.45546364047405,6.0,0.27317783406417384,6.597938144329897,,,5.156102838233422,3,True
8240.TWO,2025,Optoelectronic,Optoelectronic,8672.9384,38.1940842897198,,,6.666666666666668,,,1,6.666666666666668,6.666666666666668,True,38.62,299.0,1.9,19140.8234,6.666666666666668,0.1700756384098126,9.70873786407767,1.3167430317072493,6.634615384615384,1.9,4.651162790697675,6.915295676514349,4,True
8249.TW,2025,Electronic Parts and Components,Electronic Parts and Components,10980.369999999999,94.5682012757772,,,3.75,,,1,3.75,3.75,False,198724.0,352.87,,579.37,3.75,1711.5061906226795,2.8571428571428568,3.0390853117138588,5.3475935828877,,,3.984912146676852,3,True
8255.TWO,2025,Electric Machinery,Electric Machinery,69935.2922,268.6954837142644,,,0.6060606060606055,,,1,0.6060606060606055,0.6060606060606055,True,252705.0,868.4,,6107.0615,0.6060606060606055,970.9073927628945,2.0430107526881724,3.336443599751875,3.908045977011494,,,2.1857057785867573,3,True
8261.TW,2025,Semiconductor,Semiconductor,500.83619999999996,5.1031035087191405,,,7.990196078431373,,,1,7.990196078431373,7.990196078431373,True,3892.53,5.14,,433.7446,7.990196078431373,39.66163688007081,6.8108108108108105,0.052372316607338654,8.128342245989305,,,7.643116378410497,3,True
8271.TW,2025,Semiconductor,Semiconductor,1842.2464,5.761413359005252,,,7.696078431372549,,,1,7.696078431372549,7.696078431372549,True,10320.0,73.56,,421.8738,7.696078431372549,32.2746109667709,7.243243243243242,0.23005042468175071,6.4171122994652405,,,7.118811324693677,3,True
8272.TWO,2025,Information Service,Information Service,184.80929999999998,14.780734725705651,,,1.8181818181818177,,,1,1.8181818181818177,1.8181818181818177,False,3008.3,9.39,,37.1491,1.8181818181818177,240.59873759242808,0.5882352941176472,0.7509962922557257,1.8518518518518523,,,1.419422988050439,3,True
8277.TWO,2025,Semiconductor,Semiconductor,322.21180000000004,37.13608249279215,,,3.8235294117647056,,,1,3.8235294117647056,3.8235294117647056,False,2335.0,30.322,,72.5097,3.8235294117647056,269.1172471668314,3.675675675675676,3.4947208430803696,2.7807486631016043,,,3.426651250180662,3,True
8279.TWO,2025,Biotechnology and Medical Care,Biotechnology and Medical Care,9609.2325,142.53796433299587,,,2.838709677419354,,,1,2.838709677419354,2.838709677419354,True,103052.0,549.822,,2279.9002,2.838709677419354,1528.6155580525178,2.4812030075187974,8.155751109726657,1.7557251908396942,,,2.358545958592615,3,True
8284.TWO,2025,Information Service,Information Service,473.0138,5.31459011857763,,,6.136363636363637,,,1,6.136363636363637,6.136363636363637,False,4454.0,,,157.0981,6.136363636363637,50.043327252069105,5.882352941176471,,,,,6.009358288770054,2,True
8289.TWO,2025,Electronic Parts and Components,Electronic Parts and Components,2429.558,44.2226402977608,,,5.817307692307692,,,1,5.817307692307692,5.817307692307692,False,12801.0,4.1014,,,5.817307692307692,233.00288301478537,6.402116402116402,0.07465338836003756,9.572192513368984,,,7.2638722025976925,3,False
8291.TWO,2025,Electronic Parts and Components,Electronic Parts and Components,183.2145,2305.944542772861,,,0.0,,,1,0.0,0.0,False,1168.68,7.37,0.0,31.1021,0.0,14709.050147492626,0.15873015873015928,92.75909537856441,0.3208556149732622,0.0,1.0465116279069768,0.3815243504025996,4,True
8299.TWO,2025,Semiconductor,Semiconductor,19916.3985,9.80119143749313,,,6.372549019607843,,,1,6.372549019607843,6.372549019607843,True,156265.64,441.3422,8.69,175398.0989,6.372549019607843,76.9009242681293,5.5675675675675675,0.21719184779539236,6.524064171122994,8.69,8.072289156626507,6.634117478731228,4,True
8341.TW,2025,Green Energy and Environmental Services,Green Energy and Environmental Services,133662.733,1109.9988622868864,,,0.6818181818181823,,,1,0.6818181818181823,0.6818181818181823,False,284526.0,11158.879,,19288.792,0.6818181818181823,2362.8391340093176,0.9756097560975607,92.66863482730844,2.1621621621621623,,,1.2731967000259685,3,True
8342.TWO,2025,Other,Other,2237.1871,44.92254777845443,,,5.4945054945054945,,,1,5.4945054945054945,5.4945054945054945,False,18076.0,477.3,,,5.4945054945054945,362.96471298414974,4.571428571428572,9.584147903702958,2.816901408450704,,,4.29427849146159,3,False
8349.TWO,2025,Iron and Steel,Iron and Steel,47641.0,137.38738738738738,,,5.319148936170213,,,1,5.319148936170213,5.319148936170213,True,36080.0,185.4218,,46330.0,5.319148936170213,104.0477096815125,7.391304347826086,0.5347204438753734,9.148936170212766,,,7.286463151403022,3,True
8354.TWO,2025,Other,Other,4577.9256000000005,229.32985676043774,,,1.428571428571429,,,1,1.428571428571429,1.428571428571429,False,,533.0,,,1.428571428571429,,,26.700480596127054,1.2676056338028174,,,1.3480885311871234,2,False
8358.TWO,2025,Electronic Parts and Components,Electronic Parts and Components,102169.86640000001,432.35017850085734,,,0.625,,,1,0.625,0.625,True,456058.0,1737.24,0.65,,0.625,1929.8915096432384,2.6455026455026456,7.351443733500167,3.1016042780748663,0.65,2.558139534883721,2.2325616146153084,4,False
8367.TW,2025,Shipping and Transportation,Shipping and Transportation,6620.5162,66.12340660680006,,,5.757575757575757,,,1,5.757575757575757,5.757575757575757,False,,25.2,,,5.757575757575757,,,0.2516888103817889,8.518518518518519,,,7.138047138047138,2,False
8374.TW,2025,Electric Machinery,Electric Machinery,523.4205000000001,3.858496616391703,,,9.393939393939394,,,1,9.393939393939394,9.393939393939394,True,640.25,12.0,0.0,269.54,9.393939393939394,4.719728131864891,9.247311827956988,0.08846034764916626,9.540229885057471,0.0,1.40625,7.396932776738463,4,True
8383.TWO,2025,Semiconductor,Semiconductor,2737.95,27.39004516738944,,,4.509803921568627,,,1,4.509803921568627,4.509803921568627,False,9999.0,142.965,,,4.509803921568627,100.02851097672604,5.243243243243243,1.430200627241488,3.743315508021391,,,4.498787557611087,3,False
8390.TWO,2025,Green Energy and Environmental Services,Green Energy and Environmental Services,1254.696,8.78687689373422,,,7.045454545454546,,,1,7.045454545454546,7.045454545454546,True,6620.35,1844.32,,,7.045454545454546,46.36358165119946,7.317073170731707,12.916126928476618,3.513513513513513,,,5.958680409899922,3,False
8401.TWO,2025,Other,Other,6259.6572,134.30435118434605,,,2.0879120879120885,,,1,2.0879120879120885,2.0879120879120885,False,,,,,2.0879120879120885,,,,,,,2.0879120879120885,1,False
8403.TWO,2025,Biotechnology and Medical Care,Biotechnology and Medical Care,3304.9195,24.62364246233575,,,7.161290322580644,,,1,7.161290322580644,7.161290322580644,True,16125.5,49.6488,,3062.3378,7.161290322580644,120.14469536289617,6.691729323308271,0.3699134880241456,7.404580152671755,,,7.085866599520223,3,True
8404.TW,2025,Other,Other,114034.62,482.68785033600307,,,0.3296703296703296,,,1,0.3296703296703296,0.3296703296703296,True,1432822.0,7430.26,49.7317,41340.86,0.3296703296703296,6064.8754833763,0.2857142857142858,31.45094206336278,0.8450704225352113,49.7317,9.333333333333334,2.69844709281329,4,True
8409.TWO,2025,Biotechnology and Medical Care,Biotechnology and Medical Care,235.49,55.06243743469461,,,4.838709677419355,,,1,4.838709677419355,4.838709677419355,False,,,,,4.838709677419355,,,,,,,4.838709677419355,1,False
8410.TWO,2025,Computer and Peripheral Equipment,Computer and Peripheral Equipment,10269.6685,286.3689271319005,,,0.1851851851851849,,,1,0.1851851851851849,0.1851851851851849,False,43113.63,1028.423,,8242.8924,0.1851851851851849,1202.2203022290075,0.736842105263158,28.677497345485932,0.20618556701030966,,,0.3760709524862175,3,True
8411.TW,2025,Other,Other,43663.8895,156.4916416220248,,,1.9780219780219777,,,1,1.9780219780219777,1.9780219780219777,False,623329.0,9754.2619,,,1.9780219780219777,2234.0148712728646,0.8571428571428574,34.95933310160494,0.5633802816901412,,,1.132848372284992,3,False
8415.TWO,2025,Iron and Steel,Iron and Steel,14952.604800000001,20.351106596425048,,,8.297872340425531,,,1,8.297872340425531,8.297872340425531,True,77130.0,2773.16,0.12,3781.95,8.297872340425531,104.97708411194442,7.173913043478262,3.774384164085048,7.234042553191489,0.12,1.5,6.051456984273821,4,True
8416.TWO,2025,Information Service,Information Service,244.7891,5.108283396622367,,,6.590909090909092,,,1,6.590909090909092,6.590909090909092,False,1160.81,8.8,,,6.590909090909092,24.223899061000715,7.352941176470589,0.18363927924191412,4.444444444444445,,,6.129431570608041,3,False
8421.TWO,2025,Other,Other,3664.0226,100.73122057499465,,,2.7472527472527473,,,1,2.7472527472527473,2.7472527472527473,False,16194.0,838.392,0.0,,2.7472527472527473,445.2050557743458,4.0,23.049052557784695,1.4084507042253525,0.0,1.3333333333333333,2.3722591962028585,4,False
8422.TW,2025,Green Energy and Environmental Services,Green Energy and Environmental Services,36055.528000000006,224.3668037046739,,,2.045454545454546,,,1,2.045454545454546,2.045454545454546,True,466241.4036,73790.9825,76.75,29189.6593,2.045454545454546,2901.3330072579392,0.7317073170731703,459.1874756556754,0.8108108108108103,76.75,10.0,3.3969931683346317,4,True
8423.TWO,2025,Green Energy and Environmental Services,Green Energy and Environmental Services,7576.2016,640.6521015420514,,,0.9090909090909094,,,1,0.9090909090909094,0.9090909090909094,False,21405.55,164.3,9.3466,,0.9090909090909094,1810.077307362499,1.7073170731707321,13.893392209013951,3.2432432432432434,9.3466,5.882352941176471,2.935501041670339,4,False
8424.TWO,2025,Building Material and Construction,Building Material and Construction,12561.4177,368.06678368902453,,,1.1494252873563215,,,1,1.1494252873563215,1.1494252873563215,True,100372.0,18572.1,,42951.3726,1.1494252873563215,2941.0373967927817,1.216216216216216,544.1880269096483,1.40625,,,1.2572971678575124,3,True
8426.TWO,2025,Other,Other,6658.5199999999995,86.69471688363471,,,3.406593406593407,,,1,3.406593406593407,3.406593406593407,False,,,,,3.406593406593407,,,,,,,3.406593406593407,1,False
8429.TW,2025,Trading and Consumer Goods,Trading and Consumer Goods,77.5252,17.46653148586234,,,7.647058823529411,,,1,7.647058823529411,7.647058823529411,False,11283.0,,,19.9654,7.647058823529411,2542.0750253464007,1.875,,,,,4.761029411764706,2,True
8431.TWO,2025,Other Electronic,Other Electronic,31.2753,0.9594625220737537,,,9.456521739130434,,,1,9.456521739130434,9.456521739130434,False,142.35,6.5339,,,9.456521739130434,4.367008150751514,8.947368421052632,0.20044674784822844,7.1604938271604945,,,8.521461329114521,3,False
8432.TWO,2025,Biotechnology and Medical Care,Biotechnology and Medical Care,289.6209,8.39160483565378,,,8.516129032258064,,,1,8.516129032258064,8.516129032258064,True,716.53,0.76,,310.8323,8.516129032258064,20.76105907029155,8.421052631578947,0.022020578194104336,9.31297709923664,,,8.75005292102455,3,True
8433.TWO,2025,Household,Household,29.91,0.2963841027980168,,,9.705882352941176,,,1,9.705882352941176,9.705882352941176,False,,,,,9.705882352941176,,,,,,,9.705882352941176,1,False
8435.TWO,2025,Other,Other,436.0132,23.31792845730635,,,6.923076923076923,,,1,6.923076923076923,6.923076923076923,False,9909.2193,74.6,,111.7323,6.923076923076923,529.9437418526763,3.571428571428571,3.9895981656405213,4.225352112676056,,,4.90661920239385,3,True
8436.TWO,2025,Biotechnology and Medical Care,Biotechnology and Medical Care,13687.0,64.851714764928,,,4.451612903225807,,,1,4.451612903225807,4.451612903225807,True,340974.0,1148.687,2.29,60569.58,4.451612903225807,1615.602293435856,2.3308270676691736,5.442706340190023,2.1374045801526718,2.29,6.875,3.9487111377619133,4,True
8437.TWO,2025,Other,Other,219.6105,33.8990919286567,,,6.263736263736264,,,1,6.263736263736264,6.263736263736264,True,,,,,6.263736263736264,,,,,,,6.263736263736264,1,False
8438.TW,2025,Green Energy and Environmental Services,Green Energy and Environmental Services,11011.0574,95.76766091632088,,,3.409090909090909,,,1,3.409090909090909,3.409090909090909,False,44722.0,305.08,,120.6326,3.409090909090909,388.96548949964625,3.902439024390244,2.653405293514424,4.864864864864865,,,4.058798266115339,3,True
8440.TWO,2025,Green Energy and Environmental Services,Green Energy and Environmental Services,910.4334,30.077319107091697,,,5.454545454545454,,,1,5.454545454545454,5.454545454545454,True,5401.1,3571.1,,1063.2019,5.454545454545454,178.43217112785294,5.121951219512195,117.97580609777185,1.6216216216216217,,,4.06603943189309,3,True
8442.TW,2025,Other,Other,10325.127400000001,41.45612813198345,,,5.824175824175823,,,1,5.824175824175823,5.824175824175823,False,40.6222,1986.887,25.3014,,5.824175824175823,0.16310105076311773,9.714285714285714,7.977494016758784,2.95774647887324,25.3014,8.0,6.624052004333694,4,False
8443.TW,2025,Trading and Consumer Goods,Trading and Consumer Goods,1549.357,44.314803220055765,,,4.705882352941177,,,1,4.705882352941177,4.705882352941177,True,8810.96,,,,4.705882352941177,252.01161422434112,4.375,,,,,4.540441176470589,2,False
8444.TWO,2025,Other,Other,61730.814,533.6978650043403,,,0.2197802197802201,,,1,0.2197802197802201,0.2197802197802201,False,164540.0,146.25,75.41,60332.4317,0.2197802197802201,1422.5415318160904,1.8571428571428572,1.2644141183183617,6.619718309859155,75.41,9.666666666666666,4.590827013362224,4,True
8446.TWO,2025,Cultural and Creative,Cultural and Creative,194.9967,6.112204339150801,,,7.199999999999999,,,1,7.199999999999999,7.199999999999999,False,1290.0,7.31,,,7.199999999999999,40.43526684043644,5.5,0.22913317876247316,7.777777777777778,,,6.825925925925926,3,False
8450.TWO,2025,Cultural and Creative,Cultural and Creative,421.2885,59.06525939459261,,,1.2,,,1,1.2,1.2,False,26797.0,120.0,,,1.2,3756.9783082066047,0.0,16.824174235354427,0.5555555555555558,,,0.5851851851851853,3,False
8454.TW,2025,Digital and Cloud Services,Digital and Cloud Services,16170.57,4.995696330932594,,,5.0,,,1,5.0,5.0,True,111855.72,36.8636,,1321760.5953,5.0,34.556432457100996,5.925925925925926,0.011388550389068955,9.0,,,6.641975308641975,3,True
8455.TWO,2025,Other Electronic,Other Electronic,12.6082,0.34628696002952514,,,9.782608695652174,,,1,9.782608695652174,9.782608695652174,False,,,,,9.782608695652174,,,,,,,9.782608695652174,1,False
8462.TW,2025,Sports and Leisure,Sports and Leisure,29652.24,162.55248422864926,,,0.7692307692307687,,,1,0.7692307692307687,0.7692307692307687,False,951660.96,1020.6,0.0,8030.86,0.7692307692307687,5216.970225231591,0.40000000000000036,5.5948914956765305,5.0,0.0,0.3333333333333333,1.6256410256410254,4,True
8463.TW,2025,Other,Other,594934.6727,2667.444223263256,,,0.0,,,1,0.0,0.0,True,64530.0,1266.24,,,0.0,289.32617920215887,5.285714285714286,5.677303287663747,3.802816901408451,,,3.029510395707579,3,False
8464.TW,2025,Household,Household,2175.0,2.3257082182508753,,,7.9411764705882355,,,1,7.9411764705882355,7.9411764705882355,False,,,,,7.9411764705882355,,,,,,,7.9411764705882355,1,False
8466.TW,2025,Other,Other,23229.463,218.94974563616876,,,1.5384615384615385,,,1,1.5384615384615385,1.5384615384615385,False,151086.0,605.77,12.18,,1.5384615384615385,1424.063968641298,1.7142857142857137,5.709696664706453,3.661971830985915,12.18,7.0,3.478679770933292,4,False
8467.TW,2025,Sports and Leisure,Sports and Leisure,0.0,0.0,,,10.0,,,1,10.0,10.0,False,247960.0,2069.84,3.71,,10.0,2935.2612409953013,1.2,24.502020999603626,0.4166666666666663,3.71,4.0,3.9041666666666663,4,False
8472.TWO,2025,Digital and Cloud Services,Digital and Cloud Services,82.5283,6.035127939687698,,,3.947368421052632,,,1,3.947368421052632,3.947368421052632,False,410.0,24.5037,,,3.947368421052632,29.982472137096682,6.296296296296297,1.7919061036726243,0.5000000000000004,,,3.5812215724496426,3,False
8473.TW,2025,Green Energy and Environmental Services,Green Energy and Environmental Services,5187.778300000001,39.89038556314634,,,4.545454545454546,,,1,4.545454545454546,4.545454545454546,False,134864.73,25516.334,0.0,3445.3038,4.545454545454546,1037.0154172875175,2.4390243902439024,196.20275627777306,1.3513513513513509,0.0,1.4705882352941178,2.451604630585979,4,True
8476.TW,2025,Green Energy and Environmental Services,Green Energy and Environmental Services,1553.2249,40.4959223962267,,,4.3181818181818175,,,1,4.3181818181818175,4.3181818181818175,False,10841.593,10.26,,,4.3181818181818175,282.6637074769241,4.878048780487805,0.2675003238650668,8.378378378378379,,,5.858202992349334,3,False
8477.TWO,2025,Digital and Cloud Services,Digital and Cloud Services,24.5489,1.6781108444441595,,,7.894736842105264,,,1,7.894736842105264,7.894736842105264,False,370.52,,,,7.894736842105264,25.32796296711665,6.666666666666668,,,,,7.280701754385966,2,False
8478.TW,2025,Sports and Leisure,Sports and Leisure,1945.6100000000001,11.72418500891514,,,7.692307692307692,,,1,7.692307692307692,7.692307692307692,False,14760.0,1023.49,,491695.36,7.692307692307692,88.94329836482514,7.199999999999999,6.16751872922865,4.583333333333334,,,6.491880341880342,3,True
8481.TW,2025,Other,Other,1298.6568,35.23360693056463,,,6.153846153846154,,,1,6.153846153846154,6.153846153846154,True,16143.0,36.581,4.01,489.1064,6.153846153846154,437.9726165374138,4.142857142857142,0.9924720489100624,6.76056338028169,4.01,5.666666666666666,5.680983335912913,4,True
8482.TW,2025,Household,Household,1.9198,0.017900952893793513,,,10.0,,,1,10.0,10.0,False,,1940.45,,,10.0,,,18.0935014286705,0.9999999999999998,,,5.5,2,False
8487.TW,2025,Digital and Cloud Services,Digital and Cloud Services,467.4762,13.94837848837941,,,2.1052631578947367,,,1,2.1052631578947367,2.1052631578947367,False,5025.0,11.87,,,2.1052631578947367,149.93405419164984,2.2222222222222223,0.35417258174226535,4.5,,,2.942495126705653,3,False
8488.TW,2025,Other,Other,21518.559999999998,244.61917261434692,,,1.0989010989010994,,,1,1.0989010989010994,1.0989010989010994,False,213165000.0,2850.23,,,1.0989010989010994,2423221.9038047744,0.0,32.40090899951438,0.7042253521126762,,,0.6010421503379252,3,False
8489.TWO,2025,Other,Other,171.6524,4.235708058860158,,,8.901098901098901,,,1,8.901098901098901,8.901098901098901,False,1965.3,0.113,,,8.901098901098901,48.49589663807711,7.2857142857142865,0.002788396845317618,9.859154929577464,,,8.681989372130218,3,False
8499.TW,2025,Other Electronic,Other Electronic,317.415,4.885409827786476,,,7.934782608695652,,,1,7.934782608695652,7.934782608695652,False,3637.0,0.1374,,,7.934782608695652,55.97793281243612,6.578947368421053,0.002114756108998824,9.876543209876543,,,8.130091062331083,3,False
8905.TWO,2025,Other,Other,15361.289499999999,247.50593398935627,,,0.9890109890109888,,,1,0.9890109890109888,0.9890109890109888,True,158240.0,223.37,,159249.9005,0.9890109890109888,2549.612712817875,0.714285714285714,3.5990077835068806,4.507042253521126,,,2.070112985605943,3,True
8906.TWO,2025,Other,Other,485.0665,76.34991207683132,,,3.626373626373627,,,1,3.626373626373627,3.626373626373627,False,3312.0,228.8,,188.1174,3.626373626373627,521.3118382705574,3.7142857142857144,36.01332989018827,0.4225352112676062,,,2.5877315173089825,3,True
8908.TWO,2025,"Oil, Gas and Electricity","Oil, Gas and Electricity",519.6533999999999,1.5725175866616412,,,10.0,,,1,10.0,10.0,False,1.8546,21.0503,,170.1019,10.0,0.005612185191557835,10.0,0.06370008731686072,9.09090909090909,,,9.696969696969697,3,True
8916.TWO,2025,Other,Other,8318.9998,31.93229424545637,,,6.483516483516483,,,1,6.483516483516483,6.483516483516483,True,381640.0,349.0,14.4189,28958.72,6.483516483516483,1464.916584784143,1.5714285714285714,1.3396286764743368,6.47887323943662,14.4189,7.333333333333333,5.466787906928752,4,True
8917.TWO,2025,"Oil, Gas and Electricity","Oil, Gas and Electricity",1373.2064,13.951920100940635,,,3.6363636363636367,,,1,3.6363636363636367,3.6363636363636367,True,3149.4,20.13,0.4013,187.8328,3.6363636363636367,31.998232141870616,7.0,0.20452289738231264,7.272727272727273,0.4013,10.0,6.9772727272727275,4,True
8921.TWO,2025,Other,Other,5609.8856,304.464948080307,,,0.6593406593406592,,,1,0.6593406593406592,0.6593406593406592,True,28.491,1364.48,,1165.2994,0.6593406593406592,1.5462901481905489,9.142857142857142,74.05433229451548,0.14084507042253502,,,3.3143476242067784,3,True
8923.TWO,2025,Cultural and Creative,Cultural and Creative,210.40359999999998,15.416247826231306,,,4.8,,,1,4.8,4.8,False,3374.0,15.64,,94.5614,4.8,247.21259600930986,1.9999999999999996,1.1459410200313,4.444444444444445,,,3.748148148148148,3,True
8924.TWO,2025,Sports and Leisure,Sports and Leisure,17363.3301,132.57380554170666,,,1.5384615384615385,,,1,1.5384615384615385,1.5384615384615385,False,244418.7143,2151.7977,3.12,,1.5384615384615385,1866.2041736085037,1.6000000000000003,16.42956784222467,1.6666666666666663,3.12,2.6666666666666665,1.867948717948718,4,False
8926.TW,2025,"Oil, Gas and Electricity","Oil, Gas and Electricity",355842.6037,1472.7525439757796,,,0.9090909090909094,,,1,0.9090909090909094,0.9090909090909094,True,895250.0,22824.84,,290.9493,0.9090909090909094,3705.238499507744,0.9999999999999998,94.46688177950779,0.9090909090909094,,,0.9393939393939394,3,True
8927.TWO,2025,"Oil, Gas and Electricity","Oil, Gas and Electricity",3228.7360000000003,10.451100356843103,,,5.454545454545454,,,1,5.454545454545454,5.454545454545454,False,200726.0,1.39,,,5.454545454545454,649.7302877124944,3.0000000000000004,0.004499293065773079,10.0,,,6.151515151515151,3,False
8928.TWO,2025,Sports and Leisure,Sports and Leisure,7561.8912,76.69565913578269,,,3.846153846153846,,,1,3.846153846153846,3.846153846153846,False,55832.0,372.38,,460.3117,3.846153846153846,566.2699882364109,5.2,3.7768236534509723,5.833333333333332,,,4.959829059829059,3,True
8929.TWO,2025,Other,Other,859.5419999999999,39.782733020050934,,,6.043956043956045,,,1,6.043956043956045,6.043956043956045,False,2602.0,14.2,23.7421,,6.043956043956045,120.43003287584847,6.285714285714286,0.6572276967090884,7.183098591549295,23.7421,7.666666666666667,6.794858896971573,4,False
8930.TWO,2025,Iron and Steel,Iron and Steel,670.4432999999999,14.736394058785708,,,8.72340425531915,,,1,8.72340425531915,8.72340425531915,True,5994.0,1271.13,,140.14,8.72340425531915,131.74856992136628,6.521739130434783,27.93953281350456,2.7659574468085104,,,6.003700277520814,3,True
8931.TWO,2025,"Oil, Gas and Electricity","Oil, Gas and Electricity",345255.04980000004,4361.537077299693,,,0.0,,,1,0.0,0.0,True,1472283.69,30217.29,0.0,404993.2149,0.0,18599.061493694062,0.0,381.728900958474,0.0,0.0,1.6666666666666665,0.41666666666666663,4,True
8932.TWO,2025,Digital and Cloud Services,Digital and Cloud Services,998.4942,14.117625351429377,,,1.842105263157895,,,1,1.842105263157895,1.842105263157895,False,20451.0,50.93,,,1.842105263157895,289.1549656092967,1.1111111111111116,0.7200949781664212,2.5,,,1.817738791423002,3,False
8933.TWO,2025,Sports and Leisure,Sports and Leisure,647.1084,7.803571955485939,,,8.461538461538462,,,1,8.461538461538462,8.461538461538462,True,,63.41,,286.953,8.461538461538462,,,0.7646701815296532,8.333333333333334,,,8.397435897435898,2,True
8935.TWO,2025,Other,Other,1721.8347,102.0505234147534,,,2.637362637362637,,,1,2.637362637362637,2.637362637362637,False,6472.8355,60.1,,2004.6464,2.637362637362637,383.63511361026525,4.428571428571429,3.5620355759043996,4.647887323943662,,,3.9046071299592424,3,True
8936.TWO,2025,Other,Other,13323.1371,75.50389153546607,,,3.846153846153846,,,1,3.846153846153846,3.846153846153846,True,473000.0,9223.24,1.39,2899.5812,3.846153846153846,2680.5504160334317,0.5714285714285716,52.269259659991945,0.28169014084507005,1.39,5.333333333333333,2.508151472940205,4,True
8937.TWO,2025,Other,Other,139.3627,60.71952727173706,,,4.5054945054945055,,,1,4.5054945054945055,4.5054945054945055,False,,9.0,,0.4044,4.5054945054945055,,,3.9212482640307167,4.366197183098591,,,4.435845844296548,2,True
8938.TWO,2025,Sports and Leisure,Sports and Leisure,72679.48,159.98697950255342,,,1.1538461538461542,,,1,1.1538461538461542,1.1538461538461542,False,735000.0,10722.98,3.2,,1.1538461538461542,1617.9316353718652,1.9999999999999996,23.604147710829665,0.8333333333333337,3.2,3.333333333333333,1.830128205128205,4,False
8940.TW,2025,Tourism,Tourism,5640.2432,115.0161574547145,,,4.3999999999999995,,,1,4.3999999999999995,4.3999999999999995,False,73536.2676,,,,4.3999999999999995,1499.5557164828676,5.476190476190476,,,,,4.938095238095238,2,False
8941.TWO,2025,Household,Household,42.5942,0.4625916943438157,,,9.117647058823529,,,1,9.117647058823529,9.117647058823529,False,984.0,1.6185,,,9.117647058823529,10.686671594590686,8.333333333333334,0.01757761989415145,9.0,,,8.816993464052288,3,False
8942.TWO,2025,Other,Other,9419.64,66.71136835570576,,,4.065934065934066,,,1,4.065934065934066,4.065934065934066,False,46248.0,987.025,,,4.065934065934066,327.5355919880887,4.714285714285714,6.990265907326657,3.23943661971831,,,4.006552133312697,3,False
8996.TW,2025,Electric Machinery,Electric Machinery,8073.6586,47.151547823290656,,,4.545454545454546,,,1,4.545454545454546,4.545454545454546,True,32360.0,742.689,0.0,15145.0099,4.545454545454546,188.9879375828061,5.483870967741935,4.337430852145756,3.4482758620689657,0.0,1.40625,3.7209628438163618,4,True
9802.TW,2025,Sports and Leisure,Sports and Leisure,40064.65,72.49152906737358,,,4.230769230769232,,,1,4.230769230769232,4.230769230769232,False,681974.0,1199.88,11.4932,78.53,4.230769230769232,1233.939097039236,2.4,2.1710194871878383,6.666666666666668,11.4932,4.666666666666667,4.491025641025642,4,True
9902.TW,2025,Other,Other,29.781,4.990244592110844,,,8.461538461538462,,,1,8.461538461538462,8.461538461538462,False,904.0,1.711,,0.046,8.461538461538462,151.47849673510638,5.857142857142856,0.2867032167187688,8.028169014084508,,,7.448950110921942,3,True
9904.TW,2025,Sports and Leisure,Sports and Leisure,867051.52,109.2801374393354,,,2.3076923076923075,,,1,2.3076923076923075,2.3076923076923075,True,4878400.0,95303.2,33.71,21545.9,2.3076923076923075,614.8564533789801,4.8,12.011681606196214,2.916666666666666,33.71,9.333333333333334,4.839423076923077,4,True
9905.TW,2025,Other,Other,12798.9561,48.1874403358242,,,5.054945054945055,,,1,5.054945054945055,5.054945054945055,False,106495.0,183.29,,2943.3193,5.054945054945055,400.9484381748601,4.2857142857142865,0.6900778368286783,6.901408450704225,,,5.414022597121189,3,True
9906.TW,2025,Building Material and Construction,Building Material and Construction,57.7001,3.042126057550519,,,7.126436781609195,,,1,7.126436781609195,7.126436781609195,False,1072.95,992.44,,27.0509,7.126436781609195,56.56921137829622,5.0,52.32447750619908,3.4375,,,5.187978927203065,3,True
9907.TW,2025,Other,Other,356391.0,238.11675557226445,,,1.208791208791209,,,1,1.208791208791209,1.208791208791209,True,24663593.0,3680.0,1.21,1231713.0,1.208791208791209,16478.571978290172,0.14285714285714235,2.4587311702762786,5.633802816901409,1.21,5.0,2.99636279213744,4,True
9908.TW,2025,"Oil, Gas and Electricity","Oil, Gas and Electricity",1199.5264,11.124827913707389,,,4.545454545454546,,,1,4.545454545454546,4.545454545454546,False,13574.0,5107.0,,142.3387,4.545454545454546,125.89002968226801,5.0,47.36410649678376,2.727272727272727,,,4.090909090909091,3,True
9910.TW,2025,Sports and Leisure,Sports and Leisure,282110.6947,107.42144782122628,,,2.6923076923076925,,,1,2.6923076923076925,2.6923076923076925,True,1770400.0,41126.0,29.1,629094.016,2.6923076923076925,674.1287544059173,4.3999999999999995,15.659861700010028,2.083333333333334,29.1,8.0,4.293910256410257,4,True
9911.TW,2025,Household,Household,3878.7722,12.141827947017639,,,5.294117647058823,,,1,5.294117647058823,5.294117647058823,False,17179.0501,3128.298,,1224.7849,5.294117647058823,53.77605588887024,6.25,9.792597792414668,1.9999999999999996,,,4.514705882352941,3,True
9912.TW,2025,Computer and Peripheral Equipment,Computer and Peripheral Equipment,177.06,11.978701880234546,,,4.629629629629629,,,1,4.629629629629629,4.629629629629629,False,637.0,,,,4.629629629629629,43.095182975880526,6.421052631578947,,,,,5.525341130604287,2,False
9914.TW,2025,Sports and Leisure,Sports and Leisure,4834.387,5.278758409076247,,,8.846153846153847,,,1,8.846153846153847,8.846153846153847,True,71856.0,194.71,12.18,42977.3145,8.846153846153847,78.46092260354474,8.0,0.21260752393865784,8.75,12.18,5.333333333333333,7.732371794871795,4,True
9917.TW,2025,Other,Other,8518.8868,14.542799935897476,,,7.802197802197802,,,1,7.802197802197802,7.802197802197802,False,46653.2265,22.7465,0.33,,7.802197802197802,79.64286359030037,6.571428571428571,0.038831106282794126,9.436619718309858,0.33,4.333333333333334,7.035894856317391,4,False
9918.TW,2025,"Oil, Gas and Electricity","Oil, Gas and Electricity",360.6586,5.24461900642815,,,8.181818181818182,,,1,8.181818181818182,8.181818181818182,False,1616.0,8.83,,136.5163,8.181818181818182,23.499520916423148,8.0,0.12840394164109925,8.181818181818182,,,8.12121212121212,3,True
9919.TW,2025,Other,Other,17859.4626,214.8733769244044,,,1.648351648351648,,,1,1.648351648351648,1.648351648351648,True,165521.0,1340.0,,80947.3673,1.648351648351648,1991.4404491602309,0.9999999999999998,16.122003865821917,1.8309859154929575,,,1.4931125212815353,3,True
9921.TW,2025,Sports and Leisure,Sports and Leisure,25394.799,12.674254825424537,,,7.307692307692308,,,1,7.307692307692308,7.307692307692308,True,1837630.0,20592.0,19.6127,76553.8641,7.307692307692308,917.1401945274264,3.5999999999999996,10.277232568965877,3.333333333333334,19.6127,6.666666666666666,5.226923076923077,4,True
9924.TW,2025,Household,Household,11591.9185,48.949697097338984,,,3.2352941176470584,,,1,3.2352941176470584,3.2352941176470584,False,50983.0,189.6,,217528.8937,3.2352941176470584,215.28812569840218,3.75,0.8006321446838564,6.0,,,4.328431372549019,3,True
9925.TW,2025,Other,Other,3916.0473,15.63737110854884,,,7.582417582417582,,,1,7.582417582417582,7.582417582417582,True,10061.0,30.99,,3497.2985,7.582417582417582,40.17509970400763,7.714285714285714,0.12374777257004237,8.591549295774648,,,7.9627508641593145,3,True
9926.TW,2025,"Oil, Gas and Electricity","Oil, Gas and Electricity",416.93,5.242708527354762,,,9.09090909090909,,,1,9.09090909090909,9.09090909090909,False,4894.0,61.2,,276.68,9.09090909090909,61.5398640847965,6.0,0.7695626648936547,5.454545454545454,,,6.848484848484848,3,True
9927.TW,2025,Other,Other,16789.331899999997,67.49160508352807,,,3.956043956043956,,,1,3.956043956043956,3.956043956043956,False,32578.0,402.9,,827.0491,3.956043956043956,130.96063163842615,6.142857142857143,1.6196217842446405,6.19718309859155,,,5.432028065830882,3,True
9928.TW,2025,Other,Other,5193.999,207.32781109375145,,,1.7582417582417587,,,1,1.7582417582417587,1.7582417582417587,False,,,,,1.7582417582417587,,,,,,,1.7582417582417587,1,False
9929.TW,2025,Other,Other,420.87510000000003,21.23892077039168,,,7.142857142857143,,,1,7.142857142857143,7.142857142857143,False,4270.0,0.2365,,135.97,7.142857142857143,215.4800597364217,5.571428571428571,0.01193466841397277,9.71830985915493,,,7.477531857813548,3,True
9930.TW,2025,Green Energy and Environmental Services,Green Energy and Environmental Services,155020.0,355.6490830205137,,,1.5909090909090906,,,1,1.5909090909090906,1.5909090909090906,True,579647.0,42290.2509,0.7247,355206.3313,1.5909090909090906,1329.8343699238271,1.9512195121951215,97.0228935188521,1.8918918918918914,0.7247,4.117647058823529,2.387916888454908,4,True
9931.TW,2025,"Oil, Gas and Electricity","Oil, Gas and Electricity",424.3595,8.60437895246414,,,6.363636363636363,,,1,6.363636363636363,6.363636363636363,True,,46.4,,46.0,6.363636363636363,,,0.9408135870513941,4.545454545454546,,,5.454545454545455,2,True
9933.TW,2025,Other,Other,17086.0,6.1113191802293585,,,8.351648351648352,,,1,8.351648351648352,8.351648351648352,True,149518.0,3927.6353,78.0,701122.5729,8.351648351648352,53.47958686582776,7.0,1.4048362953199045,6.338028169014085,78.0,10.0,7.9224191301656095,4,True
9934.TW,2025,Household,Household,404.149,0.7495254600973839,,,8.529411764705882,,,1,8.529411764705882,8.529411764705882,False,4584.0,3.69,,,8.529411764705882,8.501381196257835,8.75,0.006843389313741581,9.5,,,8.926470588235295,3,False
9935.TW,2025,Household,Household,1855.0919,12.151152106936303,,,5.0,,,1,5.0,5.0,True,14118.87,185.47,,2642.8257,5.0,92.48088299456204,5.833333333333332,1.214858509852518,5.5,,,5.444444444444444,3,True
9937.TW,2025,"Oil, Gas and Electricity","Oil, Gas and Electricity",4914.78,6.9225985996163955,,,7.272727272727273,,,1,7.272727272727273,7.272727272727273,False,450163.64,1371.66,0.0,2115795.94,7.272727272727273,634.0674829518757,4.0,1.9320196621516785,3.6363636363636367,0.0,1.6666666666666665,4.1439393939393945,4,True
9938.TW,2025,Other,Other,190548.83909999998,383.43855861790735,,,0.4395604395604391,,,1,0.4395604395604391,0.4395604395604391,True,2751844.6134,13549.48,35.8453,92579.5047,0.4395604395604391,5537.495463558291,0.42857142857142816,27.265414503499663,1.1267605633802813,35.8453,8.666666666666668,2.665389774544704,4,True
9939.TW,2025,Other,Other,95149.2297,99.25020635542536,,,2.9670329670329663,,,1,2.9670329670329663,2.9670329670329663,True,1766430.0,17367.82,0.18,206794.65,2.9670329670329663,1842.5639657323893,1.2857142857142856,18.116381229556964,1.6901408450704225,0.18,4.0,2.4857220244544185,4,True
9940.TW,2025,Other,Other,4136.0801,14.725967176745014,,,7.692307692307692,,,1,7.692307692307692,7.692307692307692,True,81984.5212,147.6205,44.0323,3003.6313,7.692307692307692,291.8950646512759,5.0,0.5255833023191904,7.323943661971831,44.0323,9.0,7.25406283856988,4,True
9941.TW,2025,Other,Other,19561.7704,15.666301067633169,,,7.472527472527473,,,1,7.472527472527473,7.472527472527473,True,17840.0,90.79,7.97,2637.7839,7.472527472527473,14.28739860102722,8.285714285714285,0.07271036541408417,9.014084507042254,7.97,6.0,7.693081566321003,4,True
9942.TW,2025,Other,Other,11058.347,88.2680625242423,,,3.2967032967032974,,,1,3.2967032967032974,3.2967032967032974,True,88274.68,984.93,,12933.0234,3.2967032967032974,704.6111840718581,3.0000000000000004,7.861741254999681,3.098591549295775,,,3.131764948666357,3,True
9943.TW,2025,Tourism,Tourism,15687.051800000001,203.54897270723615,,,2.4,,,1,2.4,2.4,False,334.731,1519.56,0.0,3645.8161,2.4,4.343336915816511,8.80952380952381,19.717208874583285,1.428571428571429,0.0,3.333333333333333,3.992857142857143,4,True
9944.TW,2025,Other,Other,3162.3073,42.210000709104484,,,5.7142857142857135,,,1,5.7142857142857135,5.7142857142857135,True,13291.0,248.77,,6182.5091,5.7142857142857135,177.40626264395866,5.7142857142857135,3.3205444253959517,4.929577464788732,,,5.452716297786719,3,True
9945.TW,2025,Other,Other,622323.0401999999,609.1746991585538,,,0.1098901098901095,,,1,0.1098901098901095,0.1098901098901095,True,46163.0,300.3,0.0309,,0.1098901098901095,45.18767556511934,7.428571428571429,0.29395530992797997,7.887323943661972,0.0309,3.333333333333333,4.689779703864211,4,False
9946.TW,2025,Building Material and Construction,Building Material and Construction,237.61839999999998,56.508957409017604,,,2.4137931034482762,,,1,2.4137931034482762,2.4137931034482762,True,22432.0,1692.3,0.0,,2.4137931034482762,5334.641309760031,0.4054054054054057,402.452455800058,1.5625,0.0,3.1818181818181817,1.890879172667966,4,False
9949.TWO,2025,Cultural and Creative,Cultural and Creative,54.9814,13.56576261907791,,,5.2,,,1,5.2,5.2,False,49.0,2.0,,,5.2,12.089949843671087,7.0,0.4934673405580036,6.666666666666668,,,6.288888888888889,3,False
9950.TWO,2025,Plastics,Plastics,4040.9831,56.46868752504129,,,8.75,,,1,8.75,8.75,False,45512.0,26.75,,6198.2616,8.75,635.9845718334429,7.619047619047619,0.3738044317222842,9.523809523809524,,,8.630952380952381,3,True
9951.TWO,2025,Electric Machinery,Electric Machinery,2757.8646,14.555361438256952,,,7.777777777777778,,,1,7.777777777777778,7.777777777777778,True,22541.0,372.53,,878.5688,7.777777777777778,118.96610231689763,6.666666666666668,1.9661258194451832,5.402298850574713,,,6.61558109833972,3,True
9955.TW,2025,Green Energy and Environmental Services,Green Energy and Environmental Services,1178.5714,26.72327076646189,,,5.681818181818182,,,1,5.681818181818182,5.681818181818182,True,19778.0,42.6677,,,5.681818181818182,448.4521253604858,3.414634146341463,0.9674598417051068,5.945945945945946,,,5.014132758035196,3,False
9958.TW,2025,Iron and Steel,Iron and Steel,21320.343800000002,46.24058976405304,,,7.872340425531915,,,1,7.872340425531915,7.872340425531915,True,16883.8078,396.03,,47639.193,7.872340425531915,36.61841654424535,8.695652173913043,0.8589289617486339,8.72340425531915,,,8.430465618254702,3,True
9960.TWO,2025,Sports and Leisure,Sports and Leisure,344.103,17.220473530743373,,,6.538461538461538,,,1,6.538461538461538,6.538461538461538,False,1676.0,,,40.665,6.538461538461538,83.87463532002305,7.6,,,,,7.069230769230769,2,True
9962.TWO,2025,Iron and Steel,Iron and Steel,2987.8056,46.35335739001052,,,7.659574468085106,,,1,7.659574468085106,7.659574468085106,True,18002.0,198.63,,57407.5423,7.659574468085106,279.28628948783324,5.217391304347826,3.0815818065197376,7.659574468085106,,,6.845513413506012,3,True
