firm_id,form,filing_date,period,accession,section,climate_share,skipped,climate_relevance,talk_ambition,talk_specificity,talk_forward_looking_share,talk_hedging,talk_promotional_tone,walk_realised_reductions,walk_capital_deployed,walk_verification,walk_governance,walk_hard_data_consistency,walk_implementation_share,talk,walk,gap,n_commitments,n_quantified,summary,evidence_talk,evidence_walk,commitments,usage_input_tokens,usage_output_tokens,usage_cache_read,usage_model,env_keyword_share,env_sentiment,forward_looking_share,realised_share,climate_similarity,n_env_hits,gated_sentiment,glossiness,skip_reason
0001.HK,esg_report,2022-05-31,2021-12-31,https://www1.hkexnews.hk/listedco/listconews/sehk/2022/0531/2022053100049.pdf,full_report,0.30179028132992325,False,9.0,8.0,7.0,7.0,5.0,6.0,7.0,4.0,3.0,4.0,6.0,5.0,7.1,5.05,2.05,10.0,10.0,"CK Hutchison talks extensively and specifically about net-zero pathways, with numerous quantified division-level targets, though most key targets are still pending SBTi validation and much content concerns target-setting, reporting frameworks and materiality processes. On walk, it reports a realised 10.3% scope 1+2 cut in 2021 (hard data shows -14.6%, directionally consistent but with differing figures), a coal capacity reduction from 53% to 32%, and 6,405GWh of renewable generation, but there is no third-party assurance of emissions data and no disclosed climate capex amounts, and three divisions saw emissions rise in 2021.","[""taking meaningful action to enable the net-zero transition for all"", ""all core businesses have been assessing the pathway to setting science-based targets"", ""While the Group is still working on its exact pathway, it is already contributing meaningfully"", ""pending validation by the Science Based Targets initiative""]","[""the Group reduced its total scope 1 and 2 emissions by 10.3% versus 2020, and 17.8% versus 2018"", ""coal-fired generation installed capacity has reduced from 53% in 2016 to 32% in 2021"", ""In 2021, the Group was responsible for generating 6,405GWh of renewable and other clean energy"", ""UK Power Networks and Hong Kong Electric have also taken the step to have their targets validated as science-based""]","[{""text"": ""the Group reduced its total scope 1 and 2 emissions by 10.3% versus 2020, and 17.8% versus 2018"", ""kind"": ""achievement"", ""quantified"": true, ""horizon_year"": 2021}, {""text"": ""commitment to phase out its coal-fired power generation globally by 2035... coal-fired generation installed capacity has reduced from 53% in 2016 to 32% in 2021"", ""kind"": ""target"", ""quantified"": true, ""horizon_year"": 2035}, {""text"": ""Retail: Reduce scope 1 and 2 emissions by 50% by 2030, versus a 2018 baseline... pending validation by the Science Based Targets initiative"", ""kind"": ""target"", ""quantified"": true, ""horizon_year"": 2030}, {""text"": ""CKHGT: Reduce scope 1 and 2 emissions by 50% by 2030, versus a 2020 baseline; Reduce scope 3 emissions by 42% by 2030"", ""kind"": ""target"", ""quantified"": true, ""horizon_year"": 2030}, {""text"": ""CKHGT has committed to net-zero in operations (scope 1 and 2) by 2040"", ""kind"": ""target"", ""quantified"": true, ""horizon_year"": 2040}, {""text"": ""Ports: Reduce diesel consumption per TEU by 30% by 2030 versus a 2020 baseline; reduce GHG emissions intensity (kgCO2e per TEU) by 20% by 2030"", ""kind"": ""target"", ""quantified"": true, ""horizon_year"": 2030}, {""text"": ""In 2021, the Group was responsible for generating 6,405GWh of renewable and other clean energy which enabled over five million tonnes of avoided CO2 emissions"", ""kind"": ""achievement"", ""quantified"": true, ""horizon_year"": 2021}, {""text"": ""100% of its Own Brand plastic packaging being reusable, recyclable or compostable by 2025"", ""kind"": ""target"", ""quantified"": true, ""horizon_year"": 2025}, {""text"": ""UK Power Networks: Achieve net-zero for directly controlled operational emissions by 2028; Northumbrian Water by 2027; Northern Gas Networks by 2031"", ""kind"": ""target"", ""quantified"": true, ""horizon_year"": 2028}, {""text"": ""WINDTRE introduced a new plan to link 10% of management's short and long-term compensation to its 2030 sustainability objectives"", ""kind"": ""policy"", ""quantified"": true, ""horizon_year"": 2030}]",10662.0,1171.0,0.0,kimi-k3,0.047909918918331414,0.15866599292572006,0.26680141485598785,0.06568974229408793,0.10324879250715191,1979.0,0.1566200215285253,0.04726640035899229,
0001.HK,esg_report,2023-04-28,2022-12-31,https://www1.hkexnews.hk/listedco/listconews/sehk/2023/0428/2023042802875.pdf,full_report,0.18331503841931943,False,8.0,9.0,8.0,8.0,4.0,6.0,5.0,2.0,6.0,7.0,8.0,4.0,7.8,5.05,2.75,10.0,7.0,"CK Hutchison talks extensively and specifically: SBTi-validated divisional targets, a Group 50% scope 1+2 cut by 2035 and net-zero-by-2050 pursuit, backed by a board-level Sustainability Committee and HKEX/TCFD reporting. Demonstrable walk is thinner — the hard data shows a real ~18.9% scope 1+2 decline since 2020 (unassured) and SBTi validations, a hydrogen trial and a green bond provide concrete actions, but no quantified capex/opex figures, no third-party assurance of emissions, and much of the content is target-setting, reporting and framework-building rather than realised operational change.","[""a Group-wide commitment of reducing scope 1 and 2 emissions by 50% by 2035 versus a 2020 baseline, as well as a commitment to the pursuit of net-zero greenhouse gas emissions across its value chain by 2050"", ""committing to the continuing pursuit of net-zero by 2050"", ""2022 was a defining year in the Group's approach to action on climate change"", ""Objectives & Targets (2023-24): Publish a standalone Climate Transition Plan. Develop a Group-wide renewable electricity strategy. Report to the Carbon Disclosure Project.""]","[""The Retail division received validation of its near-term targets from the SBTi in November 2022"", ""Northern Gas Networks achieved a world-first when it completed a seven-month trial of supplying 100% hydrogen through existing natural gas infrastructure in Middlesbrough"", ""Launched CKHH's inaugural green bond and closed out allocation in Year 1"", ""6,871GWh of renewable and other clean energy generation in 2022""]","[{""text"": ""Group-wide commitment of reducing scope 1 and 2 emissions by 50% by 2035 versus a 2020 baseline, as well as a commitment to the pursuit of net-zero greenhouse gas emissions across its value chain by 2050."", ""kind"": ""target"", ""quantified"": true, ""horizon_year"": 2035}, {""text"": ""CK Hutchison Group Telecom... reducing scope 1 and 2 emissions by 50% by 2030 and reducing scope 3 emissions by 42% by 2030 versus a 2020 baseline... validated by the SBTi."", ""kind"": ""target"", ""quantified"": true, ""horizon_year"": 2030}, {""text"": ""Hutchison Ports... now targeting a 46.2% reduction in emissions by 2032 versus a 2021 baseline."", ""kind"": ""target"", ""quantified"": true, ""horizon_year"": 2032}, {""text"": ""The Retail division received validation of its near-term targets from the SBTi in November 2022."", ""kind"": ""achievement"", ""quantified"": true, ""horizon_year"": 2022}, {""text"": ""The Infrastructure division developed its first division-wide emissions reduction targets including halving emissions by 2035 versus 2020, and committing to the continuing pursuit of net-zero by 2050."", ""kind"": ""target"", ""quantified"": true, ""horizon_year"": 2035}, {""text"": ""Ports division launched an updated decarbonisation strategy which mandates that all new investments in mobile and stationary machinery will be fully electric or supplemented with other forms of clean energy."", ""kind"": ""policy"", ""quantified"": false, ""horizon_year"": null}, {""text"": ""In October 2022, Northern Gas Networks achieved a world-first when it completed a seven-month trial of supplying 100% hydrogen through existing natural gas infrastructure in Middlesbrough, the UK."", ""kind"": ""achievement"", ""quantified"": true, ""horizon_year"": 2022}, {""text"": ""Launched CKHH's inaugural green bond and closed out allocation in Year 1. Published the Group's first Green Bond Report."", ""kind"": ""investment"", ""quantified"": false, ""horizon_year"": 2022}, {""text"": ""6,871 GWh of renewable and other clean energy generation in 2022."", ""kind"": ""achievement"", ""quantified"": true, ""horizon_year"": 2022}, {""text"": ""Publish a standalone Climate Transition Plan. Develop a Group-wide renewable electricity strategy. Report to the Carbon Disclosure Project."", ""kind"": ""target"", ""quantified"": false, ""horizon_year"": 2024}]",9682.0,1250.0,0.0,kimi-k3,0.0475489745240504,0.11513859275053305,0.2302771855010661,0.05650319829424307,0.07866358982899449,938.0,0.10620525059665871,0.019469019593459938,
0001.HK,esg_report,2024-04-19,2023-12-31,https://www1.hkexnews.hk/listedco/listconews/sehk/2024/0419/2024041900719.pdf,full_report,0.22655298416565164,False,7.0,8.0,7.0,6.0,4.0,6.0,7.0,3.0,5.0,6.0,8.0,5.0,6.8,5.65,1.1499999999999995,10.0,10.0,"CK Hutchison talks ambitiously with a detailed, SBTi-validated target architecture across its four divisions (50% scope 1+2 cuts, net zero by 2050) but much of the environment agenda (transition plan, renewable strategy, biodiversity philosophy) is still 'under development'. On walk, it reports sizeable quantified 2023 reductions per division (93k, 167k, 194k, 740k tCO2) that are consistent with the hard-data -23.1% group scope 1+2 decline since 2020, but lacks third-party assurance of emissions data and discloses almost no monetary capex figures for its low-carbon investments.","[""we continued to pursue net-zero greenhouse gas (GHG) emissions in operations... we are making good progress collectively and are on track to achieve these targets"", ""committing to the continued pursuit of net-zero by 2050"", ""Group-wide standalone Climate Transition Plan under development; Group-wide renewable electricity strategy under development"", ""the Group regularly holds sustainability committee and workgroup meetings... A prime example of the Group's strong commitment to sustainability""]","[""approximately 93,000tCO2 of emissions reduction on scope 1 and 2 emissions have been achieved in 2023"", ""In 2023, the division achieved approximately 740,000tCO2 reduction in emissions against its target"", ""the Ports division continued the electrification of machines and equipment and procurement of renewable energy"", ""Hutchison Ports KICT in Pakistan and Hutchison Ports MITT in Myanmar developed... 80kW and 100kW of on-site solar PV installation""]","[{""text"": ""group-wide commitment of reducing scope 1 and 2 emissions by 50% versus a 2020 baseline"", ""kind"": ""target"", ""quantified"": true, ""horizon_year"": null}, {""text"": ""Hutchison Ports received Science Based Targets initiatives (SBTi) validation... to reduce scope 1 and 2 GHG emissions 54.6% by 2033 from a 2021 base year; reduce absolute scope 3 GHG emissions 32.5%... and achieve net-zero across the value chain by 2050"", ""kind"": ""target"", ""quantified"": true, ""horizon_year"": 2033}, {""text"": ""approximately 93,000tCO2 of emissions reduction on scope 1 and 2 emissions have been achieved in 2023, representing a reduction of around 19% versus the 2021 baseline emissions"", ""kind"": ""achievement"", ""quantified"": true, ""horizon_year"": 2023}, {""text"": ""The Retail division reduced approximately 167,000tCO2 of emissions in 2023... an approximately 26% reduction as compared to its set target"", ""kind"": ""achievement"", ""quantified"": true, ""horizon_year"": 2023}, {""text"": ""The Infrastructure division developed its first division-wide emissions reduction targets in 2022, including halving emissions by 2035 versus 2020, and committing to the continued pursuit of net-zero by 2050"", ""kind"": ""target"", ""quantified"": true, ""horizon_year"": 2035}, {""text"": ""In 2023, the division achieved approximately 740,000tCO2 reduction in emissions against its target, and reached around 18% of its reduction targets"", ""kind"": ""achievement"", ""quantified"": true, ""horizon_year"": 2023}, {""text"": ""CKHGT has SBTi validated targets to reduce scope 1 and 2 emissions by 50% by 2030 and reduce scope 3 emissions by 42% by 2030 versus a 2020 baseline"", ""kind"": ""target"", ""quantified"": true, ""horizon_year"": 2030}, {""text"": ""In 2023, a reduction of approximately 194,000tCO2 in emissions of scope 1 and 2 has been achieved, around 80% of its targets"", ""kind"": ""achievement"", ""quantified"": true, ""horizon_year"": 2023}, {""text"": ""Hutchison Ports KICT in Pakistan and Hutchison Ports MITT in Myanmar developed their own clean energy support with 80kW and 100kW of on-site solar PV installation"", ""kind"": ""investment"", ""quantified"": true, ""horizon_year"": 2023}, {""text"": ""3 UK, partnering with Ekkosense... 12.5% reduction in data centre cooling energy consumption"", ""kind"": ""achievement"", ""quantified"": true, ""horizon_year"": 2023}]",10219.0,1179.0,0.0,kimi-k3,0.04921236758785131,0.14705882352941177,0.22370766488413546,0.054367201426024955,0.08494365180614806,1122.0,0.1351084812623274,0.030609229616069305,
0001.HK,esg_report,2025-04-15,2024-12-31,https://www1.hkexnews.hk/listedco/listconews/sehk/2025/0415/2025041500875.pdf,full_report,0.20630081300813008,False,8.0,8.0,7.0,5.0,4.0,6.0,8.0,7.0,2.0,6.0,8.0,6.0,6.5,6.4,0.09999999999999964,10.0,8.0,"CK Hutchison sets out an ambitious decarbonisation narrative (50% Scope 1+2 cut from 2020, net-zero roadmaps, expanding disclosure) alongside a forward-looking pipeline of transition plans and strategies still under development. On the walk side it reports quantified, division-level realised reductions (Group ~20% vs 2020, consistent with the hard data showing -17.9% from 2021-2024), concrete renewable energy purchases (580 GWh EACs), wind farm acquisitions, EV fleet conversion and a US$1bn green bond; however, none of the emissions data carries third-party assurance, which limits the verification score.","[""The Group's decarbonisation goal... committed to reducing Scope 1 and 2 emissions by 50% from a 2020 baseline"", ""the Group is developing a consolidated Climate Transition Plan to enable the decarbonisation process across operations"", ""The Group is exploring a Group-wide renewable energy strategy to enable group wide adoption"", ""The Group is dedicated to operating sustainably, creating a positive impact on the environment""]","[""the Group's emissions reduced by approximately 5% year on year, achieving almost a 20% reduction from the 2020 baseline"", ""It has acquired over 580 GWh of renewable energy... covering almost 100% of FY2024 consumption in these markets"", ""the acquisition of UK Renewables Energy, a portfolio of operating onshore wind farms in the UK"", ""The Group issued a debut US Dollar Green note of US$1 billion in April 2024""]","[{""text"": ""The Group's decarbonisation goal, first reported in the 2022 Sustainability Report, committed to reducing Scope 1 and 2 emissions by 50% from a 2020 baseline."", ""kind"": ""target"", ""quantified"": true, ""horizon_year"": null}, {""text"": ""the Group's emissions reduced by approximately 5% year on year, achieving almost a 20% reduction from the 2020 baseline"", ""kind"": ""achievement"", ""quantified"": true, ""horizon_year"": 2024}, {""text"": ""Hutchison Ports have achieved over 5% reduction in carbon intensity year on year, and over 15% GHG emissions reduction in 2024 from its 2021 baseline"", ""kind"": ""achievement"", ""quantified"": true, ""horizon_year"": 2024}, {""text"": ""The Retail division has also made significant progress, reducing GHG emissions by over 71% year on year, representing an over 75% reduction from its baseline year in 2018"", ""kind"": ""achievement"", ""quantified"": true, ""horizon_year"": 2024}, {""text"": ""It has acquired over 580 GWh of renewable energy across Mainland China, Hong Kong, the Philippines, Malaysia, Thailand, T\u00fcrkiye and Indonesia, covering almost 100% of FY2024 consumption in these markets"", ""kind"": ""achievement"", ""quantified"": true, ""horizon_year"": 2024}, {""text"": ""more than 80% of Watsons China's warehouse-to-store deliveries in Beijing, Shanghai, Guangzhou, Shenzhen, Tianjin, Chongqing and Xiamen are made by electric vehicles (EVs)"", ""kind"": ""achievement"", ""quantified"": true, ""horizon_year"": 2024}, {""text"": ""In 2024, the division made a number of renewable energy-related capacity expansions, such as the acquisition of UK Renewables Energy, a portfolio of operating onshore wind farms in the UK"", ""kind"": ""investment"", ""quantified"": false, ""horizon_year"": 2024}, {""text"": ""The Group issued a debut US Dollar Green note of US$1 billion in April 2024"", ""kind"": ""investment"", ""quantified"": true, ""horizon_year"": 2024}, {""text"": ""CKHGT has increased its use of purchased renewable energy to over 60%... improved network energy efficiency by up to 70% at selected sites"", ""kind"": ""achievement"", ""quantified"": true, ""horizon_year"": 2024}, {""text"": ""the Group is developing a consolidated Climate Transition Plan to enable the decarbonisation process across operations"", ""kind"": ""policy"", ""quantified"": false, ""horizon_year"": null}]",10377.0,1297.0,0.0,kimi-k3,0.04367754111620383,0.14347450302506481,0.26879861711322384,0.0665514261019879,0.07385123038521293,1157.0,0.1201923076923077,0.024795770794246403,
0001.HK,esg_report,2026-04-17,2025-12-31,https://www1.hkexnews.hk/listedco/listconews/sehk/2026/0417/2026041700536.pdf,full_report,0.2631246046805819,False,6.0,6.0,5.0,6.0,4.0,6.0,5.0,4.0,2.0,7.0,6.0,4.0,6.0,4.55,1.4500000000000002,10.0,6.0,"CK Hutchison talks extensively about sustainability governance, decarbonisation pathways and CDP/TCFD disclosures, and the supplied excerpt is dominated by frameworks, committees and ratings rather than operational detail. Walk evidence is real but thin in the text: 2,233 GWh of renewable generation and emissions-linked executive pay at three divisions, while the hard data confirm a genuine -18.8% scope 1+2 reduction over 2022-2025, though entirely self-reported with no third-party assurance.","[""The Group has a strong commitment to the highest standards... It takes environmental and social responsibilities seriously"", ""Take Action on Climate Change (Group Goal 4)"", ""The Decarbonisation Pathway \u2014 The 10-Net Zero Opportunities (contents listing only; detail not supplied)"", ""I believe the report shows measurable successes in 2025 \u2013 including ratings and award achievements on many fronts""]","[""2,233 GWh of renewable and other clean energy generation in 2025"", ""At the Retail division, Scope 1 and 2 GHG reduction performance against the 2018 baseline has been incorporated as an STIP/LTIP metric for nominated executives"", ""Scope 1 and 2 GHG emissions reduction... Renewable electricity procurement... were incorporated for the first time into leadership STIP plans"", ""HARD DATA: scope 1+2 fell from 9,654,742 tCO2e (2022) to 7,841,233 tCO2e (2025), -18.8%, with no third-party assurance flag in any year""]","[{""text"": ""Take Action on Climate Change (Group Goal 4 under the Environment pillar of the Group Sustainability Framework)"", ""kind"": ""target"", ""quantified"": false, ""horizon_year"": null}, {""text"": ""2,233 GWh of renewable and other clean energy generation in 2025 (2025 data include only businesses involved in renewable power generation)"", ""kind"": ""achievement"", ""quantified"": true, ""horizon_year"": 2025}, {""text"": ""Generation capacity over 9,600 MW across the Infrastructure division"", ""kind"": ""achievement"", ""quantified"": true, ""horizon_year"": 2025}, {""text"": ""At the Retail division, Scope 1 and 2 GHG reduction performance against the 2018 baseline has been incorporated as an STIP/LTIP metric for nominated executives."", ""kind"": ""policy"", ""quantified"": true, ""horizon_year"": null}, {""text"": ""For climate-related KPIs, carbon intensity is the core measure, defined as total Scope 1 and 2 emissions per TEU. Annual targets... are set based on the previous year's reductions relative to the 2021 baseline (Ports division STIP/LTIP)."", ""kind"": ""policy"", ""quantified"": true, ""horizon_year"": null}, {""text"": ""Across European business units, sustainability-linked KPIs were incorporated for the first time into leadership STIP plans... including Scope 1 and 2 GHG emissions reduction, renewable electricity procurement, circular devices and networks (Telecommunications)."", ""kind"": ""policy"", ""quantified"": false, ""horizon_year"": null}, {""text"": ""Sustainability-linked KPIs also embedded in the LTIP framework from 2026 onwards (Telecommunications division)."", ""kind"": ""target"", ""quantified"": true, ""horizon_year"": 2026}, {""text"": ""The Group continues to be a signatory of the United Nations Global Compact"", ""kind"": ""policy"", ""quantified"": false, ""horizon_year"": null}, {""text"": ""During the reporting year, efforts focused on Group-wide initiatives such as decarbonisation and climate transition planning, with all divisions systematically reporting on progress."", ""kind"": ""other"", ""quantified"": false, ""horizon_year"": null}, {""text"": ""In 2025, CKHH sustained its participation in CDP disclosure and received a 'B' score in both the climate change and water security sections"", ""kind"": ""achievement"", ""quantified"": true, ""horizon_year"": 2025}]",10271.0,1088.0,0.0,kimi-k3,0.04613953488372093,0.1130820399113082,0.2466740576496674,0.057649667405764965,0.07721947470508954,1804.0,0.10836501901140684,0.02851350278858017,
0002.HK,annual_report,2022-03-11,2021-12-31,https://www1.hkexnews.hk/listedco/listconews/sehk/2022/0311/2022031100405.pdf,full_report,0.12336719883889695,False,9.0,8.0,7.0,6.0,5.0,6.0,5.0,7.0,6.0,5.0,6.0,6.0,6.8,5.85,0.9500000000000002,10.0,7.0,"CLP talks ambitiously — net zero by 2050, coal phase-out by 2040, TCFD-aligned reporting and 'sustainability at the heart of our business' — and backs some of it with concrete numbers, notably 39% of HK$15.4bn capital investment going to renewables, renewable capacity rising to 3,624MW and third-party assured 2021 emissions. However, the walk is partial: emissions intensity was flat at 0.57kg CO2e/kWh year-on-year, scope 1+2 emissions actually rose in 2021 vs 2020 (45.3 to 47.9 MtCO2e, only -4.7% vs 2019), and coal still received HK$2.6bn of capital and ~46% of operating earnings, so realised decarbonisation lags the rhetoric.","[""Updated Climate Vision 2050 to achieve net zero by 2050 and phase out coal by 2040"", ""Accelerate our response to climate change"", ""a testament to our commitment to address climate change and keep our stakeholders informed"", ""Shaping and executing the transition to net zero""]","[""Capital investment by asset type %: Coal 17% (2,628), Gas 37% (5,639), Nuclear 6% (860), Renewables 39% (5,957), Total: HK$15,411 million"", ""Renewable energy capacity 3,624 MW (2020: 3,398MW)"", ""0.57kg CO2e/kWh ... 2020: 0.57kg"", ""Feed-in Tariff Scheme ... 265MW approved or connected to grid since May 2018""]","[{""text"": ""Updated Climate Vision 2050 to achieve net zero by 2050 and phase out coal by 2040"", ""kind"": ""target"", ""quantified"": true, ""horizon_year"": 2050}, {""text"": ""the company's commitment to exit coal by 2040"", ""kind"": ""target"", ""quantified"": true, ""horizon_year"": 2040}, {""text"": ""Greenhouse gas emissions intensity 0.57kg CO2e/kWh (2020: 0.57kg CO2e/kWh)"", ""kind"": ""achievement"", ""quantified"": true, ""horizon_year"": null}, {""text"": ""Renewable energy capacity 3,624 MW (2020: 3,398MW)"", ""kind"": ""achievement"", ""quantified"": true, ""horizon_year"": null}, {""text"": ""Capital investment by asset type: Renewables HK$5,957 million (39%) of HK$15,411 million total; Nuclear HK$860 million"", ""kind"": ""investment"", ""quantified"": true, ""horizon_year"": null}, {""text"": ""Capital investments in coal assets include maintenance, upgrades and efficiency improvements only"", ""kind"": ""policy"", ""quantified"": false, ""horizon_year"": null}, {""text"": ""Feed-in Tariff Scheme in Hong Kong: 265MW approved or connected to grid since May 2018"", ""kind"": ""achievement"", ""quantified"": true, ""horizon_year"": null}, {""text"": ""Renewable Energy Certificates sales in Hong Kong in 2021: 15GWh; 186.2MW capacity contracted in Australia"", ""kind"": ""achievement"", ""quantified"": true, ""horizon_year"": null}, {""text"": ""the early retirement of Yallourn... potential investment in offshore wind... blending of hydrogen into the fuel mix"", ""kind"": ""target"", ""quantified"": false, ""horizon_year"": null}, {""text"": ""the launch of a standalone Climate-related Disclosures Report which is in line with the TCFD recommendations"", ""kind"": ""other"", ""quantified"": false, ""horizon_year"": null}]",7570.0,1063.0,0.0,kimi-k3,0.02322954708030571,0.04832056570418385,0.2557454331172658,0.043606364172068354,0.044959850816500294,1697.0,0.05982367758186398,0.007380279527515876,
0002.HK,annual_report,2023-03-10,2022-12-31,https://www1.hkexnews.hk/listedco/listconews/sehk/2023/0310/2023031000520.pdf,full_report,0.1056338028169014,False,8.0,7.0,6.0,6.0,4.0,6.0,6.0,5.0,7.0,4.0,7.0,5.0,6.4,5.75,0.6500000000000004,10.0,6.0,"CLP talks extensively about decarbonisation strategy, frameworks and commitments, but much of the concrete climate content (targets, roadmaps) is delegated to a separate Climate-related Disclosures Report not supplied here, leaving aspirational strategy language dominant. On the walk side it reports a realised drop in emissions intensity (0.57 to 0.55 kg CO2e/kWh), third-party-assured scope 1+2 data showing an 11.8% reduction since 2019, HK$17.8bn of capital investment largely outside coal, and operational deployments (1.78m smart meters, 130MW demand response), though renewable capacity slightly declined (3,624 to 3,611MW) and coal/gas remain 56% of operating earnings.","[""Accelerate our response to climate change... Accelerate decarbonisation of CLP's portfolio"", ""CLP strives to embrace new opportunities and expand its horizons as it transforms into a Utility of the Future"", ""the standalone Climate-related Disclosures Report which sets out our key climate action and commitments"", ""We aim to be the leading responsible energy provider in the Asia-Pacific region""]","[""0.55kg CO2e/kWh Greenhouse gas emissions intensity 2021: 0.57kg CO2e/kWh"", ""Capital investment (on accrual basis) by asset type... Total: HK$17,849 million... 3 Capital investments in coal assets include maintenance, upgrades, and efficiency improvements only"", ""Smart meters over 1.78 million connected for Hong Kong customers"", ""Demand response programmes over 130MW maximum demand reduced in Hong Kong""]","[{""text"": ""Accelerate decarbonisation of CLP's portfolio, reinforce resilience in a changing climate and manage social impact"", ""kind"": ""target"", ""quantified"": false, ""horizon_year"": null}, {""text"": ""Greenhouse gas emissions intensity 0.55kg CO2e/kWh (2021: 0.57kg CO2e/kWh)"", ""kind"": ""achievement"", ""quantified"": true, ""horizon_year"": 2022}, {""text"": ""Renewable energy capacity 3,611MW (2021: 3,624MW)"", ""kind"": ""achievement"", ""quantified"": true, ""horizon_year"": 2022}, {""text"": ""Capital investment of HK$17,849 million; capital investments in coal assets include maintenance, upgrades, and efficiency improvements only"", ""kind"": ""investment"", ""quantified"": true, ""horizon_year"": 2022}, {""text"": ""Smart meters over 1.78 million connected for Hong Kong customers with more than 0.61 million connected for EnergyAustralia's customers in 2022"", ""kind"": ""achievement"", ""quantified"": true, ""horizon_year"": 2022}, {""text"": ""Demand response programmes over 130MW maximum demand reduced in Hong Kong"", ""kind"": ""achievement"", ""quantified"": true, ""horizon_year"": 2022}, {""text"": ""Renewable Energy Certificates sales 246.4MW capacity contracted in Australia; 100GWh"", ""kind"": ""achievement"", ""quantified"": true, ""horizon_year"": 2022}, {""text"": ""Coal asset divestment to channel more resources to clean energy"", ""kind"": ""investment"", ""quantified"": false, ""horizon_year"": null}, {""text"": ""Climate change adaptation study for CLP Power to strengthen climate risk management; Apraava Energy climate risk assessment"", ""kind"": ""policy"", ""quantified"": false, ""horizon_year"": null}, {""text"": ""Joint venture with TGOOD to develop EV charging infrastructure in the GBA; partnership with SEA Electric to accelerate the transition to clean energy for truck fleets in Australia"", ""kind"": ""investment"", ""quantified"": false, ""horizon_year"": null}]",7094.0,1098.0,256.0,kimi-k3,0.020444509502549463,0.06201044386422976,0.19973890339425587,0.04503916449086162,0.04022097416736379,1532.0,0.06722689075630252,0.0071014321221446325,
0002.HK,annual_report,2024-03-08,2023-12-31,https://www1.hkexnews.hk/listedco/listconews/sehk/2024/0308/2024030800343.pdf,full_report,0.11346998535871157,False,8.0,9.0,7.0,5.0,4.0,7.0,8.0,8.0,8.0,6.0,9.0,7.0,7.2,7.8,-0.5999999999999996,10.0,10.0,"CLP talks ambitiously about decarbonisation (net-zero by 2050, strengthened 2030 target under Climate Vision 2050) with moderately specific but partly promotional language, though much of the section is about reporting frameworks rather than action. On the walk side it shows concrete realised results: emissions intensity down to 0.54 kg CO2e/kWh, renewable capacity up to 3,732MW, HK$15,674m of capital investments with 49% in non-carbon assets, and the HARD DATA confirms a 15.3% scope 1+2 cut in 2023 with third-party assurance, making claims well supported.","[""Decarbonisation remains CLP's foremost priority... our journey to net-zero greenhouse gas emissions across the value chain by 2050."", ""Accelerate decarbonisation of CLP's portfolio, reinforce resilience in a changing climate and manage social impact"", ""Our disclosures continue to meet \u2013 and in many respects exceed \u2013 regulatory requirements and reporting frameworks"", ""CLP strives to embrace new opportunities and expand its horizons to meet the evolving needs of energy users in a world being reshaped by decarbonisation and digitalisation.""]","[""0.54kg CO2e/kWh Greenhouse gas emissions intensity (2022: 0.55kg CO2e/kWh)"", ""3,732MW Renewable energy capacity (2022: 3,611MW)"", ""49% of Capital investments in non-carbon generation assets, transmission, distribution and retail operations... Total: HK$15,674 million"", ""CLPe won more than 40 orders for battery systems at construction sites; Apraava Energy entered the advanced metering infrastructure market with 2 contracts to install 3 million smart meters""]","[{""text"": ""Decarbonisation remains CLP's foremost priority. Our updated Climate Vision 2050... sets out our strengthened target for 2030, as we continue our journey to net-zero greenhouse gas emissions across the value chain by 2050."", ""kind"": ""target"", ""quantified"": true, ""horizon_year"": 2050}, {""text"": ""0.54kg CO2e/kWh Greenhouse gas emissions intensity (2022: 0.55kg CO2e/kWh)"", ""kind"": ""achievement"", ""quantified"": true, ""horizon_year"": 2023}, {""text"": ""3,732MW Renewable energy capacity (2022: 3,611MW)"", ""kind"": ""achievement"", ""quantified"": true, ""horizon_year"": 2023}, {""text"": ""78% of Operating earnings from non-carbon generation assets, transmission, distribution and retail operations"", ""kind"": ""achievement"", ""quantified"": true, ""horizon_year"": 2023}, {""text"": ""49% of Capital investments in non-carbon generation assets, transmission, distribution and retail operations... Total: HK$15,674 million"", ""kind"": ""investment"", ""quantified"": true, ""horizon_year"": 2023}, {""text"": ""CLP China secured 4 renewable energy supply contracts including its largest Green Electricity Certificate contract and a 10-year corporate power purchase agreement"", ""kind"": ""achievement"", ""quantified"": true, ""horizon_year"": 2023}, {""text"": ""CLPe won more than 40 orders for battery systems at construction sites"", ""kind"": ""achievement"", ""quantified"": true, ""horizon_year"": 2023}, {""text"": ""Apraava Energy entered the advanced metering infrastructure market with 2 contracts to install 3 million smart meters"", ""kind"": ""achievement"", ""quantified"": true, ""horizon_year"": 2023}, {""text"": ""over 2.23 million [smart meters] connected for Hong Kong customers"", ""kind"": ""achievement"", ""quantified"": true, ""horizon_year"": 2023}, {""text"": ""356.2MW Renewable Energy Certificates sales capacity contracted in Australia as of end-2023"", ""kind"": ""achievement"", ""quantified"": true, ""horizon_year"": 2023}]",7368.0,1089.0,256.0,kimi-k3,0.021731118707824473,0.049842271293375394,0.2277602523659306,0.05993690851735016,0.04093070425625628,1585.0,0.06547208821502412,0.0074291168911630595,
0002.HK,annual_report,2025-03-07,2024-12-31,https://www1.hkexnews.hk/listedco/listconews/sehk/2025/0307/2025030700409.pdf,full_report,0.10975609756097561,False,9.0,7.0,7.0,6.0,4.0,6.0,7.0,6.0,8.0,5.0,8.0,6.0,6.4,6.75,-0.34999999999999964,10.0,5.0,"CLP talks an ambitious transition narrative anchored in its Climate Vision 2050 and HKFRS S1/S2 reporting, with heavily regulated, externally assured disclosure language. It backs this with demonstrable walk: externally verified scope 1+2 emissions down ~19.8% since 2021 (flat 2023–2024), 4,436MW renewables installed, a commissioned gas unit and started battery projects, and 55% of capital investment in non-carbon assets, though coal still dominates the generation mix at 8,140MW.","[""Our commitment to sustainability and decarbonisation is crucial to our success"", ""Accelerate our response to climate change... Accelerate decarbonisation of CLP's portfolio"", ""Vision: Be a leading responsible energy provider, from one generation to the next"", ""Climate Vision 2050: Powering an orderly transition""]","[""Renewable energy capacity 4,436MW (2023: 3,732MW)"", ""55% of Capital investments in non-carbon generation assets"", ""The process and selected sustainability-related metrics were also externally assured"", ""Greenhouse gas emissions intensity 0.53kg CO2e/kWh (2023: 0.54kg CO2e/kWh)""]","[{""text"": ""Non-carbon energy including nuclear power and renewable energy account for over 70% of the installed capacity of CLP China"", ""kind"": ""achievement"", ""quantified"": true, ""horizon_year"": null}, {""text"": ""55% of Capital investments in non-carbon generation assets, transmission, distribution and retail operations"", ""kind"": ""investment"", ""quantified"": true, ""horizon_year"": null}, {""text"": ""CLP Power commissioned D2 combined-cycle gas turbine generation unit at Black Point Power Station"", ""kind"": ""achievement"", ""quantified"": false, ""horizon_year"": null}, {""text"": ""CLP China began construction of its first standalone battery energy storage system"", ""kind"": ""achievement"", ""quantified"": false, ""horizon_year"": null}, {""text"": ""Renewable energy capacity 4,436MW (2023: 3,732MW)"", ""kind"": ""achievement"", ""quantified"": true, ""horizon_year"": null}, {""text"": ""Greenhouse gas emissions intensity 0.53kg CO2e/kWh (2023: 0.54kg CO2e/kWh)"", ""kind"": ""achievement"", ""quantified"": true, ""horizon_year"": null}, {""text"": ""EnergyAustralia won support from the Federal Government for two battery energy storage systems"", ""kind"": ""achievement"", ""quantified"": false, ""horizon_year"": null}, {""text"": ""CLP China further expanded its portfolio of power purchase agreements with corporate users by securing two renewable energy supply contracts"", ""kind"": ""achievement"", ""quantified"": true, ""horizon_year"": null}, {""text"": ""Climate Vision 2050: Powering an orderly transition; accelerating our response to climate change"", ""kind"": ""target"", ""quantified"": false, ""horizon_year"": 2050}, {""text"": ""Selected sustainability-related metrics were also externally assured"", ""kind"": ""other"", ""quantified"": false, ""horizon_year"": null}]",7157.0,717.0,256.0,kimi-k3,0.021073278680279636,0.04603580562659847,0.1956521739130435,0.053069053708439895,0.04085875642865383,1564.0,0.038115038115038115,0.004183357841894427,
0002.HK,annual_report,2026-03-11,2025-12-31,https://www1.hkexnews.hk/listedco/listconews/sehk/2026/0311/2026031100298.pdf,full_report,0.12669683257918551,False,9.0,8.0,8.0,5.0,4.0,6.0,8.0,7.0,8.0,6.0,9.0,7.0,6.5,7.6,-1.0999999999999996,10.0,8.0,"CLP talks an ambitious net-zero game via Climate Vision 2050 and a 2040 coal phase-out, with well-specified, regularly reviewed targets. The walk is unusually well supported: third-party-assured scope 1+2 emissions fell 21.9% from 2022 to 2025, emissions intensity dropped to 0.50 kgCO2e/kWh, coal consumption fell over 10%, and over 380MW of renewables plus a 251MW wind farm were commissioned in 2025, though the headline coal-asset disposal (Jhajjar) is only announced, not completed.","[""CLP's Climate Vision 2050 sets out our long-term ambition to transition to a low-carbon portfolio while continuing to deliver reliable and affordable energy"", ""Advance our net-zero goal by scaling low-carbon investments and phasing out remaining coal assets"", ""We remain steadfast in strengthening our businesses to drive sustainable growth through investing in capabilities and opportunities that enable the energy transition"", ""Pledged full support for the Hong Kong Government's Climate Action Plan 2050""]","[""we further reduced the Group's greenhouse gas emissions intensity to 0.50 kilogramme carbon dioxide-equivalent per kilowatt hour as we lowered coal consumption by over 10%"", ""commissioning over 380 megawatts (MW) of renewable energy projects in the Asia-Pacific region"", ""It fully commissioned its largest operating renewable energy asset \u2013 the 251MW Sidhpur Wind Farm"", ""Planned capital investments in non-carbon generation assets, transmission, distribution and retail operations for 2026-2030: 77%""]","[{""text"": ""Climate Vision 2050 sets out our long-term ambition to transition to a low-carbon portfolio"", ""kind"": ""target"", ""quantified"": true, ""horizon_year"": 2050}, {""text"": ""we further reduced the Group's greenhouse gas emissions intensity to 0.50 kilogramme carbon dioxide-equivalent per kilowatt hour (2024: 0.53)"", ""kind"": ""achievement"", ""quantified"": true, ""horizon_year"": 2025}, {""text"": ""we lowered coal consumption by over 10%"", ""kind"": ""achievement"", ""quantified"": true, ""horizon_year"": 2025}, {""text"": ""our 2040 target of phasing out coal-fired power generation"", ""kind"": ""target"", ""quantified"": true, ""horizon_year"": 2040}, {""text"": ""commissioning over 380 megawatts (MW) of renewable energy projects in the Asia-Pacific region"", ""kind"": ""investment"", ""quantified"": true, ""horizon_year"": 2025}, {""text"": ""the business commissioned over 300MW of additional wind and solar capacity and progressed more than 900MW of projects under construction"", ""kind"": ""investment"", ""quantified"": true, ""horizon_year"": 2025}, {""text"": ""Apraava Energy's announcement of the sale of Jhajjar Power Station"", ""kind"": ""achievement"", ""quantified"": false, ""horizon_year"": 2025}, {""text"": ""It fully commissioned its largest operating renewable energy asset \u2013 the 251MW Sidhpur Wind Farm"", ""kind"": ""achievement"", ""quantified"": true, ""horizon_year"": 2025}, {""text"": ""A pilot project assessing the feasibility of using hydrogen-blended natural gas at Black Point Power Station in Hong Kong is currently underway"", ""kind"": ""investment"", ""quantified"": false, ""horizon_year"": null}, {""text"": ""pledge to review its Climate Vision 2050 targets at least every three years... we will commence the next review in 2026"", ""kind"": ""policy"", ""quantified"": true, ""horizon_year"": 2026}]",9377.0,1128.0,256.0,kimi-k3,0.021490409617914284,0.0030075187969924814,0.16165413533834586,0.061654135338345864,0.04198565862284357,1330.0,0.018302828618968387,0.002318910413262963,
0003.HK,esg_report,2023-04-24,2022-12-31,https://www1.hkexnews.hk/listedco/listconews/sehk/2023/0424/2023042400967.pdf,full_report,0.3700440528634361,False,8.0,8.0,6.0,8.0,5.0,8.0,2.0,3.0,8.0,6.0,3.0,4.0,8.0,3.95,4.05,10.0,6.0,"Towngas talks ambitiously — carbon neutrality by 2050, a quantified 2025 target of -10% operational GHG vs 2020, plus 8 GW solar and 200 zero-carbon parks — but the supplied text is dominated by aspirations, exploration ('exploring opportunities', 'proactively exploring the feasibility') and PR (ratings, indices, symposiums, memberships) rather than realised outcomes. The hard data contradicts the decarbonisation narrative: assured scope 1+2 emissions rose 73.9% from 2019 to 2022 (2,358k tCO2e in 2020 to 2,503k in 2022), moving away from the 2025 reduction target, and no quantified past emission reductions or specific capital amounts for low-carbon assets are documented in the text.","[""The Group is committed to becoming carbon neutral through energy transition and innovation, and has set two medium-term 2025 targets"", ""we are exploring opportunities to install hydrogen extraction systems at our customers' sites"", ""We aspire to promote sustainable development in society and create a world with clear skies, blue oceans and green energy for future generations"", ""we are proud to be part of a noble mission to build a greener and more natural world""]","[""This report has been verified by an independent third party, Hong Kong Quality Assurance Agency, to ensure its accuracy and completeness"", ""we have already been investing in smart energy, waste-to-energy, efficiency improvement and other low-carbon projects"", ""became the first public utility in Asia to adopt the S-Carbon Platform, which helps suppliers manage their greenhouse gas emissions"", ""among the first users to complete a carbon trade on Core Climate, the new international carbon marketplace initiated by HKEX""]","[{""text"": ""committed to becoming carbon neutral by 2050 through energy transition and innovation"", ""kind"": ""target"", ""quantified"": true, ""horizon_year"": 2050}, {""text"": ""reduce group operational greenhouse gas (GHG) emissions by 10% (i.e. reduce 140,000 tCO2e compared to 2020 baseline)"", ""kind"": ""target"", ""quantified"": true, ""horizon_year"": 2025}, {""text"": ""reduce 10 million tonnes of GHG emissions in the environment per year through coal-to-gas, solar photovoltaic power generation, and energy efficiency improvement projects"", ""kind"": ""target"", ""quantified"": true, ""horizon_year"": 2025}, {""text"": ""200 zero-carbon smart industrial parks; 8 GW solar photovoltaics; 60 electric vehicles in service to replace petrol cars"", ""kind"": ""target"", ""quantified"": true, ""horizon_year"": 2025}, {""text"": ""Reduce 15% electricity use for North Point Headquarters building (2015 baseline)"", ""kind"": ""target"", ""quantified"": true, ""horizon_year"": 2025}, {""text"": ""Increase 2% eco-efficiency of gas appliances"", ""kind"": ""target"", ""quantified"": true, ""horizon_year"": 2030}, {""text"": ""we have already been investing in smart energy, waste-to-energy, efficiency improvement and other low-carbon projects"", ""kind"": ""investment"", ""quantified"": false, ""horizon_year"": null}, {""text"": ""formed a partnership with IDG Capital to launch the Chinese mainland's first Zero-carbon Technology Investment Fund"", ""kind"": ""investment"", ""quantified"": false, ""horizon_year"": null}, {""text"": ""implemented a system to link the variable compensations of relevant Senior Executives with ESG material issues"", ""kind"": ""policy"", ""quantified"": false, ""horizon_year"": null}, {""text"": ""This report has been verified by an independent third party, Hong Kong Quality Assurance Agency"", ""kind"": ""achievement"", ""quantified"": false, ""horizon_year"": null}]",6946.0,1090.0,256.0,kimi-k3,0.0774945770065076,0.13171449595290655,0.22442972774098602,0.042678440029433405,0.1306538819033983,1359.0,0.1358609794628752,0.0502745474664384,
0003.HK,esg_report,2024-04-23,2023-12-31,https://www1.hkexnews.hk/listedco/listconews/sehk/2024/0423/2024042300905.pdf,full_report,0.387434554973822,False,8.0,9.0,6.0,7.0,4.0,8.0,5.0,6.0,8.0,7.0,8.0,5.0,8.1,6.3,1.7999999999999998,10.0,5.0,"Towngas talks extensively about carbon neutrality by 2050, a 36% town-gas intensity target, hydrogen pilots and ESG awards, with a heavily promotional tone, though several targets carry numbers and baselines. On walk, it shows assured emissions data (scope 1+2 down 6.1% in 2023 per the hard data), 1.8 GW of grid-connected PV, a sustainability-linked Panda Bond, an EnerVenue investment, internal carbon pricing in investment decisions, board-level ESG governance and ESG-linked executive pay — but much content remains aspirational, feasibility-stage, or about reporting and engagement rather than realised operational change.","[""the Group is committed to achieving carbon neutrality through energy transition and innovation by 2050"", ""the distinction of being the only gas utility company to be listed in the Dow Jones Sustainability Asia Pacific Index... Top 1% S&P Global ESG Score"", ""we are committed to building a harmonious world where our human and environmental resources are balanced"", ""we are working closely with the government, business partners and relevant stakeholders""]","[""Deloitte Touche Tohmatsu (Deloitte) was engaged to provide limited assurance on selected sustainability information"", ""became the first Hong Kong enterprise on the Chinese mainland to issue a sustainability-linked Panda Bond"", ""we started incorporating ESG Due Diligence and Internal Carbon Pricing into our investment decision-making process"", ""PV \u2013 grid-connected 1.8 GW (accumulative); Zero-carbon smart industrial parks 124 (accumulative)""]","[{""text"": ""the Group is committed to achieving carbon neutrality through energy transition and innovation by 2050"", ""kind"": ""target"", ""quantified"": true, ""horizon_year"": 2050}, {""text"": ""our target of reducing the total carbon intensity of town gas use by 36% (2019 baseline)"", ""kind"": ""target"", ""quantified"": true, ""horizon_year"": null}, {""text"": ""Group operational GHG emissions 10% (2020 baseline)"", ""kind"": ""target"", ""quantified"": true, ""horizon_year"": null}, {""text"": ""Electricity use for North Point Headquarters building 15%"", ""kind"": ""target"", ""quantified"": true, ""horizon_year"": null}, {""text"": ""An interim carbon reduction target for Hong Kong's gas business was also formulated during the year"", ""kind"": ""policy"", ""quantified"": false, ""horizon_year"": null}, {""text"": ""Towngas Smart Energy Company Limited became the first Hong Kong enterprise on the Chinese mainland to issue a sustainability-linked Panda Bond"", ""kind"": ""investment"", ""quantified"": false, ""horizon_year"": 2023}, {""text"": ""the Group has invested in an emerging energy storage company, EnerVenue, which focuses on new nickel-hydrogen battery technologies"", ""kind"": ""investment"", ""quantified"": false, ""horizon_year"": null}, {""text"": ""it is installing equipment at a Citybus depot to supply hydrogen for public buses"", ""kind"": ""achievement"", ""quantified"": false, ""horizon_year"": 2023}, {""text"": ""PV \u2013 grid-connected 1.8 GW (accumulative)"", ""kind"": ""achievement"", ""quantified"": true, ""horizon_year"": 2023}, {""text"": ""The variable compensation of relevant senior executives has also been linked with significant ESG targets"", ""kind"": ""policy"", ""quantified"": false, ""horizon_year"": 2023}]",6841.0,984.0,256.0,kimi-k3,0.07086993141619541,0.10615199034981906,0.19300361881785283,0.05247285886610374,0.1295037579697941,1658.0,0.11399620012666245,0.04416606706478022,
0003.HK,esg_report,2025-04-23,2024-12-31,https://www1.hkexnews.hk/listedco/listconews/sehk/2025/0423/2025042301446.pdf,full_report,0.6011315417256011,False,9.0,8.0,6.0,5.0,5.0,9.0,7.0,7.0,8.0,6.0,7.0,6.0,7.4,6.9,0.5,10.0,8.0,"Towngas talks extensively and promotionally about climate leadership, carbon neutrality and green energy ambitions, though much language is aspirational. However, it backs this with substantive walk: third-party assured emissions falling 14.2% over 2021-24, 3,400 tonnes of SAF actually sold, green methanol delivered with ISCC certification, 2.3 GW of grid-connected PV, and over HK$6 billion in green/sustainable financing deployed.","[""To be a leading clean and smart energy supplier, with a view to creating a sustainable world driven by green energy"", ""Towngas has emerged as a leading force for energy transition and sustainable development, leveraging strategic foresight"", ""We remain steadfast in our commitment to leveraging our position as a green energy enterprise to accelerate emerging technologies"", ""ranking in the top 1% among over 1,700 major enterprises... the only Chinese enterprise in the gas utility sector to attain this recognition""]","[""sold approximately 3,400 tonnes of SAF to HSBC for use on Cathay Pacific flights"", ""PV \u2013 grid-connected 2.3 GW (accumulative)"", ""Since 2017, the Group has accumulated over HK$6 billion in financing for green and sustainable development"", ""engaged the British Standards Institution (BSI) as a third-party organisation to conduct independent assurance""]","[{""text"": ""EcoCeres has successfully sold approximately 3,400 tonnes of SAF to HSBC for use on Cathay Pacific flights"", ""kind"": ""achievement"", ""quantified"": true, ""horizon_year"": 2024}, {""text"": ""We successfully delivered green methanol to overseas customers during the year... first company on the Chinese mainland to secure both ISCC EU and ISCC PLUS certifications"", ""kind"": ""achievement"", ""quantified"": false, ""horizon_year"": 2024}, {""text"": ""Sustainable Aviation Fuel production volume approx. 180,000 tonnes; Green Methanol annual production capacity 100,000 tonnes"", ""kind"": ""achievement"", ""quantified"": true, ""horizon_year"": 2024}, {""text"": ""Green hydrogen project at the South-East New Territories Landfill Extension... construction expected to be completed and undergo testing in 2025"", ""kind"": ""target"", ""quantified"": true, ""horizon_year"": 2025}, {""text"": ""Strategic collaborations... with the ambition of achieving an annual production capacity of one million tonnes [green methanol]"", ""kind"": ""target"", ""quantified"": true, ""horizon_year"": null}, {""text"": ""Since 2017, the Group has accumulated over HK$6 billion in financing for green and sustainable development"", ""kind"": ""investment"", ""quantified"": true, ""horizon_year"": null}, {""text"": ""PV \u2013 grid-connected 2.3 GW (accumulative); Zero-carbon smart industrial parks 128 (accumulative)"", ""kind"": ""achievement"", ""quantified"": true, ""horizon_year"": 2024}, {""text"": ""Towngas Smart Energy issued Panda Bonds totalling RMB1.5 billion (of which RMB500 million are Phase 1)"", ""kind"": ""investment"", ""quantified"": true, ""horizon_year"": 2024}, {""text"": ""Align with the HKSAR Government's action plan towards carbon neutrality in 2050"", ""kind"": ""target"", ""quantified"": true, ""horizon_year"": 2050}, {""text"": ""Collaborated with HSBC to launch the 'Towngas Green Supply Chain Finance Programme', becoming the first public utility in Greater China to offer a sustainability-linked supplier payment solution"", ""kind"": ""achievement"", ""quantified"": false, ""horizon_year"": 2024}]",8022.0,1013.0,256.0,kimi-k3,0.05893513292826437,0.03474903474903475,0.1806091806091806,0.042042042042042045,0.09509384016708644,2331.0,0.029871323529411766,0.01795659476661952,
0003.HK,esg_report,2026-04-28,2025-12-31,https://www1.hkexnews.hk/listedco/listconews/sehk/2026/0428/2026042801669.pdf,full_report,0.5663716814159292,False,9.0,9.0,6.0,6.0,4.0,9.0,8.0,3.0,9.0,5.0,9.0,7.0,8.1,6.85,1.25,10.0,6.0,"Towngas talks extensively and promotionally about leading the low-carbon transition, aligning with national dual-carbon goals and Hong Kong's 2050 carbon neutrality vision, but many statements are aspirational. On the walk side, it shows concrete realised actions: 17,000 tonnes of green methanol sold with ISCC certifications, 6,000 tonnes bunkered, a commissioned SAF plant in Malaysia, 2.8 GW of cumulative PV capacity, and BSI third-party assurance, all consistent with the hard data showing a verified 25.6% scope 1+2 reduction since 2022; however, no capital expenditure figures are disclosed and governance detail beyond board oversight is thin.","[""In response to the challenges of global climate change and energy transition, the Board remains steadfast in its vision of 'to be a leading clean and smart energy supplier, with a view to creating a sustainable world driven by green energy'"", ""we are turning our low-carbon commitment into tangible operational results"", ""Looking ahead, we will continue to stay at the forefront of the energy transition journey and set new benchmarks for technological innovation"", ""collaboratively striving for a sustainable future... contributing to the national '3060' dual carbon goals""]","[""By the end of 2025, our sales volume of green methanol had reached approximately 17,000 tonnes"", ""Bunkered approximately 6,000 tonnes of green methanol for two Korean vessels"", ""In 2025, EcoCeres had its renewable fuel plant in Malaysia successfully commissioned"", ""Towngas has engaged the British Standards Institution (BSI) as a third-party organisation to conduct independent assurance""]","[{""text"": ""the Group has successfully achieved its 2025 carbon reduction targets"", ""kind"": ""achievement"", ""quantified"": false, ""horizon_year"": 2025}, {""text"": ""supporting Hong Kong's vision of achieving carbon neutrality by 2050"", ""kind"": ""target"", ""quantified"": true, ""horizon_year"": 2050}, {""text"": ""By the end of 2025, our sales volume of green methanol had reached approximately 17,000 tonnes"", ""kind"": ""achievement"", ""quantified"": true, ""horizon_year"": 2025}, {""text"": ""Bunkered approximately 6,000 tonnes of green methanol for two Korean vessels \""HMM Green\"" and \""HMM Forest\"", marking the first large-scale bunkering of domestically produced green methanol on the Chinese mainland"", ""kind"": ""achievement"", ""quantified"": true, ""horizon_year"": 2025}, {""text"": ""The combined annual capacity of the two plants is expected to reach 500,000 tonnes by 2028"", ""kind"": ""target"", ""quantified"": true, ""horizon_year"": 2028}, {""text"": ""In 2025, EcoCeres had its renewable fuel plant in Malaysia successfully commissioned"", ""kind"": ""achievement"", ""quantified"": false, ""horizon_year"": 2025}, {""text"": ""Photovoltaic grid-connected installed capacity 2.8 GW (accumulative); 128 zero-carbon smart industrial parks"", ""kind"": ""achievement"", ""quantified"": true, ""horizon_year"": 2025}, {""text"": ""achieving a 70% reduction in greenhouse gas (GHG) emissions on a life-cycle basis [green methanol]"", ""kind"": ""achievement"", ""quantified"": true, ""horizon_year"": null}, {""text"": ""engaged the British Standards Institution (BSI) as a third-party organisation to conduct independent assurance on the content of this Report"", ""kind"": ""policy"", ""quantified"": false, ""horizon_year"": 2025}, {""text"": ""we supplied hydrogen for the golf events at the 15th National Games"", ""kind"": ""achievement"", ""quantified"": false, ""horizon_year"": 2025}]",7789.0,1027.0,256.0,kimi-k3,0.057336644305251844,0.09141274238227147,0.17659279778393353,0.04224376731301939,0.09780773403869941,1444.0,0.09478324761204997,0.0536825473200991,
0005.HK,annual_report,2022-03-24,2021-12-31,https://www1.hkexnews.hk/listedco/listconews/sehk/2022/0324/2022032401776.pdf,full_report,0.0560033941450997,False,8.0,9.0,8.0,6.0,5.0,7.0,8.0,7.0,8.0,7.0,8.0,6.0,7.5,7.4,0.09999999999999964,10.0,9.0,"HSBC talks ambitiously about climate leadership (net zero by 2050, $750bn–$1tn sustainable finance ambition, sectoral financed-emissions targets, coal phase-out policy) with unusually specific numbers and dates. It backs this with some demonstrable walk: a 50.3% cut in own operational GHG emissions since 2019 (consistent with the assured 329ktCO2e scope 1+2 figure), $126.7bn of sustainable finance provided/facilitated, a published coal policy, and $150m seed capital, though much content remains about targets, plans, memberships and frameworks rather than realised operational change.","[""We are helping to mobilise the transition to a net zero global economy... towards our ambition of $750bn to $1tn by 2030."", ""I am determined that HSBC will play a leading role in driving this change."", ""We are committed to working with our clients to develop valid, science-based transition plans... how we will move to net zero by 2050."", ""At the 2021 AGM, 99.7% of shareholders backed our special resolution on climate change, providing a strong endorsement of our climate plan.""]","[""Since 2019, we have reduced greenhouse gas emissions across our operations by more than half. We also provided and facilitated $82.6bn of sustainable finance and investment."", ""we published a new thermal coal policy to phase out the financing of coal-fired power and thermal coal mining in EU and OECD markets by 2030, and globally by 2040."", ""In 2021, we reduced our global office footprint by more than 3.4 million square feet \u2013 equivalent to 18%."", ""50.3% Cumulative reduction in absolute greenhouse gas emissions from 2019 baseline.""]","[{""text"": ""50.3% cumulative reduction in absolute greenhouse gas emissions from 2019 baseline (net zero in our own operations)"", ""kind"": ""achievement"", ""quantified"": true, ""horizon_year"": 2030}, {""text"": ""$126.7bn cumulative total provided and facilitated [sustainable finance and investment] since January 2020 (2020: $44.1bn)"", ""kind"": ""achievement"", ""quantified"": true, ""horizon_year"": null}, {""text"": ""ambition of $750bn to $1tn [sustainable finance and investment] by 2030"", ""kind"": ""target"", ""quantified"": true, ""horizon_year"": 2030}, {""text"": ""34% Mt CO2e reduction in oil and gas absolute on-balance sheet financed emissions by 2030"", ""kind"": ""target"", ""quantified"": true, ""horizon_year"": 2030}, {""text"": ""0.14 Mt CO2e/TWh power and utilities on-balance sheet financed emissions intensity, representing 75% reduction from 2019"", ""kind"": ""target"", ""quantified"": true, ""horizon_year"": 2030}, {""text"": ""thermal coal policy to phase out the financing of coal-fired power and thermal coal mining in EU and OECD markets by 2030, and globally by 2040"", ""kind"": ""policy"", ""quantified"": true, ""horizon_year"": 2040}, {""text"": ""partnered with Temasek... to launch a new debt financing fund for sustainable infrastructure in south-east Asia, with $150m of seed capital and the ambition to deploy $1bn of financing over five years"", ""kind"": ""investment"", ""quantified"": true, ""horizon_year"": 2026}, {""text"": ""ambition to align our financed emissions to net zero by 2050 or sooner"", ""kind"": ""target"", ""quantified"": true, ""horizon_year"": 2050}, {""text"": ""we plan to set interim targets for financed emissions across a range of other sectors... climate transition plan, which will be published in 2023"", ""kind"": ""target"", ""quantified"": false, ""horizon_year"": 2023}, {""text"": ""In 2021, we reduced our global office footprint by more than 3.4 million square feet \u2013 equivalent to 18%"", ""kind"": ""achievement"", ""quantified"": true, ""horizon_year"": null}]",10948.0,1114.0,256.0,kimi-k3,0.010240436631268477,-0.11338582677165354,0.2858267716535433,0.02283464566929134,0.0089394530788659,1270.0,-0.12272727272727273,0.0,
0005.HK,annual_report,2023-03-23,2022-12-31,https://www1.hkexnews.hk/listedco/listconews/sehk/2023/0323/2023032301242.pdf,full_report,,True,,,,,,,,,,,,,,,,,,,,,,,,,,,,,,,,,,error:RuntimeError
0005.HK,annual_report,2024-03-22,2023-12-31,https://www1.hkexnews.hk/listedco/listconews/sehk/2024/0322/2024032200032.pdf,full_report,0.06607604282022887,False,6.0,8.0,7.0,6.0,5.0,6.0,8.0,7.0,8.0,5.0,8.0,5.0,6.8,7.05,-0.25,8.0,5.0,"HSBC talks ambitiously about net zero (operations/supply chain by 2030, financed emissions by 2050) and a new transition plan, but much of the climate language is forward-looking roadmap and framing rather than execution detail. It does walk in measurable ways: a 57.3% cut in own GHG emissions vs 2019 (consistent with the assured hard data showing a 44% scope 1+2 decline 2021-2023, third-party assured every year) and $294.4bn of cumulative sustainable finance with an $83.7bn increase in 2023, though financed-emissions progress and capital allocation to decarbonisation of the loan book are not yet quantified.","[""Become net zero in our own operations and supply chain by 2030, and our financed emissions by 2050"", ""Our net zero transition plan provides an overview of the progress we have made to date and what we plan to do next, although we acknowledge there is still much more to do"", ""Our first net zero transition plan shows how we intend to finance and support the transition to net zero and collaborate globally to help enable change at scale"", ""helping to finance the substantial investment needs of our customers in the transition to net zero is a growing commercial opportunity""]","[""Within our own operations, we have made a 57.3% reduction in our absolute greenhouse gas emissions from a 2019 baseline"", ""Since 2020, we have provided and facilitated $294.4bn of sustainable finance and investment, which was an increase of $83.7bn in the past year"", ""The Board discussed and contributed to the net zero transition plan in depth"", ""we have now set combined on-balance sheet financed emissions and facilitated emissions targets for two emissions-intensive sectors: oil and gas, and power and utilities""]","[{""text"": ""Become net zero in our own operations and supply chain by 2030, and our financed emissions by 2050"", ""kind"": ""target"", ""quantified"": true, ""horizon_year"": 2030}, {""text"": ""In January 2024, we published our first net zero transition plan"", ""kind"": ""achievement"", ""quantified"": true, ""horizon_year"": 2024}, {""text"": ""Since 2020, we have provided and facilitated $294.4bn of sustainable finance and investment, which was an increase of $83.7bn in the past year"", ""kind"": ""achievement"", ""quantified"": true, ""horizon_year"": 2023}, {""text"": ""Within our own operations, we have made a 57.3% reduction in our absolute greenhouse gas emissions from a 2019 baseline"", ""kind"": ""achievement"", ""quantified"": true, ""horizon_year"": 2023}, {""text"": ""We have now set combined on-balance sheet financed emissions and facilitated emissions targets for two emissions-intensive sectors: oil and gas, and power and utilities"", ""kind"": ""target"", ""quantified"": false, ""horizon_year"": null}, {""text"": ""Embed net zero into the way we operate"", ""kind"": ""policy"", ""quantified"": false, ""horizon_year"": null}, {""text"": ""Of our sustainable finance and investment progress to 31 December 2023, $258.3bn related to green and sustainable activities and $36.1bn related to social activities"", ""kind"": ""achievement"", ""quantified"": true, ""horizon_year"": 2023}, {""text"": ""It will form the basis of further work on our journey to net zero over time, and we expect to review and update it periodically"", ""kind"": ""other"", ""quantified"": false, ""horizon_year"": null}]",10698.0,988.0,256.0,kimi-k3,0.01187043922613485,-0.2658102766798419,0.29891304347826086,0.03458498023715415,0.018739332722347617,2024.0,-0.2740331491712707,0.0,
0005.HK,annual_report,2025-03-21,2024-12-31,https://www1.hkexnews.hk/listedco/listconews/sehk/2025/0321/2025032100085.pdf,full_report,0.006041335453100159,False,8.0,9.0,8.0,5.0,6.0,7.0,8.0,7.0,8.0,7.0,7.0,5.0,7.2,7.1000000000000005,0.09999999999999964,10.0,10.0,"HSBC's report is rich in quantified climate talk—net zero ambitions, a $750bn–$1tn sustainable finance pledge, and sectoral financed-emissions targets with 2019 baselines. On walk, it shows verified operational emission cuts (scope 1+2 down ~44% 2021–2023 per assured hard data, consistent with the claimed >50% cut vs 2019), $654bn cumulative sustainable finance facilitated, an 18% oil-and-gas financed-emissions reduction, and concrete deals like a $50m SAF purchase, though much of the document is methodology, restatement and reporting infrastructure rather than operational change.","[""We aim to help our customers transition to net zero and a sustainable future by providing and facilitating between $750bn and $1tn of sustainable finance and investment by 2030"", ""we aim to achieve net zero in our own operations and supply chain by 2050"", ""our policies will evolve with further industry guidance... We expect our policy to evolve"", ""Continued progress towards achieving our sustainable finance and investment ambition is dependent on market demand for the products and services set out in our Sustainable Finance and Investment Data Dictionary 2024""]","[""we have provided and facilitated a cumulative $654.1bn of sustainable finance and $53.6bn of ESG and sustainable investing"", ""we achieved a 57.1% reduction against our 2019 baseline and a 6.4% reduction compared with 2023"", ""absolute combined on-balance sheet financed and facilitated emissions in our oil and gas portfolio decreased by 18% to 30.3 MtCO2e relative to the 2019 baseline and by 16% from 2022 to 2023"", ""We obtain limited assurance on our financed emissions and sustainable finance disclosures from external parties, including our external auditors""]","[{""text"": ""providing and facilitating between $750bn and $1tn of sustainable finance and investment by 2030"", ""kind"": ""target"", ""quantified"": true, ""horizon_year"": 2030}, {""text"": ""we have provided and facilitated a cumulative $654.1bn of sustainable finance and $53.6bn of ESG and sustainable investing... since 1 January 2020"", ""kind"": ""achievement"", ""quantified"": true, ""horizon_year"": null}, {""text"": ""We are currently on track to reduce our scope 1 and 2 emissions by more than 50% by 2030"", ""kind"": ""target"", ""quantified"": true, ""horizon_year"": 2030}, {""text"": ""we achieved a 57.1% reduction against our 2019 baseline and a 6.4% reduction compared with 2023"", ""kind"": ""achievement"", ""quantified"": true, ""horizon_year"": null}, {""text"": ""HSBC Asset Management continues to work towards its interim target of reducing scope 1 and 2 financed emissions intensity by 58% between 2019 and 2030 for its in-scope assets under management"", ""kind"": ""target"", ""quantified"": true, ""horizon_year"": 2030}, {""text"": ""We have set a target to reduce absolute on-balance sheet financed and facilitated emissions for our oil and gas portfolio by 34% by 2030 relative to our 2019 baseline"", ""kind"": ""target"", ""quantified"": true, ""horizon_year"": 2030}, {""text"": ""in 2023 absolute combined on-balance sheet financed and facilitated emissions in our oil and gas portfolio decreased by 18% to 30.3 million tonnes of carbon dioxide equivalent"", ""kind"": ""achievement"", ""quantified"": true, ""horizon_year"": null}, {""text"": ""We target an on-balance sheet financed emissions intensity of 65 tonnes of carbon dioxide equivalent per million revenue passenger kilometres (tCO2e/million rpk) by 2030 using 2019 as our baseline"", ""kind"": ""target"", ""quantified"": true, ""horizon_year"": 2030}, {""text"": ""In 2024 we made a strategic investment in sustainable aviation fuel ('SAF') through a one-time purchase agreement for approximately $50m US gallons of SAF"", ""kind"": ""investment"", ""quantified"": true, ""horizon_year"": null}, {""text"": ""In 2024 we donated approximately $5m in grant funding to help establish a portfolio of partnerships aligned to the strategic focus areas set out in our net zero transition plan"", ""kind"": ""investment"", ""quantified"": true, ""horizon_year"": null}]",33023.0,1346.0,256.0,kimi-k3,0.0009644666697494369,-0.08275862068965517,0.013793103448275862,0.0,0.001008108173014788,145.0,-0.18181818181818182,0.0,
0005.HK,annual_report,2026-03-27,2025-12-31,https://www1.hkexnews.hk/listedco/listconews/sehk/2026/0327/2026032700187.pdf,full_report,0.006211180124223602,False,3.0,5.0,3.0,6.0,5.0,4.0,5.0,1.0,6.0,5.0,7.0,2.0,5.0,4.2,0.7999999999999998,4.0,1.0,"The supplied excerpt is dominated by the table of contents, board biographies and the Group Audit Committee report, so climate content is thin: it points to a published Net Zero Transition Plan and a dedicated 'Environmental' ESG section but contains no quantified actions, spending or outcomes in the text itself. The only demonstrable 'walk' comes from the HARD DATA block, which shows a 44% cut in scope 1+2 emissions over 2021-2023 with third-party assurance, none of which is narrated or contradicted by the excerpt.","[""Environmental: 34 Our approach to the transition; 36 Supporting our customers; 39 Partnering for an enabling environment; 40 Embedding net zero into the way we operate"", ""its review of the Net Zero Transition Plan which was published in November 2025"", ""providing close oversight of the disclosure risks associated with sustainability and climate reporting and related controls""]","[""the Net Zero Transition Plan which was published in November 2025"", ""HARD DATA: scope 1+2 emissions fell from 329,000 tCO2e (2021) to 184,092 tCO2e (2023), a -44.0% change, with third-party assurance flagged True in all three years""]","[{""text"": ""Embedding net zero into the way we operate"", ""kind"": ""target"", ""quantified"": false, ""horizon_year"": null}, {""text"": ""its review of the Net Zero Transition Plan which was published in November 2025"", ""kind"": ""policy"", ""quantified"": true, ""horizon_year"": 2025}, {""text"": ""We embed our ESG reporting and Task Force on Climate-related Financial Disclosures ('TCFD') within our Annual Report and Accounts"", ""kind"": ""policy"", ""quantified"": false, ""horizon_year"": null}, {""text"": ""Enhancing the control environment for the Group's regulatory reporting obligations remains a central focus and ongoing priority for both management and our regulators globally"", ""kind"": ""policy"", ""quantified"": false, ""horizon_year"": null}]",28639.0,676.0,256.0,kimi-k3,0.0006893186588492251,-0.11363636363636363,0.011363636363636364,0.0,0.0005932353691026507,88.0,-0.36666666666666664,0.0,
0006.HK,esg_report,2022-04-06,2021-12-31,https://www1.hkexnews.hk/listedco/listconews/sehk/2022/0406/2022040601041.pdf,full_report,0.3527272727272727,False,8.0,8.0,6.0,6.0,5.0,7.0,5.0,5.0,4.0,6.0,4.0,5.0,7.1,4.8,2.3,10.0,7.0,"Power Assets talks ambitiously about decarbonisation — carbon neutrality within 'two to three decades', a 100% hydrogen 'zero-emission ambition', coal phase-out by 2035 — in a glossy, promotional tone, though some targets carry numbers and dates. On the walk side it shows real actions (2,890 MW of coal divested since 2016, OECD coal exit in 2021, Okanagan wind acquisition, SBTi validation for UKPN only), but the claimed 10% emissions-intensity cut sits against a 5.8% rise in absolute scope 1+2 emissions in the hard data, and no third-party assurance of group emissions is reported.","[""We trust you will find the chapters on hydrogen... interesting \u2013 and exemplary."", ""achieve carbon neutrality within the next two to three decades"", ""Our ultimate target is to replace natural gas with 100% hydrogen for home heating \u2013 our zero-emission ambition."", ""We aspire to constantly enhance how energy is being generated and delivered... to create a more sustainable planet for future generations.""]","[""Power Assets has steadily relinquished 2,890 MW of coal-fired facilities from our investment portfolio since 2016."", ""Canadian Power acquired two wind farms in Okanagan in June 2021"", ""UKPN: first distribution network operator in the UK to have its carbon reduction plan and targets externally verified by the Science Based Targets Initiative (SBTi)."", ""10% reduction in Scope 1 and 2 greenhouse gas emissions intensity compared to 2020.""]","[{""text"": ""Committed to reducing our coal-fired generation installed capacity from about 53% of our total generation portfolio in 2016 to about 24% by 2023 and phasing out coal at all of our business operations by 2035."", ""kind"": ""target"", ""quantified"": true, ""horizon_year"": 2035}, {""text"": ""we shall be phasing out the remaining coal-fired facilities in Hong Kong by the early 2030s"", ""kind"": ""target"", ""quantified"": true, ""horizon_year"": 2032}, {""text"": ""Our businesses in the OECD countries have fully phased out coal-fired generation in favour of cleaner-burning natural gas in 2021."", ""kind"": ""achievement"", ""quantified"": true, ""horizon_year"": 2021}, {""text"": ""Power Assets has steadily relinquished 2,890 MW of coal-fired facilities from our investment portfolio since 2016."", ""kind"": ""achievement"", ""quantified"": true, ""horizon_year"": 2021}, {""text"": ""10% reduction in Scope 1 and 2 greenhouse gas emissions intensity compared to 2020."", ""kind"": ""achievement"", ""quantified"": true, ""horizon_year"": 2021}, {""text"": ""Canadian Power acquired two wind farms in Okanagan in June 2021, marking its entry into renewable energy generation."", ""kind"": ""investment"", ""quantified"": true, ""horizon_year"": 2021}, {""text"": ""UKPN: first distribution network operator in the UK to have its carbon reduction plan and targets externally verified by the Science Based Targets Initiative (SBTi)."", ""kind"": ""achievement"", ""quantified"": false, ""horizon_year"": 2021}, {""text"": ""working with the UK government to demonstrate the viability of blending up to 20% hydrogen with natural gas... Our ultimate target is to replace natural gas with 100% hydrogen for home heating"", ""kind"": ""target"", ""quantified"": true, ""horizon_year"": null}, {""text"": ""HK Electric is planning for a large-scale offshore wind farm in Hong Kong waters."", ""kind"": ""target"", ""quantified"": false, ""horizon_year"": null}, {""text"": ""established concrete targets to combat climate change and achieve carbon neutrality within the next two to three decades"", ""kind"": ""target"", ""quantified"": false, ""horizon_year"": 2050}]",7234.0,1077.0,256.0,kimi-k3,0.06362439666520403,0.09421641791044776,0.21455223880597016,0.06623134328358209,0.12509117398034716,1072.0,0.08533077660594439,0.03009849211191493,
0006.HK,esg_report,2023-04-06,2022-12-31,https://www1.hkexnews.hk/listedco/listconews/sehk/2023/0406/2023040600858.pdf,full_report,0.254320987654321,False,9.0,9.0,7.0,8.0,6.0,8.0,3.0,2.0,2.0,6.0,5.0,4.0,8.4,3.4,5.0,10.0,9.0,"Power Assets talks extensively and ambitiously about decarbonisation — a 67% Scope 1+2 cut by 2035, coal phase-out by 2035, net zero by 2050, and a glossy net-zero roadmap — but the document is dominated by pledges, memberships, TCFD reporting and PR framing rather than realised action. Demonstrable walk is thin: a claimed 3.4% year-on-year Scope 1+2 reduction (hard data shows ~2.8%, and emissions are still +2.9% vs the 2020 baseline), coal below 3% of assets, Scope 3 measurement and ISO 14001 coverage, with no capex figures, no third-party assurance, and no verified emission reductions against the target baseline.","[""One of our top priorities is to decarbonise our business portfolio... we continued our efforts to increase the use of low-emission energy and renewable energy"", ""we continued to extend our best efforts to support local communities across all our markets of operation in achieving energy transition and the decarbonisation goals"", ""The cover design... depicts a dynamic wind turbine design to represent our passion and commitment in driving the energy transition"", ""our goal is to replace natural gas with hydrogen for providing energy to finish the last miles of the decarbonisation journey""]","[""3.4% reduction in Scope 1 and 2 emissions compared to 2021"", ""coal-fired generating facilities... currently down to less than 3% of the Assets"", ""Our Scope 3 emissions... were 548,308 tCO2e in 2022"", ""Our board-level Sustainability Committee ensures policies and systems are in place and provides oversight""]","[{""text"": ""our goal is to reduce GHG emissions by 67% by 2035 as compare to 2020"", ""kind"": ""target"", ""quantified"": true, ""horizon_year"": 2035}, {""text"": ""phasing out coal at all our business operations by 2035"", ""kind"": ""target"", ""quantified"": true, ""horizon_year"": 2035}, {""text"": ""Pursuit of net-zero by 2050"", ""kind"": ""target"", ""quantified"": true, ""horizon_year"": 2050}, {""text"": ""3.4% reduction in Scope 1 and 2 emissions compared to 2021"", ""kind"": ""achievement"", ""quantified"": true, ""horizon_year"": 2022}, {""text"": ""coal-fired generating facilities having been reduced steadily over the years and currently down to less than 3% of the Assets"", ""kind"": ""achievement"", ""quantified"": true, ""horizon_year"": 2022}, {""text"": ""Scope 3 emissions from the Group's business operations, which cover a total of 63% of our attributable revenue, were 548,308 tCO2e in 2022"", ""kind"": ""achievement"", ""quantified"": true, ""horizon_year"": 2022}, {""text"": ""UKPN: Achieve net-zero for its controllable Scope 1 and 2 emissions (excluding network losses) by 2028"", ""kind"": ""target"", ""quantified"": true, ""horizon_year"": 2028}, {""text"": ""NGN: Transport 100% hydrogen by 2050"", ""kind"": ""target"", ""quantified"": true, ""horizon_year"": 2050}, {""text"": ""Over 77% of the Group's attributable revenue were covered by ISO 14001 or other EMS certificates"", ""kind"": ""achievement"", ""quantified"": true, ""horizon_year"": 2022}, {""text"": ""We have also signed the UN Global Compact (UNGC) and will strive to achieve our sustainability pledges"", ""kind"": ""policy"", ""quantified"": false, ""horizon_year"": null}]",7977.0,1161.0,256.0,kimi-k3,0.05353553809610817,0.04456824512534819,0.2395543175487465,0.059424326833797586,0.10407053680304598,1077.0,0.05168986083499006,0.013145816459269077,
0006.HK,esg_report,2024-04-19,2023-12-31,https://www1.hkexnews.hk/listedco/listconews/sehk/2024/0419/2024041900695.pdf,full_report,0.26737967914438504,False,8.0,8.0,7.0,7.0,6.0,7.0,5.0,2.0,6.0,5.0,6.0,5.0,7.4,4.7,2.7,10.0,7.0,"Power Assets talks ambitiously, with a quantified net-zero-by-2050 pathway, a 67% Scope 1+2 reduction target by 2035, and a glossy, self-congratulatory tone ('lead the industry', symbolic tree design). On the walk side there are some realised operational actions (coal capacity down to <3% of assets, an RNG facility upgrade, an FSRU terminal, third-party assurance in 2023), but no disclosed capex amounts, and the hard data shows Scope 1+2 emissions essentially flat since 2020 (+1.3%), so the claimed trajectory is not yet supported by outcomes.","[""The Group is committed to becoming net zero through energy transition and innovation, and has developed short- and medium-term targets up to 2035"", ""our strategy remains steadfast on achieving a 67% reduction in our Scope 1 and 2 GHG emissions by 2035"", ""we continued to lead the industry to move forward in the decarbonisation journey"", ""We aspire to recruit and support women of all ethnic backgrounds in engineering""]","[""1.7% reduction in Scope 1 and 2 emissions compared to 2022"", ""coal-fired generating facilities having been reduced steadily over the years and currently down to less than 3% of the Assets"", ""Our business in the US upgraded an existing landfill-gas-to-energy power plant to a renewable natural gas (RNG) facility in 2023"", ""this report has undergone external data assurance""]","[{""text"": ""achieving a 67% reduction in our Scope 1 and 2 GHG emissions by 2035, taking 2020 as our baseline year"", ""kind"": ""target"", ""quantified"": true, ""horizon_year"": 2035}, {""text"": ""ultimately advancing towards net zero emissions by 2050"", ""kind"": ""target"", ""quantified"": true, ""horizon_year"": 2050}, {""text"": ""1.7% reduction in Scope 1 and 2 emissions compared to 2022"", ""kind"": ""achievement"", ""quantified"": true, ""horizon_year"": 2023}, {""text"": ""23% reduction of installed coal-fired generation capacity of our total generation portfolio compared to 2016"", ""kind"": ""achievement"", ""quantified"": true, ""horizon_year"": 2023}, {""text"": ""HK Electric jointly with another power company, commissioned the city's first offshore liquefied natural gas terminal using Floating Storage and Regasification Unit (FSRU) Technology"", ""kind"": ""achievement"", ""quantified"": false, ""horizon_year"": 2023}, {""text"": ""Our business in the US upgraded an existing landfill-gas-to-energy power plant to a renewable natural gas (RNG) facility in 2023"", ""kind"": ""achievement"", ""quantified"": false, ""horizon_year"": 2023}, {""text"": ""HK Electric: Expect to raise gas-fired generation to around 70% in 2024"", ""kind"": ""target"", ""quantified"": true, ""horizon_year"": 2024}, {""text"": ""Phase out coal-fired generation and achieve Science-based Target (SBT) of reducing Scope 1 GHG emission by 68.4% by 2035 (as compared with 2019)"", ""kind"": ""target"", ""quantified"": true, ""horizon_year"": 2035}, {""text"": ""NGN: Reduce Scope 1 and 2 GHG emissions by 31% (as compared with 2018) and at least 50% of their commercial vehicle fleet being ultra-low emission or hybrid by 2026"", ""kind"": ""target"", ""quantified"": true, ""horizon_year"": 2026}, {""text"": ""this report has undergone external data assurance to ensure reporting is credible, transparent and accountable"", ""kind"": ""achievement"", ""quantified"": false, ""horizon_year"": 2023}]",7648.0,1230.0,256.0,kimi-k3,0.05436110835892863,0.05676567656765676,0.23894389438943894,0.055445544554455446,0.1048510919315103,1515.0,0.06427503736920777,0.017185838868772133,
0006.HK,esg_report,2025-04-22,2024-12-31,https://www1.hkexnews.hk/listedco/listconews/sehk/2025/0422/2025042200763.pdf,full_report,0.3609341825902335,False,9.0,7.0,7.0,5.0,5.0,8.0,8.0,6.0,7.0,4.0,7.0,7.0,6.7,6.75,-0.04999999999999982,10.0,10.0,"Power Assets talks extensively about decarbonisation leadership and just transition in a glossy, self-congratulatory CEO narrative, though without a stated net-zero target in the excerpt. On walk, it shows concrete realised outcomes: coal capacity down 3,800 MW since 2016, 244 MW of renewables acquired in 2024, 40% methane leakage reduction, 1,442 km of gas main replacement, and scope 1+2 emissions falling 11.4% over 2021-2024 per hard data (though the claimed 19% year-on-year drop exceeds the ~7.4% in the reported scope 1+2 figures, and no dollar capex figures or climate-linked executive pay are disclosed).","[""As a responsible industry leader, our priority is to navigate the ever-changing business environment... while safeguarding the environment for future generations."", ""In 2024, the Group not only made significant strides in our dedication to reduce carbon emissions but also positioned itself as a responsible leader in the global energy transition."", ""we remain committed to powering sustainable growth... our proactive approach to decarbonisation and social responsibility"", ""While ambitious targets guide us, we prioritise innovation and collaboration to drive success.""]","[""Coal-fire Generation Capacity Reduction 3,800 MW of our total generation portfolio as compared to 2016 (6,080 MW)"", ""Renewable Energy Acquisitions in 2024 - 244MW Wind, solar and hydro assets"", ""Methane Leakage Rate Reduction CH4 40% When compared to 2023; Gas Network Main Replacement 1,442 km"", ""GHG emissions Intensity of Power Generation Reduction 10.1% When compared to 2023""]","[{""text"": ""Scope 1 and 2 Emissions CO2 - 19% When compared to 2023"", ""kind"": ""achievement"", ""quantified"": true, ""horizon_year"": 2024}, {""text"": ""GHG emissions Intensity of Power Generation Reduction 10.1% When compared to 2023"", ""kind"": ""achievement"", ""quantified"": true, ""horizon_year"": 2024}, {""text"": ""Coal-fire Generation Capacity Reduction 3,800 MW of our total generation portfolio as compared to 2016 (6,080 MW)"", ""kind"": ""achievement"", ""quantified"": true, ""horizon_year"": 2024}, {""text"": ""Renewable Energy Acquisitions in 2024 - 244MW Wind, solar and hydro assets"", ""kind"": ""investment"", ""quantified"": true, ""horizon_year"": 2024}, {""text"": ""Capacity of Connections to Distributed Renewable Energy Generation 17GW"", ""kind"": ""achievement"", ""quantified"": true, ""horizon_year"": 2024}, {""text"": ""Methane Leakage Rate Reduction CH4 40% When compared to 2023"", ""kind"": ""achievement"", ""quantified"": true, ""horizon_year"": 2024}, {""text"": ""Gas Network Main Replacement 1,442 km"", ""kind"": ""investment"", ""quantified"": true, ""horizon_year"": 2024}, {""text"": ""Biomethane Injected 1,497GWh; Renewable Gas Production 19,083 kg"", ""kind"": ""achievement"", ""quantified"": true, ""horizon_year"": 2024}, {""text"": ""coal-fired generating facilities having been reduced steadily over the years and currently down to less than 2.5% of the Assets"", ""kind"": ""achievement"", ""quantified"": true, ""horizon_year"": null}, {""text"": ""One of our key acquisitions, in collaboration with the CK Group, was Phoenix Energy"", ""kind"": ""investment"", ""quantified"": true, ""horizon_year"": 2024}]",6016.0,1252.0,256.0,kimi-k3,0.0554559043348281,0.08816245666171373,0.254581475978207,0.04358593363051015,0.09797347538797177,2019.0,0.08266666666666667,0.02983722576079264,
0006.HK,esg_report,2026-04-21,2025-12-31,https://www1.hkexnews.hk/listedco/listconews/sehk/2026/0421/2026042100680.pdf,full_report,0.25798212005108556,False,9.0,8.0,8.0,4.0,4.0,6.0,8.0,7.0,8.0,6.0,8.0,7.0,6.2,7.45,-1.25,10.0,10.0,"The company pairs specific, quantified targets (67% Scope 1+2 cut by 2035 vs 2020, net zero 2050, coal phase-out 2035) with substantial promotional language about leadership and commitment. Its walk is comparatively strong: 3,850 MW of coal capacity retired since 2017, a realised ~8% decline in self-reported Scope 1+2 emissions (7.75 to 7.13 MtCO2e, third-party assured 2023-2025), 46,000 tCO2 captured and sold, HK$22bn grid capex plan, 1,169 km of gas pipeline replaced, and regulatory approval for 15% hydrogen blending.","[""we aim for net-zero emissions by 2050 and will phase out coal-fired generation by 2035"", ""targeting a 67% reduction in Scope 1 and 2 GHG emissions by 2035 from a 2020 baseline"", ""We are dedicated to a responsible energy transition, deepening our focus on decarbonisation underpinned by transparency and strong governance"", ""This report highlights our innovative strategies, proactive approach to decarbonisation, and strong commitment to social responsibility""]","[""successfully phased out a total of 3,850 MW of coal-fired power generation assets... since 2017, representing around 40% of our total generation capacity"", ""delivered 46,000 tonnes of liquified CO2 for greenhouse use in the horticulture sector"", ""HK Electric progressed its HK$22 billion 2024-2028 Development Plan, advancing the construction of the L13 gas-fired unit"", ""7.45 million tCO2e 2021 ... 6.62 million tCO2e 2024 (restated Scope 1 & market-based Scope 2 trajectory)""]","[{""text"": ""targeting a 67% reduction in Scope 1 and 2 GHG emissions by 2035 from a 2020 baseline"", ""kind"": ""target"", ""quantified"": true, ""horizon_year"": 2035}, {""text"": ""we aim for net-zero emissions by 2050 and will phase out coal-fired generation by 2035"", ""kind"": ""target"", ""quantified"": true, ""horizon_year"": 2050}, {""text"": ""successfully phased out a total of 3,850 MW of coal-fired power generation assets in Chinese Mainland, Canada, and Hong Kong since 2017, representing around 40% of our total generation capacity"", ""kind"": ""achievement"", ""quantified"": true, ""horizon_year"": null}, {""text"": ""HK Electric progressed its HK$22 billion 2024-2028 Development Plan, advancing the construction of the L13 gas-fired unit and other projects"", ""kind"": ""investment"", ""quantified"": true, ""horizon_year"": 2028}, {""text"": ""AVR reached the CO2 capture milestone in Duiven in October, which delivered 46,000 tonnes of liquified CO2 for greenhouse use"", ""kind"": ""achievement"", ""quantified"": true, ""horizon_year"": null}, {""text"": ""HyP South Australia received regulatory approval to increase the blend of renewable hydrogen with natural gas from 10% to 15% by volume"", ""kind"": ""achievement"", ""quantified"": true, ""horizon_year"": null}, {""text"": ""In 2025, the Group achieved an 8% increase in renewable gas production compared to 2024"", ""kind"": ""achievement"", ""quantified"": true, ""horizon_year"": 2025}, {""text"": ""0.35% gas leakage rate; 1,169 km of pipeline replaced"", ""kind"": ""achievement"", ""quantified"": true, ""horizon_year"": null}, {""text"": ""1,572 GWh biomethane injected; 10% of maximum hydrogen blend ratio"", ""kind"": ""achievement"", ""quantified"": true, ""horizon_year"": null}, {""text"": ""the new 88 MW turbines, scheduled to enter operation in 2026, are being installed to replace the older units"", ""kind"": ""investment"", ""quantified"": true, ""horizon_year"": 2026}]",7822.0,1135.0,256.0,kimi-k3,0.05356331188249085,0.08938010571840461,0.2585295530994714,0.04757328207592504,0.09677562181174564,2081.0,0.09154550350026926,0.023617103074143535,
0012.HK,esg_report,2022-04-21,2021-12-31,https://www1.hkexnews.hk/listedco/listconews/sehk/2022/0421/2022042101281.pdf,full_report,0.1867007672634271,False,8.0,7.0,7.0,6.0,4.0,7.0,5.0,4.0,6.0,6.0,5.0,4.0,6.7,4.9,1.7999999999999998,10.0,8.0,"Henderson Land talks ambitiously about green building leadership, a G.I.V.E. strategy aligned to SDGs, and quantified 2030 targets for energy, waste, water and EV charging, but much of the material is forward-looking pledges, reporting enhancements and awards. Demonstrated walk includes realised 7% energy reduction in managed properties, cumulative green-building certifications, 70% timberless formwork, HK$28bn green finance facilities and third-party assurance — though no scope 1+2 emissions were extracted and much content is governance/PR rather than operational implementation.","[""our focus on innovation and green building featured prominently this year"", ""we remain committed to innovating for a sustainable future"", ""By 2030, energy intensity by 20% from baseline year 2019 for Hong Kong portfolio"", ""Echoing the climate action urged at the 26th United Nations Climate Change Conference of Parties""]","[""Cumulatively achieved 50 BEAM Plus, 19 BEAM, 15 LEED and 8 China Green Building Design Label"", ""Cumulatively secured over HK$28 billion equivalent of green finance facilities"", ""7% in energy consumption in the common areas of 14 of our commercial properties ... already achieved between 2021 and baseline year 2015"", ""Engaged third-party to conduct an external assurance assessment of this Report""]","[{""text"": ""Cumulatively achieved 50 BEAM Plus, 19 BEAM, 15 LEED and 8 China Green Building Design Label"", ""kind"": ""achievement"", ""quantified"": true, ""horizon_year"": null}, {""text"": ""Cumulatively secured over HK$28 billion equivalent of green finance facilities"", ""kind"": ""investment"", ""quantified"": true, ""horizon_year"": null}, {""text"": ""7% in energy consumption in the common areas of 14 of our commercial properties managed by Goodwill already achieved between 2021 and baseline year 2015"", ""kind"": ""achievement"", ""quantified"": true, ""horizon_year"": 2021}, {""text"": ""70% timber formwork as part of our timberless construction objectives"", ""kind"": ""achievement"", ""quantified"": true, ""horizon_year"": null}, {""text"": ""By 2030, energy intensity by 20% from baseline year 2019 for Hong Kong portfolio, and by a cumulative 10% electricity consumption from baseline year 2021 for mainland China portfolio"", ""kind"": ""target"", ""quantified"": true, ""horizon_year"": 2030}, {""text"": ""All new office development projects target to achieve BEAM Plus Gold Rating or above"", ""kind"": ""target"", ""quantified"": false, ""horizon_year"": null}, {""text"": ""15% and 30% of demolition and construction waste for all new developments by 2025 and 2030 respectively"", ""kind"": ""target"", ""quantified"": true, ""horizon_year"": 2030}, {""text"": ""Achieve estimated annual water 20% and 30% for all new residential and office developments respectively"", ""kind"": ""target"", ""quantified"": true, ""horizon_year"": null}, {""text"": ""Achieve provision of electric vehicle charging facilities for all car parking spaces in 90% of new residential developments and new commercial developments by 2030"", ""kind"": ""target"", ""quantified"": true, ""horizon_year"": 2030}, {""text"": ""Engaged third-party to conduct an external assurance assessment of this Report"", ""kind"": ""other"", ""quantified"": false, ""horizon_year"": 2021}]",8075.0,1013.0,256.0,kimi-k3,0.024390243902439025,0.07088607594936709,0.18734177215189873,0.053164556962025315,0.0420605773505198,395.0,0.09418282548476455,0.017584005781042997,
0012.HK,esg_report,2023-04-21,2022-12-31,https://www1.hkexnews.hk/listedco/listconews/sehk/2023/0421/2023042101173.pdf,full_report,0.17857142857142858,False,7.0,7.0,7.0,6.0,5.0,8.0,5.0,3.0,4.0,4.0,5.0,4.0,7.0,4.2,2.8,10.0,8.0,"Henderson Land talks extensively about green leadership, 2030 targets and a new SBTi commitment, wrapped in heavy award-driven promotional framing; its SBTi pledge is aspirational with targets still being set. Walk evidence is real but modest: partial progress against quantified energy-intensity targets (11.7% vs 2019; 16.7% vs 2015 in managed properties), cumulative green-building certifications, one carbon credit transaction and HK$47 billion in green financing, while no absolute emissions data, no capex figures for decarbonisation, and no assurance scope details are disclosed in the text (and the HARD DATA block contains no emissions).","[""The Group has committed to the Science Based Targets initiative (\""SBTi\"") by setting emissions reduction targets grounded in climate science"", ""we are fully committed to addressing the issue, and are actively taking various steps to integrate sustainability into our operations"", ""Looking forward, we will continue to lead the way for our industry and for our society by introducing even more outstanding development projects"", ""It serves as a testimony to the Group's leading position in sustainable development, and our longstanding efforts in innovation and green building""]","[""11.7% compared to base year 2019 (energy intensity progress for Hong Kong portfolio)"", ""16.7% compared to base year 2015, 3 years ahead of schedule (energy reduction in common areas of 14 Goodwill-managed commercial properties)"", ""All new office development projects achieved BEAM Plus Gold Rating or above"", ""Completed the first carbon credit transaction on Hong Kong Exchanges and Clearing Limited (\""HKEX\"")'s Core Climate marketplace""]","[{""text"": ""Committed to setting near-term company-wide emission reductions in line with climate science with the SBTi to support the Paris Agreement"", ""kind"": ""target"", ""quantified"": false, ""horizon_year"": null}, {""text"": ""By 2030, reduce energy intensity by 20% from baseline year 2019 for Hong Kong portfolio \u2014 Progress: 11.7% compared to base year 2019"", ""kind"": ""target"", ""quantified"": true, ""horizon_year"": 2030}, {""text"": ""By 2030, achieve a cumulative 10% reduction in electricity consumption from baseline year 2021 for mainland China portfolio \u2014 Progress: 9.1% compared to base year 2021"", ""kind"": ""target"", ""quantified"": true, ""horizon_year"": 2030}, {""text"": ""Reduce energy consumption by 10% by 2025 in the common areas of 14 of our commercial properties managed by Goodwill, with 2015 as the baseline year \u2014 Progress: 16.7% compared to base year 2015, 3 years ahead of schedule"", ""kind"": ""achievement"", ""quantified"": true, ""horizon_year"": 2025}, {""text"": ""Achieve provision of electric vehicle (EV) charging facilities for all car parking spaces in 90% of new residential developments and new commercial developments by 2030"", ""kind"": ""target"", ""quantified"": true, ""horizon_year"": 2030}, {""text"": ""Conduct life cycle assessment during design and construction stages for over 20 new property developments by 2030 to minimise their embodied carbon"", ""kind"": ""target"", ""quantified"": true, ""horizon_year"": 2030}, {""text"": ""For all new developments, recycle 15% and 30% of construction waste by 2025 and 2030 respectively"", ""kind"": ""target"", ""quantified"": true, ""horizon_year"": 2030}, {""text"": ""All new office development projects achieved BEAM Plus Gold Rating or above"", ""kind"": ""achievement"", ""quantified"": true, ""horizon_year"": 2022}, {""text"": ""Completed the first carbon credit transaction on Hong Kong Exchanges and Clearing Limited (HKEX)'s Core Climate marketplace"", ""kind"": ""achievement"", ""quantified"": false, ""horizon_year"": 2022}, {""text"": ""Cumulatively secured over HK$47 billion Green and Sustainability-linked Financing"", ""kind"": ""investment"", ""quantified"": true, ""horizon_year"": null}]",7984.0,1199.0,256.0,kimi-k3,0.024582967515364356,0.05516014234875445,0.22419928825622776,0.04804270462633452,0.0416773497862538,562.0,0.052313883299798795,0.00934176487496407,
0012.HK,esg_report,2024-04-24,2023-12-31,https://www1.hkexnews.hk/listedco/listconews/sehk/2024/0424/2024042401163.pdf,full_report,0.1640378548895899,False,7.0,8.0,7.0,6.0,4.0,8.0,5.0,3.0,6.0,4.0,5.0,5.0,7.4,4.65,2.75,10.0,9.0,"Henderson Land talks ambitiously and promotionally about green leadership, but backs it with some quantified progress: a 12.2% energy-intensity cut vs 2019, 9.7% electricity reduction vs 2021, HK$50bn in green finance facilities, 132 cumulative green building certifications, EV-charging design provisions, and third-party limited assurance. However, absolute emissions data are absent from the supplied hard data, much of the content is certifications, ratings, memberships and disclosure frameworks (TNFD/ISSB early adoption) rather than operational decarbonisation, and no concrete low-carbon capex amounts are disclosed.","[""We are wholeheartedly committed to using the innovation and ingenuity of our people to help solve the challenges we face and lead the way towards a more sustainable future"", ""Henderson Land is determined to continue its leading role in this vital area... These ground-breaking steps demonstrate our commitment to act as a force for good"", ""The Henderson is Hong Kong's boldest new architectural masterpiece... an icon amongst icons"", ""we are determined to ensure that the buildings we add to the skyline create the lightest possible footprint on our Earth""]","[""By 2030, reduce energy intensity by 20% from base year 2019... 12.2% compared to 2019"", ""9.7% compared to 2021 (electricity consumption, mainland China portfolio)"", ""Cumulatively secured over HK$50 billion equivalent of green and sustainable finance facilities"", ""Selected sustainability information in this Report has been verified by a third-party... please refer to 'Independent Limited Assurance Report'""]","[{""text"": ""By 2030, reduce energy intensity by 20% from base year 2019 for Hong Kong portfolio"", ""kind"": ""target"", ""quantified"": true, ""horizon_year"": 2030}, {""text"": ""By 2030, achieve a cumulative 10% reduction in electricity consumption from base year 2021 for mainland China portfolio"", ""kind"": ""target"", ""quantified"": true, ""horizon_year"": 2030}, {""text"": ""Achieve provision of electric vehicle charging facilities for all car parking spaces in 90% of new residential developments and new commercial developments by 2030"", ""kind"": ""target"", ""quantified"": true, ""horizon_year"": 2030}, {""text"": ""12.2% compared to 2019 (energy intensity reduction progress)"", ""kind"": ""achievement"", ""quantified"": true, ""horizon_year"": 2023}, {""text"": ""9.7% compared to 2021 (electricity consumption reduction progress)"", ""kind"": ""achievement"", ""quantified"": true, ""horizon_year"": 2023}, {""text"": ""Cumulatively secured over HK$50 billion equivalent of green and sustainable finance facilities"", ""kind"": ""investment"", ""quantified"": true, ""horizon_year"": 2023}, {""text"": ""Cumulatively achieved 81 BEAM Plus, 19 BEAM, 18 LEED, 10 China Green Building Design Labels, 4 TRUE Certification and 1 China Green Building Label"", ""kind"": ""achievement"", ""quantified"": true, ""horizon_year"": 2023}, {""text"": ""All new office development projects target to achieve BEAM Plus Gold Rating or above; Starting from 2021, there are 3 BEAM Plus Gold Rating or above in our new office development projects"", ""kind"": ""target"", ""quantified"": true, ""horizon_year"": null}, {""text"": ""Conduct life cycle assessment during design and construction stages for over 20 new property developments by 2030; Conducted life cycle assessment for 10 new property development projects"", ""kind"": ""target"", ""quantified"": true, ""horizon_year"": 2030}, {""text"": ""Officially committed as one of the first developers to be a TNFD Early Adopter and published first TNFD disclosure"", ""kind"": ""policy"", ""quantified"": false, ""horizon_year"": 2023}]",7504.0,1046.0,256.0,kimi-k3,0.030901569733994466,-0.008604206500956023,0.245697896749522,0.03441682600382409,0.04935488898680425,1046.0,-0.005537098560354375,0.0,
0012.HK,esg_report,2025-04-24,2024-12-31,https://www1.hkexnews.hk/listedco/listconews/sehk/2025/0424/2025042401825.pdf,full_report,0.1984732824427481,False,7.0,8.0,7.0,6.0,3.0,7.0,6.0,6.0,7.0,4.0,5.0,6.0,7.1,5.8,1.2999999999999998,10.0,9.0,"Henderson Land talks ambitiously (SBTi-validated net-zero targets, heavy award/index self-promotion) but backs much of it with realised numbers: 15.4% energy-intensity and 12.4% electricity reductions versus baselines, HK$50bn in green finance facilities, extensive third-party green building certifications and a limited assurance report. The document nonetheless leans toward PR framing and many targets remain future-dated 'on track' claims, and the HARD DATA block is empty so external consistency cannot be verified.","[""At Henderson Land, sustainability is more than a goal: It is a responsibility embedded in every facet of our operations."", ""We are developing a comprehensive transition plan to meet our greenhouse gas emissions reduction targets across Scope 1, 2, and 3"", ""We are also proud to be included in the Dow Jones Best-in-Class Asia Pacific Index for the first time... top 20% of companies in the Asia-Pacific region"", ""Named as one of the Top Green Companies in Asia at the ACES Awards 2024""]","[""A key achievement was the approval of our emissions reduction targets by the Science Based Targets initiative in December 2024"", ""15.4% compared to 2019 [energy intensity]; 12.4% compared to 2021 (Target achieved ahead of schedule) [electricity]"", ""Cumulatively secured over HK$50 billion equivalent of green and sustainable finance facilities"", ""Achieved a 5-Star Rating... from the Global Real Estate Sustainability Benchmark ('GRESB') Assessment for two consecutive years; Independent Limited Assurance Report""]","[{""text"": ""Established near-term, long-term and net-zero science-based targets ('SBTs') and were validated by Science Based Targets initiative ('SBTi')... approval... in December 2024"", ""kind"": ""achievement"", ""quantified"": true, ""horizon_year"": 2024}, {""text"": ""By 2030, reduce energy intensity by 20% from base year 2019 for Hong Kong portfolio"", ""kind"": ""target"", ""quantified"": true, ""horizon_year"": 2030}, {""text"": ""15.4% compared to 2019"", ""kind"": ""achievement"", ""quantified"": true, ""horizon_year"": 2024}, {""text"": ""By 2030, achieve a cumulative 10% reduction in electricity consumption from base year 2021 for mainland China portfolio"", ""kind"": ""target"", ""quantified"": true, ""horizon_year"": 2030}, {""text"": ""12.4% compared to 2021 (Target achieved ahead of schedule)"", ""kind"": ""achievement"", ""quantified"": true, ""horizon_year"": 2024}, {""text"": ""Implement retrofitting or energy saving initiatives at all managed properties progressively by 2030... On track of the retrofitting or energy saving initiatives schedule"", ""kind"": ""target"", ""quantified"": true, ""horizon_year"": 2030}, {""text"": ""Achieve provision of electric vehicle ('EV') charging facilities for all car parking spaces in 90% of new residential developments and new commercial developments by 2030"", ""kind"": ""target"", ""quantified"": true, ""horizon_year"": 2030}, {""text"": ""Cumulatively secured over HK$50 billion equivalent of green and sustainable finance facilities"", ""kind"": ""investment"", ""quantified"": true, ""horizon_year"": 2024}, {""text"": ""Piloted internal carbon pricing in procurement decisions to assess carbon impacts and reallocate capital towards low-carbon investments and activities"", ""kind"": ""policy"", ""quantified"": false, ""horizon_year"": 2024}, {""text"": ""Cumulatively achieved 95 BEAM Plus, 19 BEAM, 27 LEED, 10 China Green Building Design Label, 4 TRUE Certification and 1 China Green Building Label"", ""kind"": ""achievement"", ""quantified"": true, ""horizon_year"": 2024}]",5935.0,1044.0,256.0,kimi-k3,0.028241366597025933,0.021215043394406944,0.2651880424300868,0.03471552555448409,0.048239766361850456,1037.0,0.031453362255965296,0.0062426520508022726,
0012.HK,esg_report,2026-04-24,2025-12-31,https://www1.hkexnews.hk/listedco/listconews/sehk/2026/0424/2026042402024.pdf,full_report,0.13777490297542044,False,7.0,7.0,6.0,6.0,5.0,8.0,4.0,4.0,7.0,6.0,5.0,5.0,7.0,4.95,2.05,10.0,7.0,"Henderson Land talks extensively about sustainability leadership, with quantified 2030 targets (energy intensity -33%, water, EV charging, waste recycling) but the 2025 narrative is heavily promotional and award-focused, with large sections of self-congratulation. On walk, it shows some realised progress (energy intensity -9%, water -10% vs 2021, HK$50bn in green finance facilities, internal carbon pricing in procurement, CaaS, EcoBricks) and credible third-party assurance including ISAE 3410 for GHG, though no absolute emissions data is disclosed in the supplied text and several targets are only 'actively working towards'.","[""we stayed committed to advancing our climate-related and nature-related risk management as a core element of long-term business resilience"", ""we have sought to exceed industry norms, set higher standards, and drive ongoing improvement"", ""2025 Asia's Most Sustainable Company of the Year"", ""Our new developments are actively working towards achieving this target""]","[""KPMG was engaged to provide limited assurance... for greenhouse gas emissions, assurance was conducted in accordance with... ISAE 3410"", ""cumulatively secured over HK$50 billion equivalent of green and sustainable finance facilities"", ""9% compared with 2021 [energy intensity]; >10% compared to 2021 [water intensity]"", ""Introduced Internal Carbon Pricing ('ICP') in procurement processes... Utilised EcoBricks in paving... Extended Cooling-as-a-Service""]","[{""text"": ""By 2030, reduce energy intensity by 33% from base year 2021 for Hong Kong and Chinese Mainland portfolio"", ""kind"": ""target"", ""quantified"": true, ""horizon_year"": 2030}, {""text"": ""Achieve provision of electric vehicle charging facilities for all car parking spaces in 90% of new residential developments and new commercial developments by 2030"", ""kind"": ""target"", ""quantified"": true, ""horizon_year"": 2030}, {""text"": ""Progress in 2025: 9% [energy intensity reduction] compared with 2021"", ""kind"": ""achievement"", ""quantified"": true, ""horizon_year"": 2025}, {""text"": ""By 2030, reduce water consumption intensity by 7% in our Hong Kong portfolio from 2021 baseline... >10% compared to 2021"", ""kind"": ""achievement"", ""quantified"": true, ""horizon_year"": 2030}, {""text"": ""Developed Sustainable Finance Framework and cumulatively secured over HK$50 billion equivalent of green and sustainable finance facilities"", ""kind"": ""investment"", ""quantified"": true, ""horizon_year"": null}, {""text"": ""Introduced Internal Carbon Pricing (ICP) in procurement processes to evaluate carbon impacts and redirect capital towards low-carbon investments"", ""kind"": ""policy"", ""quantified"": false, ""horizon_year"": null}, {""text"": ""All new office development projects target to achieve BEAM Plus Gold Rating or above"", ""kind"": ""target"", ""quantified"": false, ""horizon_year"": null}, {""text"": ""Conduct life cycle assessment during design and construction stages for over 20 new property developments by 2030 \u2014 Conducted life cycle assessment for 15 new property development projects"", ""kind"": ""achievement"", ""quantified"": true, ""horizon_year"": 2030}, {""text"": ""For all new developments, recycle 15% and 30% of construction waste by 2025 and 2030 respectively"", ""kind"": ""target"", ""quantified"": true, ""horizon_year"": 2030}, {""text"": ""Extended Cooling-as-a-Service (CaaS) through strategic partnerships, driving energy efficiency and reducing electricity use across more managed properties"", ""kind"": ""achievement"", ""quantified"": false, ""horizon_year"": null}]",10147.0,1073.0,256.0,kimi-k3,0.027574101230946984,0.07466666666666667,0.224,0.04622222222222222,0.04749486496184314,1125.0,0.09424083769633508,0.01298402226993491,
0016.HK,esg_report,2022-10-06,2021-12-31,https://www1.hkexnews.hk/listedco/listconews/sehk/2022/1006/2022100600730.pdf,full_report,0.2287390029325513,False,6.0,7.0,5.0,6.0,5.0,7.0,2.0,3.0,5.0,5.0,5.0,4.0,6.7,3.7,3.0,10.0,3.0,"SHKP talks ambitiously — pledging support for 2050/2060 carbon neutrality, citing index memberships and ESG ratings, and announcing 10-year environmental targets — but the excerpt provides no quantified emission reductions, no emissions data at all (consistent with the empty HARD DATA block), and largely aspirational or process-oriented language. Walk evidence is limited to third-party report assurance, 108 green-building certificates, two large sustainability-linked loans (financing, not direct decarbonisation capex), and unquantified solar/EV-charger installations.","[""The Group pledges full support for Hong Kong's and the mainland's goal of carbon neutrality by 2050 and 2060, respectively."", ""All new core commercial projects developed by the Group aim to achieve the Leadership in Energy and Environmental Design (LEED) Gold or Platinum certification."", ""We accelerate our transition to a sustainable and low-carbon operation through a multi-pronged approach."", ""We remained a constituent member of the Hang Seng Corporate Sustainability Index Series and the FTSE4Good Index series... and continued to receive a rating of 'A' in the latest MSCI ESG Ratings assessment.""]","[""The first SLL amounted to HK$8,650 million and the second SLL reached HK$20.7 billion, both breaking the record for the Hong Kong real estate sector."", ""As of June 2022, we have earned 108 green-building-related certificates in Hong Kong."", ""This report has been independently assured by the British Standards Institution."", ""Through installing solar panels among managed properties and construction sites... Smart digital technology is deployed to optimize our energy management at managed properties.""]","[{""text"": ""The Group pledges full support for Hong Kong's and the mainland's goal of carbon neutrality by 2050 and 2060, respectively."", ""kind"": ""target"", ""quantified"": true, ""horizon_year"": 2050}, {""text"": ""Progress was on track with our new 10-year targets against key environmental goals established last year."", ""kind"": ""target"", ""quantified"": false, ""horizon_year"": null}, {""text"": ""Through installing solar panels among managed properties and construction sites, the Group is set to become one of the largest solar-panel operators in the city."", ""kind"": ""investment"", ""quantified"": false, ""horizon_year"": null}, {""text"": ""All new core commercial projects developed by the Group aim to achieve the Leadership in Energy and Environmental Design (LEED) Gold or Platinum certification."", ""kind"": ""policy"", ""quantified"": false, ""horizon_year"": null}, {""text"": ""As of June 2022, we have earned 108 green-building-related certificates in Hong Kong."", ""kind"": ""achievement"", ""quantified"": true, ""horizon_year"": 2022}, {""text"": ""The first SLL amounted to HK$8,650 million and the second SLL reached HK$20.7 billion"", ""kind"": ""achievement"", ""quantified"": true, ""horizon_year"": 2022}, {""text"": ""Achieving an annual reduction in electricity consumption intensity (ECI, measured in units of kWh/m2)"", ""kind"": ""target"", ""quantified"": false, ""horizon_year"": null}, {""text"": ""Achieving a continuous increment in the proportion of green office buildings in our portfolio of core completed office buildings"", ""kind"": ""target"", ""quantified"": false, ""horizon_year"": null}, {""text"": ""This report has been independently assured by the British Standards Institution with respect to the extent of its coverage and information provided"", ""kind"": ""achievement"", ""quantified"": false, ""horizon_year"": 2022}, {""text"": ""We participated in the Carbon Neutrality Partnership to pursue a green economy."", ""kind"": ""policy"", ""quantified"": false, ""horizon_year"": null}]",8319.0,991.0,256.0,kimi-k3,0.020582659496266493,0.09859154929577464,0.158953722334004,0.07243460764587525,0.038653631465262885,497.0,0.10944206008583691,0.02503366770291871,
0016.HK,esg_report,2023-10-04,2022-12-31,https://www1.hkexnews.hk/listedco/listconews/sehk/2023/1004/2023100401104.pdf,full_report,0.2119815668202765,False,6.0,6.0,3.0,6.0,5.0,7.0,1.0,2.0,6.0,6.0,5.0,3.0,6.300000000000001,3.35,2.9500000000000006,10.0,3.0,"SHKP talks extensively about decarbonization strategy, 10-year environmental targets, TCFD disclosure and green-building ambitions, but provides no quantified emission reductions or capital figures in this excerpt. Demonstrated walk is limited to certifications (122 green-building certificates, LEED Platinum on four flagships), an EV-charging launch, unquantified solar expansion and an R&D partnership, plus third-party assurance of the report — heavy on governance, reporting and recognition, light on measured outcomes.","[""we formulated a Decarbonization Strategy to guide our efforts for low-carbon transition and enhance our climate resilience"", ""We remain committed to developing green buildings, striving to achieve LEED Gold or Platinum certification for all new core commercial projects"", ""made strides in our sustainability journey as we achieved good progress towards our environmental goals and expanded our green portfolio"", ""Our sustainability initiatives are well recognized by the investment community. We remain a constituent member of the Hang Seng Corporate Sustainability Index and the FTSE4Good Index series""]","[""As at June 2023, the Group has earned 122 green-building-related certificates in Hong Kong"", ""our four flagship projects \u2013 including the International Commerce Centre (ICC), Sun Hung Kai Centre, One IFC and Two IFC \u2013 were certified with LEED Platinum lately"", ""This report has been independently assured by the British Standards Institution"", ""SHKP launched Hong Kong's first bonus points-redeemable super-fast EV charging service in SHKP shopping malls""]","[{""text"": ""The Group supports the national call to achieve carbon neutrality by 2060 as well as the HKSAR Government's Climate Action Plan 2050."", ""kind"": ""target"", ""quantified"": true, ""horizon_year"": 2060}, {""text"": ""we formulated a Decarbonization Strategy to guide our efforts for low-carbon transition"", ""kind"": ""policy"", ""quantified"": false, ""horizon_year"": null}, {""text"": ""We are on track to develop a scope 3 emissions inventory"", ""kind"": ""target"", ""quantified"": false, ""horizon_year"": null}, {""text"": ""We remain committed to developing green buildings, striving to achieve Leadership in Energy and Environmental Design (LEED) Gold or Platinum certification for all new core commercial projects."", ""kind"": ""target"", ""quantified"": false, ""horizon_year"": null}, {""text"": ""our four flagship projects \u2013 including the International Commerce Centre (ICC), Sun Hung Kai Centre, One IFC and Two IFC \u2013 were certified with LEED Platinum lately."", ""kind"": ""achievement"", ""quantified"": true, ""horizon_year"": 2023}, {""text"": ""As at June 2023, the Group has earned 122 green-building-related certificates in Hong Kong."", ""kind"": ""achievement"", ""quantified"": true, ""horizon_year"": 2023}, {""text"": ""Integral to our low-carbon transition was our continued progress on the 10-year environmental targets for greenhouse gas emissions, energy, water and construction waste diversion."", ""kind"": ""target"", ""quantified"": false, ""horizon_year"": null}, {""text"": ""We also further expanded our solar energy applications at our managed properties."", ""kind"": ""achievement"", ""quantified"": false, ""horizon_year"": null}, {""text"": ""SHKP launched Hong Kong's first bonus points-redeemable super-fast EV charging service in SHKP shopping malls"", ""kind"": ""achievement"", ""quantified"": false, ""horizon_year"": 2023}, {""text"": ""the Group launched a R&D partnership with The Hong Kong Polytechnic University for developing the first-ever blockchain-based platform for construction management, and innovative solutions that aim to reduce carbon emissions"", ""kind"": ""investment"", ""quantified"": false, ""horizon_year"": null}]",7953.0,1018.0,256.0,kimi-k3,0.025290227356589368,0.03151515151515152,0.18666666666666668,0.05818181818181818,0.03998578269053587,825.0,0.04504504504504504,0.00954871922613858,
0016.HK,esg_report,2024-10-07,2023-12-31,https://www1.hkexnews.hk/listedco/listconews/sehk/2024/1007/2024100700871.pdf,full_report,0.1937590711175617,False,6.0,7.0,4.0,6.0,4.0,8.0,4.0,3.0,6.0,6.0,5.0,5.0,7.0,4.6,2.4000000000000004,10.0,5.0,"SHKP talks ambitiously about decarbonization (2060 neutrality support, 10-year targets, LEED commitments) with a strongly promotional tone heavy on index memberships and awards. Walk evidence is real but thin and unquantified: diesel-to-electric equipment replacement, 150 green-building certificates, solar network and EV-charging expansion, first-time scope 3 disclosure, and BSI third-party assurance — though no emissions figures are provided and the claim of meeting the FY2029/30 GHG target cannot be verified against the (empty) hard data block.","[""We are making substantial progress towards our environmental targets, broadening our green portfolio... and enhancing sustainability disclosures"", ""we support the national call to achieve carbon neutrality by 2060 and the HKSAR Government's Climate Action Plan 2050"", ""Sustainable buildings are a key priority. We actively pursue Leadership in Energy and Environmental Design (LEED) Gold or Platinum certification"", ""Our sustainability efforts have earned local and international recognitions, including our debut in the Dow Jones Sustainability Asia Pacific Index""]","[""Sanfield, has reached another milestone in decarbonization by replacing diesel construction equipment with electric alternatives"", ""As at June 2024, the Group has earned 150 green-building-related certificates in Hong Kong"", ""This report has been independently assured by the British Standards Institution with respect to the extent of its coverage, information and data"", ""we are building one of the Hong Kong's largest solar energy networks and expanding our electric vehicle charging facilities""]","[{""text"": ""Through our Decarbonization Strategy, we support the national call to achieve carbon neutrality by 2060 and the HKSAR Government's Climate Action Plan 2050."", ""kind"": ""target"", ""quantified"": true, ""horizon_year"": 2060}, {""text"": ""Our 10-year environmental targets guide us towards a low-carbon future, and we are on track to meeting these targets. Having met our FY2029/30 greenhouse gas emissions target over the past year, we have established a new target for the future."", ""kind"": ""target"", ""quantified"": true, ""horizon_year"": 2030}, {""text"": ""We actively pursue Leadership in Energy and Environmental Design (LEED) Gold or Platinum certification for all new core commercial projects."", ""kind"": ""policy"", ""quantified"": false, ""horizon_year"": null}, {""text"": ""As at June 2024, the Group has earned 150 green-building-related certificates in Hong Kong."", ""kind"": ""achievement"", ""quantified"": true, ""horizon_year"": 2024}, {""text"": ""Sanfield, has reached another milestone in decarbonization by replacing diesel construction equipment with electric alternatives and launching the Sustainability-linked Supplier Payment Services programme."", ""kind"": ""achievement"", ""quantified"": false, ""horizon_year"": 2024}, {""text"": ""We are building one of the Hong Kong's largest solar energy networks and expanding our electric vehicle charging facilities."", ""kind"": ""investment"", ""quantified"": false, ""horizon_year"": null}, {""text"": ""For the first time, we have disclosed our scope 3 emissions from our value chain."", ""kind"": ""achievement"", ""quantified"": false, ""horizon_year"": 2024}, {""text"": ""The development's first anchor tenant has signed a green lease agreement, ensuring sustainable infrastructure standards are met."", ""kind"": ""achievement"", ""quantified"": false, ""horizon_year"": 2024}, {""text"": ""This year, we have made a significant milestone by becoming a signatory to the United Nations Global Compact."", ""kind"": ""other"", ""quantified"": true, ""horizon_year"": 2024}, {""text"": ""This report has been independently assured by the British Standards Institution."", ""kind"": ""other"", ""quantified"": true, ""horizon_year"": 2024}]",7918.0,1013.0,256.0,kimi-k3,0.030143646408839778,0.03987240829346093,0.24401913875598086,0.049441786283891544,0.04207565302528783,1254.0,0.06564748201438848,0.01271979513631475,
0016.HK,esg_report,2025-10-08,2024-12-31,https://www1.hkexnews.hk/listedco/listconews/sehk/2025/1008/2025100801094.pdf,full_report,0.19288645690834474,False,7.0,7.0,5.0,5.0,5.0,8.0,2.0,5.0,7.0,6.0,5.0,5.0,6.7,4.65,2.05,10.0,3.0,"SHKP talks extensively about decarbonization alignment, reporting standards (ISSB, TNFD), memberships and ratings, with heavy self-congratulatory framing, but provides no quantified emission or intensity reductions in the supplied text. Concrete walk is limited but real: ~150 green building certificates, ICC's LEED v5 Platinum, HK$29.4bn in sustainability-linked loans with an electricity-intensity KPI, a solar farm JV, and BSI limited assurance including ISAE 3410 on GHG.","[""we pledge to achieve Leadership in Energy and Environmental Design (LEED) Gold or Platinum certification for all new core commercial projects"", ""we continue to progress towards decarbonization"", ""we joined the Carbon Neutrality Partnership and formulated our decarbonization strategy to drive a greener economy"", ""This transformative initiative demonstrates our leadership in advancing clean energy solutions""]","[""As at June 2025, the Group has earned around 150 green-building-related certificates in Hong Kong"", ""ICC becoming Asia's first building to achieve Platinum certification under the latest LEED v5.0 Operations and Maintenance"", ""We have signed two sustainability-linked loans (SLLs)... cumulatively valued at HK$29.4 billion"", ""joint venture to develop Hong Kong's first privately funded solar farm on a landfill site""]","[{""text"": ""we pledge to achieve Leadership in Energy and Environmental Design (LEED) Gold or Platinum certification for all new core commercial projects"", ""kind"": ""target"", ""quantified"": true, ""horizon_year"": null}, {""text"": ""As at June 2025, the Group has earned around 150 green-building-related certificates in Hong Kong"", ""kind"": ""achievement"", ""quantified"": true, ""horizon_year"": 2025}, {""text"": ""International Commerce Centre (ICC) becoming Asia's first building to achieve Platinum certification under the latest LEED v5.0 Operations and Maintenance: Existing Buildings"", ""kind"": ""achievement"", ""quantified"": false, ""horizon_year"": 2025}, {""text"": ""Beyond meeting our 10-year environmental targets, we are pioneering innovative renewable energy solutions through a joint venture to develop Hong Kong's first privately funded solar farm on a landfill site"", ""kind"": ""investment"", ""quantified"": false, ""horizon_year"": null}, {""text"": ""We have signed two sustainability-linked loans (SLLs)... The SLLs cumulatively valued at HK$29.4 billion"", ""kind"": ""investment"", ""quantified"": true, ""horizon_year"": null}, {""text"": ""A set of predetermined sustainability performance goals has been established for SHKP to achieve based on the loan agreement, including: 1 Electricity consumption intensity reduction; 2 Sustainability benchmarks and indices improvement"", ""kind"": ""target"", ""quantified"": false, ""horizon_year"": null}, {""text"": ""To support the HKSAR Government's Climate Action Plan 2050, we joined the Carbon Neutrality Partnership and formulated our decarbonization strategy"", ""kind"": ""policy"", ""quantified"": false, ""horizon_year"": 2050}, {""text"": ""this report has been independently assured by the British Standards Institution (BSI)... limited assurance engagement... in accordance with International Standard on Assurance Engagements 3000 (Revised)... and, in respect of greenhouse gas emissions, International Standard on Assurance Engagements 3410"", ""kind"": ""other"", ""quantified"": false, ""horizon_year"": null}, {""text"": ""Energy Optimization Committee... Oversees the Group's energy, water and greenhouse gas (GHG) emissions performance, and progress made against respective targets"", ""kind"": ""policy"", ""quantified"": false, ""horizon_year"": null}, {""text"": ""we continue to progress towards decarbonization. By referencing the ISSB's IFRS S2 Climate-related Disclosures, we communicate our climate transition progress"", ""kind"": ""other"", ""quantified"": false, ""horizon_year"": null}]",8539.0,1125.0,256.0,kimi-k3,0.029921561124928258,0.02752924982794219,0.21679284239504473,0.06194081211286993,0.04849999469985626,1453.0,0.03985239852398524,0.0076869879505908605,
0066.HK,esg_report,2022-04-13,2021-12-31,https://www1.hkexnews.hk/listedco/listconews/sehk/2022/0413/2022041300397.pdf,full_report,0.17079889807162535,False,6.0,8.0,6.0,6.0,3.0,7.0,3.0,5.0,6.0,6.0,5.0,5.0,7.1,4.75,2.3499999999999996,10.0,5.0,"MTR talks ambitiously with Board-approved science-based targets for 2030 and carbon neutrality by 2050, wrapped in heavy self-promotional framing around indices and awards. On walk, it shows some concrete action (150+ chiller replacements underway, HK$4.8bn green finance raised in 2021, BREEAM-certified station, KPMG-assured data) but the excerpt contains no quantified realised emissions reductions, and the supplied hard-data block has no emissions figures to verify against.","[""the setting of science-based carbon reduction targets for our railway and property businesses in Hong Kong by 2030, with a longer-term goal of achieving carbon neutrality by 2050"", ""we will continue to do our part to contribute to the fight against climate change"", ""As a low-carbon mass transit operator, we are well placed to make a positive contribution to the fight against climate change"", ""we have made various notable achievements and received a number of awards during the past year, recognising our commitment to and relentless efforts in sustainability""]","[""we continued to progress our large-scale chiller replacement project which, when completed, will see over 150 more energy-efficient chillers replaced"", ""In 2021, we arranged HK$4.8 billion of green finance to support our sustainable development and fund relevant projects"", ""Key quantitative data disclosed in this Report has been independently assured by KPMG"", ""Our Hin Keng Station has become the first railway station in Asia to achieve BREEAM certification, receiving a 'Very Good' rating""]","[{""text"": ""the setting of science-based carbon reduction targets for our railway and property businesses in Hong Kong by 2030, with a longer-term goal of achieving carbon neutrality by 2050"", ""kind"": ""target"", ""quantified"": true, ""horizon_year"": 2050}, {""text"": ""we continued to progress our large-scale chiller replacement project which, when completed, will see over 150 more energy-efficient chillers replaced in our stations and depots"", ""kind"": ""investment"", ""quantified"": true, ""horizon_year"": null}, {""text"": ""In 2021, we arranged HK$4.8 billion of green finance to support our sustainable development and fund relevant projects to conserve energy, protect the environment, and enhance and expand low-carbon railway services"", ""kind"": ""investment"", ""quantified"": true, ""horizon_year"": null}, {""text"": ""Our Hin Keng Station has become the first railway station in Asia to achieve BREEAM certification, receiving a 'Very Good' rating under BREEAM In-Use"", ""kind"": ""achievement"", ""quantified"": false, ""horizon_year"": null}, {""text"": ""Over HK$30 Billion raised through sustainable finance arrangements since 2016"", ""kind"": ""achievement"", ""quantified"": true, ""horizon_year"": null}, {""text"": ""The MTR Board recently approved a set of 35 key performance indicators to gauge and drive our performance in each of these areas"", ""kind"": ""policy"", ""quantified"": true, ""horizon_year"": null}, {""text"": ""we have commenced a study to develop an ESG investment framework through which the Corporation will plan, assess, evaluate and monitor all our ESG related investments"", ""kind"": ""policy"", ""quantified"": false, ""horizon_year"": null}, {""text"": ""Key quantitative data disclosed in this Report has been independently assured by KPMG"", ""kind"": ""achievement"", ""quantified"": false, ""horizon_year"": null}, {""text"": ""the 'Carbon Wallet' mobile app launched in 2021 allows users who take carbon-conscious actions to earn points that can be redeemed for green products and services"", ""kind"": ""achievement"", ""quantified"": false, ""horizon_year"": null}, {""text"": ""MTR has once again received a B score in the climate change assessment in 2021"", ""kind"": ""achievement"", ""quantified"": false, ""horizon_year"": null}]",8394.0,934.0,256.0,kimi-k3,0.027941966684578184,0.12844036697247707,0.22935779816513763,0.06192660550458716,0.056253644793430514,436.0,0.12531328320802004,0.021403370685667337,
0066.HK,esg_report,2023-04-13,2022-12-31,https://www1.hkexnews.hk/listedco/listconews/sehk/2023/0413/2023041300960.pdf,full_report,0.19794344473007713,False,6.0,7.0,6.0,6.0,4.0,6.0,3.0,5.0,6.0,6.0,5.0,4.0,6.4,4.6,1.8000000000000007,10.0,6.0,"MTR talks extensively about climate ambition — SBTi-submitted 2030 targets, 2050 carbon neutrality, 'global leader' framing and a long list of future initiatives (30+ chillers, 30 e-buses, 1m kWh solar). Walk evidence is thinner but present: a completed solar installation at Hin Keng Station, a near-complete chiller replacement project, over HK$32bn in sustainable finance raised, KPMG assurance of key data and BEAM Plus accreditation — however, no quantified realised emission reductions are disclosed and the HARD DATA block confirms no emissions figures were extracted for the period.","[""we are committed to setting science-based carbon reduction targets for the year 2030... with the longer-term goal of achieving carbon neutrality by 2050"", ""As a global leader providing environmentally friendly mass transit services, we strive to lead by example in the fight against climate change"", ""Our short-term target is to generate 1 million kWh of renewable energy from our solar power systems by 2023"", ""MTR has been selected as a constituent of the Dow Jones Sustainability Asia Pacific Index, FTSE4Good Index Series and the Hang Seng Corporate Sustainability Index""]","[""In April 2022, we completed the installation of solar power facilities at Hin Keng Station and the installation works at Pat Heung Depot are underway"", ""Our large-scale chiller replacement project is getting close to completion"", ""Key quantitative data disclosed in this Report has been independently assured by KPMG"", ""we attained BEAM Plus Provisional Gold accreditation for our proposed Tung Chung East and Tung Chung West stations""]","[{""text"": ""committed to setting science-based carbon reduction targets for the year 2030 for our railway and property businesses in Hong Kong, with the longer-term goal of achieving carbon neutrality by 2050. These 2030 targets have been submitted to the Science Based Targets initiative for validation"", ""kind"": ""target"", ""quantified"": true, ""horizon_year"": 2050}, {""text"": ""We will roll out the second phase to replace over 30 chillers in our stations by 2026, with an expected chiller energy saving of at least 20% after completion"", ""kind"": ""target"", ""quantified"": true, ""horizon_year"": 2026}, {""text"": ""In April 2022, we completed the installation of solar power facilities at Hin Keng Station"", ""kind"": ""achievement"", ""quantified"": true, ""horizon_year"": 2022}, {""text"": ""Our short-term target is to generate 1 million kWh of renewable energy from our solar power systems by 2023"", ""kind"": ""target"", ""quantified"": true, ""horizon_year"": 2023}, {""text"": ""We also plan to introduce at least 30 e-buses by 2026 to reduce the carbon footprint of our feeder bus fleet"", ""kind"": ""target"", ""quantified"": true, ""horizon_year"": 2026}, {""text"": ""we attained BEAM Plus Provisional Gold accreditation for our proposed Tung Chung East and Tung Chung West stations"", ""kind"": ""achievement"", ""quantified"": false, ""horizon_year"": 2022}, {""text"": ""Over HK$32 Billion raised through sustainable finance arrangements since 2016"", ""kind"": ""investment"", ""quantified"": true, ""horizon_year"": 2022}, {""text"": ""we have formulated an ESG investment framework and allocated a designated ESG Fund for eligible ESG-focused projects"", ""kind"": ""policy"", ""quantified"": false, ""horizon_year"": 2022}, {""text"": ""Key quantitative data disclosed in this Report has been independently assured by KPMG"", ""kind"": ""other"", ""quantified"": false, ""horizon_year"": 2022}, {""text"": ""working with... HKUST... to develop a quantification tool to calculate the embodied carbon of our new railway development projects"", ""kind"": ""other"", ""quantified"": false, ""horizon_year"": null}]",8973.0,1111.0,256.0,kimi-k3,0.02817947702060222,0.1634980988593156,0.26806083650190116,0.11406844106463879,0.058988581311247866,526.0,0.18163672654690619,0.03595379934218966,
0066.HK,esg_report,2024-04-11,2023-12-31,https://www1.hkexnews.hk/listedco/listconews/sehk/2024/0411/2024041100546.pdf,full_report,0.23580786026200873,False,6.0,8.0,7.0,7.0,6.0,7.0,2.0,4.0,7.0,7.0,5.0,4.0,7.4,4.4,3.0,10.0,7.0,"MTR talks ambitiously with SBTi-validated targets (halving GHG by 2030 vs 2019, carbon neutrality 2050) and heavy self-congratulatory framing, but most climate content is forward-looking or about reporting, ratings and green finance. Demonstrable walk is limited to installed solar PV, green-building accreditations and a planned hydrogen trial, with no realised emission reductions disclosed in the text and no emissions figures in the hard data block, though KPMG assurance, SBTi validation and pay-linked governance lend some credibility.","[""we aim to reduce about half of our GHG emissions by 2030, using 2019 as the base year for comparison"", ""we are committed to being a global leader in providing environmentally friendly mass transit services"", ""When these new stations are put into service, it is expected that each station can achieve an average reduction of approximately 20% in carbon emissions per year"", ""We will also conduct a trial project on a hydrogen-fuelled Light Rail Vehicle""]","[""we have installed solar photovoltaic systems at our stations, depots, and shopping malls"", ""we have successfully obtained BEAM Plus Provisional Gold (or better) accreditation for the seven upcoming new stations"", ""Key quantitative data disclosed in this Report has been independently assured by KPMG"", ""Over HK$33 billion raised through sustainable finance arrangements since 2016""]","[{""text"": ""In April 2023, the Science Based Targets initiative (\""SBTi\"") approved our targets for reducing the Corporation's GHG emissions for our railway and property businesses in Hong Kong"", ""kind"": ""target"", ""quantified"": true, ""horizon_year"": 2030}, {""text"": ""we aim to reduce about half of our GHG emissions by 2030, using 2019 as the base year for comparison"", ""kind"": ""target"", ""quantified"": true, ""horizon_year"": 2030}, {""text"": ""our long-term goal of achieving carbon neutrality by 2050"", ""kind"": ""target"", ""quantified"": true, ""horizon_year"": 2050}, {""text"": ""we have installed solar photovoltaic systems at our stations, depots, and shopping malls. Notably, our Pat Heung Depot features the largest flexible solar panel system in a single building in Hong Kong"", ""kind"": ""achievement"", ""quantified"": false, ""horizon_year"": null}, {""text"": ""We will also conduct a trial project on a hydrogen-fuelled Light Rail Vehicle, evaluating the feasibility and potential of hydrogen as a clean energy option"", ""kind"": ""other"", ""quantified"": false, ""horizon_year"": null}, {""text"": ""we have successfully obtained BEAM Plus Provisional Gold (or better) accreditation for the seven upcoming new stations"", ""kind"": ""achievement"", ""quantified"": true, ""horizon_year"": null}, {""text"": ""it is expected that each station can achieve an average reduction of approximately 20% in carbon emissions per year when compared with traditional stations"", ""kind"": ""target"", ""quantified"": true, ""horizon_year"": null}, {""text"": ""Over HK$33 billion raised through sustainable finance arrangements since 2016"", ""kind"": ""investment"", ""quantified"": true, ""horizon_year"": null}, {""text"": ""The enhanced process has linked sustainability performance to the remuneration of all management level in 2023"", ""kind"": ""policy"", ""quantified"": false, ""horizon_year"": null}, {""text"": ""For 2023, we have established 44 ambitious key performance indicators (\""KPI\"") to drive our performance across 10 focus areas under our three environmental and social objectives"", ""kind"": ""policy"", ""quantified"": true, ""horizon_year"": 2023}]",9194.0,1132.0,256.0,kimi-k3,0.030698496905393457,0.12359550561797752,0.2933832709113608,0.09612983770287141,0.06415072474331801,801.0,0.11506849315068493,0.02713405515343662,
0066.HK,esg_report,2025-04-10,2024-12-31,https://www1.hkexnews.hk/listedco/listconews/sehk/2025/0410/2025041000584.pdf,full_report,0.23366834170854273,False,6.0,8.0,6.0,6.0,7.0,8.0,4.0,5.0,7.0,6.0,5.0,5.0,7.4,5.15,2.25,9.0,5.0,"MTR talks ambitiously about halving emissions by 2030 (SBTi-approved) and carbon neutrality by 2050, with a strongly promotional tone heavy on awards and index rankings. On the walk side there is some concrete action (first electric bus, hydrogen light-rail trial, BEAM Plus stations with projected ~20% reductions, a RMB4.5bn green bond, KPMG assurance), but the supplied passages contain no absolute or realised emission figures and the HARD DATA block is empty, so demonstrated outcome-level progress cannot be confirmed.","[""we aim to halve our greenhouse gas emissions by 2030 and achieve the long-term goal of carbon neutrality by 2050"", ""Recognised globally for our leadership in sustainable low-carbon mass transit services"", ""we are actively implementing a diverse range of initiatives, such as enhancing energy efficiency, promoting electrification, generating renewable energy"", ""the highest AAA rating in the MSCI ESG Indexes... one of the World's Best Companies in Sustainable Growth 2025""]","[""we launched our first electric bus in June, reducing over 60% of carbon emissions and running more quietly compared to a traditional diesel bus"", ""obtained BEAM Plus Provisional Gold or above accreditation for the seven upcoming new stations... about 20% in carbon emissions for each station annually"", ""we issued our first public offshore Renminbi Green Bond of RMB4.5 billion to support our low-carbon and green initiatives"", ""Key quantitative data disclosed in this Report has undergone independent assurance by KPMG""]","[{""text"": ""our long-term goal of achieving carbon neutrality by 2050"", ""kind"": ""target"", ""quantified"": true, ""horizon_year"": 2050}, {""text"": ""These targets are tailored to reduce about half of our GHG emissions by 2030"", ""kind"": ""target"", ""quantified"": true, ""horizon_year"": 2030}, {""text"": ""Our ambitious targets, approved by the Science Based Targets initiative (\""SBTi\"")"", ""kind"": ""target"", ""quantified"": false, ""horizon_year"": null}, {""text"": ""we launched our first electric bus in June... reducing over 60% of carbon emissions... compared to a traditional diesel bus"", ""kind"": ""achievement"", ""quantified"": true, ""horizon_year"": 2024}, {""text"": ""we have obtained BEAM Plus Provisional Gold or above accreditation for the seven upcoming new stations, which are expected to achieve an average reduction of about 20% in carbon emissions for each station annually"", ""kind"": ""achievement"", ""quantified"": true, ""horizon_year"": null}, {""text"": ""we issued our first public offshore Renminbi Green Bond of RMB4.5 billion to support our low-carbon and green initiatives"", ""kind"": ""investment"", ""quantified"": true, ""horizon_year"": 2024}, {""text"": ""completed a trial on a hydrogen-fuelled light rail vehicle, gathering useful information to assess its effectiveness"", ""kind"": ""achievement"", ""quantified"": false, ""horizon_year"": 2024}, {""text"": ""Legacy Train Revitalisation Programme continuing to make retired train parts available for use in schools, elderly homes and the community"", ""kind"": ""achievement"", ""quantified"": false, ""horizon_year"": null}, {""text"": ""Key quantitative data disclosed in this Report has undergone independent assurance by KPMG"", ""kind"": ""other"", ""quantified"": false, ""horizon_year"": null}]",9009.0,985.0,256.0,kimi-k3,0.032272132577409504,0.22826086956521738,0.23097826086956522,0.0625,0.06553638467434798,736.0,0.21502209131075112,0.05024385550728607,
0066.HK,esg_report,2026-04-16,2025-12-31,https://www1.hkexnews.hk/listedco/listconews/sehk/2026/0416/2026041601133.pdf,full_report,0.24193548387096775,False,7.0,8.0,6.0,7.0,4.0,8.0,2.0,5.0,6.0,6.0,5.0,5.0,7.7,4.5,3.2,10.0,7.0,"MTR talks ambitiously about carbon neutrality by 2050, 2030 science-based targets, a Carbon Reduction Roadmap and its identity as a 'global leader in low-carbon transport', heavily decorated with index ratings and awards. On the walk side, the supplied excerpts show some concrete deployment (17 electric buses, 200+ EV chargers, solar PV at two stations, HK$500m green procurement, KPI-linked remuneration, independent assurance) but no quantified emission reductions, and the HARD DATA block contains no emissions figures to verify progress against the targets.","[""we continued to make solid progress towards our 2030 science-based carbon reduction targets and our long-term goal of achieving carbon neutrality by 2050"", ""As a global leader in low-carbon transport, we remain committed to supporting Hong Kong's long-term development"", ""Our environmental and social efforts have been recognised by leading sustainability indices, including the Dow Jones Best-in-Class Asia Pacific Index, FTSE4Good Index Series... the highest AAA rating in the MSCI ESG Indexes"", ""Addressing climate change remains a priority. We strengthened our commitment to reducing greenhouse gas emissions through the comprehensive actions outlined in our Carbon Reduction Roadmap.""]","[""As of 2025, we have 17 electric buses in service, with plans to expand the fleet to at least 30 by 2026."", ""Over the past four years, we installed over 200 additional electric vehicle charging stations"", ""spending over HK$500 million in green procurement in 2025"", ""Key quantitative data disclosed in this Report has been assured by an independent assurer.""]","[{""text"": ""our long-term goal of achieving carbon neutrality by 2050"", ""kind"": ""target"", ""quantified"": true, ""horizon_year"": 2050}, {""text"": ""solid progress towards our 2030 science-based carbon reduction targets"", ""kind"": ""target"", ""quantified"": true, ""horizon_year"": 2030}, {""text"": ""As of 2025, we have 17 electric buses in service, with plans to expand the fleet to at least 30 by 2026."", ""kind"": ""achievement"", ""quantified"": true, ""horizon_year"": 2026}, {""text"": ""Over the past four years, we installed over 200 additional electric vehicle charging stations across office buildings, malls and station carparks"", ""kind"": ""achievement"", ""quantified"": true, ""horizon_year"": null}, {""text"": ""continued expanding solar photovoltaic systems, including new installations at Tuen Mun and Tin Shui Wai stations"", ""kind"": ""achievement"", ""quantified"": false, ""horizon_year"": null}, {""text"": ""spending over HK$500 million in green procurement in 2025"", ""kind"": ""investment"", ""quantified"": true, ""horizon_year"": 2025}, {""text"": ""successfully secured a seven-year, HK$30 billion syndicated green term loan facility"", ""kind"": ""investment"", ""quantified"": true, ""horizon_year"": 2025}, {""text"": ""Sustainability performance and KPIs linked to staff and management remuneration"", ""kind"": ""policy"", ""quantified"": false, ""horizon_year"": null}, {""text"": ""Key quantitative data disclosed in this Report has been assured by an independent assurer."", ""kind"": ""other"", ""quantified"": false, ""horizon_year"": null}, {""text"": ""we annually establish key performance indicators ('KPIs') across 10 focus areas, with 31 KPIs set for 2026"", ""kind"": ""policy"", ""quantified"": true, ""horizon_year"": 2026}]",8678.0,1104.0,256.0,kimi-k3,0.030840138579559515,0.17324561403508773,0.18859649122807018,0.0756578947368421,0.06264335709524382,912.0,0.15550239234449761,0.037621546534959104,
0101.HK,esg_report,2022-05-17,2021-12-31,https://www1.hkexnews.hk/listedco/listconews/sehk/2022/0517/2022051700750.pdf,full_report,0.21739130434782608,False,7.0,9.0,7.0,6.0,5.0,7.0,5.0,4.0,7.0,8.0,5.0,4.0,7.5,5.25,2.25,10.0,6.0,"Hang Lung talks ambitiously—net-zero by 2050 via SBTi, 25x25 targets, 'sustainability leadership'—backed by strong governance (board oversight, KPI-linked pay) and third-party BSI assurance. Concrete walk is limited but real: one property (Spring City 66) running on 100% renewable electricity and 30% sustainable financing, while no quantified group-level emission reductions are documented in this excerpt and the HARD DATA block contains no emissions figures.","[""commit to setting both near- and long-term targets to reach net-zero value chain greenhouse gas (GHG) emissions by no later than 2050"", ""advancing our goal of sustainability leadership"", ""we aspire to design and develop properties that provide long-term value creation"", ""we were hard at work in 2021 advancing our goal of sustainability leadership""]","[""Spring City 66, Kunming is 100% powered by renewable energy"", ""Secured 30% of total debts and available facilities from sustainable financing"", ""Information in this Report has been independently verified by the British Standards Institution"", ""the direct reports of the CEO and Vice Chair all have sustainability-related KPIs for themselves and their departments against which their performance is measured annually""]","[{""text"": ""Hang Lung became one of the first real estate groups in Asia to commit to setting both near- and long-term targets to reach net-zero value chain greenhouse gas (GHG) emissions by no later than 2050 in alignment with the SBTi's Net-Zero Standard"", ""kind"": ""target"", ""quantified"": true, ""horizon_year"": 2050}, {""text"": ""Spring City 66 is now 100% powered by renewable energy... to achieve net-zero carbon emissions in annual electricity consumption for both the landlord's and tenants' operations"", ""kind"": ""achievement"", ""quantified"": true, ""horizon_year"": 2021}, {""text"": ""we developed 25 sustainability targets to be achieved by the end of 2025 ('25 x 25 Sustainability Targets')"", ""kind"": ""target"", ""quantified"": true, ""horizon_year"": 2025}, {""text"": ""Building on our 2030 Sustainability Goals and Targets endorsed by our Boards in 2020"", ""kind"": ""target"", ""quantified"": false, ""horizon_year"": 2030}, {""text"": ""Secured 30% of total debts and available facilities from sustainable financing"", ""kind"": ""achievement"", ""quantified"": true, ""horizon_year"": 2021}, {""text"": ""Launched initiatives worth HK$27 million to encourage COVID-19 vaccination in Hong Kong"", ""kind"": ""investment"", ""quantified"": true, ""horizon_year"": 2021}, {""text"": ""Set Strategic Environmental, Social and Governance KPIs across the Group tied to departmental and employee performance reviews"", ""kind"": ""policy"", ""quantified"": false, ""horizon_year"": null}, {""text"": ""Information in this Report has been independently verified by the British Standards Institution"", ""kind"": ""other"", ""quantified"": false, ""horizon_year"": 2021}, {""text"": ""we refined our approach to risks related to climate change in 2021... explicitly considers both physical and transition risks"", ""kind"": ""policy"", ""quantified"": false, ""horizon_year"": 2021}, {""text"": ""Upcycled/reused ~24 tonnes of frontline staff uniforms"", ""kind"": ""achievement"", ""quantified"": true, ""horizon_year"": 2021}]",9571.0,925.0,256.0,kimi-k3,0.04555520404935147,0.059813084112149535,0.2738317757009346,0.05700934579439252,0.08289762794833377,1070.0,0.06494960806270997,0.014119480013632602,
0101.HK,annual_report,2023-04-04,2022-12-31,https://www1.hkexnews.hk/listedco/listconews/sehk/2023/0404/2023040401818.pdf,full_report,0.020754716981132074,False,6.0,9.0,8.0,6.0,3.0,8.0,2.0,5.0,7.0,5.0,5.0,5.0,7.8,4.55,3.25,10.0,9.0,"Hang Lung talks ambitiously and specifically — SBTi-validated 1.5°C-aligned targets (46.6% scope 1+2 cut by 2030 from 2019 base, net zero value chain by 2050) wrapped in heavy 'first/most sustainable' promotional framing and much of it forward-looking (renewable claims largely effective only from January 2023). Demonstrable walk is real but modest: quantified sustainable finance raised (HK$1.2bn green bonds, HK$3.7bn green loans, 46% of facilities), third-party SBTi approval and LEED/WELL Platinum certification, one asset already 100% renewable-powered, but no realised emission reductions are reported and the supplied emissions data block is empty, so consistency cannot be verified.","[""our ambition to become one of the world's most sustainable real estate companies"", ""We are the first real estate company in Hong Kong and mainland China and in the first group of companies globally to receive approval from the Science Based Target initiative (SBTi)"", ""jointly and publicly commit our groups to specific, measurable, and time-bound sustainable practices"", ""we hope will grow to include other partners, stakeholders, and industry bodies... move the needle on sustainability""]","[""Parc 66 has become 100% powered by renewable energy from January 1, 2023"", ""Spring City 66 is 100% powered by renewable energy"", ""we issued green bonds worth HK$1.2 billion, obtained HK$3.7 billion in green loan facilities, and secured HK$8.5 billion in sustainability-linked loan facilities"", ""Plaza 66, Shanghai received platinum ratings for LEED V4.0 EB: O+M and WELL V2 Core certifications in 2022""]","[{""text"": ""We commit to reaching net-zero GHG emissions across the value chain by 2050."", ""kind"": ""target"", ""quantified"": true, ""horizon_year"": 2050}, {""text"": ""From a 2019 base year, we are committed to reducing absolute scope 1 and 2 GHG emissions by 46.6% by 2030."", ""kind"": ""target"", ""quantified"": true, ""horizon_year"": 2030}, {""text"": ""From a 2020 base year, we are committed to reducing absolute scope 3 GHG emissions from purchased goods and services and downstream leased assets by 25% by 2030."", ""kind"": ""target"", ""quantified"": true, ""horizon_year"": 2030}, {""text"": ""the first real estate company in Hong Kong and mainland China... to receive approval from the Science Based Target initiative (SBTi) for our near- and long-term company-wide emissions reduction targets in line with SBTi's Net-Zero Standard"", ""kind"": ""achievement"", ""quantified"": false, ""horizon_year"": 2022}, {""text"": ""Parc 66 has become 100% powered by renewable energy from January 1, 2023, making it the first commercial property in Jinan and Shandong Province to achieve net-zero carbon emission in terms of annual electricity consumption"", ""kind"": ""achievement"", ""quantified"": true, ""horizon_year"": 2023}, {""text"": ""Spring City 66 is 100% powered by renewable energy, marking it the first development of the Company to achieve net-zero carbon emissions in terms of annual electricity consumption"", ""kind"": ""achievement"", ""quantified"": true, ""horizon_year"": null}, {""text"": ""almost 25% of our mainland China portfolio's electricity demand is now met by renewable energy sources"", ""kind"": ""achievement"", ""quantified"": true, ""horizon_year"": 2023}, {""text"": ""During the year, we issued green bonds worth HK$1.2 billion, obtained HK$3.7 billion in green loan facilities, and secured HK$8.5 billion in sustainability-linked loan facilities... now accounts for 46% of our total debts and available facilities."", ""kind"": ""investment"", ""quantified"": true, ""horizon_year"": 2022}, {""text"": ""Plaza 66, Shanghai received platinum ratings for LEED V4.0 EB: O+M and WELL V2 Core certifications in 2022... 95 out of 100 U.S. Energy Star rating; 91.9% waste diversion rate"", ""kind"": ""achievement"", ""quantified"": true, ""horizon_year"": 2022}, {""text"": ""we have set out 25 new targets to be achieved by the end of 2025 ('25 x 25 Sustainability Targets')"", ""kind"": ""target"", ""quantified"": true, ""horizon_year"": 2025}]",10948.0,1371.0,256.0,kimi-k3,0.002654417874619149,0.16363636363636364,0.42727272727272725,0.0,0.006602343502050548,110.0,0.17346938775510204,0.0036003080477474006,
0101.HK,esg_report,2024-03-28,2023-12-31,https://www1.hkexnews.hk/listedco/listconews/sehk/2024/0328/2024032800301.pdf,full_report,0.31750572082379863,False,8.0,8.0,7.0,5.0,4.0,7.0,8.0,4.0,7.0,6.0,5.0,6.0,6.800000000000001,6.1,0.7000000000000011,10.0,7.0,"Hang Lung makes ambitious claims (world's most sustainable real estate company, SteelZero/net-zero steel commitments, 35+ ESG awards) but also reports quantified realised outcomes: a 41% cut in Scope 1+2 emissions intensity vs 2018, 15.7% absolute reduction vs 2019, low-carbon bricks deployed at Westlake 66, and 55% of debt facilities ESG-linked. Independent assurance (BSI) and third-party assurance of green bonds support credibility, though the supplied hard-data block contains no extracted emissions to independently confirm the figures, and much content concerns reporting frameworks, memberships and programs rather than capital deployment with stated amounts.","[""our ambition of becoming one of the world's most sustainable real estate companies"", ""Under the initiative, we have committed to sourcing low-emissions steel on the path to net zero steel"", ""Hang Lung obtained more than 35 ESG awards in 2023"", ""We are pursuing several forms of collaboration to help the real estate sector move faster on decarbonization""]","[""41% reduction in Scope 1 and 2 greenhouse gases emissions intensity compared to 2018 baseline"", ""810,580 tCO2e in 2023... 15.7% Absolute Scope 1 and 2 GHG emissions reduction vs 2019 baseline"", ""Information in this Report has been independently verified by the British Standards Institution"", ""We applied low carbon concrete bricks to our Westlake 66 project in Hangzhou... carbon dioxide mineralization technology developed by a startup, CLEANCO2""]","[{""text"": ""41% reduction in Scope 1 and 2 greenhouse gases emissions intensity compared to 2018 baseline"", ""kind"": ""achievement"", ""quantified"": true, ""horizon_year"": 2023}, {""text"": ""15.7% Absolute Scope 1 and 2 GHG emissions reduction vs 2019 baseline; 810,580 tCO2e in 2023"", ""kind"": ""achievement"", ""quantified"": true, ""horizon_year"": 2023}, {""text"": ""We applied low carbon concrete bricks to our Westlake 66 project in Hangzhou, becoming the first commercial development project in mainland China and Hong Kong to do so"", ""kind"": ""achievement"", ""quantified"": false, ""horizon_year"": 2023}, {""text"": ""in December 2023 Hang Lung became the first real estate company in mainland China and Hong Kong to join Climate Group's SteelZero initiative... we have committed to sourcing low-emissions steel on the path to net zero steel"", ""kind"": ""target"", ""quantified"": false, ""horizon_year"": null}, {""text"": ""In January 2023 we launched our Sustainable Finance Framework... with 55% of total debts and available facilities with ESG-related elements by the end of 2023"", ""kind"": ""achievement"", ""quantified"": true, ""horizon_year"": 2023}, {""text"": ""Over 80% construction floor area (CFA) certified to LEED/BEAM Gold or above"", ""kind"": ""achievement"", ""quantified"": true, ""horizon_year"": 2023}, {""text"": ""13.7% Electricity intensity reduction vs 2018 baseline"", ""kind"": ""achievement"", ""quantified"": true, ""horizon_year"": 2023}, {""text"": ""7.6% Water intensity reduction vs 2018 baseline"", ""kind"": ""achievement"", ""quantified"": true, ""horizon_year"": 2023}, {""text"": ""We adhere to internationally recognized standards and best practices, such as the Science Based Targets initiative's Net-Zero Standards"", ""kind"": ""policy"", ""quantified"": false, ""horizon_year"": null}, {""text"": ""the first phase of the Hong Kong rejuvenation has seen over 3,200 office resources... reused, redistributed, or recycled, diverting nearly 140,000 kg of municipal waste from landfill"", ""kind"": ""achievement"", ""quantified"": true, ""horizon_year"": 2023}]",8447.0,1136.0,256.0,kimi-k3,0.052751531266321636,0.029078363725973385,0.2055199605717102,0.04090685066535239,0.08591200015644736,2029.0,0.048674959437533805,0.015454578082283331,
0101.HK,esg_report,2025-03-20,2024-12-31,https://www1.hkexnews.hk/listedco/listconews/sehk/2025/0320/2025032000681.pdf,full_report,0.31653687585890977,False,8.0,8.0,7.0,4.0,4.0,7.0,8.0,6.0,7.0,6.0,5.0,6.0,6.5,6.5,0.0,10.0,9.0,"Hang Lung pairs ambitious net-zero-by-2050 talk and a highly promotional tone with unusually concrete walk: quantified realised reductions (51% Scope 1+2 intensity, 46% absolute Scope 3), operational changes (PPAs powering half its Mainland portfolio, near-100% low-carbon steel procurement), and SGS third-party assurance. The supplied hard data block contains no emissions figures, so consistency cannot be confirmed or contradicted; scoring is neutral on that dimension.","[""our goal of becoming one of the world's most sustainable real estate companies"", ""our path to achieving net zero greenhouse gas emissions across our value chain by 2050"", ""I am especially proud of our pioneering achievements in procuring renewable energy"", ""This groundbreaking achievement... is expected to deliver a 35% reduction in embodied carbon emissions""]","[""51% reduction in Scope 1 and 2 GHG emissions intensity compared to 2018 baseline"", ""half of our operating properties in the Mainland are now powered by renewable energy through power purchase agreements (PPAs)"", ""the first use in China of nearly 100% low carbon emissions steel for all above ground structural plates and reinforcing bars"", ""Information in this Report has been independently verified by SGS Hong Kong""]","[{""text"": ""51% reduction in Scope 1 and 2 GHG emissions intensity compared to 2018 baseline"", ""kind"": ""achievement"", ""quantified"": true, ""horizon_year"": null}, {""text"": ""46% reduction in Scope 3 absolute GHG emissions compared to 2023"", ""kind"": ""achievement"", ""quantified"": true, ""horizon_year"": null}, {""text"": ""36% reduction in absolute Scope 1 and 2 GHG emissions vs 2019 baseline"", ""kind"": ""achievement"", ""quantified"": true, ""horizon_year"": null}, {""text"": ""5 out of 10 Mainland operating properties are now powered by renewable energy through power purchase agreements (PPAs)"", ""kind"": ""achievement"", ""quantified"": true, ""horizon_year"": null}, {""text"": ""first use in China of nearly 100% low carbon emissions steel for all above ground structural plates and reinforcing bars in our Plaza 66 Pavilion Extension project... expected to deliver a 35% reduction in embodied carbon emissions"", ""kind"": ""achievement"", ""quantified"": true, ""horizon_year"": null}, {""text"": ""green bonds, green loans, and sustainability-linked loan facilities accounted for 60% of our total debts and available facilities"", ""kind"": ""achievement"", ""quantified"": true, ""horizon_year"": null}, {""text"": ""our path to achieving net zero greenhouse gas emissions across our value chain by 2050"", ""kind"": ""target"", ""quantified"": true, ""horizon_year"": 2050}, {""text"": ""2025 sustainability target of 25% renewable energy for our mainland China portfolio"", ""kind"": ""target"", ""quantified"": true, ""horizon_year"": 2025}, {""text"": ""Information in this Report has been independently verified by SGS Hong Kong"", ""kind"": ""other"", ""quantified"": false, ""horizon_year"": null}, {""text"": ""engaged 49 sustainability tenants across 17 properties, comprising a total leased area of more than 210,000 square meters"", ""kind"": ""achievement"", ""quantified"": true, ""horizon_year"": null}]",8939.0,902.0,256.0,kimi-k3,0.049705170151019426,0.05569007263922518,0.1989507667473769,0.050443906376109765,0.08373699256566408,2478.0,0.06168549087749783,0.01952573256818644,
0101.HK,annual_report,2026-03-26,2025-12-31,https://www1.hkexnews.hk/listedco/listconews/sehk/2026/0326/2026032600824.pdf,full_report,0.018363939899833055,False,8.0,9.0,8.0,5.0,3.0,8.0,8.0,6.0,7.0,4.0,5.0,6.0,7.5,6.3,1.2000000000000002,10.0,8.0,"Hang Lung talks ambitiously — SBTi-validated net zero 2050, refreshed 2030 targets, and heavy self-promotion via 40+ ESG awards — but it also shows concrete walk: 320 million kWh of renewable electricity procured, 80% of Mainland properties on renewables via signed PPAs, a >60% Scope 1+2 intensity reduction, 22% Scope 3 cut, and 2,500 tonnes of low-carbon steel procured. The supplied hard-data block contains no emissions figures, so consistency cannot be verified, and capital amounts and board-level pay linkage for climate goals are not disclosed.","[""long-term ambition to become one of the most sustainable real estate companies in the world, and to achieve net zero greenhouse gas emissions across the value chain by 2050"", ""we have set out 20 refreshed, more data-driven 2030 targets, guiding the next phase of our sustainability journey"", ""We remain fully committed to decarbonizing our businesses across our value chain"", ""We are leading the way in enhancing sustainability initiatives in the real estate industry""]","[""By the end of 2025, Hang Lung procured around 320 million kWh of renewable electricity"", ""Obtained over 60% reduction in Scope 1 and 2 GHG emissions intensity compared to the 2018 baseline"", ""procuring 1,000 tonnes of low carbon emissions steel, representing more than 80% of the reinforcing steel bars used in the key tunnel of the Westlake 66 mixed-use development"", ""validated under the Science Based Targets initiative's (SBTi's) Net Zero Standard in December 2022... aligned with the SBTi Buildings Criteria (V1.1)""]","[{""text"": ""80% of our Chinese Mainland operating properties now fully powered by renewable energy"", ""kind"": ""achievement"", ""quantified"": true, ""horizon_year"": 2025}, {""text"": ""By the end of 2025, Hang Lung procured around 320 million kWh of renewable electricity, surpassing our 2025 target of sourcing 25% of electricity from renewables"", ""kind"": ""achievement"", ""quantified"": true, ""horizon_year"": 2025}, {""text"": ""Obtained over 60% reduction in Scope 1 and 2 GHG emissions intensity compared to the 2018 baseline"", ""kind"": ""achievement"", ""quantified"": true, ""horizon_year"": 2025}, {""text"": ""Obtained a 22% reduction in Scope 3 absolute GHG emissions compared to 2024"", ""kind"": ""achievement"", ""quantified"": true, ""horizon_year"": 2025}, {""text"": ""Procuring 1,000 tonnes of low carbon emissions steel... the material achieves around 45% lower carbon emissions than conventional steel... nearly 2,500 tonnes of low carbon emissions steel in 2024 and 2025, delivering a combined 42% reduction in embodied carbon emissions"", ""kind"": ""investment"", ""quantified"": true, ""horizon_year"": 2025}, {""text"": ""Achieve net zero greenhouse gas emissions across the value chain by 2050"", ""kind"": ""target"", ""quantified"": true, ""horizon_year"": 2050}, {""text"": ""We have set out 20 refreshed, more data-driven 2030 targets"", ""kind"": ""target"", ""quantified"": false, ""horizon_year"": 2030}, {""text"": ""Near- and long-term net-zero targets validated under the Science Based Targets initiative's (SBTi's) Net Zero Standard in December 2022... aligned with the SBTi Buildings Criteria (V1.1) and SBTi Corporate Net-Zero Standard (V1.3)"", ""kind"": ""other"", ""quantified"": true, ""horizon_year"": 2025}, {""text"": ""Since 2007, Hang Lung has committed to obtaining a LEED Gold rating or above, or an equivalent certification, for all new developments"", ""kind"": ""policy"", ""quantified"": false, ""horizon_year"": null}, {""text"": ""As of December 2025, 40 of our buildings have been certified as green buildings... representing over 80% of our overall gross floor area"", ""kind"": ""achievement"", ""quantified"": true, ""horizon_year"": 2025}]",10592.0,1285.0,256.0,kimi-k3,0.0034465236506638977,0.15827338129496402,0.2517985611510791,0.050359712230215826,0.006784719199178923,139.0,0.192,0.0035258764607679466,
0267.HK,annual_report,2022-04-21,2021-12-31,https://www1.hkexnews.hk/listedco/listconews/sehk/2022/0421/2022042100647.pdf,full_report,0.04395241242564441,False,6.0,6.0,5.0,5.0,5.0,7.0,5.0,4.0,1.0,2.0,5.0,6.0,6.0,4.05,1.9500000000000002,10.0,6.0,"CITIC pairs genuine implementation evidence (a pilot factory cutting unit emissions 62%, commissioned 57MW distributed PV, ~100 delivered offshore wind sets with quantified avoided emissions, and a 5,000MW renewables build plan) with aspirational carbon peak/neutrality strategy language and a drafted white paper. However, none of the emissions claims are third-party assured, the HARD DATA block contains no extracted scope 1+2 figures to verify them against, and the group simultaneously expands coal power and coal mining, so the walk is real but partial and unverified.","[""To achieve carbon peak and carbon neutrality in the pursuit of our quality development, we have formulated a strategy under which our financial businesses are required to provide financing solutions for the low-carbon transformation"", ""Over the long term, green and low-carbon businesses will become a new growth driver for the Company."", ""CITIC has also drafted a carbon peak and carbon neutrality white paper for its sustainable development."", ""to forge the clean, low-carbon and high-quality development of the company's energy business""]","[""Using the KSM factory in Chengdu as a pilot, CITIC Dicastal was able to reduce unit carbon emissions at the facility by 62%"", ""delivered approximately 100 sets of offshore wind products... reducing carbon emissions by 1.8769 million tonnes"", ""four distributed photovoltaic power generation projects with a total capacity of 57MW that have been put into production and operation"", ""CITIC Pacific Special Steel recorded a 30% lower carbon emission intensity than China's industry average""]","[{""text"": ""Using the KSM factory in Chengdu as a pilot, CITIC Dicastal was able to reduce unit carbon emissions at the facility by 62%"", ""kind"": ""achievement"", ""quantified"": true, ""horizon_year"": 2021}, {""text"": ""CITIC Pacific Special Steel recorded a 30% lower carbon emission intensity than China's industry average"", ""kind"": ""achievement"", ""quantified"": true, ""horizon_year"": 2021}, {""text"": ""delivered approximately 100 sets of offshore wind products as scheduled, providing a solid offshore foundation for the 627.5MW offshore wind power project, generating 1.883 billion kW per hour of clean energy and reducing carbon emissions by 1.8769 million tonnes"", ""kind"": ""achievement"", ""quantified"": true, ""horizon_year"": 2021}, {""text"": ""four distributed photovoltaic power generation projects with a total capacity of 57MW that have been put into production and operation, and nine energy management and consolidation contracting projects, with a total capacity of 106MW"", ""kind"": ""achievement"", ""quantified"": true, ""horizon_year"": 2021}, {""text"": ""obtained the approval document for centralised wind power projects with a capacity of 1,000MW in Xilinhot City, Inner Mongolia, which will begin construction phase in 2022"", ""kind"": ""target"", ""quantified"": true, ""horizon_year"": 2022}, {""text"": ""During 14th Five-Year period, CITIC Pacific Energy plans to invest in the construction of 5,000MW wind power and photovoltaic projects"", ""kind"": ""target"", ""quantified"": true, ""horizon_year"": 2025}, {""text"": ""we have formulated a strategy under which our financial businesses are required to provide financing solutions for the low-carbon transformation of industries... investments in projects with high energy consumption and emissions will be curbed"", ""kind"": ""policy"", ""quantified"": false, ""horizon_year"": null}, {""text"": ""CITIC has also drafted a carbon peak and carbon neutrality white paper for its sustainable development"", ""kind"": ""other"", ""quantified"": false, ""horizon_year"": null}, {""text"": ""It implemented carbon neutral green renewable bond projects to support the construction of green and environmentally-friendly industry projects"", ""kind"": ""investment"", ""quantified"": false, ""horizon_year"": 2021}, {""text"": ""CITIC Energy Saving Technology invested in Qingdao Special Steel's 'Intelligent Transformation of Heating Furnace Project', and won the bid for the furnace riser pipe waste heat utilisation project"", ""kind"": ""investment"", ""quantified"": false, ""horizon_year"": 2021}]",12710.0,1191.0,256.0,kimi-k3,0.009608305569073734,0.08460471567267684,0.14285714285714285,0.06934812760055478,0.015762585787676336,721.0,0.09763313609467456,0.0042912118640422055,
0267.HK,annual_report,2023-04-20,2022-12-31,https://www1.hkexnews.hk/listedco/listconews/sehk/2023/0420/2023042001003.pdf,full_report,0.04101326899879373,False,6.0,7.0,5.0,4.0,5.0,8.0,3.0,6.0,2.0,4.0,5.0,6.0,6.4,4.3,2.1000000000000005,10.0,8.0,"CITIC talks prominently about dual-carbon goals, green development concepts and awards, but provides no emissions figures and few realised reduction outcomes. Its demonstrable walk consists of quantified green lending growth, completed renewable capacity, environmental services operations and recycled-aluminium R&D, though much of the green narrative is promotional and unverified, with no assurance of any climate metrics.","[""set a \""dual carbon\"" target, formulated a \""dual carbon\"" evaluation mechanism and established a carbon asset management system"", ""CITIC was awarded first place in the \""China Industrial Carbon Peak Pioneer Enterprise\"" list"", ""The company will uphold the \""green\"", \""low-carbon\"" and \""innovation\"" development concepts"", ""significantly increasing the \""green value\"" of their business development""]","[""the green loan balance of CITIC Bank reached RMB334.1 billion, a year-on-year increase of 67%"", ""green energy projects... with a total capacity of 405MW, of which 126MW have been completed and connected to the power grid"", ""a 480MW combined cycle gas-fired power station, 33% more efficient than open cycle equivalents"", ""hazardous waste disposal... seven projects... with a processing design capacity of over 0.9 million tonnes per year. More than half of these projects have come into service.""]","[{""text"": ""we implemented the \""Two Increases, One Decrease\"" strategy, set a \""dual carbon\"" target, formulated a \""dual carbon\"" evaluation mechanism and established a carbon asset management system"", ""kind"": ""policy"", ""quantified"": false, ""horizon_year"": null}, {""text"": ""By the end of 2022, the green loan balance of CITIC Bank reached RMB334.1 billion, a year-on-year increase of 67%"", ""kind"": ""achievement"", ""quantified"": true, ""horizon_year"": 2022}, {""text"": ""the company is devoted to achieving \""dual carbon\"" goals (peak carbon dioxide emissions before 2030 and carbon neutrality before 2060)"", ""kind"": ""target"", ""quantified"": true, ""horizon_year"": 2060}, {""text"": ""green energy projects... with a total capacity of 405MW, of which 126MW have been completed and connected to the power grid"", ""kind"": ""achievement"", ""quantified"": true, ""horizon_year"": 2022}, {""text"": ""reserved projects of over 5GW of wind power, over 4GW of photovoltaic and 1GW of offshore wind power"", ""kind"": ""target"", ""quantified"": true, ""horizon_year"": null}, {""text"": ""Recent independent life cycle analysis (commissioned by CMI) found... a 180kg saving in carbon emissions for every tonne of hot metal produced by steelmaking customers"", ""kind"": ""achievement"", ""quantified"": true, ""horizon_year"": null}, {""text"": ""the company has invested in new energy battery recycling projects, reduced power semiconductor storage device projects... accumulated investment totaling RMB217 million by year end 2022"", ""kind"": ""investment"", ""quantified"": true, ""horizon_year"": 2022}, {""text"": ""CITIC Envirotech had over 70 operating units, with more than 100 water plants in operation, achieving an average daily water treatment capacity of over 2 million tonnes"", ""kind"": ""achievement"", ""quantified"": true, ""horizon_year"": 2022}, {""text"": ""In April 2022, the company publicly issued convertible bonds of RMB5 billion, the proceeds of which were invested in... comprehensive utilisation of energy and environmentally-friendly transformations"", ""kind"": ""investment"", ""quantified"": true, ""horizon_year"": 2022}, {""text"": ""The company will uphold the \""green\"", \""low-carbon\"" and \""innovation\"" development concepts"", ""kind"": ""other"", ""quantified"": false, ""horizon_year"": null}]",12301.0,1186.0,256.0,kimi-k3,0.009604154618952048,0.006305170239596469,0.11727616645649433,0.07187894073139975,0.018000492554648032,793.0,0.002680965147453083,0.00010995514476888399,
0267.HK,esg_report,2024-04-22,2023-12-31,https://www1.hkexnews.hk/listedco/listconews/sehk/2024/0422/2024042200535.pdf,full_report,0.19333333333333333,False,6.0,6.0,2.0,6.0,5.0,7.0,1.0,1.0,4.0,4.0,5.0,3.0,6.300000000000001,2.65,3.650000000000001,7.0,1.0,"CITIC talks extensively about supporting dual-carbon goals, green finance and green procurement, but in the supplied passages provides no quantified emissions, reduction outcomes or capital figures, and the HARD DATA block contains no extracted emissions. Demonstrable walk is limited to third-party assurance of selected ESG data, external 'Green Factory' certifications, and internal environmental management system build-out — procedural rather than outcome-based.","[""We are committed to supporting China's \""dual carbon\"" targets."", ""established annual, mid-term, and long-term management objectives for key ESG issues, such as carbon peaking and carbon neutrality"", ""To gain admittance, all suppliers need to commit themselves to going green operations."", ""CITIC Bank received the Green Banking Excellence Award from China Banking Association""]","[""engaged KPMG Huazhen LLP to conduct limited assurance procedures on selected key data"", ""CITIC Heavy Industries was rated as the National Green Factory by the Ministry of Industry and Information Technology"", ""launched the EHS informatisation platform to strengthen the monitoring and reporting of environmental protection-related information"", ""compiled five new environmental protection-related systems in 2023""]","[{""text"": ""Our Company and its subsidiaries have established annual, mid-term, and long-term management objectives for key ESG issues, such as carbon peaking and carbon neutrality"", ""kind"": ""target"", ""quantified"": false, ""horizon_year"": null}, {""text"": ""We are committed to supporting China's 'dual carbon' targets. We have taken significant strides in this direction by compiling the industry's first carbon profit and loss account."", ""kind"": ""policy"", ""quantified"": false, ""horizon_year"": null}, {""text"": ""The company has engaged KPMG Huazhen LLP to conduct limited assurance procedures on selected key data in this report and issue an independent assurance report."", ""kind"": ""other"", ""quantified"": false, ""horizon_year"": 2023}, {""text"": ""CITIC Heavy Industries was rated as the National Green Factory by the Ministry of Industry and Information Technology"", ""kind"": ""achievement"", ""quantified"": false, ""horizon_year"": 2023}, {""text"": ""CITIC Dicastal ... launched the EHS informatisation platform to strengthen the monitoring and reporting of environmental protection-related information."", ""kind"": ""achievement"", ""quantified"": false, ""horizon_year"": 2023}, {""text"": ""To gain admittance, all suppliers need to commit themselves to going green operations."", ""kind"": ""policy"", ""quantified"": false, ""horizon_year"": null}, {""text"": ""In 2023, CITIC Dicastal consolidated various environmental regulations and standards ... to compile five new environmental protection-related systems"", ""kind"": ""achievement"", ""quantified"": true, ""horizon_year"": 2023}]",10341.0,777.0,256.0,kimi-k3,0.030582218174175016,0.10519951632406288,0.14510278113663846,0.06166868198307134,0.05678061971347353,827.0,0.1167979002624672,0.02258092738407699,
0267.HK,annual_report,2025-04-17,2024-12-31,https://www1.hkexnews.hk/listedco/listconews/sehk/2025/0417/2025041700516.pdf,full_report,0.028203062046736505,False,6.0,6.0,5.0,5.0,6.0,8.0,4.0,5.0,3.0,2.0,5.0,5.0,6.300000000000001,4.15,2.1500000000000004,10.0,5.0,"CITIC talks extensively about green transformation, green finance and dual-carbon alignment in strongly promotional language, but offers no group-level emissions data (none extracted from its HKEX filings) and few quantified group targets. Walk is real but fragmented at subsidiary level: 1,501MW of renewable capacity, a completed 1,000MW wind project, claimed 18.4% carbon reduction from ultra-supercritical coal units, ultra-low emission steel transformation, and RMB600bn of green loans—though much of the green content is ratings, ESG awards and platform-building rather than verified operational outcomes.","[""CITIC Pacific Energy actively developed renewable energy projects to accelerate its transformation into a greener and low-carbon business."", ""Green finance: CITIC Financial Holdings developed a comprehensive 'five-in-one' green finance service system that integrates green financing, investment, consulting, living and carbon management."", ""showcasing CITIC's ability to deliver high-end, green and intelligent manufacturing"", ""the company accelerated its transformation towards high-end, intelligent and green production""]","[""As of the end of 2024, CITIC Pacific Energy achieved a total installed power generation capacity in operation of approximately 9,601MW, with renewable energy accounting for 1,501MW, or 15.6% of the total."", ""reducing energy-related carbon emissions by 18.4% and air pollutants by 20%."", ""the company completed and fully connected its 1,000MW centralised wind power project in Xilingol League, Inner Mongolia, to the grid."", ""The balance of corporate green loans has surpassed RMB600 billion, reflecting 31% growth""]","[{""text"": ""The balance of corporate green loans has surpassed RMB600 billion, reflecting 31% growth, while the number and size of green bond underwriting continued to lead the market."", ""kind"": ""achievement"", ""quantified"": true, ""horizon_year"": 2024}, {""text"": ""This initiative supported the '2024 ESG Global Leaders Conference' in achieving 'zero-carbon' status."", ""kind"": ""achievement"", ""quantified"": false, ""horizon_year"": 2024}, {""text"": ""As of the end of 2024, CITIC Pacific Energy achieved a total installed power generation capacity in operation of approximately 9,601MW, with renewable energy accounting for 1,501MW, or 15.6% of the total."", ""kind"": ""achievement"", ""quantified"": true, ""horizon_year"": 2024}, {""text"": ""In 2024, the company's total amount of power generated reached 45.2 billion kWh, with renewable energy accounting for approximately 4.2% at 1.9 billion kWh."", ""kind"": ""achievement"", ""quantified"": true, ""horizon_year"": 2024}, {""text"": ""In a joint venture, the company completed and fully connected its 1,000MW centralised wind power project in Xilingol League, Inner Mongolia, to the grid... over 400 million kWh generated for green electricity."", ""kind"": ""achievement"", ""quantified"": true, ""horizon_year"": 2024}, {""text"": ""Ligang V employs the latest ultra-supercritical power generation technology... reducing energy-related carbon emissions by 18.4% and air pollutants by 20%."", ""kind"": ""achievement"", ""quantified"": true, ""horizon_year"": null}, {""text"": ""Nanjing Steel is devoted to acting on ESG principles, implementing ultra-low emission transformation throughout the production process... received again the A-level environmental performance rating for its long-process steelmaking operations in Jiangsu Province."", ""kind"": ""achievement"", ""quantified"": false, ""horizon_year"": 2024}, {""text"": ""CITIC Pacific Special Steel also independently developed China's first 'One Headquarters, Multiple Bases Dual-Carbon Information Platform', which received compliance certifications for both the CBAM and PCF."", ""kind"": ""achievement"", ""quantified"": false, ""horizon_year"": 2024}, {""text"": ""CITIC Dicastal successfully established a corporate carbon emissions management system, developed a product lifecycle platform and created an energy consumption database."", ""kind"": ""achievement"", ""quantified"": false, ""horizon_year"": 2024}, {""text"": ""CITIC Pacific Energy actively developed renewable energy projects to accelerate its transformation into a greener and low-carbon business."", ""kind"": ""target"", ""quantified"": false, ""horizon_year"": null}]",11463.0,1149.0,256.0,kimi-k3,0.0028930726175765064,0.15263157894736842,0.14736842105263157,0.08421052631578947,0.005888547936712861,190.0,0.15606936416184972,0.004401633961051362,
0285.HK,annual_report,2022-04-14,2021-12-31,https://www1.hkexnews.hk/listedco/listconews/sehk/2022/0414/2022041400413.pdf,full_report,,True,,,,,,,,,,,,,,,,,,,,,,,,,,,,,,,,,,error:RuntimeError
0285.HK,annual_report,2023-04-18,2022-12-31,https://www1.hkexnews.hk/listedco/listconews/sehk/2023/0418/2023041801121.pdf,full_report,0.029344073647871116,False,7.0,6.0,6.0,5.0,5.0,7.0,7.0,3.0,4.0,6.0,5.0,6.0,6.0,5.2,0.7999999999999998,10.0,8.0,"BYD Electronics wraps its climate narrative in national 'dual carbon' rhetoric and promotional green-manufacturing language, but the ESG section backs much of it with concrete operational actions: quantified 2022 Scope 1 and 2 emissions, a realised 24,000 tCO2e reduction exceeding its energy-saving target, named efficiency retrofit projects with per-project kWh and CO2e savings, and third-party certified energy management systems and national green-factory ratings. Gaps remain: no monetary capex figures, no emission-reduction trajectory relative to its large 1.57 MtCO2e footprint, and no third-party assurance of the emissions data (which also could not be cross-checked against the empty hard-data block).","[""BYD Electronic fully assisted the Chinese government in achieving the goal of \""carbon neutrality\"" through continuously optimizing green technologies, products and solutions"", ""To win the battle of environmental protection, the Group is always committed to environmental protection and sustainable development"", ""invests a large amount of capital resources in environmental protection in order to achieve harmonious coexistence between the corporate and the environment""]","[""Greenhouse gas emissions were reduced by 24,000 tons of CO2e... enabled it to surpass the energy saving targets of 2022"", ""Energy-saving transformation projects were carried out for 7 air compressors... 4,657,400 kWh of electricity are saved... Emissions are reduced by 3,745.28 tons of CO2e"", ""Huizhou BYD Electronic Co., Limited and Xi'an BYD Electronic Co., Limited were both rated as national-level green factories"", ""has obtained the system certificate [GB/T23332 energy management] certified by third parties""]","[{""text"": ""Greenhouse gas emissions were reduced by 24,000 tons of CO2e [in 2022, surpassing the 2,100 tons of standard coal energy-saving target]."", ""kind"": ""achievement"", ""quantified"": true, ""horizon_year"": 2022}, {""text"": ""The target of internal coal-saving and technology improvement project for 2023 is set at 2,400 tons of standard coal, and greenhouse gas emissions will be reduced by 15,700 tons of CO2e."", ""kind"": ""target"", ""quantified"": true, ""horizon_year"": 2023}, {""text"": ""Scope I greenhouse gas emission... 15,165.55 tons; Scope II... 1,556,489.57 tons; Total... 1,571,655.13 tons"", ""kind"": ""achievement"", ""quantified"": true, ""horizon_year"": 2022}, {""text"": ""Energy-saving transformation projects were carried out for 7 air compressors... 4,657,400 kWh of electricity are saved... Emissions are reduced by 3,745.28 tons of CO2e."", ""kind"": ""achievement"", ""quantified"": true, ""horizon_year"": 2022}, {""text"": ""The project [EMS intelligent management for water chiller stations] saves 3,822,700 kWh of electricity... Emissions are reduced by 3,074.22 tons of CO2e."", ""kind"": ""achievement"", ""quantified"": true, ""horizon_year"": 2022}, {""text"": ""Huizhou BYD Electronic Co., Limited and Xi'an BYD Electronic Co., Limited were both rated as national-level green factories [2022]."", ""kind"": ""achievement"", ""quantified"": true, ""horizon_year"": 2022}, {""text"": ""The energy management system developed by the Group meets the energy management requirements under GB/T23332, and has obtained the system certificate certified by third parties."", ""kind"": ""achievement"", ""quantified"": false, ""horizon_year"": null}, {""text"": ""All hazardous wastes generated during the production process are transferred to and treated by qualified hazardous-waste processing companies... total amount of hazardous wastes generated in 2022 was approximately 26,627 tons."", ""kind"": ""achievement"", ""quantified"": true, ""horizon_year"": 2022}, {""text"": ""BYD Electronic fully assisted the Chinese government in achieving the goal of 'carbon neutrality' through continuously optimizing green technologies, products and solutions."", ""kind"": ""policy"", ""quantified"": false, ""horizon_year"": 2060}, {""text"": ""In 2022, the volume of sewage treated and discharged was approximately 1,409,162 tons."", ""kind"": ""achievement"", ""quantified"": true, ""horizon_year"": 2022}]",19161.0,1300.0,256.0,kimi-k3,0.007308286155429748,0.16363636363636364,0.14181818181818182,0.12727272727272726,0.01226657583374974,275.0,0.17670682730923695,0.005185298154643892,
0285.HK,annual_report,2024-04-26,2023-12-31,https://www1.hkexnews.hk/listedco/listconews/sehk/2024/0426/2024042602927.pdf,full_report,0.022087244616234125,False,3.0,4.0,2.0,6.0,6.0,6.0,0.0,1.0,3.0,4.0,5.0,2.0,5.199999999999999,2.1,3.099999999999999,9.0,2.0,"The report talks about alignment with China's carbon-peak/carbon-neutrality goals and 'green, low-carbon' business narratives (energy storage, green data centers), but offers no emission targets, no quantified reductions, no disclosed climate capex and no emissions data. The only concrete walk evidence is two national-level green factory awards (2021, 2022) and an ESG Committee reporting structure; the environment content is dominated by reporting boilerplate, stakeholder mapping and market commentary rather than implemented action.","[""China is aiming to peak carbon dioxide emissions before 2030 and achieve carbon neutrality by 2060... keep up with the national goals of 'carbon peak emissions and carbon neutrality'."", ""BYD Electronic actively responds to the national call, and discloses the fulfillment of its environmental responsibility... thus realizing the sustainable development of the Company."", ""boost the development of green and low-carbon data centers"", ""As a leader in industrial transformation and upgrading, BYD Electronic will actively seize opportunities... all of which are to achieve long-term sustainable growth.""]","[""Huizhou BYD Electronic Co., Limited and Xi'an BYD Electronic Co., Limited... were awarded the honor of national-level green factory in 2021 and 2022, respectively."", ""Our corporate social responsibility performance is under the administration and supervision of the ESG Committee."", ""In 2023, the Group's new intelligent products business recorded revenue of approximately RMB18,441 million... representing an increase of 21.27% (includes residential energy storage)."", ""the Group completed acquisition of 100% of equity shares of Juno Newco... the following data excludes those related to Juno Newco.""]","[{""text"": ""Huizhou BYD Electronic Co., Limited and Xi'an BYD Electronic Co., Limited... were awarded the honor of national-level green factory in 2021 and 2022, respectively."", ""kind"": ""achievement"", ""quantified"": true, ""horizon_year"": null}, {""text"": ""BYD Electronic is well aware of its great responsibility in energy saving and emission reduction and the necessity to keep up with the national goals of 'carbon peak emissions and carbon neutrality'."", ""kind"": ""policy"", ""quantified"": false, ""horizon_year"": 2060}, {""text"": ""Our corporate social responsibility performance is under the administration and supervision of the ESG Committee. The ESG Committee reports relevant circumstances to the Group's management and then the management reports the same to the Board of Directors."", ""kind"": ""policy"", ""quantified"": false, ""horizon_year"": null}, {""text"": ""In March every year, the Board of Directors regularly reviews and evaluates the corporate social responsibility work of the Company."", ""kind"": ""policy"", ""quantified"": true, ""horizon_year"": null}, {""text"": ""Benefiting from the first-mover advantage in its overseas marketing network... the Group's residential energy storage business achieved growth during the Year."", ""kind"": ""achievement"", ""quantified"": false, ""horizon_year"": null}, {""text"": ""This report is prepared in accordance with the 'Environmental, Social and Governance Reporting Guide' under Appendix C2... and observes its reporting principles."", ""kind"": ""policy"", ""quantified"": false, ""horizon_year"": null}, {""text"": ""During the Year, the Group had no significant environmental protection or social security issues."", ""kind"": ""other"", ""quantified"": false, ""horizon_year"": null}, {""text"": ""the Group is able to support the establishment of high-performance and scalable data centers and boost the development of green and low-carbon data centers."", ""kind"": ""target"", ""quantified"": false, ""horizon_year"": null}, {""text"": ""the Group makes commitments in the key areas of ESG and evaluates corresponding progress."", ""kind"": ""policy"", ""quantified"": false, ""horizon_year"": null}]",19390.0,1052.0,256.0,kimi-k3,0.007998781138112287,0.15333333333333332,0.13666666666666666,0.07,0.013363015654006662,300.0,0.16296296296296298,0.0035994028263492653,
0285.HK,annual_report,2025-04-24,2024-12-31,https://www1.hkexnews.hk/listedco/listconews/sehk/2025/0424/2025042402029.pdf,full_report,0.0020491803278688526,False,3.0,4.0,2.0,8.0,6.0,6.0,0.0,2.0,0.0,3.0,5.0,2.0,5.8,1.75,4.05,7.0,1.0,"BYD Electronic's 2024 annual report offers only vague ESG talk—responding to the national 'dual carbon' policy and 'optimizing green technologies'—with no quantified climate targets, no emissions data, and no third-party verification. The only concrete figures are commercial (NEV segment revenue of RMB20,513 million, up 45.53%) which reflect business performance in green-adjacent markets rather than demonstrated operational decarbonization; the HARD DATA block contains no emissions at all.","[""actively responded to the national \""carbon peaking and carbon neutrality\"" policy, continuously optimized green technologies, products and solutions"", ""focused on the green and low-carbon development of the industry"", ""strive to achieve long-term sustainable development and create value for its customers and shareholders"", ""will actively seize market opportunities... all of which are to drive long-term sustainable growth""]","[""In 2024, the Group's revenue from the new energy vehicle business segment amounted to approximately RMB20,513 million, accounting for 11.57% of the total revenue"", ""intelligent suspension systems have entered mass production and delivery phases"", ""During the Year, the Group had no significant environmental protection or social security issues.""]","[{""text"": ""The Group actively undertook the responsibility for the sustainable development of economy, environment and society, actively responded to the national \""carbon peaking and carbon neutrality\"" policy, continuously optimized green technologies, products and solutions, and focused on the green and low-carbon development of the industry."", ""kind"": ""policy"", ""quantified"": false, ""horizon_year"": null}, {""text"": ""In 2024, the Group's revenue from the new energy vehicle business segment amounted to approximately RMB20,513 million, accounting for 11.57% of the total revenue, representing an increase of approximately 45.53% as compared to the same period of 2023."", ""kind"": ""achievement"", ""quantified"": true, ""horizon_year"": 2024}, {""text"": ""In the first half of 2024, the Group was included in the Hang Seng Index constituent stock and the ESG Enhanced Index of Hang Seng Index"", ""kind"": ""achievement"", ""quantified"": false, ""horizon_year"": 2024}, {""text"": ""The Group continued to invest significant R&D resources in the area of data center. A comprehensive product portfolio covering AI servers, liquid cooling systems, power management, and high-speed communication solutions has been established"", ""kind"": ""investment"", ""quantified"": false, ""horizon_year"": null}, {""text"": ""intelligent suspension systems have entered mass production and delivery phases"", ""kind"": ""achievement"", ""quantified"": false, ""horizon_year"": 2024}, {""text"": ""During the Year, the Group had no significant environmental protection or social security issues."", ""kind"": ""other"", ""quantified"": false, ""horizon_year"": 2024}, {""text"": ""the Group actively contributed to the public welfare and charity and donated materials to persons in need"", ""kind"": ""other"", ""quantified"": false, ""horizon_year"": 2024}]",15556.0,958.0,256.0,kimi-k3,0.0008124268815806577,-0.08333333333333333,0.0,0.08333333333333333,0.0007435601531387775,12.0,0.0,0.0,
0285.HK,esg_report,2026-04-22,2025-12-31,https://www1.hkexnews.hk/listedco/listconews/sehk/2026/0422/2026042201333.pdf,full_report,0.20508166969147004,False,7.0,8.0,7.0,6.0,4.0,6.0,6.0,4.0,2.0,5.0,5.0,6.0,6.8,4.75,2.05,10.0,9.0,"BYD Electronics talks ambitiously about climate (50% intensity cut by 2030, value-chain carbon neutrality by 2045, 'Cooling the Earth by One Degree') and backs some of it with quantified 2025 results: 9.58% intensity reduction, 3,907 tce saved, 61% green electricity/certificates, and RMB 4.465bn clean-tech R&D. However, no absolute scope 1+2 emissions are disclosed or extractable, no third-party assurance is mentioned, and much of the report remains governance/TCFD-framework language rather than realised operational change.","[""striving to achieve carbon neutrality across the entire value chain by 2045"", ""accelerate the realisation of our vision of \u201cCooling the Earth by One Degree\u201d"", ""BYD Electronics is committed to reducing carbon emissions through green design and green production and helping achieve the goal of global carbon neutrality"", ""We proactively integrate climate action into our development strategy and daily operations""]","[""In 2025, our operational carbon emission intensity decreased by 9.58% compared with the 2023 baseline"", ""total energy savings reaching 3,907 tonnes of standard coal equivalent"", ""actual utilisation reached 61.16%, including 691.08 million kWh of green electricity purchased and 1,383.13 million kWh of green certificates procured"", ""In 2025, total R&D investment in clean technologies amounted to RMB 4.465 billion""]","[{""text"": ""reduce carbon emission intensity from our own operations by 50% by 2030 from the 2023 baseline, and to achieve carbon neutrality across the value chain by 2045"", ""kind"": ""target"", ""quantified"": true, ""horizon_year"": 2030}, {""text"": ""striving to achieve carbon neutrality across the entire value chain by 2045"", ""kind"": ""target"", ""quantified"": true, ""horizon_year"": 2045}, {""text"": ""In 2025, our operational carbon emission intensity decreased by 9.58% compared with the 2023 baseline"", ""kind"": ""achievement"", ""quantified"": true, ""horizon_year"": 2025}, {""text"": ""We achieved 109% of our energy conservation target in 2025, with total energy savings reaching 3,907 tonnes of standard coal equivalent"", ""kind"": ""achievement"", ""quantified"": true, ""horizon_year"": 2025}, {""text"": ""actual utilisation reached 61.16%, including 691.08 million kWh of green electricity purchased and 1,383.13 million kWh of green certificates procured"", ""kind"": ""achievement"", ""quantified"": true, ""horizon_year"": 2025}, {""text"": ""Our target for the use of green electricity and green certificates in 2025 was 35%"", ""kind"": ""target"", ""quantified"": true, ""horizon_year"": 2025}, {""text"": ""In 2025, total R&D investment in clean technologies amounted to RMB 4.465 billion"", ""kind"": ""investment"", ""quantified"": true, ""horizon_year"": 2025}, {""text"": ""As of the end of 2025, ISO 14001 certification covered 93.3% of our operations"", ""kind"": ""achievement"", ""quantified"": true, ""horizon_year"": 2025}, {""text"": ""The number of facilities certified under the ISO 50001 Energy Management Systems increased to 26, with a coverage rate of 54.17%"", ""kind"": ""achievement"", ""quantified"": true, ""horizon_year"": 2025}, {""text"": ""promoted green factory and supply chain certifications... Recognised as a National Green Factory in 2025... Inclusion in the First Batch of National Zero-Carbon Park Construction List"", ""kind"": ""achievement"", ""quantified"": false, ""horizon_year"": 2025}]",9399.0,981.0,256.0,kimi-k3,0.03215734480639213,-0.0016863406408094434,0.16104553119730186,0.05227655986509275,0.05218924314358118,1186.0,0.010416666666666666,0.0021362673926194793,
0300.HK,annual_report,2025-04-24,2024-12-31,https://www1.hkexnews.hk/listedco/listconews/sehk/2025/0424/2025042402398.pdf,full_report,0.015342652574156155,False,6.0,5.0,3.0,4.0,4.0,8.0,2.0,3.0,3.0,0.0,5.0,5.0,5.6,3.05,2.55,10.0,5.0,"Midea talks extensively about green, low-carbon and energy-efficient products with a strongly promotional, award-heavy tone, but offers no forward-looking emissions targets or carbon-neutrality commitments of its own beyond referencing national goals. Its walk consists mainly of green/zero-carbon factory designations, WEF lighthouse recognition, energy-efficient product launches and a growing energy-storage business, yet there are no quantified emission reductions, no disclosed capex amounts for decarbonisation, and no scope 1+2 data in the hard data block to verify any climate outcome.","[""demonstrated its outstanding contribution to sustainable development and social responsibility"", ""provides innovative, reliable and eco-friendly key components and solutions for global customers"", ""positioning Midea as a sustainability leader"", ""Midea promotes green, low-carbon, and circular ecosystem development through an ESG digital management platform""]","[""By the end of 2024, Midea had 37 national green factories, 13 green supply chain factories... three zero-carbon factories"", ""recognized by the World Economic Forum (WEF) as 'Sustainability Lighthouse'... factories"", ""in 2024, CLOU Electronics has transformed from an equipment supplier to a system integrator in the overseas energy storage market"", ""An ESG product carbon accounting platform has been established""]","[{""text"": ""By the end of 2024, Midea had 37 national green factories, 13 green supply chain factories... three zero-carbon factories and six world-class lighthouse factories"", ""kind"": ""achievement"", ""quantified"": true, ""horizon_year"": 2024}, {""text"": ""Hefei Laundry Appliance Factory and Chongqing Intelligent Building Technology Factory being recognized by the World Economic Forum (WEF) as 'Sustainability Lighthouse' and 'End-to-End Lighthouse' factories respectively"", ""kind"": ""achievement"", ""quantified"": true, ""horizon_year"": 2024}, {""text"": ""'Key Technologies and Applications for Multi-grade High-efficiency Heat Energy Supply of Air Source Heat Pumps' and won the second prize of the 2023 National Prize for Progress in Science and Technology"", ""kind"": ""achievement"", ""quantified"": false, ""horizon_year"": 2023}, {""text"": ""green transformation is accelerated through an innovative closed-loop carbon asset model, which upgrades the appliance recycling system into a carbon management framework"", ""kind"": ""policy"", ""quantified"": false, ""horizon_year"": null}, {""text"": ""An ESG product carbon accounting platform has been established, elevating whole-unit carbon calculation efficiency to 50%"", ""kind"": ""achievement"", ""quantified"": true, ""horizon_year"": 2024}, {""text"": ""It achieves a milestone by consuming only two kilowatt-hours of electricity for two bedrooms with two units running overnight under specific conditions"", ""kind"": ""achievement"", ""quantified"": true, ""horizon_year"": 2024}, {""text"": ""the modular cold climate heat pump ducted system... delivering full heating capacity even at a low temperature of -15\u00b0C... energy efficiency aligns with the CEE Advanced Tier standard"", ""kind"": ""achievement"", ""quantified"": true, ""horizon_year"": 2024}, {""text"": ""Midea promotes green, low-carbon, and circular ecosystem development through an ESG digital management platform"", ""kind"": ""policy"", ""quantified"": false, ""horizon_year"": null}, {""text"": ""Aqua C series energy storage products have obtained third-party certification issued by DEKRA... for the world's first energy storage system-level MTBF"", ""kind"": ""achievement"", ""quantified"": false, ""horizon_year"": 2024}, {""text"": ""In response to the rapid growth of the renewable energy industry, Midea Energy Solutions and Industrial Technology focused on providing comprehensive... green energy solutions... large-scale energy storage... photovoltaic"", ""kind"": ""investment"", ""quantified"": false, ""horizon_year"": null}]",12216.0,1043.0,256.0,kimi-k3,0.0035704917077151767,0.23660714285714285,0.11607142857142858,0.022321428571428572,0.007886425157841027,224.0,0.24581005586592178,0.003771378286384753,
0300.HK,esg_report,2026-04-24,2025-12-31,https://www1.hkexnews.hk/listedco/listconews/sehk/2026/0424/2026042400796.pdf,full_report,0.2564935064935065,False,8.0,7.0,7.0,4.0,3.0,7.0,5.0,7.0,7.0,5.0,5.0,6.0,6.1000000000000005,5.85,0.2500000000000009,10.0,9.0,"Midea talks an ambitious green game (2030 renewables targets, 'industry leadership', green-strategy pillars) with unusually specific numbers, and backs much of it with realised actions: 376 million kWh of self-generated solar (11.79% of electricity), an ISO 14068-certified carbon-neutral factory, RMB 1 billion recycling park, 5.05 million appliances recycled, and SGS limited assurance. However, no absolute scope 1+2 emissions or verified emission reductions are disclosed in the supplied text or hard data, so realised decarbonisation of operations cannot be confirmed.","[""Midea Group has set renewable energy usage targets: by 2030, the proportion of green electricity will increase to 30%"", ""we will deepen its reform, increase investment in green technologies, expand renewable energy application"", ""setting benchmarks for green production... marking market recognition of our efforts"", ""we drive low-carbon transformation across the full value chain through technological innovation""]","[""in 2025, solar power generation reached approximately 376 million kWh... self-generated green solar power accounted for 11.79% of the total electricity consumption"", ""the Hefei Washing Machine Factory obtained ISO14068-1:2023 carbon neutrality certification"", ""Recycled a total of 5.05 million units of obsolete household appliances... around 180,000 tons"", ""We have commissioned SGS to conduct a limited assurance verification... in accordance with the AA1000 Assurance Standard v3""]","[{""text"": ""by 2030, the proportion of green electricity will increase to 30%, with self-generated green solar power accounting for over 20% of that total, and the total installed capacity of distributed solar power systems across all manufacturing bases will reach over 500 MW"", ""kind"": ""target"", ""quantified"": true, ""horizon_year"": 2030}, {""text"": ""in 2025, solar power generation reached approximately 376 million kWh, with a total installed capacity of about 412 MW, and the self-generated green solar power accounted for 11.79% of the total electricity consumption"", ""kind"": ""achievement"", ""quantified"": true, ""horizon_year"": 2025}, {""text"": ""the Hefei Washing Machine Factory obtained ISO14068-1:2023 carbon neutrality certification, becoming the Group's first carbon-neutral factory"", ""kind"": ""achievement"", ""quantified"": true, ""horizon_year"": 2026}, {""text"": ""completed the construction of distributed solar power systems at 38 factories"", ""kind"": ""achievement"", ""quantified"": true, ""horizon_year"": 2025}, {""text"": ""The launch of our 'RMB 8-billion Green Initiative \u2013 Trade-in Program'"", ""kind"": ""investment"", ""quantified"": true, ""horizon_year"": null}, {""text"": ""Recycled a total of 5.05 million units of obsolete household appliances... amounting to around 180,000 tons"", ""kind"": ""achievement"", ""quantified"": true, ""horizon_year"": 2025}, {""text"": ""Midea Group constructed its first Green Recycling Industrial Park. With a total investment exceeding RMB 1 billion"", ""kind"": ""investment"", ""quantified"": true, ""horizon_year"": null}, {""text"": ""A total of 19 factories have achieved Zero Waste to Landfill certification... 100% of the Group's global manufacturing bases are certified to both ISO 14001 and ISO 50001"", ""kind"": ""achievement"", ""quantified"": true, ""horizon_year"": 2025}, {""text"": ""We will... increase investment in green technologies, expand renewable energy application, and enhance ESG disclosure and governance"", ""kind"": ""target"", ""quantified"": false, ""horizon_year"": null}, {""text"": ""17 of the Group's factories had completed water conservation evaluation... 5 factories have obtained the International Water Stewardship Standard (AWS Standard)"", ""kind"": ""achievement"", ""quantified"": true, ""horizon_year"": 2025}]",8526.0,1314.0,256.0,kimi-k3,0.03860932077342588,0.05294619982920581,0.2058070025619129,0.030742954739538857,0.061261845510369756,1171.0,0.06697674418604652,0.017179099969797645,
0316.HK,esg_report,2026-04-22,2025-12-31,https://www1.hkexnews.hk/listedco/listconews/sehk/2026/0422/2026042201061.pdf,full_report,0.28169014084507044,False,8.0,7.0,6.0,6.0,5.0,8.0,5.0,7.0,6.0,6.0,5.0,6.0,7.0,5.8,1.2000000000000002,10.0,5.0,"OOIL talks extensively and promotionally about decarbonisation leadership, its 'Green' strategy, awards and index inclusions, while its concrete walk consists of realised fleet investment (nine new vessels delivered in 2025), sizable disclosed climate-related spending (US$1.59bn across newbuildings, green fuel and retrofits), biofuel uptake and a claimed ~58% scope-1 intensity reduction since 2008, backed by LRQA limited assurance. However, the key forward commitments (methanol dual-fuel vessels) are orders with delivery only from 2026-2028, and the supplied HARD DATA block contains no emissions figures, so headline reduction claims cannot be cross-checked.","[""These initiatives reaffirm the Group's commitment to developing a green fleet and advancing the global transition to sustainable energy and emissions reduction."", ""We were also selected for the S&P Global Sustainability Yearbook 2025 ... received multiple sustainability awards ... 'Best Green Shipping Line'"", ""OOCL\u2019s modern fleet includes some of the youngest, largest, fuel efficient, and environmentally-friendly vessels"", ""we remain perseverant in enhancing our fleet competitiveness and stay sanguine about contributing to the national decarbonisation agenda""]","[""Newbuilding Investment: ~ US$ 1,435.2 Million ... Green Fuel: ~ US$ 140.1 Million ... Retrofit: ~ US$ 12.9 Million"", ""In 2025, we took delivery of all remaining 16,828 TEU container vessels, marking an upgrade of our fleet on Trans-Pacific routes."", ""we procured from LRQA a limited level of assurance for the published data ... no material issue regarding the data"", ""ongoing energy-efficiency enhancement programmes are also implemented, alongside a significant increase in biofuel adoption across multiple major routes""]","[{""text"": ""Direct GHG (Scope 1) Emissions Intensity: 32.5 g CO2e/TEU-km (Reduction compared with 2008: ~58%)"", ""kind"": ""achievement"", ""quantified"": true, ""horizon_year"": 2025}, {""text"": ""we have placed an order for fourteen 18,500 TEU class methanol dual-fuel container vessels, with expected delivery starting from 2028"", ""kind"": ""investment"", ""quantified"": true, ""horizon_year"": 2028}, {""text"": ""our seven previously ordered methanol-compatible 24,000 TEU container vessels scheduled for delivery starting from 2026"", ""kind"": ""investment"", ""quantified"": true, ""horizon_year"": 2026}, {""text"": ""a significant increase in biofuel adoption across multiple major routes throughout the year"", ""kind"": ""achievement"", ""quantified"": false, ""horizon_year"": 2025}, {""text"": ""Green Fuel: ~ US$ 140.1 Million ... Retrofit: ~ US$ 12.9 Million ... Newbuilding Investment: ~ US$ 1,435.2 Million"", ""kind"": ""investment"", ""quantified"": true, ""horizon_year"": 2025}, {""text"": ""Average Energy Efficiency Design Index for new vessels: 7.39 per Tonne Nautical Mile (delivery of nine 16,828 TEU vessels in 2025)"", ""kind"": ""achievement"", ""quantified"": true, ""horizon_year"": 2025}, {""text"": ""The last cycle of targets was completed in 2025, and a new series of targets for 2026 and beyond will be introduced."", ""kind"": ""target"", ""quantified"": false, ""horizon_year"": 2026}, {""text"": ""This report has been assured by the independent business assurance service provider, LRQA"", ""kind"": ""other"", ""quantified"": false, ""horizon_year"": null}, {""text"": ""Exploring and adopting cleaner fuel alternatives (such as biofuel, methanol or ammonia) to reduce our carbon footprint"", ""kind"": ""target"", ""quantified"": false, ""horizon_year"": null}, {""text"": ""Participating in the Voluntary Speed Reduction Program to cut carbon emissions"", ""kind"": ""policy"", ""quantified"": false, ""horizon_year"": null}]",9665.0,1219.0,256.0,kimi-k3,0.03765604044155576,0.007905138339920948,0.21541501976284586,0.036561264822134384,0.05793724103715098,1012.0,-0.005494505494505495,0.0,
